<?xml version="1.0" encoding="UTF-8"?>
<TEI xmlns="http://www.tei-c.org/ns/1.0"
     xmlns:tei="http://www.tei-c.org/ns/1.0"
     xml:id="HB-tv_2200.xml"
     prev="HB-tv_2204"
     next="HB-tv_2205">
   <teiHeader>
      <fileDesc>
         <titleStmt>
            <title level="s">Hermann Bahr – Textverzeichnis</title>
            <title level="a">Hermann Bahr und Gerhart Hauptmann in Briefen
                     und anderen Zeugnissen</title>
            <title type="iso-date">2001</title>
            <respStmt>
               <resp>providing the content</resp>
               <name>Martin Anton Müller</name>
            </respStmt>
            <respStmt>
               <resp>converted to XML encoding</resp>
               <name>Martin Anton Müller</name>
            </respStmt>
         </titleStmt>
         <publicationStmt>
            <publisher>Austrian Centre for Digital Humanities and Cultural
                                    Heritage (ACDH-CH)</publisher>
            <date>2024-03-19+01:00</date>
            <idno type="URI">https://id.acdh.oeaw.ac.at/bahr-textverzeichnis/HB-tv_2200.xml</idno>
         </publicationStmt>
         <sourceDesc>
            <p>Bibliografische Angaben eines in Druck erschienen Texts von
                                    Bahr</p>
         </sourceDesc>
      </fileDesc>
   </teiHeader>
   <text>
      <body>
         <div type="bibliografische-angabe">
            <biblStruct xml:id="HB-tv_2200"
                        type="Book_Section"
                        status="checked"
                        sameAs="nach1939"
                        prev="HB-tv_2204"
                        next="HB-tv_2205">
               <analytic>
                  <title level="a" ref="HB-tv_2200">Hermann Bahr und Gerhart Hauptmann in Briefen
                     und anderen Zeugnissen</title>
                  <author>Sprengel, Peter</author>
               </analytic>
               <monogr>
                  <title level="m">Hermann Bahr – Mittler der europäischen Moderne. Hermann
                     Bahr-Symposion. Linz 1998</title>
                  <editor>Lachinger, Johann</editor>
                  <imprint>
                     <pubPlace>Linz</pubPlace>
                     <publisher>Adalbert-Stifter-Institut des Landes Oberösterreich</publisher>
                     <date when="2001">2001</date>
                     <biblScope unit="page">205–215</biblScope>
                  </imprint>
               </monogr>
               <noteGrp type="keywords">
                  <note type="Book">Buch</note>
                  <note type="Section">Section</note>
               </noteGrp>
               <note type="bibliographical-statement">Peter Sprengel: Hermann Bahr und Gerhart
                  Hauptmann in Briefen und anderen Zeugnissen. In: Hermann Bahr – Mittler der
                  europäischen Moderne. Hermann Bahr-Symposion. Linz 1998. Hg. Johann Lachinger.
                  Linz: Adalbert-Stifter-Institut des Landes Oberösterreich 2001, S. 205–215.</note>
            </biblStruct>
         </div>
      </body>
      <back/>
   </text>
</TEI>
