<?xml version="1.0" encoding="UTF-8"?>
<TEI xmlns="http://www.tei-c.org/ns/1.0"
     xmlns:tei="http://www.tei-c.org/ns/1.0"
     xml:id="HB-tv_1072.xml"
     prev="HB-tv_2208"
     next="HB-tv_2477">
   <teiHeader>
      <fileDesc>
         <titleStmt>
            <title level="s">Hermann Bahr – Textverzeichnis</title>
            <title level="a">Brief an Baron Speidel, Intendant der Bayrischen
                     Staatstheater</title>
            <title type="iso-date">1955-12-08</title>
            <respStmt>
               <resp>providing the content</resp>
               <name>Martin Anton Müller</name>
            </respStmt>
            <respStmt>
               <resp>converted to XML encoding</resp>
               <name>Martin Anton Müller</name>
            </respStmt>
         </titleStmt>
         <publicationStmt>
            <publisher>Austrian Centre for Digital Humanities and Cultural
                                    Heritage (ACDH-CH)</publisher>
            <date>2024-03-19+01:00</date>
            <idno type="URI">https://id.acdh.oeaw.ac.at/bahr-textverzeichnis/HB-tv_1072.xml</idno>
         </publicationStmt>
         <sourceDesc>
            <p>Bibliografische Angaben eines in Druck erschienen Texts von
                                    Bahr</p>
         </sourceDesc>
      </fileDesc>
   </teiHeader>
   <text>
      <body>
         <div type="bibliografische-angabe">
            <biblStruct xml:id="HB-tv_1072"
                        type="Journal-Article"
                        status="checked"
                        sameAs="nach1939"
                        prev="HB-tv_2208"
                        next="HB-tv_2477">
               <analytic>
                  <author ref="pmb10815">Bahr, Hermann</author>
                  <title level="a" ref="HB-tv_1072">Brief an Baron Speidel, Intendant der Bayrischen
                     Staatstheater</title>
               </analytic>
               <monogr>
                  <title level="j" ref="pmb122080">Blätter des Burgtheaters, Wien</title>
                  <imprint>
                     <date when="1955-12-08">8.12.1955</date>
                  </imprint>
               </monogr>
               <noteGrp type="keywords">
                  <note type="Journal-Article">Artikel in einem Periodikum</note>
               </noteGrp>
               <note type="bibliographical-statement">Hermann Bahr: Brief an Baron Speidel,
                  Intendant der Bayrischen Staatstheater. In: Blätter des Burgtheaters, Wien,
                  8.12.1955.</note>
            </biblStruct>
         </div>
      </body>
      <back/>
   </text>
</TEI>
