<?xml version="1.0" encoding="UTF-8"?>
<TEI xmlns="http://www.tei-c.org/ns/1.0"
     xmlns:tei="http://www.tei-c.org/ns/1.0"
     xml:id="HB-tv_1046.xml"
     prev="HB-tv_2102"
     next="pmb134875">
   <teiHeader>
      <fileDesc>
         <titleStmt>
            <title level="s">Hermann Bahr – Textverzeichnis</title>
            <title level="a">Kriegssegen. Das deutsche Wesen ist uns
                     erschienen. Vortrag gehalten zu Gunsten der durch den Krieg in Not geratenen
                     Schriftsteller und Journalisten</title>
            <title type="iso-date">1914-10-27</title>
            <respStmt>
               <resp>providing the content</resp>
               <name>Martin Anton Müller</name>
            </respStmt>
            <respStmt>
               <resp>converted to XML encoding</resp>
               <name>Martin Anton Müller</name>
            </respStmt>
         </titleStmt>
         <publicationStmt>
            <publisher>Austrian Centre for Digital Humanities and Cultural
                                    Heritage (ACDH-CH)</publisher>
            <date>2024-03-19+01:00</date>
            <idno type="URI">https://id.acdh.oeaw.ac.at/bahr-textverzeichnis/HB-tv_1046.xml</idno>
         </publicationStmt>
         <sourceDesc>
            <p>Bibliografische Angaben eines in Druck erschienen Texts von
                                    Bahr</p>
         </sourceDesc>
      </fileDesc>
   </teiHeader>
   <text>
      <body>
         <div type="bibliografische-angabe">
            <biblStruct xml:id="HB-tv_1046"
                        type="Pamphlet"
                        status="checked"
                        prev="HB-tv_2102"
                        next="pmb134875">
               <monogr>
                  <author ref="pmb10815">Bahr, Hermann</author>
                  <title level="m" ref="pmb141287">Kriegssegen. Das deutsche Wesen ist uns
                     erschienen. Vortrag gehalten zu Gunsten der durch den Krieg in Not geratenen
                     Schriftsteller und Journalisten</title>
                  <imprint>
                     <pubPlace>München</pubPlace>
                     <publisher>Schutzverband Deutscher Schriftsteller</publisher>
                     <date when="1914-10-27">27.10.1914</date>
                  </imprint>
                  <extent>o. P. Seiten</extent>
               </monogr>
               <note>
                  <p>Trotz des von Bahr verwendeten Titels »Kriegssegen« handelt es sich bei dieser
                     vierseitigen Handreichung um den Text »Das deutsche Wesen ist uns
                     erschienen«.</p>
               </note>
               <note type="monographies">
                  <bibl ana="pmb130205"/>
               </note>
               <note type="incipit">Und wenn ich hundert Jahre würde, diese Tage werd‹ ich nie
                  vergessen!</note>
               <noteGrp type="keywords">
                  <note type="Pamphlet">Pamphlet</note>
               </noteGrp>
               <note type="bibliographical-statement">Hermann Bahr: Kriegssegen. Das deutsche Wesen
                  ist uns erschienen. Vortrag gehalten zu Gunsten der durch den Krieg in Not
                  geratenen Schriftsteller und Journalisten. München: Schutzverband Deutscher
                  Schriftsteller 27.10.1914 (o. P. Seiten).</note>
               <ref type="abdrucke">
                  <listRef>
                     <ptr type="textref" target="pmb130171"/>
                     <ptr type="textref" target="pmb130205"/>
                     <ptr type="textref" target="pmb130353"/>
                  </listRef>
               </ref>
            </biblStruct>
         </div>
      </body>
      <back/>
   </text>
</TEI>
