<?xml version="1.0" encoding="UTF-8"?>
<TEI xmlns="http://www.tei-c.org/ns/1.0"
     xmlns:tei="http://www.tei-c.org/ns/1.0"
     xml:id="HB-tv_2204.xml"
     prev="HB-tv_2203"
     next="HB-tv_2200">
   <teiHeader>
      <fileDesc>
         <titleStmt>
            <title level="s">Hermann Bahr – Textverzeichnis</title>
            <title level="a">Tagebücher, Skizzenbücher, Notizhefte. Band 4. 1904 - 1905.
                     Bearbeitet von Lukas Mayerhofer und Helene Zand</title>
            <title type="iso-date">2000</title>
            <respStmt>
               <resp>providing the content</resp>
               <name>Martin Anton Müller</name>
            </respStmt>
            <respStmt>
               <resp>converted to XML encoding</resp>
               <name>Martin Anton Müller</name>
            </respStmt>
         </titleStmt>
         <publicationStmt>
            <publisher>Austrian Centre for Digital Humanities and Cultural
                                    Heritage (ACDH-CH)</publisher>
            <date>2024-03-19+01:00</date>
            <idno type="URI">https://id.acdh.oeaw.ac.at/bahr-textverzeichnis/HB-tv_2204.xml</idno>
         </publicationStmt>
         <sourceDesc>
            <p>Bibliografische Angaben eines in Druck erschienen Texts von
                                    Bahr</p>
         </sourceDesc>
      </fileDesc>
   </teiHeader>
   <text>
      <body>
         <div type="bibliografische-angabe">
            <biblStruct xml:id="HB-tv_2204"
                        type="Book"
                        status="checked"
                        sameAs="nach1939"
                        prev="HB-tv_2203"
                        next="HB-tv_2200">
               <monogr>
                  <author ref="pmb10815">Bahr, Hermann</author>
                  <title level="m">Tagebücher, Skizzenbücher, Notizhefte. Band 4. 1904 - 1905.
                     Bearbeitet von Lukas Mayerhofer und Helene Zand</title>
                  <editor>Csáky, Moritz</editor>
                  <imprint>
                     <pubPlace>Wien, Köln, Weimar</pubPlace>
                     <publisher>Böhlau</publisher>
                     <date when="2000">2000</date>
                  </imprint>
                  <extent>XXI, 504 Seiten</extent>
               </monogr>
               <noteGrp type="keywords">
                  <note type="Book">Buch</note>
               </noteGrp>
               <note type="bibliographical-statement">Hermann Bahr: Tagebücher, Skizzenbücher,
                  Notizhefte. Band 4. 1904 - 1905. Bearbeitet von Lukas Mayerhofer und Helene Zand.
                  Hg. Moritz Csáky. Wien, Köln, Weimar: Böhlau 2000 (XXI, 504 Seiten).</note>
            </biblStruct>
         </div>
      </body>
      <back/>
   </text>
</TEI>
