<?xml version="1.0" encoding="UTF-8"?>
<TEI xmlns="http://www.tei-c.org/ns/1.0"
     xmlns:tei="http://www.tei-c.org/ns/1.0"
     xml:id="HB-tv_3552.xml"
     prev="pmb130531"
     next="pmb130533">
   <teiHeader>
      <fileDesc>
         <titleStmt>
            <title level="s">Hermann Bahr – Textverzeichnis</title>
            <title level="a">Über Schauspielkunst</title>
            <title type="iso-date">1913</title>
            <respStmt>
               <resp>providing the content</resp>
               <name>Martin Anton Müller</name>
            </respStmt>
            <respStmt>
               <resp>converted to XML encoding</resp>
               <name>Martin Anton Müller</name>
            </respStmt>
         </titleStmt>
         <publicationStmt>
            <publisher>Austrian Centre for Digital Humanities and Cultural
                                    Heritage (ACDH-CH)</publisher>
            <date>2024-03-19+01:00</date>
            <idno type="URI">https://id.acdh.oeaw.ac.at/bahr-textverzeichnis/HB-tv_3552.xml</idno>
         </publicationStmt>
         <sourceDesc>
            <p>Bibliografische Angaben eines in Druck erschienen Texts von
                                    Bahr</p>
         </sourceDesc>
      </fileDesc>
   </teiHeader>
   <text>
      <body>
         <div type="bibliografische-angabe">
            <biblStruct xml:id="HB-tv_3552"
                        type="Pamphlet"
                        status="checked"
                        prev="pmb130531"
                        next="pmb130533">
               <monogr>
                  <author ref="pmb10815">Bahr, Hermann</author>
                  <title level="m" ref="pmb141293">Über Schauspielkunst</title>
                  <imprint>
                     <pubPlace>Zürich</pubPlace>
                     <publisher>Lesezirkel Hottingen</publisher>
                     <date when="1913">1913</date>
                  </imprint>
               </monogr>
               <series>
                  <title level="s">Lesezirkel Hottingen. Vierter Abend von Hermann Bahr. Montag den
                     13. Januar 1913 im kleinen Saal der Tonhalle</title>
               </series>
               <note>
                  <p>Programmheft zum Vortrag, enthält: »Autobiographische Skizze« und
                     »Selbstinventur«</p>
               </note>
               <ref type="URL">https://bahr.univie.ac.at/sites/all/txt/sonderdrucke/1913_hottingen.pdf</ref>
               <noteGrp type="keywords">
                  <note type="Pamphlet">Pamphlet</note>
               </noteGrp>
               <note type="bibliographical-statement">Hermann Bahr: Über Schauspielkunst. Zürich:
                  Lesezirkel Hottingen 1913 (Lesezirkel Hottingen. Vierter Abend von Hermann Bahr.
                  Montag den 13. Januar 1913 im kleinen Saal der Tonhalle).</note>
               <note type="periodica">
                  <bibl>
                     <title level="j" ref="pmb36156">Die neue Rundschau</title>
                     <biblScope unit="jg">23</biblScope>
                     <date type="year">1912</date>
                     <biblScope unit="issue">9</biblScope>
                     <biblScope unit="page">1287–1303</biblScope>
                  </bibl>
                  <bibl>
                     <title level="j">Almanach des S. Fischer-Verlags</title>
                     <biblScope unit="jg">26</biblScope>
                     <date type="year">1912</date>
                     <biblScope unit="page">48–55</biblScope>
                  </bibl>
               </note>
               <ref type="abdrucke">
                  <listRef>
                     <ptr type="textref" target="pmb130695"/>
                  </listRef>
               </ref>
            </biblStruct>
         </div>
      </body>
      <back/>
   </text>
</TEI>
