<?xml version="1.0" encoding="UTF-8"?>
<TEI xmlns="http://www.tei-c.org/ns/1.0"
     xmlns:tei="http://www.tei-c.org/ns/1.0"
     xml:id="HB-tv_4428.xml"
     prev="HB-tv_3384"
     next="HB-tv_3383">
   <teiHeader>
      <fileDesc>
         <titleStmt>
            <title level="s">Hermann Bahr – Textverzeichnis</title>
            <title level="a">Welches war das Lieblingsbuch Ihrer
                     Knabenjahre?</title>
            <title type="iso-date">1963</title>
            <respStmt>
               <resp>providing the content</resp>
               <name>Martin Anton Müller</name>
            </respStmt>
            <respStmt>
               <resp>converted to XML encoding</resp>
               <name>Martin Anton Müller</name>
            </respStmt>
         </titleStmt>
         <publicationStmt>
            <publisher>Austrian Centre for Digital Humanities and Cultural
                                    Heritage (ACDH-CH)</publisher>
            <date>2024-03-19+01:00</date>
            <idno type="URI">https://id.acdh.oeaw.ac.at/bahr-textverzeichnis/HB-tv_4428.xml</idno>
         </publicationStmt>
         <sourceDesc>
            <p>Bibliografische Angaben eines in Druck erschienen Texts von
                                    Bahr</p>
         </sourceDesc>
      </fileDesc>
   </teiHeader>
   <text>
      <body>
         <div type="bibliografische-angabe">
            <biblStruct xml:id="HB-tv_4428"
                        type="Book_Section"
                        status="checked"
                        sameAs="nach1939"
                        prev="HB-tv_3384"
                        next="HB-tv_3383">
               <analytic>
                  <title level="a" ref="HB-tv_4428">Welches war das Lieblingsbuch Ihrer
                     Knabenjahre?</title>
                  <author ref="pmb10815">Bahr, Hermann</author>
               </analytic>
               <monogr>
                  <title level="m">Zeitgemäßes aus der »Literarischen Welt«</title>
                  <editor>Haas, Willy</editor>
                  <imprint>
                     <pubPlace>Stuttgart</pubPlace>
                     <publisher>Cotta</publisher>
                     <date when="1963">1963</date>
                     <biblScope unit="page">261</biblScope>
                  </imprint>
               </monogr>
               <note>
                  <p>Wie schon in der Zeitschrift, ist auch in der Buchausgabe ein offensichtlicher
                     Druckfehler in der fünfzehn Zeichen langen Antwort nicht korrigiert.</p>
               </note>
               <note type="incipit">Robinso Crusoe. |</note>
               <ref type="personenindex">
                  <listRef>
                     <ptr type="pmb" target="pmb149098"/>
                  </listRef>
               </ref>
               <noteGrp type="keywords">
                  <note type="Book">Buch</note>
                  <note type="Section">Section</note>
               </noteGrp>
               <note type="bibliographical-statement">Hermann Bahr: Welches war das Lieblingsbuch
                  Ihrer Knabenjahre? In: Zeitgemäßes aus der »Literarischen Welt«. Hg. Willy Haas.
                  Stuttgart: Cotta 1963, S. 261.</note>
               <note type="periodica">
                  <bibl type="obsolete">
                     <title level="j" ref="pmb59747">Die literarische
                        Welt</title>
                     <biblScope unit="jg">5</biblScope>
                     <date type="year">1929</date>
                     <biblScope unit="issue">26</biblScope>
                     <biblScope unit="page">3–4, hier: 3</biblScope>
                     <date when="1929-06-28">28.6.1929</date>
                     <title level="a" ref="pmb124679">Welches war das Lieblingsbuch Ihrer
                        Knabenjahre?</title>
                  </bibl>
               </note>
               <ref type="abdrucke">
                  <listRef>
                     <ptr type="textref" target="pmb124679"/>
                  </listRef>
               </ref>
            </biblStruct>
         </div>
      </body>
      <back>
         <listPerson>
            <person xml:id="pmb149098">
               <persName>
                  <forename>Daniel</forename>
                  <surname>Defoe</surname>
               </persName>
               <birth>
                  <date when-iso="1660-09-13">1660-09-13</date>
                  <settlement key="149099">
                     <placeName type="pref">Ward of Cripplegate</placeName>
                     <location>
                        <geo>51,519 -0,094</geo>
                     </location>
                  </settlement>
               </birth>
               <death>
                  <date when-iso="1731-04-24">1731-04-24</date>
                  <settlement key="149101">
                     <placeName type="pref">Moorfields</placeName>
                     <location>
                        <geo>51,518188 -0,088611</geo>
                     </location>
                  </settlement>
               </death>
               <sex value="male"/>
               <idno type="URL" subtype="pmb">https://pmb.acdh.oeaw.ac.at/entity/149098/</idno>
               <idno type="URL" subtype="wikidata">http://www.wikidata.org/entity/Q40946</idno>
               <idno type="URL" subtype="gnd">https://d-nb.info/gnd/118524275</idno>
               <idno type="URL" subtype="bahr-textverzeichnis">https://bahr-textverzeichnis.acdh.oeaw.ac.at/pmb149098.html</idno>
               <idno type="URL" subtype="wikipedia">https://de.wikipedia.org/wiki/Daniel_Defoe</idno>
               <idno type="URL" subtype="bahr-tsn">https://bahr-textverzeichnis.acdh.oeaw.ac.at/TSN-listperson.html#pmb149098</idno>
               <listBibl>
                  <bibl type="collections" n="16">Bahr Textverzeichnis</bibl>
               </listBibl>
            </person>
         </listPerson>
      </back>
   </text>
</TEI>
