<?xml version="1.0" encoding="UTF-8"?>
<TEI xmlns="http://www.tei-c.org/ns/1.0"
     xmlns:tei="http://www.tei-c.org/ns/1.0"
     xml:id="HB-tv_3390.xml"
     prev="HB-tv_3547"
     next="HB-tv_3392">
   <teiHeader>
      <fileDesc>
         <titleStmt>
            <title level="s">Hermann Bahr – Textverzeichnis</title>
            <title level="a">Secession</title>
            <title type="iso-date">2007</title>
            <respStmt>
               <resp>providing the content</resp>
               <name>Martin Anton Müller</name>
            </respStmt>
            <respStmt>
               <resp>converted to XML encoding</resp>
               <name>Martin Anton Müller</name>
            </respStmt>
         </titleStmt>
         <publicationStmt>
            <publisher>Austrian Centre for Digital Humanities and Cultural
                                    Heritage (ACDH-CH)</publisher>
            <date>2024-03-19+01:00</date>
            <idno type="URI">https://id.acdh.oeaw.ac.at/bahr-textverzeichnis/HB-tv_3390.xml</idno>
         </publicationStmt>
         <sourceDesc>
            <p>Bibliografische Angaben eines in Druck erschienen Texts von
                                    Bahr</p>
         </sourceDesc>
      </fileDesc>
   </teiHeader>
   <text>
      <body>
         <div type="bibliografische-angabe">
            <biblStruct xml:id="HB-tv_3390"
                        type="Book"
                        status="checked"
                        sameAs="nach1939"
                        prev="HB-tv_3547"
                        next="HB-tv_3392">
               <monogr>
                  <author ref="pmb10815">Bahr, Hermann</author>
                  <title level="m">Secession</title>
                  <editor>Pias, Claus</editor>
                  <imprint>
                     <pubPlace>Weimar</pubPlace>
                     <publisher>VDG</publisher>
                     <date when="2007">2007</date>
                  </imprint>
                  <extent>219 Seiten</extent>
               </monogr>
               <series>
                  <title level="s">Kritische Schriften in Einzelausgaben, 6</title>
               </series>
               <ref type="URL">http://www.univie.ac.at/bahr/sites/all/ks/6-secession.pdf</ref>
               <noteGrp type="keywords">
                  <note type="Book">Buch</note>
               </noteGrp>
               <note type="bibliographical-statement">Hermann Bahr: Secession. Hg. Claus Pias.
                  Weimar: VDG 2007 (219 Seiten) (Kritische Schriften in Einzelausgaben, 6).</note>
            </biblStruct>
         </div>
      </body>
      <back/>
   </text>
</TEI>
