<?xml version="1.0" encoding="UTF-8"?>
<TEI xmlns="http://www.tei-c.org/ns/1.0"
     xmlns:tei="http://www.tei-c.org/ns/1.0"
     xml:id="HB-tv_4711.xml"
     prev="HB-tv_4715"
     next="HB-tv_6111">
   <teiHeader>
      <fileDesc>
         <titleStmt>
            <title level="s">Hermann Bahr – Textverzeichnis</title>
            <title level="a">Inventur</title>
            <title type="iso-date">2011</title>
            <respStmt>
               <resp>providing the content</resp>
               <name>Martin Anton Müller</name>
            </respStmt>
            <respStmt>
               <resp>converted to XML encoding</resp>
               <name>Martin Anton Müller</name>
            </respStmt>
         </titleStmt>
         <publicationStmt>
            <publisher>Austrian Centre for Digital Humanities and Cultural
                                    Heritage (ACDH-CH)</publisher>
            <date>2024-03-19+01:00</date>
            <idno type="URI">https://id.acdh.oeaw.ac.at/bahr-textverzeichnis/HB-tv_4711.xml</idno>
         </publicationStmt>
         <sourceDesc>
            <p>Bibliografische Angaben eines in Druck erschienen Texts von
                                    Bahr</p>
         </sourceDesc>
      </fileDesc>
   </teiHeader>
   <text>
      <body>
         <div type="bibliografische-angabe">
            <biblStruct xml:id="HB-tv_4711"
                        type="Book"
                        status="checked"
                        sameAs="nach1939"
                        prev="HB-tv_4715"
                        next="HB-tv_6111">
               <monogr>
                  <author ref="pmb10815">Bahr, Hermann</author>
                  <title level="m">Inventur</title>
                  <editor>Schnödl, Gottfried</editor>
                  <imprint>
                     <pubPlace>Weimar</pubPlace>
                     <publisher>VDG</publisher>
                     <date when="2011">2011</date>
                  </imprint>
                  <extent>148 Seiten</extent>
               </monogr>
               <series>
                  <title level="s">Kritische Schriften in Einzelausgaben, 13</title>
               </series>
               <ref type="URL">http://www.univie.ac.at/bahr/sites/all/ks/13-inventur.pdf</ref>
               <noteGrp type="keywords">
                  <note type="Book">Buch</note>
               </noteGrp>
               <note type="bibliographical-statement">Hermann Bahr: Inventur. Hg. Gottfried Schnödl.
                  Weimar: VDG 2011 (148 Seiten) (Kritische Schriften in Einzelausgaben, 13).</note>
            </biblStruct>
         </div>
      </body>
      <back/>
   </text>
</TEI>
