<?xml version="1.0" encoding="UTF-8"?>
<TEI xmlns="http://www.tei-c.org/ns/1.0"
     xmlns:tei="http://www.tei-c.org/ns/1.0"
     xml:id="HB-tv_1275.xml"
     prev="pmb131325"
     next="pmb131273">
   <teiHeader>
      <fileDesc>
         <titleStmt>
            <title level="s">Hermann Bahr – Textverzeichnis</title>
            <title level="a">Striche bei Wagner</title>
            <title type="iso-date">1909-01-21</title>
            <respStmt>
               <resp>providing the content</resp>
               <name>Martin Anton Müller</name>
            </respStmt>
            <respStmt>
               <resp>converted to XML encoding</resp>
               <name>Martin Anton Müller</name>
            </respStmt>
         </titleStmt>
         <publicationStmt>
            <publisher>Austrian Centre for Digital Humanities and Cultural
                                    Heritage (ACDH-CH)</publisher>
            <date>2024-03-19+01:00</date>
            <idno type="URI">https://id.acdh.oeaw.ac.at/bahr-textverzeichnis/HB-tv_1275.xml</idno>
         </publicationStmt>
         <sourceDesc>
            <p>Bibliografische Angaben eines in Druck erschienen Texts von
                                    Bahr</p>
         </sourceDesc>
      </fileDesc>
   </teiHeader>
   <text>
      <body>
         <div type="bibliografische-angabe">
            <biblStruct xml:id="HB-tv_1275"
                        type="Unveröffentlicht"
                        subtype="Unveröffentlicht_Nicht-nachgewiesen"
                        status="notLocated"
                        prev="pmb131325"
                        next="pmb131273">
               <monogr>
                  <author ref="pmb10815">Bahr, Hermann</author>
                  <title level="m" ref="pmb141347">Striche bei Wagner</title>
                  <imprint>
                     <date when="1909-01-21">21.1.1909</date>
                  </imprint>
               </monogr>
               <series>
                  <title level="s">Neue Freie Presse</title>
               </series>
               <note>
                  <p>Die Druckfahne im Nachlass ist handschriftlich versehen mit (links oben, kleine
                     Schrift): »Verfasst 21. Januar / nicht erschienen.« In großer Schrift steht,
                     den Titel mit einer Klammer versehend: »Den Absatz aus:« Das ist, ebenso wie
                     der Titel mit rotem Buntstift unterstrichen. Mit eben diesem Buntstift ist auch
                     ein Absatz auf der zweiten Seite markiert, der Bahrs Bereitwilligkeit, die
                     eigenen Stücke mit Streichungen zu versehen, hervorkehrt. Typografisch ist die
                     Druckfahne eindeutig der »Neuen Freien Presse« zuzuordnen, ein Abdruck lässt
                     sich aber nicht nachweisen. Die Debatte, in die er sich verortet, begann im
                     Juni 1908: Am 22. schickt Bahr einen Brief an Dr. Stefan, der sich über die
                     Striche bei der Walküre-Aufführung (17.6.1908) beschwert hat, siehe TB 5, 382.
                     Durch die Schnitte wurde die Einrichtung der Oper von Gustav Mahler und Alfred
                     Roller verändert. Der Text selbst bezieht sich auf den Aufsatz »Striche bei
                     Wagner« von Felix von Weingarten. (Dieser wurde am 7.1.1909 in der Neuen
                     Musik-Zeitung gedruckt, vermutlich aber ein Nachdruck. Vgl. Neue Freie Presse,
                     #15741, 14. (17.6.1908) und #15742, 14. (18.6.1908)). Vgl. auch Gabriele
                     Parizek: Anna Bahr-Mildenburg [Dissertation], 54.</p>
               </note>
               <note type="incipit">Herr v. Weingartner verdient Dank für seinen Aufsatz »Striche
                  bei Wagner«. Zunächst ist es ja stets ein Vergnügen ihn zu lesen…</note>
               <noteGrp type="keywords">
                  <note subtype="Unveröffentlicht">Unveröffentlicht</note>
                  <note subtype="Nicht-nachgewiesen">Nicht nachgewiesen</note>
               </noteGrp>
               <note type="bibliographical-statement">Hermann Bahr: Striche bei Wagner. (21.1.1909)
                  (Neue Freie Presse).</note>
            </biblStruct>
         </div>
      </body>
      <back/>
   </text>
</TEI>
