<?xml version="1.0" encoding="UTF-8"?>
<TEI xmlns="http://www.tei-c.org/ns/1.0"
     xmlns:tei="http://www.tei-c.org/ns/1.0"
     xml:id="HB-tv_1105.xml"
     prev="HB-tv_1512"
     next="HB-tv_1098">
   <teiHeader>
      <fileDesc>
         <titleStmt>
            <title level="s">Hermann Bahr – Textverzeichnis</title>
            <title level="a">Zur Überwindung des Naturalismus. Theoretische Schriften 1887 –
                     1904. Ausgewählt, eingeleitet und erläutert von Gotthart Wunberg</title>
            <title type="iso-date">1968</title>
            <respStmt>
               <resp>providing the content</resp>
               <name>Martin Anton Müller</name>
            </respStmt>
            <respStmt>
               <resp>converted to XML encoding</resp>
               <name>Martin Anton Müller</name>
            </respStmt>
         </titleStmt>
         <publicationStmt>
            <publisher>Austrian Centre for Digital Humanities and Cultural
                                    Heritage (ACDH-CH)</publisher>
            <date>2024-03-19+01:00</date>
            <idno type="URI">https://id.acdh.oeaw.ac.at/bahr-textverzeichnis/HB-tv_1105.xml</idno>
         </publicationStmt>
         <sourceDesc>
            <p>Bibliografische Angaben eines in Druck erschienen Texts von
                                    Bahr</p>
         </sourceDesc>
      </fileDesc>
   </teiHeader>
   <text>
      <body>
         <div type="bibliografische-angabe">
            <biblStruct xml:id="HB-tv_1105"
                        type="Book"
                        status="checked"
                        sameAs="nach1939"
                        prev="HB-tv_1512"
                        next="HB-tv_1098">
               <monogr>
                  <author ref="pmb10815">Bahr, Hermann</author>
                  <title level="m">Zur Überwindung des Naturalismus. Theoretische Schriften 1887 –
                     1904. Ausgewählt, eingeleitet und erläutert von Gotthart Wunberg</title>
                  <imprint>
                     <pubPlace>Stuttgart u.a.</pubPlace>
                     <publisher>Kohlhammer</publisher>
                     <date when="1968">1968</date>
                  </imprint>
                  <extent>XII, 244 Seiten</extent>
               </monogr>
               <series>
                  <title level="s">Sprache und Literatur 46</title>
                  <biblScope unit="volume">46</biblScope>
               </series>
               <noteGrp type="keywords">
                  <note type="Book">Buch</note>
               </noteGrp>
               <note type="bibliographical-statement">Hermann Bahr: Zur Überwindung des
                  Naturalismus. Theoretische Schriften 1887 – 1904. Ausgewählt, eingeleitet und
                  erläutert von Gotthart Wunberg. Stuttgart u.a.: Kohlhammer 1968 (XII, 244 Seiten)
                  (Sprache und Literatur 46, 46).</note>
            </biblStruct>
         </div>
      </body>
      <back/>
   </text>
</TEI>
