<?xml version="1.0" encoding="UTF-8"?>
<TEI xmlns="http://www.tei-c.org/ns/1.0"
     xmlns:tei="http://www.tei-c.org/ns/1.0"
     xml:id="HB-tv_2481.xml"
     prev="HB-tv_2411"
     next="HB-tv_1514">
   <teiHeader>
      <fileDesc>
         <titleStmt>
            <title level="s">Hermann Bahr – Textverzeichnis</title>
            <title level="a">Briefwechsel mit Hermann Bahr, Sigmund Freud, Rainer Maria Rilke
                     und Arthur Schnitzler</title>
            <title type="iso-date">1987</title>
            <respStmt>
               <resp>providing the content</resp>
               <name>Martin Anton Müller</name>
            </respStmt>
            <respStmt>
               <resp>converted to XML encoding</resp>
               <name>Martin Anton Müller</name>
            </respStmt>
         </titleStmt>
         <publicationStmt>
            <publisher>Austrian Centre for Digital Humanities and Cultural
                                    Heritage (ACDH-CH)</publisher>
            <date>2024-03-19+01:00</date>
            <idno type="URI">https://id.acdh.oeaw.ac.at/bahr-textverzeichnis/HB-tv_2481.xml</idno>
         </publicationStmt>
         <sourceDesc>
            <p>Bibliografische Angaben eines in Druck erschienen Texts von
                                    Bahr</p>
         </sourceDesc>
      </fileDesc>
   </teiHeader>
   <text>
      <body>
         <div type="bibliografische-angabe">
            <biblStruct xml:id="HB-tv_2481"
                        type="Book"
                        status="checked"
                        sameAs="nach1939"
                        prev="HB-tv_2411"
                        next="HB-tv_1514">
               <monogr>
                  <author ref="pmb13212">Zweig, Stefan</author>
                  <title level="m">Briefwechsel mit Hermann Bahr, Sigmund Freud, Rainer Maria Rilke
                     und Arthur Schnitzler</title>
                  <editor>Berlin, Jeffrey B.</editor>
                  <editor>Lindken, Hans-Ulrich</editor>
                  <editor>Prater, Donald A.</editor>
                  <imprint>
                     <pubPlace>Berlin</pubPlace>
                     <publisher>S. Fischer</publisher>
                     <date when="1987">1987</date>
                  </imprint>
                  <extent>525 Seiten</extent>
               </monogr>
               <note type="translations">
                  <bibl>
                     <note>Spanisch, Trad. de R. S. Carbó</note>
                     <title level="m">Correspondencia con Sigmund Freud, Rainer Maria Rilke y Arthur
                        Schnitzler</title>
                     <pubPlace>Barcelona</pubPlace>
                     <pubPlace>Buenos Aires</pubPlace>
                     <pubPlace>México</pubPlace>
                     <publisher>Paidós</publisher>
                     <date type="year">2004</date>
                  </bibl>
                  <bibl>
                     <note>Türkisch, Almancadan çeviren: Ahmet Arpad</note>
                     <title level="m">Dostlarla mektuplaşmalar</title>
                     <pubPlace>Istanbul</pubPlace>
                     <publisher>Yordam Kitap</publisher>
                     <date type="year">2009</date>
                  </bibl>
               </note>
               <noteGrp type="keywords">
                  <note type="Book">Buch</note>
               </noteGrp>
               <note type="bibliographical-statement">Stefan Zweig: Briefwechsel mit Hermann Bahr,
                  Sigmund Freud, Rainer Maria Rilke und Arthur Schnitzler. Hgg. Jeffrey B. Berlin,
                  Hans-Ulrich Lindken und Donald A. Prater. Berlin: S. Fischer 1987 (525
                  Seiten).</note>
            </biblStruct>
         </div>
      </body>
      <back/>
   </text>
</TEI>
