<?xml version="1.0" encoding="UTF-8"?>
<TEI xmlns="http://www.tei-c.org/ns/1.0"
     xmlns:tei="http://www.tei-c.org/ns/1.0"
     xml:id="HB-tv_683.xml"
     prev="pmb29829"
     next="pmb133311">
   <teiHeader>
      <fileDesc>
         <titleStmt>
            <title level="s">Hermann Bahr – Textverzeichnis</title>
            <title level="a">50 Jahre Hoftheater. Geschichte der beiden Wiener
                     Hoftheater unter der Regierungszeit des Kaisers Franz Joseph I. I. Unter
                     Mitwirkung von Hermann Bahr</title>
            <title type="iso-date">1898</title>
            <respStmt>
               <resp>providing the content</resp>
               <name>Martin Anton Müller</name>
            </respStmt>
            <respStmt>
               <resp>converted to XML encoding</resp>
               <name>Martin Anton Müller</name>
            </respStmt>
         </titleStmt>
         <publicationStmt>
            <publisher>Austrian Centre for Digital Humanities and Cultural
                                    Heritage (ACDH-CH)</publisher>
            <date>2024-03-19+01:00</date>
            <idno type="URI">https://id.acdh.oeaw.ac.at/bahr-textverzeichnis/HB-tv_683.xml</idno>
         </publicationStmt>
         <sourceDesc>
            <p>Bibliografische Angaben eines in Druck erschienen Texts von
                                    Bahr</p>
         </sourceDesc>
      </fileDesc>
   </teiHeader>
   <text>
      <body>
         <div type="bibliografische-angabe">
            <biblStruct xml:id="HB-tv_683"
                        type="Book"
                        status="checked"
                        prev="pmb29829"
                        next="pmb133311">
               <monogr>
                  <author ref="pmb2570">Lothar, Rudolph</author>
                  <author ref="pmb3162">Stern, Julius</author>
                  <title level="m" ref="pmb141061">50 Jahre Hoftheater. Geschichte der beiden Wiener
                     Hoftheater unter der Regierungszeit des Kaisers Franz Joseph I. I. Unter
                     Mitwirkung von Hermann Bahr</title>
                  <imprint>
                     <pubPlace>Wien</pubPlace>
                     <publisher>Steyrermühl</publisher>
                     <date when="1898">1898</date>
                  </imprint>
               </monogr>
               <noteGrp type="keywords">
                  <note type="Book">Buch</note>
               </noteGrp>
               <note type="bibliographical-statement">Rudolph Lothar, Julius Stern: 50 Jahre
                  Hoftheater. Geschichte der beiden Wiener Hoftheater unter der Regierungszeit des
                  Kaisers Franz Joseph I. I. Unter Mitwirkung von Hermann Bahr. Wien: Steyrermühl
                  1898.</note>
            </biblStruct>
         </div>
      </body>
      <back/>
   </text>
</TEI>
