<?xml version="1.0" encoding="UTF-8"?>
<TEI xmlns="http://www.tei-c.org/ns/1.0"
     xmlns:tei="http://www.tei-c.org/ns/1.0"
     xml:id="HB-tv_3384.xml"
     prev="HB-tv_2477"
     next="HB-tv_4428">
   <teiHeader>
      <fileDesc>
         <titleStmt>
            <title level="s">Hermann Bahr – Textverzeichnis</title>
            <title level="a">Kulturprofil der Jahrhundertwende. Essays. Zum 100. Geburtstag
                     des Dichters. Hgg. vom Land Oberösterreich und von der Stadt Linz</title>
            <title type="iso-date">1962</title>
            <respStmt>
               <resp>providing the content</resp>
               <name>Martin Anton Müller</name>
            </respStmt>
            <respStmt>
               <resp>converted to XML encoding</resp>
               <name>Martin Anton Müller</name>
            </respStmt>
         </titleStmt>
         <publicationStmt>
            <publisher>Austrian Centre for Digital Humanities and Cultural
                                    Heritage (ACDH-CH)</publisher>
            <date>2024-03-19+01:00</date>
            <idno type="URI">https://id.acdh.oeaw.ac.at/bahr-textverzeichnis/HB-tv_3384.xml</idno>
         </publicationStmt>
         <sourceDesc>
            <p>Bibliografische Angaben eines in Druck erschienen Texts von
                                    Bahr</p>
         </sourceDesc>
      </fileDesc>
   </teiHeader>
   <text>
      <body>
         <div type="bibliografische-angabe">
            <biblStruct xml:id="HB-tv_3384"
                        type="Book"
                        status="checked"
                        sameAs="nach1939"
                        prev="HB-tv_2477"
                        next="HB-tv_4428">
               <monogr>
                  <author ref="pmb10815">Bahr, Hermann</author>
                  <title level="m">Kulturprofil der Jahrhundertwende. Essays. Zum 100. Geburtstag
                     des Dichters. Hgg. vom Land Oberösterreich und von der Stadt Linz</title>
                  <editor>Kindermann, Heinz</editor>
                  <imprint>
                     <pubPlace>Wien</pubPlace>
                     <publisher>Bauer</publisher>
                     <date when="1962">1962</date>
                  </imprint>
                  <extent>360 Seiten</extent>
               </monogr>
               <noteGrp type="keywords">
                  <note type="Book">Buch</note>
               </noteGrp>
               <note type="bibliographical-statement">Hermann Bahr: Kulturprofil der
                  Jahrhundertwende. Essays. Zum 100. Geburtstag des Dichters. Hgg. vom Land
                  Oberösterreich und von der Stadt Linz. Hg. Heinz Kindermann. Wien: Bauer 1962 (360
                  Seiten).</note>
            </biblStruct>
         </div>
      </body>
      <back/>
   </text>
</TEI>
