<?xml version="1.0" encoding="UTF-8"?>
<TEI xmlns="http://www.tei-c.org/ns/1.0"
     xmlns:tei="http://www.tei-c.org/ns/1.0"
     xml:id="HB-tv_1230.xml"
     prev="pmb140780"
     next="pmb134881">
   <teiHeader>
      <fileDesc>
         <titleStmt>
            <title level="s">Hermann Bahr – Textverzeichnis</title>
            <title level="a">[Diederichs Politische Bibliothek]</title>
            <title type="iso-date">1911</title>
            <respStmt>
               <resp>providing the content</resp>
               <name>Martin Anton Müller</name>
            </respStmt>
            <respStmt>
               <resp>converted to XML encoding</resp>
               <name>Martin Anton Müller</name>
            </respStmt>
         </titleStmt>
         <publicationStmt>
            <publisher>Austrian Centre for Digital Humanities and Cultural
                                    Heritage (ACDH-CH)</publisher>
            <date>2024-03-19+01:00</date>
            <idno type="URI">https://id.acdh.oeaw.ac.at/bahr-textverzeichnis/HB-tv_1230.xml</idno>
         </publicationStmt>
         <sourceDesc>
            <p>Bibliografische Angaben eines in Druck erschienen Texts von
                                    Bahr</p>
         </sourceDesc>
      </fileDesc>
   </teiHeader>
   <text>
      <body>
         <div type="bibliografische-angabe">
            <biblStruct xml:id="HB-tv_1230"
                        type="Pamphlet"
                        subtype="Umfrage"
                        status="checked"
                        prev="pmb140780"
                        next="pmb134881">
               <monogr>
                  <author ref="pmb10815">Bahr, Hermann</author>
                  <title level="m" ref="pmb141333">[Diederichs Politische Bibliothek]</title>
                  <imprint>
                     <pubPlace>Jena</pubPlace>
                     <publisher>Diederichs</publisher>
                     <date when="1911">1911</date>
                  </imprint>
                  <extent>3–4 Seiten</extent>
               </monogr>
               <series>
                  <title level="s">Diederichs Politische Bibliothek</title>
               </series>
               <note>
                  <p>Am 7.9.1911 schickte der Verleger Diederichs an verschiedene Personen einen
                     Brief, worin er um die Beantwortung einiger Fragen zur Politisierung der
                     Öffentlichkeit bat. Damit wolle er eine Information für Sortimentsbuchhändler
                     und Zeitungsredaktionen zusammenstellen. Zitat: »Jede Reklame dem Publikum
                     gegenüber liegt mir fern.« Dieser Brief ist abgedruckt in Ulrich Sieg: Aufstieg
                     und Niedergang des Marburger Neukantianismus. Würzburg: Königshausen und
                     Neumann 1994, 503-504. Diederichs verwendete es aber als Werbung, wie die Seite
                     107 des Buches »Zur Soziologie des Kinos« von Emilie Altenloh beweist, die 1914
                     herausgegeben wurde, und die »Aus einem Briefe von Hermann Bahr« zitiert und
                     auffordert: »Man verlange einen Sonderprospekt«.</p>
               </note>
               <note type="incipit">Es scheint mir hohe Zeit, uns endlich von einer Literatur
                  abzuwenden, die gar keine Lebensspuren mehr enthält</note>
               <ref type="URL">https://bahr.univie.ac.at/sites/all/txt/umfragen/1913_diederichs-politische-bibliothek.pdf</ref>
               <noteGrp type="keywords">
                  <note type="Pamphlet">Pamphlet</note>
                  <note subtype="Umfrage">Umfrage</note>
               </noteGrp>
               <note type="bibliographical-statement">Hermann Bahr: [Diederichs Politische
                  Bibliothek]. Jena: Diederichs 1911 (3–4 Seiten) (Diederichs Politische
                  Bibliothek).</note>
            </biblStruct>
         </div>
      </body>
      <back/>
   </text>
</TEI>
