<?xml version="1.0" encoding="UTF-8"?>
<TEI xmlns="http://www.tei-c.org/ns/1.0"
     xmlns:tei="http://www.tei-c.org/ns/1.0"
     xml:id="HB-tv_2066.xml"
     prev="pmb124829"
     next="pmb124577">
   <teiHeader>
      <fileDesc>
         <titleStmt>
            <title level="s">Hermann Bahr – Textverzeichnis</title>
            <title level="a">Fashions in Love</title>
            <title type="iso-date">1929</title>
            <respStmt>
               <resp>providing the content</resp>
               <name>Martin Anton Müller</name>
            </respStmt>
            <respStmt>
               <resp>converted to XML encoding</resp>
               <name>Martin Anton Müller</name>
            </respStmt>
         </titleStmt>
         <publicationStmt>
            <publisher>Austrian Centre for Digital Humanities and Cultural
                                    Heritage (ACDH-CH)</publisher>
            <date>2024-03-19+01:00</date>
            <idno type="URI">https://id.acdh.oeaw.ac.at/bahr-textverzeichnis/HB-tv_2066.xml</idno>
         </publicationStmt>
         <sourceDesc>
            <p>Bibliografische Angaben eines in Druck erschienen Texts von
                                    Bahr</p>
         </sourceDesc>
      </fileDesc>
   </teiHeader>
   <text>
      <body>
         <div type="bibliografische-angabe">
            <biblStruct xml:id="HB-tv_2066"
                        type="movie"
                        status="checked"
                        prev="pmb124829"
                        next="pmb124577">
               <monogr>
                  <author ref="pmb4609">Schertzinger, Victor</author>
                  <title>Fashions in Love</title>
                  <editor>Long, Louise</editor>
                  <editor>Baker, Melville</editor>
                  <imprint>
                     <date when="1929">1929</date>
                     <pubPlace>USA</pubPlace>
                  </imprint>
               </monogr>
               <ref type="personenindex">
                  <listRef>
                     <ptr type="pmb" target="pmb8906"/>
                     <ptr type="pmb" target="pmb153892"/>
                     <ptr type="pmb" target="pmb153589"/>
                     <ptr type="pmb" target="pmb153893"/>
                     <ptr type="pmb" target="pmb153894"/>
                     <ptr type="pmb" target="pmb153895"/>
                     <ptr type="pmb" target="pmb153594"/>
                     <ptr type="pmb" target="pmb153896"/>
                     <ptr type="pmb" target="pmb153897"/>
                  </listRef>
               </ref>
               <note>
                  <p>Laut The Times (12.6.1929, 14) wurde eine Ton- und eine Stummfilmfassung
                     hergestellt. Amerikanische Première am 29. Juni 1929, Filmstart Juli 1929.
                     Besprechung in der Neckar Zeitung, Heilbronn am 6.9.1929</p>
               </note>
               <noteGrp type="keywords">
                  <note type="movie">movie</note>
               </noteGrp>
               <note type="bibliographical-statement">Victor Schertzinger: Fashions in Love. Hgg.
                  Louise Long und Melville Baker. USA: 1929.</note>
            </biblStruct>
         </div>
      </body>
      <back>
         <listPerson>
            <person xml:id="pmb8906">
               <persName>
                  <forename>Adolphe</forename>
                  <surname>Menjou</surname>
               </persName>
               <birth>
                  <date when-iso="1890-02-18">18.02.1890</date>
                  <settlement key="56126">
                     <placeName type="pref">Pittsburgh</placeName>
                     <location>
                        <geo>40,44062 -79,99589</geo>
                     </location>
                  </settlement>
               </birth>
               <death>
                  <date when-iso="1963-10-29">29.10.1963</date>
                  <settlement key="38177">
                     <placeName type="pref">Beverly Hills</placeName>
                     <location>
                        <geo>34,07362 -118,40036</geo>
                     </location>
                  </settlement>
               </death>
               <sex value="male"/>
               <occupation key="105">Schauspieler/Schauspielerin</occupation>
               <idno type="URL" subtype="gnd">https://d-nb.info/gnd/140668217</idno>
               <idno type="URL" subtype="schnitzler-tagebuch">https://schnitzler-tagebuch.acdh.oeaw.ac.at/person_18077.html</idno>
               <idno type="URL" subtype="pmb">https://pmb.acdh.oeaw.ac.at/entity/8906/</idno>
               <idno type="URL" subtype="wikidata">http://www.wikidata.org/entity/Q358379</idno>
               <idno type="URL" subtype="wikipedia">https://de.wikipedia.org/wiki/Adolphe_Menjou</idno>
               <idno type="URL" subtype="schnitzler-kino">https://schnitzler-kino.acdh.oeaw.ac.at/pmb8906.html</idno>
               <idno type="URL" subtype="bahr-textverzeichnis">https://bahr-textverzeichnis.acdh.oeaw.ac.at/pmb8906.html</idno>
               <figure>
                  <graphic url="https://commons.wikimedia.org/w/index.php?title=Special:Redirect/file/Adolphe%20Menjou%2C%20film%20actor%20%28SAYRE%206316%29.jpg"/>
               </figure>
            </person>
            <person xml:id="pmb153892">
               <persName>
                  <forename>Fay</forename>
                  <surname>Compton</surname>
               </persName>
               <sex value="not-set"/>
               <idno type="URL" subtype="pmb">https://pmb.acdh.oeaw.ac.at/entity/153892/</idno>
               <idno type="URL" subtype="bahr-textverzeichnis">https://bahr-textverzeichnis.acdh.oeaw.ac.at/pmb153892.html</idno>
               <listBibl>
                  <bibl type="collections" n="16">Bahr Textverzeichnis</bibl>
               </listBibl>
            </person>
            <person xml:id="pmb153589">
               <persName>
                  <forename>John</forename>
                  <surname>Miljan</surname>
               </persName>
               <birth>
                  <date when-iso="1892-11-09">1892-11-09</date>
                  <settlement key="153590">
                     <placeName type="pref">Lead</placeName>
                     <location>
                        <geo>44,350833333333 -103,76583333333</geo>
                     </location>
                  </settlement>
               </birth>
               <death>
                  <date when-iso="1960-01-24">1960-01-24</date>
                  <settlement key="153592">
                     <placeName type="pref">Hollywood</placeName>
                     <location>
                        <geo>34,098333333333336 -118,32666666666667</geo>
                     </location>
                  </settlement>
               </death>
               <sex value="male"/>
               <idno type="URL" subtype="pmb">https://pmb.acdh.oeaw.ac.at/entity/153589/</idno>
               <idno type="URL" subtype="wikidata">http://www.wikidata.org/entity/Q1263798</idno>
               <idno type="URL" subtype="wikipedia">https://de.wikipedia.org/wiki/John_Miljan</idno>
               <idno type="URL" subtype="bahr-textverzeichnis">https://bahr-textverzeichnis.acdh.oeaw.ac.at/pmb153589.html</idno>
               <listBibl>
                  <bibl type="collections" n="16">Bahr Textverzeichnis</bibl>
               </listBibl>
            </person>
            <person xml:id="pmb153893">
               <persName>
                  <forename>Robert</forename>
                  <surname>Wayne</surname>
               </persName>
               <sex value="not-set"/>
               <idno type="URL" subtype="pmb">https://pmb.acdh.oeaw.ac.at/entity/153893/</idno>
               <idno type="URL" subtype="bahr-textverzeichnis">https://bahr-textverzeichnis.acdh.oeaw.ac.at/pmb153893.html</idno>
               <listBibl>
                  <bibl type="collections" n="16">Bahr Textverzeichnis</bibl>
               </listBibl>
            </person>
            <person xml:id="pmb153894">
               <persName>
                  <forename>Joan</forename>
                  <surname>Standing</surname>
               </persName>
               <sex value="not-set"/>
               <idno type="URL" subtype="pmb">https://pmb.acdh.oeaw.ac.at/entity/153894/</idno>
               <idno type="URL" subtype="bahr-textverzeichnis">https://bahr-textverzeichnis.acdh.oeaw.ac.at/pmb153894.html</idno>
               <listBibl>
                  <bibl type="collections" n="16">Bahr Textverzeichnis</bibl>
               </listBibl>
            </person>
            <person xml:id="pmb153895">
               <persName>
                  <forename>Russell</forename>
                  <surname>Powell</surname>
               </persName>
               <sex value="not-set"/>
               <idno type="URL" subtype="pmb">https://pmb.acdh.oeaw.ac.at/entity/153895/</idno>
               <idno type="URL" subtype="bahr-textverzeichnis">https://bahr-textverzeichnis.acdh.oeaw.ac.at/pmb153895.html</idno>
               <listBibl>
                  <bibl type="collections" n="16">Bahr Textverzeichnis</bibl>
               </listBibl>
            </person>
            <person xml:id="pmb153594">
               <persName>
                  <forename>Miriam</forename>
                  <surname>Seegar</surname>
               </persName>
               <birth>
                  <date when-iso="1907-09-01">1907-09-01</date>
                  <settlement key="153595">
                     <placeName type="pref">Greentown</placeName>
                     <location>
                        <geo>40,4786 -85,9647</geo>
                     </location>
                  </settlement>
               </birth>
               <death>
                  <date when-iso="2011-01-02">2011-01-02</date>
                  <settlement key="38192">
                     <placeName type="pref">Pasadena</placeName>
                     <location>
                        <geo>34,14778 -118,14452</geo>
                     </location>
                  </settlement>
               </death>
               <sex value="female"/>
               <idno type="URL" subtype="pmb">https://pmb.acdh.oeaw.ac.at/entity/153594/</idno>
               <idno type="URL" subtype="wikidata">http://www.wikidata.org/entity/Q433530</idno>
               <idno type="URL" subtype="wikipedia">https://de.wikipedia.org/wiki/Miriam_Seegar</idno>
               <idno type="URL" subtype="bahr-textverzeichnis">https://bahr-textverzeichnis.acdh.oeaw.ac.at/pmb153594.html</idno>
               <listBibl>
                  <bibl type="collections" n="16">Bahr Textverzeichnis</bibl>
               </listBibl>
            </person>
            <person xml:id="pmb153896">
               <persName>
                  <forename>Jacques</forename>
                  <surname>Vanaire</surname>
               </persName>
               <sex value="not-set"/>
               <idno type="URL" subtype="pmb">https://pmb.acdh.oeaw.ac.at/entity/153896/</idno>
               <idno type="URL" subtype="bahr-textverzeichnis">https://bahr-textverzeichnis.acdh.oeaw.ac.at/pmb153896.html</idno>
               <listBibl>
                  <bibl type="collections" n="16">Bahr Textverzeichnis</bibl>
               </listBibl>
            </person>
            <person xml:id="pmb153897">
               <persName>
                  <forename>Billie</forename>
                  <surname>Bennett</surname>
               </persName>
               <sex value="not-set"/>
               <idno type="URL" subtype="pmb">https://pmb.acdh.oeaw.ac.at/entity/153897/</idno>
               <idno type="URL" subtype="bahr-textverzeichnis">https://bahr-textverzeichnis.acdh.oeaw.ac.at/pmb153897.html</idno>
               <listBibl>
                  <bibl type="collections" n="16">Bahr Textverzeichnis</bibl>
               </listBibl>
            </person>
         </listPerson>
      </back>
   </text>
</TEI>
