<?xml version="1.0" encoding="UTF-8"?>
<TEI xmlns="http://www.tei-c.org/ns/1.0"
     xmlns:tei="http://www.tei-c.org/ns/1.0"
     xml:id="HB-tv_4828.xml"
     prev="pmb127059"
     next="pmb127123">
   <teiHeader>
      <fileDesc>
         <titleStmt>
            <title level="s">Hermann Bahr – Textverzeichnis</title>
            <title level="a">Undeutsch</title>
            <title type="iso-date">1922-09-01</title>
            <respStmt>
               <resp>providing the content</resp>
               <name>Martin Anton Müller</name>
            </respStmt>
            <respStmt>
               <resp>converted to XML encoding</resp>
               <name>Martin Anton Müller</name>
            </respStmt>
         </titleStmt>
         <publicationStmt>
            <publisher>Austrian Centre for Digital Humanities and Cultural
                                    Heritage (ACDH-CH)</publisher>
            <date>2024-03-19+01:00</date>
            <idno type="URI">https://id.acdh.oeaw.ac.at/bahr-textverzeichnis/HB-tv_4828.xml</idno>
         </publicationStmt>
         <sourceDesc>
            <p>Bibliografische Angaben eines in Druck erschienen Texts von
                                    Bahr</p>
         </sourceDesc>
      </fileDesc>
   </teiHeader>
   <text>
      <body>
         <div type="bibliografische-angabe">
            <biblStruct xml:id="HB-tv_4828"
                        type="Pamphlet"
                        subtype="Zeitungskorrespondenz"
                        status="checked"
                        prev="pmb127059"
                        next="pmb127123">
               <monogr>
                  <author ref="pmb10815">Bahr, Hermann</author>
                  <title level="m" ref="pmb141175">Undeutsch</title>
                  <imprint>
                     <date when="1922-09-01">1.9.1922</date>
                  </imprint>
               </monogr>
               <series>
                  <title level="s">Korrespondenz Dr. Billig drb, Berlin SW. 11</title>
               </series>
               <note>
                  <p>In Bahrs Nachlass findet sich, bei den Zeitungsausschnitten eingeordnet, auch
                     dieser Matrizenabzug einer Schreibmaschinenfassung des Texts. Als Kopf hat das
                     Blatt »Probleme der Gegenwart« stehen, was die die Unterschiede in der
                     Titelwahl der Abdrucke erklären dürfte.</p>
               </note>
               <note type="incipit">Einen nationalen Sport hat Bismarck einmal den ewigen
                  Hader</note>
               <note type="summary">Bahr stimmt Bismarck zu, dass in Deutschland einem Bürgerkrieg
                  mit mehr Liebe als sonst wo nachgegangen würde und dass die Nation erst lernen
                  müsse, dass, wer anderer Meinung habe, deswegen noch nicht »undeutsch« sei.</note>
               <ref type="personenindex">
                  <listRef>
                     <ptr type="pmb" target="pmb10943"/>
                     <ptr type="pmb" target="pmb4216"/>
                     <ptr type="pmb" target="pmb155463"/>
                  </listRef>
               </ref>
               <noteGrp type="keywords">
                  <note type="Pamphlet">Pamphlet</note>
                  <note subtype="Zeitungskorrespondenz">Zeitungskorrespondenz</note>
               </noteGrp>
               <note type="bibliographical-statement">Hermann Bahr: Undeutsch. (1.9.1922)
                  (Korrespondenz Dr. Billig drb, Berlin SW. 11).</note>
               <note type="periodica">
                  <bibl type="obsolete">
                     <note>Nachdruck</note>
                     <title level="j" ref="pmb122187">Wartburgland. Beilage der Eisenacher Tagespost</title>
                     <biblScope unit="jg">1</biblScope>
                     <date type="year">1922</date>
                     <biblScope unit="issue">1</biblScope>
                     <biblScope unit="page">1</biblScope>
                     <date when="1922-09-29">29.9.1922</date>
                     <title level="a" ref="pmb127595">Probleme der
                        Gegenwart</title>
                  </bibl>
               </note>
               <ref type="abdrucke">
                  <listRef>
                     <ptr type="textref" target="pmb127595"/>
                  </listRef>
               </ref>
            </biblStruct>
         </div>
      </body>
      <back>
         <listPerson>
            <person xml:id="pmb10943">
               <persName>
                  <forename>Otto von</forename>
                  <surname>Bismarck</surname>
               </persName>
               <birth>
                  <date when-iso="1815-04-01">01.04.1815</date>
                  <settlement key="63752">
                     <placeName type="pref">Schönhausen</placeName>
                     <location>
                        <geo>52,58076 12,03923</geo>
                     </location>
                  </settlement>
               </birth>
               <death>
                  <date when-iso="1898-07-30">30.07.1898</date>
                  <settlement key="62121">
                     <placeName type="pref">Friedrichsruh</placeName>
                     <location>
                        <geo>53,53043 10,33971</geo>
                     </location>
                  </settlement>
               </death>
               <sex value="male"/>
               <occupation key="95">Politiker/Politikerin</occupation>
               <idno type="URL" subtype="gnd">https://d-nb.info/gnd/11851136X</idno>
               <idno type="URL" subtype="schnitzler-tagebuch">https://schnitzler-tagebuch.acdh.oeaw.ac.at/person_13749.html</idno>
               <idno type="URL" subtype="bahr-textverzeichnis">https://bahr-textverzeichnis.acdh.oeaw.ac.at/pmb10943.html</idno>
               <idno type="URL" subtype="schnitzler-bahr">https://schnitzler-bahr.acdh.oeaw.ac.at/pmb10943.html</idno>
               <idno type="URL" subtype="pmb">https://pmb.acdh.oeaw.ac.at/entity/10943/</idno>
               <idno type="URL" subtype="legalkraus">https://kraus.wienbibliothek.at/register/personen/pmb10943</idno>
               <idno type="URL" subtype="dritte-walpurgisnacht">https://kraus1933.ace.oeaw.ac.at/Gesamt.xml?template=register_personen.html&amp;letter=B#DWpers0021</idno>
               <idno type="URL" subtype="fackel">https://fackel.oeaw.ac.at/?p=fackelp39266</idno>
               <idno type="URL" subtype="wikidata">http://www.wikidata.org/entity/Q8442</idno>
               <idno type="URL" subtype="wikipedia">https://de.wikipedia.org/wiki/Otto_von_Bismarck</idno>
               <idno type="URL" subtype="hanslick-online">https://hanslick.acdh.oeaw.ac.at/hsl_person_id_1114.html</idno>
               <listBibl>
                  <bibl type="collections" n="5">legalkraus</bibl>
                  <bibl type="collections" n="10">Karl Kraus 1933: Dritte Walpurgisnacht</bibl>
                  <bibl type="collections" n="12">Fackel</bibl>
               </listBibl>
               <figure>
                  <graphic url="https://commons.wikimedia.org/w/index.php?title=Special:Redirect/file/BismarckArbeitszimmer1886.jpg"/>
               </figure>
            </person>
            <person xml:id="pmb4216">
               <persName>
                  <forename>Alfred</forename>
                  <surname>Dreyfus</surname>
               </persName>
               <persName type="legacy-name-merge">Dreyfus, Alfred</persName>
               <birth>
                  <date when-iso="1859-10-09">1859-10-09</date>
                  <settlement key="58763">
                     <placeName type="pref">Mulhouse</placeName>
                     <location>
                        <geo>47,75205 7,32866</geo>
                     </location>
                  </settlement>
               </birth>
               <death>
                  <date when-iso="1935-07-12">1935-07-12</date>
                  <settlement key="182">
                     <placeName type="pref">Paris</placeName>
                     <location>
                        <geo>48,85341 2,3488</geo>
                     </location>
                  </settlement>
               </death>
               <sex value="male"/>
               <occupation key="619">Militär/Militärin</occupation>
               <idno type="URL" subtype="gnd">https://d-nb.info/gnd/118527460</idno>
               <idno type="URL" subtype="schnitzler-tagebuch">https://schnitzler-tagebuch.acdh.oeaw.ac.at/person_14514.html</idno>
               <idno type="URL" subtype="schnitzler-bahr">https://schnitzler-bahr.acdh.oeaw.ac.at/pmb4216.html</idno>
               <idno type="URL" subtype="pmb">https://pmb.acdh.oeaw.ac.at/entity/4216/</idno>
               <idno type="URL" subtype="schnitzler-briefe">https://schnitzler-briefe.acdh.oeaw.ac.at/pmb4216.html</idno>
               <idno type="URL" subtype="fackel">https://fackel.oeaw.ac.at/?p=fackelp38056</idno>
               <idno type="URL" subtype="wikidata">http://www.wikidata.org/entity/Q171826</idno>
               <idno type="URL" subtype="wikipedia">https://de.wikipedia.org/wiki/Alfred_Dreyfus</idno>
               <idno type="URL" subtype="schnitzler-kino">https://schnitzler-kino.acdh.oeaw.ac.at/pmb4216.html</idno>
               <idno type="URL" subtype="bahr-textverzeichnis">https://bahr-textverzeichnis.acdh.oeaw.ac.at/pmb4216.html</idno>
               <idno type="URL" subtype="pmb">https://pmb.acdh.oeaw.ac.at/entity/159820/</idno>
               <idno type="URL" subtype="bahr-tsn">https://bahr-textverzeichnis.acdh.oeaw.ac.at/TSN-listperson.html#pmb4216</idno>
               <idno type="URL" subtype="hanslick-online">https://hanslick.acdh.oeaw.ac.at/hsl_person_id_1817.html</idno>
               <idno type="URL" subtype="schnitzler-interviews">https://schnitzler-interviews.acdh.oeaw.ac.at/pmb4216.html</idno>
               <affiliation notBefore-iso="1899-01-01"
                            when-iso="1899-01-01"
                            notAfter-iso="1899-12-31">
                  <term key="1153">in Bezug zu</term>
                  <orgName key="142365">Conseil de guerre de la Xe région militaire de
                        Rennes</orgName>
                  <idno type="URL" subtype="pmb">https://pmb.acdh.oeaw.ac.at/entity/142365/</idno>
               </affiliation>
               <listBibl>
                  <bibl type="collections" n="12">Fackel</bibl>
                  <bibl type="collections" n="16">Bahr Textverzeichnis</bibl>
               </listBibl>
               <note type="references"> </note>
               <figure>
                  <graphic url="https://commons.wikimedia.org/w/index.php?title=Special:Redirect/file/Alfred%20Dreyfus%20%281859-1935%29.jpg"/>
               </figure>
            </person>
            <person xml:id="pmb155463">
               <persName>
                  <surname>Kain</surname>
               </persName>
               <sex value="not-set"/>
               <idno type="URL" subtype="pmb">https://pmb.acdh.oeaw.ac.at/entity/155463/</idno>
               <idno type="URL" subtype="bahr-textverzeichnis">https://bahr-textverzeichnis.acdh.oeaw.ac.at/pmb155463.html</idno>
               <listBibl>
                  <bibl type="collections" n="16">Bahr Textverzeichnis</bibl>
               </listBibl>
            </person>
         </listPerson>
      </back>
   </text>
</TEI>
