<?xml version="1.0" encoding="UTF-8"?>
<TEI xmlns="http://www.tei-c.org/ns/1.0"
     xmlns:tei="http://www.tei-c.org/ns/1.0"
     xml:id="HB-tv_3548.xml"
     prev="HB-tv_1388"
     next="HB-tv_1515">
   <teiHeader>
      <fileDesc>
         <titleStmt>
            <title level="s">Hermann Bahr – Textverzeichnis</title>
            <title level="a">Das Stück von der Flucht oder: Die weiße Dame. Nach Hermann
                     Bahr</title>
            <title type="iso-date">1942</title>
            <respStmt>
               <resp>providing the content</resp>
               <name>Martin Anton Müller</name>
            </respStmt>
            <respStmt>
               <resp>converted to XML encoding</resp>
               <name>Martin Anton Müller</name>
            </respStmt>
         </titleStmt>
         <publicationStmt>
            <publisher>Austrian Centre for Digital Humanities and Cultural
                                    Heritage (ACDH-CH)</publisher>
            <date>2024-03-19+01:00</date>
            <idno type="URI">https://id.acdh.oeaw.ac.at/bahr-textverzeichnis/HB-tv_3548.xml</idno>
         </publicationStmt>
         <sourceDesc>
            <p>Bibliografische Angaben eines in Druck erschienen Texts von
                                    Bahr</p>
         </sourceDesc>
      </fileDesc>
   </teiHeader>
   <text>
      <body>
         <div type="bibliografische-angabe">
            <biblStruct xml:id="HB-tv_3548"
                        type="Unveröffentlicht"
                        status="checked"
                        sameAs="nach1939"
                        prev="HB-tv_1388"
                        next="HB-tv_1515">
               <monogr>
                  <author ref="pmb9767">Schreyvogel, Friedrich</author>
                  <title level="m">Das Stück von der Flucht oder: Die weiße Dame. Nach Hermann
                     Bahr</title>
                  <imprint>
                     <date when="1942">1942</date>
                  </imprint>
               </monogr>
               <note>
                  <p>Siehe den Nachlass Friedrich Schreyvogls im Besitz der Wienbibliothek im
                     Rathaus sowie das von Bahr signierte Fragment im Theatermuseum Wien. Première
                     im Akademietheater Wien am 30. Oktober 1942, Aufführung im Schauspielhaus
                     Breslau am 23. Januar 1943.</p>
               </note>
               <noteGrp type="keywords">
                  <note type="unveröffentlicht">unveröffentlicht</note>
               </noteGrp>
               <note type="bibliographical-statement">Friedrich Schreyvogel: Das Stück von der
                  Flucht oder: Die weiße Dame. Nach Hermann Bahr. (1942).</note>
            </biblStruct>
         </div>
      </body>
      <back/>
   </text>
</TEI>
