<?xml version="1.0" encoding="UTF-8"?>
<TEI xmlns="http://www.tei-c.org/ns/1.0"
     xmlns:tei="http://www.tei-c.org/ns/1.0"
     xml:id="HB-tv_3546.xml"
     prev="HB-tv_1514"
     next="HB-tv_2202">
   <teiHeader>
      <fileDesc>
         <titleStmt>
            <title level="s">Hermann Bahr – Textverzeichnis</title>
            <title level="a">Briefwechsel mit den Autoren. Mit einer Einführung von Bernhard
                     Zeller</title>
            <title type="iso-date">1989</title>
            <respStmt>
               <resp>providing the content</resp>
               <name>Martin Anton Müller</name>
            </respStmt>
            <respStmt>
               <resp>converted to XML encoding</resp>
               <name>Martin Anton Müller</name>
            </respStmt>
         </titleStmt>
         <publicationStmt>
            <publisher>Austrian Centre for Digital Humanities and Cultural
                                    Heritage (ACDH-CH)</publisher>
            <date>2024-03-19+01:00</date>
            <idno type="URI">https://id.acdh.oeaw.ac.at/bahr-textverzeichnis/HB-tv_3546.xml</idno>
         </publicationStmt>
         <sourceDesc>
            <p>Bibliografische Angaben eines in Druck erschienen Texts von
                                    Bahr</p>
         </sourceDesc>
      </fileDesc>
   </teiHeader>
   <text>
      <body>
         <div type="bibliografische-angabe">
            <biblStruct xml:id="HB-tv_3546"
                        type="Book"
                        status="checked"
                        sameAs="nach1939"
                        prev="HB-tv_1514"
                        next="HB-tv_2202">
               <monogr>
                  <author ref="pmb11324">Fischer, Samuel</author>
                  <author ref="pmb2657">Fischer, Hedwig</author>
                  <title level="m">Briefwechsel mit den Autoren. Mit einer Einführung von Bernhard
                     Zeller</title>
                  <editor>Rodewald, Dierk</editor>
                  <editor>Fiedler, Corinna</editor>
                  <imprint>
                     <pubPlace>Berlin</pubPlace>
                     <publisher>S. Fischer</publisher>
                     <date when="1989">1989</date>
                  </imprint>
               </monogr>
               <note>
                  <p>Die Auswahl von Briefen von und an Bahr findet sich auf den Seiten 165–183</p>
               </note>
               <noteGrp type="keywords">
                  <note type="Book">Buch</note>
               </noteGrp>
               <note type="bibliographical-statement">Samuel Fischer, Hedwig Fischer: Briefwechsel
                  mit den Autoren. Mit einer Einführung von Bernhard Zeller. Hgg. Dierk Rodewald und
                  Corinna Fiedler. Berlin: S. Fischer 1989.</note>
            </biblStruct>
         </div>
      </body>
      <back/>
   </text>
</TEI>
