<?xml version="1.0" encoding="UTF-8"?>
<TEI xmlns="http://www.tei-c.org/ns/1.0"
     xmlns:tei="http://www.tei-c.org/ns/1.0"
     xml:id="HB-tv_2480.xml"
     prev="HB-tv_1513"
     next="HB-tv_2479">
   <teiHeader>
      <fileDesc>
         <titleStmt>
            <title level="s">Hermann Bahr – Textverzeichnis</title>
            <title level="a">Dichter und Gelehrter. Hermann Bahr und Josef Redlich in ihren
                     Briefen 1896 - 1934</title>
            <title type="iso-date">1980</title>
            <respStmt>
               <resp>providing the content</resp>
               <name>Martin Anton Müller</name>
            </respStmt>
            <respStmt>
               <resp>converted to XML encoding</resp>
               <name>Martin Anton Müller</name>
            </respStmt>
         </titleStmt>
         <publicationStmt>
            <publisher>Austrian Centre for Digital Humanities and Cultural
                                    Heritage (ACDH-CH)</publisher>
            <date>2024-03-19+01:00</date>
            <idno type="URI">https://id.acdh.oeaw.ac.at/bahr-textverzeichnis/HB-tv_2480.xml</idno>
         </publicationStmt>
         <sourceDesc>
            <p>Bibliografische Angaben eines in Druck erschienen Texts von
                                    Bahr</p>
         </sourceDesc>
      </fileDesc>
   </teiHeader>
   <text>
      <body>
         <div type="bibliografische-angabe">
            <biblStruct xml:id="HB-tv_2480"
                        type="Book"
                        status="checked"
                        sameAs="nach1939"
                        prev="HB-tv_1513"
                        next="HB-tv_2479">
               <monogr>
                  <author ref="pmb10815">Bahr, Hermann</author>
                  <author ref="pmb12481">Redlich, Josef</author>
                  <title level="m">Dichter und Gelehrter. Hermann Bahr und Josef Redlich in ihren
                     Briefen 1896 - 1934</title>
                  <editor>Fellner, Fritz</editor>
                  <imprint>
                     <pubPlace>Salzburg</pubPlace>
                     <publisher>Neugebauer</publisher>
                     <date when="1980">1980</date>
                  </imprint>
                  <extent>XV, 591 Seiten</extent>
               </monogr>
               <series>
                  <title level="s">Quellen zur Geschichte des 19. und 20. Jahrhunderts</title>
                  <biblScope unit="volume">2</biblScope>
               </series>
               <noteGrp type="keywords">
                  <note type="Book">Buch</note>
               </noteGrp>
               <note type="bibliographical-statement">Hermann Bahr, Josef Redlich: Dichter und
                  Gelehrter. Hermann Bahr und Josef Redlich in ihren Briefen 1896 - 1934. Hg. Fritz
                  Fellner. Salzburg: Neugebauer 1980 (XV, 591 Seiten) (Quellen zur Geschichte des
                  19. und 20. Jahrhunderts, 2).</note>
            </biblStruct>
         </div>
      </body>
      <back/>
   </text>
</TEI>
