<?xml version="1.0" encoding="UTF-8"?>
<TEI xmlns="http://www.tei-c.org/ns/1.0"
     xmlns:tei="http://www.tei-c.org/ns/1.0"
     xml:id="HB-tv_2460.xml"
     prev="pmb131467"
     next="pmb131473">
   <teiHeader>
      <fileDesc>
         <titleStmt>
            <title level="s">Hermann Bahr – Textverzeichnis</title>
            <title level="a">Selbstanzeige des Verfassers. Hermann Bahr, Die
                     Rahl. Roman</title>
            <title type="iso-date">1908</title>
            <respStmt>
               <resp>providing the content</resp>
               <name>Martin Anton Müller</name>
            </respStmt>
            <respStmt>
               <resp>converted to XML encoding</resp>
               <name>Martin Anton Müller</name>
            </respStmt>
         </titleStmt>
         <publicationStmt>
            <publisher>Austrian Centre for Digital Humanities and Cultural
                                    Heritage (ACDH-CH)</publisher>
            <date>2024-03-19+01:00</date>
            <idno type="URI">https://id.acdh.oeaw.ac.at/bahr-textverzeichnis/HB-tv_2460.xml</idno>
         </publicationStmt>
         <sourceDesc>
            <p>Bibliografische Angaben eines in Druck erschienen Texts von
                                    Bahr</p>
         </sourceDesc>
      </fileDesc>
   </teiHeader>
   <text>
      <body>
         <div type="bibliografische-angabe">
            <biblStruct xml:id="HB-tv_2460"
                        type="Pamphlet"
                        status="checked"
                        prev="pmb131467"
                        next="pmb131473">
               <monogr>
                  <author ref="pmb10815">Bahr, Hermann</author>
                  <title level="m" ref="pmb141349">Selbstanzeige des Verfassers. Hermann Bahr, Die
                     Rahl. Roman</title>
                  <imprint>
                     <date when="1908">1908</date>
                  </imprint>
               </monogr>
               <note>
                  <p>Einzelblattdruck, wohl Verlagsbeilage zur Versendung der
                     Rezensionsexemplare.</p>
               </note>
               <note type="incipit">Ich soll selbst anzeigen, was die Reihe von Romanen will, die
                  mit der »Rahl« beginnt?</note>
               <ref type="URL">https://bahr.univie.ac.at/sites/all/txt/prospekte/1908_selbstanzeige-rahl.pdf</ref>
               <noteGrp type="keywords">
                  <note type="Pamphlet">Pamphlet</note>
               </noteGrp>
               <note type="bibliographical-statement">Hermann Bahr: Selbstanzeige des Verfassers.
                  Hermann Bahr, Die Rahl. Roman. (1908).</note>
               <note type="periodica">
                  <bibl>
                     <title level="j">Königsberger Hartungsche Zeitung</title>
                     <date type="year">1908</date>
                     <biblScope unit="issue">539, Morgenausgabe, Literarische Rundschau</biblScope>
                     <date when="1908-11-15">15.11.1908</date>
                  </bibl>
                  <bibl type="obsolete">
                     <title level="j" ref="pmb122310">Das
                        Blaubuch</title>
                     <biblScope unit="jg">3</biblScope>
                     <date type="year">1908</date>
                     <biblScope unit="issue">47</biblScope>
                     <biblScope unit="page">1411–1412</biblScope>
                     <date when="1908-11-19">19.11.1908</date>
                     <title level="a" ref="pmb131413">Die Rahl. Roman von Hermann Bahr</title>
                  </bibl>
                  <bibl>
                     <title level="j" ref="pmb41989">Die Gegenwart</title>
                     <biblScope unit="jg">38</biblScope>
                     <date type="year">1909</date>
                     <biblScope unit="issue">5</biblScope>
                     <biblScope unit="page">78–79</biblScope>
                  </bibl>
                  <bibl type="obsolete">
                     <title level="j" ref="pmb122300">Der
                        Demokrat</title>
                     <biblScope unit="jg">2</biblScope>
                     <date type="year">1910</date>
                     <biblScope unit="issue">32, Beilage</biblScope>
                     <biblScope unit="page">2</biblScope>
                     <date when="1910-08-03">3.8.1910</date>
                     <title level="a" ref="pmb131079">Meine Romane</title>
                  </bibl>
               </note>
               <ref type="abdrucke">
                  <listRef>
                     <ptr type="textref" target="pmb131413"/>
                     <ptr type="textref" target="pmb131079"/>
                  </listRef>
               </ref>
            </biblStruct>
         </div>
      </body>
      <back/>
   </text>
</TEI>
