<?xml version="1.0" encoding="UTF-8"?>
<TEI xmlns="http://www.tei-c.org/ns/1.0"
     xmlns:tei="http://www.tei-c.org/ns/1.0"
     xml:id="HB-tv_3556.xml"
     prev="HB-tv_3557"
     next="HB-tv_3555">
   <teiHeader>
      <fileDesc>
         <titleStmt>
            <title level="s">Hermann Bahr – Textverzeichnis</title>
            <title level="a">Betrachtungen über die katholische Moral. Ins
                     Deutsche übertragen von Franz Arens</title>
            <title type="iso-date">1923</title>
            <respStmt>
               <resp>providing the content</resp>
               <name>Martin Anton Müller</name>
            </respStmt>
            <respStmt>
               <resp>converted to XML encoding</resp>
               <name>Martin Anton Müller</name>
            </respStmt>
         </titleStmt>
         <publicationStmt>
            <publisher>Austrian Centre for Digital Humanities and Cultural
                                    Heritage (ACDH-CH)</publisher>
            <date>2024-03-19+01:00</date>
            <idno type="URI">https://id.acdh.oeaw.ac.at/bahr-textverzeichnis/HB-tv_3556.xml</idno>
         </publicationStmt>
         <sourceDesc>
            <p>Bibliografische Angaben eines in Druck erschienen Texts von
                                    Bahr</p>
         </sourceDesc>
      </fileDesc>
   </teiHeader>
   <text>
      <body>
         <div type="bibliografische-angabe">
            <biblStruct xml:id="HB-tv_3556"
                        type="Book"
                        status="checked"
                        prev="HB-tv_3557"
                        next="HB-tv_3555">
               <monogr>
                  <author ref="pmb5024">Manzoni, Alessandro</author>
                  <title level="m" ref="pmb141057">Betrachtungen über die katholische Moral. Ins
                     Deutsche übertragen von Franz Arens</title>
                  <editor ref="pmb10815">Bahr, Hermann</editor>
                  <editor>Kamnitzer, Ernst</editor>
                  <imprint>
                     <pubPlace>München</pubPlace>
                     <publisher>Theatiner-Verlag</publisher>
                     <date when="1923">1923</date>
                  </imprint>
                  <extent>544 Seiten</extent>
               </monogr>
               <series>
                  <title level="s">Werke. 6</title>
               </series>
               <note>
                  <p>Von den geplanten 10 Bänden sind nur die Bände 3 - 6 erschienen. Von diesen
                     gibt es jeweils eine numerierte Vorzugsausgabe auf Bütten von 250
                     Exemplaren.</p>
               </note>
               <noteGrp type="keywords">
                  <note type="Book">Buch</note>
               </noteGrp>
               <note type="bibliographical-statement">Alessandro Manzoni: Betrachtungen über die
                  katholische Moral. Ins Deutsche übertragen von Franz Arens. Hgg. Hermann Bahr und
                  Ernst Kamnitzer. München: Theatiner-Verlag 1923 (544 Seiten) (Werke. 6).</note>
            </biblStruct>
         </div>
      </body>
      <back/>
   </text>
</TEI>
