<?xml version="1.0" encoding="UTF-8"?>
<TEI xmlns="http://www.tei-c.org/ns/1.0"
     xmlns:tei="http://www.tei-c.org/ns/1.0"
     xml:id="HB-tv_3388.xml"
     prev="HB-tv_3386"
     next="HB-tv_3389">
   <teiHeader>
      <fileDesc>
         <titleStmt>
            <title level="s">Hermann Bahr – Textverzeichnis</title>
            <title level="a">Der Antisemitismus. Ein internationales Interview</title>
            <title type="iso-date">2005</title>
            <respStmt>
               <resp>providing the content</resp>
               <name>Martin Anton Müller</name>
            </respStmt>
            <respStmt>
               <resp>converted to XML encoding</resp>
               <name>Martin Anton Müller</name>
            </respStmt>
         </titleStmt>
         <publicationStmt>
            <publisher>Austrian Centre for Digital Humanities and Cultural
                                    Heritage (ACDH-CH)</publisher>
            <date>2024-03-19+01:00</date>
            <idno type="URI">https://id.acdh.oeaw.ac.at/bahr-textverzeichnis/HB-tv_3388.xml</idno>
         </publicationStmt>
         <sourceDesc>
            <p>Bibliografische Angaben eines in Druck erschienen Texts von
                                    Bahr</p>
         </sourceDesc>
      </fileDesc>
   </teiHeader>
   <text>
      <body>
         <div type="bibliografische-angabe">
            <biblStruct xml:id="HB-tv_3388"
                        type="Book"
                        status="checked"
                        sameAs="nach1939"
                        prev="HB-tv_3386"
                        next="HB-tv_3389">
               <monogr>
                  <author ref="pmb10815">Bahr, Hermann</author>
                  <title level="m">Der Antisemitismus. Ein internationales Interview</title>
                  <editor>Pias, Claus</editor>
                  <imprint>
                     <pubPlace>Weimar</pubPlace>
                     <publisher>VDG</publisher>
                     <date when="2005">2005</date>
                  </imprint>
                  <extent>152 Seiten</extent>
               </monogr>
               <series>
                  <title level="s">Kritische Schriften in Einzelausgaben, 3</title>
               </series>
               <ref type="URL">http://www.univie.ac.at/bahr/sites/all/ks/3-antisemitismus-2.pdf</ref>
               <ref type="URL">http://www.univie.ac.at/bahr/sites/all/ks/3-antisemitismus.pdf</ref>
               <noteGrp type="keywords">
                  <note type="Book">Buch</note>
               </noteGrp>
               <note type="bibliographical-statement">Hermann Bahr: Der Antisemitismus. Ein
                  internationales Interview. Hg. Claus Pias. Weimar: VDG 2005 (152 Seiten)
                  (Kritische Schriften in Einzelausgaben, 3).</note>
            </biblStruct>
         </div>
      </body>
      <back/>
   </text>
</TEI>
