<?xml version="1.0" encoding="UTF-8"?>
<TEI xmlns="http://www.tei-c.org/ns/1.0"
     xmlns:tei="http://www.tei-c.org/ns/1.0"
     xml:id="HB-tv_2090.xml"
     prev="HB-tv_1073"
     next="HB-tv_1394">
   <teiHeader>
      <fileDesc>
         <titleStmt>
            <title level="s">Hermann Bahr – Textverzeichnis</title>
            <title level="a">Der Wiener</title>
            <title type="iso-date">1947</title>
            <respStmt>
               <resp>providing the content</resp>
               <name>Martin Anton Müller</name>
            </respStmt>
            <respStmt>
               <resp>converted to XML encoding</resp>
               <name>Martin Anton Müller</name>
            </respStmt>
         </titleStmt>
         <publicationStmt>
            <publisher>Austrian Centre for Digital Humanities and Cultural
                                    Heritage (ACDH-CH)</publisher>
            <date>2024-03-19+01:00</date>
            <idno type="URI">https://id.acdh.oeaw.ac.at/bahr-textverzeichnis/HB-tv_2090.xml</idno>
         </publicationStmt>
         <sourceDesc>
            <p>Bibliografische Angaben eines in Druck erschienen Texts von
                                    Bahr</p>
         </sourceDesc>
      </fileDesc>
   </teiHeader>
   <text>
      <body>
         <div type="bibliografische-angabe">
            <biblStruct xml:id="HB-tv_2090"
                        type="Journal-Article"
                        subtype="Nachdruck"
                        status="checked"
                        sameAs="nach1939"
                        prev="HB-tv_1073"
                        next="HB-tv_1394">
               <analytic>
                  <author ref="pmb10815">Bahr, Hermann</author>
                  <title level="a" ref="HB-tv_2090">Der Wiener</title>
               </analytic>
               <monogr>
                  <title level="j" ref="pmb41555">Österreichische Rundschau</title>
                  <imprint>
                     <biblScope unit="jg">2</biblScope>
                     <biblScope unit="issue">1</biblScope>
                     <biblScope unit="page">19–22</biblScope>
                     <date when="1947">1947</date>
                  </imprint>
               </monogr>
               <note type="monographies">
                  <bibl>
                     <title level="m">Wien</title>
                  </bibl>
               </note>
               <note type="incipit">Alles drängt den Wiener von der Wirklichkeit ab. Das regierende
                  Haus verlangt, Menschen durch den eigenen Geist zu formen. Solche fingiert es in
                  den »Familien« und setzt sie dem Wiener hin. Der alte Glaube wird ausgerissen, ein
                  neuer dringt durch, dem das Leben nur ein Traum ist.</note>
               <noteGrp type="keywords">
                  <note type="Journal-Article">Artikel in einem Periodikum</note>
                  <note subtype="Nachdruck">Nachdruck</note>
               </noteGrp>
               <note type="bibliographical-statement">Hermann Bahr: Der Wiener. In: Österreichische
                  Rundschau, Jg. 2 (1947) Nr. 1, S. 19–22.</note>
               <note type="periodica">
                  <bibl type="obsolete">
                     <title level="j" ref="pmb41531">Berliner
                        Tageblatt</title>
                     <biblScope unit="jg">36</biblScope>
                     <date type="year">1907</date>
                     <biblScope unit="issue">108, Abend-Ausgabe</biblScope>
                     <biblScope unit="page">1–2</biblScope>
                     <date when="1907-02-28">28.2.1907</date>
                     <title level="a" ref="pmb131751">Der Wiener</title>
                  </bibl>
               </note>
               <ref type="abdrucke">
                  <listRef>
                     <ptr type="textref" target="pmb131751"/>
                  </listRef>
               </ref>
            </biblStruct>
         </div>
      </body>
      <back/>
   </text>
</TEI>
