<?xml version="1.0" encoding="UTF-8"?>
<TEI xmlns="http://www.tei-c.org/ns/1.0"
     xmlns:tei="http://www.tei-c.org/ns/1.0"
     xml:id="pmb122489.xml"
     prev="pmb122495"
     next="pmb134283">
   <teiHeader>
      <fileDesc>
         <titleStmt>
            <title level="s">Hermann Bahr – Textverzeichnis</title>
            <title level="a">Der §11</title>
            <title type="iso-date">1892-11-20</title>
            <respStmt>
               <resp>providing the content</resp>
               <name>Martin Anton Müller</name>
            </respStmt>
            <respStmt>
               <resp>converted to XML encoding</resp>
               <name>Martin Anton Müller</name>
            </respStmt>
         </titleStmt>
         <publicationStmt>
            <publisher>Austrian Centre for Digital Humanities and Cultural
                                    Heritage (ACDH-CH)</publisher>
            <date>2024-03-19+01:00</date>
            <idno type="URI">https://id.acdh.oeaw.ac.at/bahr-textverzeichnis/pmb122489.xml</idno>
         </publicationStmt>
         <sourceDesc>
            <p>Bibliografische Angaben eines in Druck erschienen Texts von
                                    Bahr</p>
         </sourceDesc>
      </fileDesc>
   </teiHeader>
   <text>
      <body>
         <div type="bibliografische-angabe">
            <biblStruct xml:id="pmb122489"
                        type="Journal-Article"
                        subtype="Glosse"
                        status="checked"
                        prev="pmb122495"
                        next="pmb134283">
               <analytic>
                  <author ref="pmb10815">Mepherl</author>
                  <title level="a" ref="pmb122489">Der §11</title>
               </analytic>
               <monogr>
                  <title level="j" ref="pmb41471">Deutsche Zeitung</title>
                  <imprint>
                     <biblScope unit="jg">22</biblScope>
                     <biblScope unit="issue">7506, Sonntags-Ausgabe</biblScope>
                     <biblScope unit="page">4</biblScope>
                     <date when="1892-11-20">20.11.1892</date>
                  </imprint>
               </monogr>
               <note>
                  <p>Die Verhandlungen über die Rechte der Tschechen in der Monarchie bilden den
                     Hintergrund für einige Bemerkungen über Politiker.</p>
               </note>
               <note type="incipit">Ich erwache in Schweiß und Fieber.</note>
               <ref type="personenindex">
                  <listRef>
                     <ptr type="pmb" target="pmb12929"/>
                     <ptr type="pmb" target="pmb2484"/>
                     <ptr type="pmb" target="pmb11201"/>
                     <ptr type="pmb" target="pmb3561"/>
                     <ptr type="pmb" target="pmb12156"/>
                     <ptr type="pmb" target="pmb12201"/>
                     <ptr type="pmb" target="pmb153917"/>
                     <ptr type="pmb" target="pmb16539"/>
                     <ptr type="pmb" target="pmb4149"/>
                     <ptr type="pmb" target="pmb2154"/>
                     <ptr type="pmb" target="pmb43768"/>
                     <ptr type="pmb" target="pmb153918"/>
                     <ptr type="pmb" target="pmb148578"/>
                     <ptr type="pmb" target="pmb93584"/>
                     <ptr type="pmb" target="pmb153919"/>
                     <ptr type="pmb" target="pmb153920"/>
                     <ptr type="pmb" target="pmb113380"/>
                     <ptr type="pmb" target="pmb148581"/>
                  </listRef>
               </ref>
               <ref type="URL">https://bahr.univie.ac.at/sites/all/txt/deutsche-zeitung/75064.pdf</ref>
               <noteGrp type="keywords">
                  <note type="Journal-Article">Artikel in einem Periodikum</note>
                  <note subtype="Glosse">Glosse</note>
               </noteGrp>
               <note type="bibliographical-statement">Mepherl: Der §11. In: Deutsche Zeitung,
                  Jg. 22, Nr. 7506, Sonntags-Ausgabe, 20.11.1892, S. 4.</note>
            </biblStruct>
         </div>
      </body>
      <back>
         <listPerson>
            <person xml:id="pmb12929">
               <persName>
                  <forename>Franz</forename>
                  <surname>Tewele</surname>
               </persName>
               <persName type="person_geburtsname_nachname">Teweles</persName>
               <birth>
                  <date when-iso="1841-07-29">29.07.1841</date>
                  <settlement key="50">
                     <placeName type="pref">Wien</placeName>
                     <location>
                        <geo>48,2066 16,37341</geo>
                     </location>
                  </settlement>
               </birth>
               <death>
                  <date when-iso="1914-09-09">09.09.1914</date>
                  <settlement key="213">
                     <placeName type="pref">Bad Ischl</placeName>
                     <location>
                        <geo>47,71109 13,61893</geo>
                     </location>
                  </settlement>
               </death>
               <sex value="male"/>
               <occupation key="103">Theaterleiter/Theaterleiterin</occupation>
               <occupation key="105">Schauspieler/Schauspielerin</occupation>
               <idno type="URL" subtype="gnd">https://d-nb.info/gnd/117295973</idno>
               <idno type="URL" subtype="schnitzler-tagebuch">https://schnitzler-tagebuch.acdh.oeaw.ac.at/person_20681.html</idno>
               <idno type="URL" subtype="bahr-textverzeichnis">https://bahr-textverzeichnis.acdh.oeaw.ac.at/pmb12929.html</idno>
               <idno type="URL" subtype="schnitzler-bahr">https://schnitzler-bahr.acdh.oeaw.ac.at/pmb12929.html</idno>
               <idno type="URL" subtype="pmb">https://pmb.acdh.oeaw.ac.at/entity/12929/</idno>
               <idno type="URL" subtype="fackel">https://fackel.oeaw.ac.at/?p=fackelp54102</idno>
               <idno type="URL" subtype="wikidata">http://www.wikidata.org/entity/Q1449249</idno>
               <idno type="URL" subtype="wikipedia">https://de.wikipedia.org/wiki/Franz_Tewele</idno>
               <idno type="URL" subtype="oebl">https://doi.org/10.1553/0x003110d8</idno>
               <idno type="URL" subtype="schnitzler-interviews">https://schnitzler-interviews.acdh.oeaw.ac.at/pmb12929.html</idno>
               <listEvent>
                  <event key="63396" when-iso="1893-03-29">
                     <desc n="1256">ist Arbeitskraft bei</desc>
                     <label>Vorstellung zu Gunsten der Rettungsgesellschaft (Gläubiger, Die
                           Statue des Kommandeurs), 29.3.1893</label>
                     <idno type="URL" subtype="pmb">https://pmb.acdh.oeaw.ac.at/entity/63396/</idno>
                  </event>
                  <event key="35068" when-iso="1893-12-01">
                     <desc n="1256">ist Arbeitskraft bei</desc>
                     <label>Uraufführung von Das Märchen, 1.12.1893</label>
                     <idno type="URL" subtype="pmb">https://pmb.acdh.oeaw.ac.at/entity/35068/</idno>
                  </event>
                  <event key="35161" when-iso="1898-02-04">
                     <desc n="1256">ist Arbeitskraft bei</desc>
                     <label>Premiere von Freiwild. Schauspiel in 3 Akten, 4.2.1898</label>
                     <idno type="URL" subtype="pmb">https://pmb.acdh.oeaw.ac.at/entity/35161/</idno>
                  </event>
               </listEvent>
               <listBibl>
                  <bibl type="collections" n="12">Fackel</bibl>
               </listBibl>
               <figure>
                  <graphic url="https://commons.wikimedia.org/w/index.php?title=Special:Redirect/file/18730115%20Tewele.jpg"/>
               </figure>
            </person>
            <person xml:id="pmb2484">
               <persName>
                  <forename>Ludwig</forename>
                  <surname>Gabillon</surname>
               </persName>
               <birth>
                  <date when-iso="1825-07-16">16.07.1825</date>
                  <settlement key="53816">
                     <placeName type="pref">Güstrow</placeName>
                     <location>
                        <geo>53,7972 12,17337</geo>
                     </location>
                  </settlement>
               </birth>
               <death>
                  <date when-iso="1896-02-13">13.02.1896</date>
                  <settlement key="50">
                     <placeName type="pref">Wien</placeName>
                     <location>
                        <geo>48,2066 16,37341</geo>
                     </location>
                  </settlement>
               </death>
               <sex value="male"/>
               <occupation key="105">Schauspieler/Schauspielerin</occupation>
               <idno type="URL" subtype="gnd">https://d-nb.info/gnd/116326557</idno>
               <idno type="URL" subtype="schnitzler-tagebuch">https://schnitzler-tagebuch.acdh.oeaw.ac.at/person_15319.html</idno>
               <idno type="URL" subtype="schnitzler-bahr">https://schnitzler-bahr.acdh.oeaw.ac.at/pmb2484.html</idno>
               <idno type="URL" subtype="pmb">https://pmb.acdh.oeaw.ac.at/entity/2484/</idno>
               <idno type="URL" subtype="bahr-textverzeichnis">https://bahr-textverzeichnis.acdh.oeaw.ac.at/pmb2484.html</idno>
               <idno type="URL" subtype="fackel">https://fackel.oeaw.ac.at/?p=fackelp49291</idno>
               <idno type="URL" subtype="wikidata">http://www.wikidata.org/entity/Q114728</idno>
               <idno type="URL" subtype="wikipedia">https://de.wikipedia.org/wiki/Ludwig_Gabillon</idno>
               <idno type="URL" subtype="oebl">https://doi.org/10.1553/0x002816d6</idno>
               <idno type="URL" subtype="hanslick-online">https://hanslick.acdh.oeaw.ac.at/hsl_person_id_1954.html</idno>
               <idno type="URL" subtype="hanslick-online">https://hanslick.acdh.oeaw.ac.at/hsl_person_id_4306.html</idno>
               <listBibl>
                  <bibl type="collections" n="12">Fackel</bibl>
               </listBibl>
               <figure>
                  <graphic url="https://commons.wikimedia.org/w/index.php?title=Special:Redirect/file/Ludwig%20Gabillon%20Litho.jpg"/>
               </figure>
            </person>
            <person xml:id="pmb11201">
               <persName>
                  <forename>Eleonora</forename>
                  <surname>Duse</surname>
               </persName>
               <persName type="person_ehename_nachname">Marchetti</persName>
               <persName type="legacy-name-merge">Duse, Eleonora</persName>
               <birth>
                  <date when-iso="1858-10-03">03.10.1858</date>
                  <settlement key="58890">
                     <placeName type="pref">Vigevano</placeName>
                     <location>
                        <geo>45,31407 8,85437</geo>
                     </location>
                  </settlement>
               </birth>
               <death>
                  <date when-iso="1924-04-21">21.04.1924</date>
                  <settlement key="56126">
                     <placeName type="pref">Pittsburgh</placeName>
                     <location>
                        <geo>40,44062 -79,99589</geo>
                     </location>
                  </settlement>
               </death>
               <sex value="female"/>
               <occupation key="105">Schauspieler/Schauspielerin</occupation>
               <idno type="URL" subtype="gnd">https://d-nb.info/gnd/118681354</idno>
               <idno type="URL" subtype="schnitzler-tagebuch">https://schnitzler-tagebuch.acdh.oeaw.ac.at/person_14574.html</idno>
               <idno type="URL" subtype="schnitzler-bahr">https://schnitzler-bahr.acdh.oeaw.ac.at/pmb11201.html</idno>
               <idno type="URL" subtype="pmb">https://pmb.acdh.oeaw.ac.at/entity/11201/</idno>
               <idno type="URL" subtype="schnitzler-briefe">https://schnitzler-briefe.acdh.oeaw.ac.at/pmb11201.html</idno>
               <idno type="URL" subtype="bahr-textverzeichnis">https://bahr-textverzeichnis.acdh.oeaw.ac.at/pmb11201.html</idno>
               <idno type="URL" subtype="fackel">https://fackel.oeaw.ac.at/?p=fackelp42497</idno>
               <idno type="URL" subtype="wikidata">http://www.wikidata.org/entity/Q275970</idno>
               <idno type="URL" subtype="wikipedia">https://de.wikipedia.org/wiki/Eleonora_Duse</idno>
               <idno type="URL" subtype="schnitzler-interviews">https://schnitzler-interviews.acdh.oeaw.ac.at/pmb11201.html</idno>
               <idno type="URL" subtype="pmb">https://pmb.acdh.oeaw.ac.at/entity/159846/</idno>
               <idno type="URL" subtype="bahr-tsn">https://bahr-textverzeichnis.acdh.oeaw.ac.at/TSN-listperson.html#pmb11201</idno>
               <listEvent>
                  <event key="44795" when-iso="1902-04-02">
                     <desc n="1256">ist Arbeitskraft bei</desc>
                     <label>Aufführung von Francesca da Rimini, 2.4.1902</label>
                     <idno type="URL" subtype="pmb">https://pmb.acdh.oeaw.ac.at/entity/44795/</idno>
                  </event>
                  <event key="41447" when-iso="1904-10-06">
                     <desc n="1256">ist Arbeitskraft bei</desc>
                     <label>Gastspiel Eleonora Duse in Kameliendame, 6.10.1904</label>
                     <idno type="URL" subtype="pmb">https://pmb.acdh.oeaw.ac.at/entity/41447/</idno>
                  </event>
               </listEvent>
               <listBibl>
                  <bibl type="collections" n="12">Fackel</bibl>
                  <bibl type="collections" n="16">Bahr Textverzeichnis</bibl>
               </listBibl>
               <figure>
                  <graphic url="https://commons.wikimedia.org/w/index.php?title=Special:Redirect/file/Dupont%2C%20Aim%C3%A9%20%281842-1900%29%20-%20Eleonora%20Duse%20%C3%AC%20--%20New%20York%2C%201896.jpg"/>
               </figure>
            </person>
            <person xml:id="pmb3561">
               <persName>
                  <forename>Karl</forename>
                  <surname>Lueger</surname>
               </persName>
               <persName type="legacy-name-merge">Lueger, Karl</persName>
               <birth>
                  <date when-iso="1844-10-24">24.10.1844</date>
                  <settlement key="50">
                     <placeName type="pref">Wien</placeName>
                     <location>
                        <geo>48,2066 16,37341</geo>
                     </location>
                  </settlement>
               </birth>
               <death>
                  <date when-iso="1910-03-10">10.03.1910</date>
                  <settlement key="50">
                     <placeName type="pref">Wien</placeName>
                     <location>
                        <geo>48,2066 16,37341</geo>
                     </location>
                  </settlement>
               </death>
               <sex value="male"/>
               <occupation key="95">Politiker/Politikerin</occupation>
               <idno type="URL" subtype="gnd">https://d-nb.info/gnd/118729578</idno>
               <idno type="URL" subtype="schnitzler-tagebuch">https://schnitzler-tagebuch.acdh.oeaw.ac.at/person_17731.html</idno>
               <idno type="URL" subtype="schnitzler-bahr">https://schnitzler-bahr.acdh.oeaw.ac.at/pmb3561.html</idno>
               <idno type="URL" subtype="pmb">https://pmb.acdh.oeaw.ac.at/entity/3561/</idno>
               <idno type="URL" subtype="schnitzler-briefe">https://schnitzler-briefe.acdh.oeaw.ac.at/pmb3561.html</idno>
               <idno type="URL" subtype="bahr-textverzeichnis">https://bahr-textverzeichnis.acdh.oeaw.ac.at/pmb3561.html</idno>
               <idno type="URL" subtype="fackel">https://fackel.oeaw.ac.at/?p=fackelp47583</idno>
               <idno type="URL" subtype="wikidata">http://www.wikidata.org/entity/Q78531</idno>
               <idno type="URL" subtype="wikipedia">https://de.wikipedia.org/wiki/Karl_Lueger</idno>
               <idno type="URL" subtype="oebl">https://doi.org/10.1553/0x00282b7e</idno>
               <idno type="URL" subtype="pmb">https://pmb.acdh.oeaw.ac.at/entity/161126/</idno>
               <idno type="URL" subtype="bahr-tsn">https://bahr-textverzeichnis.acdh.oeaw.ac.at/TSN-listperson.html#pmb3561</idno>
               <idno type="URL" subtype="schnitzler-interviews">https://schnitzler-interviews.acdh.oeaw.ac.at/pmb3561.html</idno>
               <idno type="URL" subtype="hanslick-online">https://hanslick.acdh.oeaw.ac.at/hsl_person_id_1140.html</idno>
               <affiliation notBefore-iso="1908-01-01"
                            when-iso="1908-01-01"
                            notAfter-iso="1908-12-31">
                  <term key="1534">unterstützt</term>
                  <orgName key="118210">Guido-von-List-Gesellschaft</orgName>
                  <idno type="URL" subtype="pmb">https://pmb.acdh.oeaw.ac.at/entity/118210/</idno>
                  <idno type="URL" subtype="wikidata">http://www.wikidata.org/entity/Q1553478</idno>
                  <idno type="URL" subtype="wikipedia">https://de.wikipedia.org/wiki/Guido-von-List-Gesellschaft</idno>
               </affiliation>
               <affiliation>
                  <term key="1182">arbeitet für</term>
                  <orgName key="62887">Landtag von Niederösterreich</orgName>
                  <idno type="URL" subtype="pmb">https://pmb.acdh.oeaw.ac.at/entity/62887/</idno>
                  <idno type="URL" subtype="schnitzler-interviews">https://schnitzler-interviews.acdh.oeaw.ac.at/pmb62887.html</idno>
               </affiliation>
               <listBibl>
                  <bibl type="collections" n="12">Fackel</bibl>
                  <bibl type="collections" n="16">Bahr Textverzeichnis</bibl>
               </listBibl>
               <figure>
                  <graphic url="https://commons.wikimedia.org/w/index.php?title=Special:Redirect/file/Ludwig%20Grillich7.jpg"/>
               </figure>
            </person>
            <person xml:id="pmb12156">
               <persName>
                  <forename>Maurice</forename>
                  <surname>Maeterlinck</surname>
               </persName>
               <persName type="legacy-name-merge">Maeterlinck, Maurice</persName>
               <birth>
                  <date when-iso="1862-08-29">29.08.1862</date>
                  <settlement key="58674">
                     <placeName type="pref">Ghent</placeName>
                     <location>
                        <geo>51,05 3,71667</geo>
                     </location>
                  </settlement>
               </birth>
               <death>
                  <date when-iso="1949-05-06">06.05.1949</date>
                  <settlement key="926">
                     <placeName type="pref">Nizza</placeName>
                     <location>
                        <geo>43,70313 7,26608</geo>
                     </location>
                  </settlement>
               </death>
               <sex value="male"/>
               <occupation key="90">Schriftsteller/Schriftstellerin</occupation>
               <idno type="URL" subtype="gnd">https://d-nb.info/gnd/118576089</idno>
               <idno type="URL" subtype="schnitzler-tagebuch">https://schnitzler-tagebuch.acdh.oeaw.ac.at/person_17779.html</idno>
               <idno type="URL" subtype="schnitzler-bahr">https://schnitzler-bahr.acdh.oeaw.ac.at/pmb12156.html</idno>
               <idno type="URL" subtype="pmb">https://pmb.acdh.oeaw.ac.at/entity/12156/</idno>
               <idno type="URL" subtype="schnitzler-briefe">https://schnitzler-briefe.acdh.oeaw.ac.at/pmb12156.html</idno>
               <idno type="URL" subtype="schnitzler-lektueren">https://schnitzler-lektueren.acdh.oeaw.ac.at/pmb12156.html</idno>
               <idno type="URL" subtype="bahr-textverzeichnis">https://bahr-textverzeichnis.acdh.oeaw.ac.at/pmb12156.html</idno>
               <idno type="URL" subtype="fackel">https://fackel.oeaw.ac.at/?p=fackelp49517</idno>
               <idno type="URL" subtype="wikidata">http://www.wikidata.org/entity/Q49747</idno>
               <idno type="URL" subtype="wikipedia">https://de.wikipedia.org/wiki/Maurice_Maeterlinck</idno>
               <idno type="URL" subtype="schnitzler-interviews">https://schnitzler-interviews.acdh.oeaw.ac.at/pmb12156.html</idno>
               <idno type="URL" subtype="pmb">https://pmb.acdh.oeaw.ac.at/entity/161163/</idno>
               <idno type="URL" subtype="bahr-tsn">https://bahr-textverzeichnis.acdh.oeaw.ac.at/TSN-listperson.html#pmb12156</idno>
               <listBibl>
                  <bibl type="collections" n="12">Fackel</bibl>
                  <bibl type="collections" n="16">Bahr Textverzeichnis</bibl>
               </listBibl>
               <note type="references"> </note>
               <figure>
                  <graphic url="https://commons.wikimedia.org/w/index.php?title=Special:Redirect/file/Picture%20of%20Maurice%20Maeterlinck.jpg"/>
               </figure>
            </person>
            <person xml:id="pmb12201">
               <persName>
                  <forename>Guy de</forename>
                  <surname>Maupassant</surname>
               </persName>
               <persName type="legacy-name-merge">Maupassant, Guy de</persName>
               <birth>
                  <date when-iso="1850-08-05">05.08.1850</date>
                  <settlement key="39903">
                     <placeName type="pref">Tourville-sur-Arques</placeName>
                     <location>
                        <geo>49,85926 1,10238</geo>
                     </location>
                  </settlement>
               </birth>
               <death>
                  <date when-iso="1893-07-07">07.07.1893</date>
                  <settlement key="182">
                     <placeName type="pref">Paris</placeName>
                     <location>
                        <geo>48,85341 2,3488</geo>
                     </location>
                  </settlement>
               </death>
               <sex value="male"/>
               <occupation key="90">Schriftsteller/Schriftstellerin</occupation>
               <idno type="URL" subtype="gnd">https://d-nb.info/gnd/118579207</idno>
               <idno type="URL" subtype="schnitzler-tagebuch">https://schnitzler-tagebuch.acdh.oeaw.ac.at/person_17985.html</idno>
               <idno type="URL" subtype="schnitzler-bahr">https://schnitzler-bahr.acdh.oeaw.ac.at/pmb12201.html</idno>
               <idno type="URL" subtype="pmb">https://pmb.acdh.oeaw.ac.at/entity/12201/</idno>
               <idno type="URL" subtype="schnitzler-briefe">https://schnitzler-briefe.acdh.oeaw.ac.at/pmb12201.html</idno>
               <idno type="URL" subtype="schnitzler-lektueren">https://schnitzler-lektueren.acdh.oeaw.ac.at/pmb12201.html</idno>
               <idno type="URL" subtype="fackel">https://fackel.oeaw.ac.at/?p=fackelp49884</idno>
               <idno type="URL" subtype="wikidata">http://www.wikidata.org/entity/Q9327</idno>
               <idno type="URL" subtype="wikipedia">https://de.wikipedia.org/wiki/Guy_de_Maupassant</idno>
               <idno type="URL" subtype="pmb">https://pmb.acdh.oeaw.ac.at/entity/161242/</idno>
               <idno type="URL" subtype="bahr-tsn">https://bahr-textverzeichnis.acdh.oeaw.ac.at/TSN-listperson.html#pmb12201</idno>
               <idno type="URL" subtype="bahr-textverzeichnis">https://bahr-textverzeichnis.acdh.oeaw.ac.at/pmb12201.html</idno>
               <idno type="URL" subtype="hanslick-online">https://hanslick.acdh.oeaw.ac.at/hsl_person_id_3618.html</idno>
               <idno type="URL" subtype="schnitzler-interviews">https://schnitzler-interviews.acdh.oeaw.ac.at/pmb12201.html</idno>
               <listBibl>
                  <bibl type="collections" n="12">Fackel</bibl>
                  <bibl type="collections" n="16">Bahr Textverzeichnis</bibl>
               </listBibl>
               <figure>
                  <graphic url="https://commons.wikimedia.org/w/index.php?title=Special:Redirect/file/Maupassant%20par%20Nadar.jpg"/>
               </figure>
            </person>
            <person xml:id="pmb153917">
               <persName>
                  <forename>Franz Moritz</forename>
                  <surname>Roser</surname>
               </persName>
               <birth>
                  <date notBefore-iso="1818-01-01"
                        when-iso="1818-01-01"
                        notAfter-iso="1818-12-31">1818</date>
               </birth>
               <death>
                  <date when-iso="1906-01-01" notAfter-iso="1906-12-31">1906</date>
               </death>
               <sex value="not-set"/>
               <idno type="URL" subtype="bahr-textverzeichnis">https://bahr-textverzeichnis.acdh.oeaw.ac.at/pmb153917.html</idno>
               <idno type="URL" subtype="pmb">https://pmb.acdh.oeaw.ac.at/entity/153917/</idno>
               <listBibl>
                  <bibl type="collections" n="16">Bahr Textverzeichnis</bibl>
               </listBibl>
            </person>
            <person xml:id="pmb16539">
               <persName>
                  <forename>Lucie</forename>
                  <surname>Freisinger</surname>
               </persName>
               <persName type="legacy-name-merge">Freisinger, Lucia</persName>
               <birth>
                  <date when-iso="1866-05-30">30.05.1866</date>
                  <settlement key="50">
                     <placeName type="pref">Wien</placeName>
                     <location>
                        <geo>48,2066 16,37341</geo>
                     </location>
                  </settlement>
                  <settlement key="50">
                     <placeName type="pref">Wien</placeName>
                     <location>
                        <geo>48,2066 16,37341</geo>
                     </location>
                  </settlement>
               </birth>
               <death>
                  <date when-iso="1896-04-19">19.04.1896</date>
                  <settlement key="44053">
                     <placeName type="pref">New York City</placeName>
                     <location>
                        <geo>40,71427 -74,00597</geo>
                     </location>
                  </settlement>
                  <settlement key="44053">
                     <placeName type="pref">New York City</placeName>
                     <location>
                        <geo>40,71427 -74,00597</geo>
                     </location>
                  </settlement>
               </death>
               <sex value="female"/>
               <occupation key="105">Schauspieler/Schauspielerin</occupation>
               <idno type="URL" subtype="schnitzler-tagebuch">https://schnitzler-tagebuch.acdh.oeaw.ac.at/person_15161.html</idno>
               <idno type="URL" subtype="pmb">https://pmb.acdh.oeaw.ac.at/entity/16539/</idno>
               <idno type="URL" subtype="bahr-textverzeichnis">https://bahr-textverzeichnis.acdh.oeaw.ac.at/pmb148575.html</idno>
               <idno type="URL" subtype="pmb">https://pmb.acdh.oeaw.ac.at/entity/148575/</idno>
               <idno type="URL" subtype="wikidata">http://www.wikidata.org/entity/Q94750523</idno>
               <idno type="URL" subtype="gnd">https://d-nb.info/gnd/116750278</idno>
               <listBibl>
                  <bibl type="collections" n="16">Bahr Textverzeichnis</bibl>
                  <bibl type="collections" n="22">No german Wikipedia-Site found</bibl>
               </listBibl>
            </person>
            <person xml:id="pmb4149">
               <persName>
                  <forename>Arthur Gundaccar von</forename>
                  <surname>Suttner</surname>
               </persName>
               <persName type="legacy-name-merge">Suttner, Arthur Gundaccar von</persName>
               <birth>
                  <date when-iso="1850-02-21">1850-02-21</date>
                  <settlement key="50">
                     <placeName type="pref">Wien</placeName>
                     <location>
                        <geo>48,2066 16,37341</geo>
                     </location>
                  </settlement>
               </birth>
               <death>
                  <date when-iso="1902-12-10">1902-12-10</date>
                  <settlement key="49283">
                     <placeName type="pref">Harmannsdorf</placeName>
                     <location>
                        <geo>48,60055 15,74243</geo>
                     </location>
                  </settlement>
               </death>
               <sex value="male"/>
               <occupation key="90">Schriftsteller/Schriftstellerin</occupation>
               <idno type="URL" subtype="gnd">https://d-nb.info/gnd/101155891</idno>
               <idno type="URL" subtype="schnitzler-bahr">https://schnitzler-bahr.acdh.oeaw.ac.at/pmb4149.html</idno>
               <idno type="URL" subtype="pmb">https://pmb.acdh.oeaw.ac.at/entity/4149/</idno>
               <idno type="URL" subtype="schnitzler-briefe">https://schnitzler-briefe.acdh.oeaw.ac.at/pmb4149.html</idno>
               <idno type="URL" subtype="bahr-textverzeichnis">https://bahr-textverzeichnis.acdh.oeaw.ac.at/pmb4149.html</idno>
               <idno type="URL" subtype="oebl">https://doi.org/10.1553/0x002cb065</idno>
               <idno type="URL" subtype="wikidata">http://www.wikidata.org/entity/Q87553</idno>
               <idno type="URL" subtype="wikipedia">https://de.wikipedia.org/wiki/Arthur_Gundaccar_von_Suttner</idno>
               <idno type="URL" subtype="pmb">https://pmb.acdh.oeaw.ac.at/entity/162457/</idno>
               <idno type="URL" subtype="bahr-tsn">https://bahr-textverzeichnis.acdh.oeaw.ac.at/TSN-listperson.html#pmb4149</idno>
               <idno type="URL" subtype="schnitzler-interviews">https://schnitzler-interviews.acdh.oeaw.ac.at/pmb4149.html</idno>
               <affiliation>
                  <term key="1182">arbeitet für</term>
                  <orgName key="60121">Ethische Gesellschaft</orgName>
                  <idno type="URL" subtype="pmb">https://pmb.acdh.oeaw.ac.at/entity/60121/</idno>
                  <idno type="URL" subtype="schnitzler-interviews">https://schnitzler-interviews.acdh.oeaw.ac.at/pmb60121.html</idno>
               </affiliation>
               <listBibl>
                  <bibl type="collections" n="11">ÖBL nach 1850 geboren</bibl>
                  <bibl type="collections" n="16">Bahr Textverzeichnis</bibl>
               </listBibl>
               <note type="references"> </note>
               <figure>
                  <graphic url="https://commons.wikimedia.org/w/index.php?title=Special:Redirect/file/Arthur%20Gundaccar%20von%20Suttner.jpg"/>
               </figure>
            </person>
            <person xml:id="pmb2154">
               <persName>
                  <forename>Vincenz</forename>
                  <surname>Chiavacci</surname>
               </persName>
               <persName type="legacy-name-merge">Chiavacci, Vincenz</persName>
               <birth>
                  <date when-iso="1847-06-15">15.06.1847</date>
                  <settlement key="50">
                     <placeName type="pref">Wien</placeName>
                     <location>
                        <geo>48,2066 16,37341</geo>
                     </location>
                  </settlement>
               </birth>
               <death>
                  <date when-iso="1916-02-02">02.02.1916</date>
                  <settlement key="50">
                     <placeName type="pref">Wien</placeName>
                     <location>
                        <geo>48,2066 16,37341</geo>
                     </location>
                  </settlement>
               </death>
               <sex value="male"/>
               <occupation key="90">Schriftsteller/Schriftstellerin</occupation>
               <occupation key="99">Journalist/Journalistin</occupation>
               <occupation key="1472">Beamter/Beamte</occupation>
               <idno type="URL" subtype="gnd">https://d-nb.info/gnd/116504854</idno>
               <idno type="URL" subtype="schnitzler-tagebuch">https://schnitzler-tagebuch.acdh.oeaw.ac.at/person_14195.html</idno>
               <idno type="URL" subtype="schnitzler-bahr">https://schnitzler-bahr.acdh.oeaw.ac.at/pmb2154.html</idno>
               <idno type="URL" subtype="pmb">https://pmb.acdh.oeaw.ac.at/entity/2154/</idno>
               <idno type="URL" subtype="schnitzler-briefe">https://schnitzler-briefe.acdh.oeaw.ac.at/pmb2154.html</idno>
               <idno type="URL" subtype="bahr-textverzeichnis">https://bahr-textverzeichnis.acdh.oeaw.ac.at/pmb2154.html</idno>
               <idno type="URL" subtype="fackel">https://fackel.oeaw.ac.at/?p=fackelp54940</idno>
               <idno type="URL" subtype="wikidata">http://www.wikidata.org/entity/Q1585734</idno>
               <idno type="URL" subtype="wikipedia">https://de.wikipedia.org/wiki/Vinzenz_Chiavacci</idno>
               <idno type="URL" subtype="oebl">https://doi.org/10.1553/0x002811d2</idno>
               <idno type="URL" subtype="pmb">https://pmb.acdh.oeaw.ac.at/entity/159623/</idno>
               <idno type="URL" subtype="bahr-tsn">https://bahr-textverzeichnis.acdh.oeaw.ac.at/TSN-listperson.html#pmb2154</idno>
               <idno type="URL" subtype="schnitzler-interviews">https://schnitzler-interviews.acdh.oeaw.ac.at/pmb2154.html</idno>
               <affiliation notBefore-iso="1895-01-01"
                            when-iso="1895-01-01"
                            notAfter-iso="1895-12-31">
                  <term key="1182">arbeitet für</term>
                  <orgName key="167535">Das Bunte Blatt. Zeitschrift für die Familie</orgName>
                  <idno type="URL" subtype="pmb">https://pmb.acdh.oeaw.ac.at/entity/167535/</idno>
               </affiliation>
               <affiliation when-iso="1896-01-12">
                  <term key="1182">arbeitet für</term>
                  <orgName key="29724">Wiener Bilder. Illustrirtes Sonntagsblatt</orgName>
                  <idno type="URL" subtype="schnitzler-bahr">https://schnitzler-bahr.acdh.oeaw.ac.at/pmb29724.html</idno>
                  <idno type="URL" subtype="pmb">https://pmb.acdh.oeaw.ac.at/entity/29724/</idno>
               </affiliation>
               <affiliation>
                  <term key="1182">arbeitet für</term>
                  <orgName key="29634">Verein der Literaturfreunde</orgName>
                  <idno type="URL" subtype="schnitzler-bahr">https://schnitzler-bahr.acdh.oeaw.ac.at/pmb29634.html</idno>
                  <idno type="URL" subtype="pmb">https://pmb.acdh.oeaw.ac.at/entity/29634/</idno>
               </affiliation>
               <listEvent>
                  <event key="143820" when-iso="1900-04-15">
                     <desc n="1370">teilgenommen an</desc>
                     <label>Bankett für Ludwig Speidel, 15.4.1900</label>
                     <idno type="URL" subtype="pmb">https://pmb.acdh.oeaw.ac.at/entity/143820/</idno>
                  </event>
               </listEvent>
               <listBibl>
                  <bibl type="collections" n="12">Fackel</bibl>
                  <bibl type="collections" n="16">Bahr Textverzeichnis</bibl>
               </listBibl>
               <note type="references">None </note>
               <figure>
                  <graphic url="https://commons.wikimedia.org/w/index.php?title=Special:Redirect/file/Vinzenz%20Chiavacci%201892%20Vilimek.jpg"/>
               </figure>
            </person>
            <person xml:id="pmb43768">
               <persName>
                  <forename>Ludwig</forename>
                  <surname>Bösendorfer</surname>
               </persName>
               <birth>
                  <date when-iso="1835-04-10">1835-04-10</date>
               </birth>
               <death>
                  <date when-iso="1919-05-08">1919-05-08</date>
               </death>
               <sex value="male"/>
               <occupation key="913">Unternehmer/Unternehmerin</occupation>
               <occupation key="1459">Klavier- und Cembalobauer/Klavier- und
                     Cembalobauerin</occupation>
               <idno type="URL" subtype="gnd">https://d-nb.info/gnd/116225556</idno>
               <idno type="URL" subtype="pmb">https://pmb.acdh.oeaw.ac.at/entity/43768/</idno>
               <idno type="URL" subtype="fackel">https://fackel.oeaw.ac.at/?p=fackelp39419</idno>
               <idno type="URL" subtype="wikidata">http://www.wikidata.org/entity/Q1874268</idno>
               <idno type="URL" subtype="wikipedia">https://de.wikipedia.org/wiki/Ludwig_B%C3%B6sendorfer</idno>
               <idno type="URL" subtype="oebl">https://doi.org/10.1553/0x002810a5</idno>
               <idno type="URL" subtype="bahr-textverzeichnis">https://bahr-textverzeichnis.acdh.oeaw.ac.at/pmb43768.html</idno>
               <idno type="URL" subtype="hanslick-online">https://hanslick.acdh.oeaw.ac.at/hsl_person_id_1918.html</idno>
               <listEvent>
                  <event key="143820" when-iso="1900-04-15">
                     <desc n="1370">teilgenommen an</desc>
                     <label>Bankett für Ludwig Speidel, 15.4.1900</label>
                     <idno type="URL" subtype="pmb">https://pmb.acdh.oeaw.ac.at/entity/143820/</idno>
                  </event>
               </listEvent>
               <listBibl>
                  <bibl type="collections" n="12">Fackel</bibl>
                  <bibl type="collections" n="16">Bahr Textverzeichnis</bibl>
               </listBibl>
            </person>
            <person xml:id="pmb153918">
               <persName>
                  <forename>Moriz</forename>
                  <surname>Rosenthal</surname>
               </persName>
               <birth>
                  <date notBefore-iso="1862-01-01"
                        when-iso="1862-01-01"
                        notAfter-iso="1862-12-31">1862</date>
               </birth>
               <death>
                  <date when-iso="1946-01-01" notAfter-iso="1946-12-31">1946</date>
               </death>
               <sex value="not-set"/>
               <idno type="URL" subtype="pmb">https://pmb.acdh.oeaw.ac.at/entity/153918/</idno>
               <idno type="URL" subtype="bahr-textverzeichnis">https://bahr-textverzeichnis.acdh.oeaw.ac.at/pmb153918.html</idno>
               <listBibl>
                  <bibl type="collections" n="16">Bahr Textverzeichnis</bibl>
               </listBibl>
            </person>
            <person xml:id="pmb148578">
               <persName>
                  <forename>Alfred</forename>
                  <surname>Reisenauer</surname>
               </persName>
               <birth>
                  <date when-iso="1863-11-01">1863-11-01</date>
                  <settlement key="42605">
                     <placeName type="pref">Kaliningrad</placeName>
                     <location>
                        <geo>54,70649 20,51095</geo>
                     </location>
                  </settlement>
               </birth>
               <death>
                  <date when-iso="1907-10-03">1907-10-03</date>
                  <settlement key="53834">
                     <placeName type="pref">Liepāja</placeName>
                     <location>
                        <geo>56,50474 21,01085</geo>
                     </location>
                  </settlement>
               </death>
               <sex value="male"/>
               <idno type="URL" subtype="pmb">https://pmb.acdh.oeaw.ac.at/entity/148578/</idno>
               <idno type="URL" subtype="wikidata">http://www.wikidata.org/entity/Q469786</idno>
               <idno type="URL" subtype="gnd">https://d-nb.info/gnd/116429623</idno>
               <idno type="URL" subtype="wikipedia">https://de.wikipedia.org/wiki/Alfred_Reisenauer</idno>
               <idno type="URL" subtype="bahr-textverzeichnis">https://bahr-textverzeichnis.acdh.oeaw.ac.at/pmb148578.html</idno>
               <listBibl>
                  <bibl type="collections" n="16">Bahr Textverzeichnis</bibl>
               </listBibl>
            </person>
            <person xml:id="pmb93584">
               <persName>
                  <forename>Joseph Samuel</forename>
                  <surname>Bloch</surname>
               </persName>
               <persName type="legacy-name-merge">Bloch, Joseph S.</persName>
               <birth>
                  <date when-iso="1850-11-20">1850-11-20</date>
                  <settlement key="93585">
                     <placeName type="pref">Dukla</placeName>
                     <location>
                        <geo>49,55554 21,68317</geo>
                     </location>
                  </settlement>
               </birth>
               <death>
                  <date when-iso="1923-10-01">1923-10-01</date>
                  <settlement key="50">
                     <placeName type="pref">Wien</placeName>
                     <location>
                        <geo>48,2066 16,37341</geo>
                     </location>
                  </settlement>
               </death>
               <sex value="male"/>
               <occupation key="95">Politiker/Politikerin</occupation>
               <occupation key="237">Publizist/Publizistin</occupation>
               <occupation key="393">Rabbiner/Rabbinerin</occupation>
               <occupation key="1444">Bankier/Bankierin</occupation>
               <occupation key="2105">Abgeordneter/Abgeordnete</occupation>
               <idno type="URL" subtype="pmb">https://pmb.acdh.oeaw.ac.at/entity/93584/</idno>
               <idno type="URL" subtype="pmb">https://pmb.acdh.oeaw.ac.at/entity/114763/</idno>
               <idno type="URL" subtype="gnd">https://d-nb.info/gnd/119136724</idno>
               <idno type="URL" subtype="fackel">https://fackel.oeaw.ac.at/?p=fackelp47053</idno>
               <idno type="URL" subtype="wikidata">http://www.wikidata.org/entity/Q85961</idno>
               <idno type="URL" subtype="wikipedia">https://de.wikipedia.org/wiki/Joseph_Samuel_Bloch</idno>
               <idno type="URL" subtype="bahr-textverzeichnis">https://bahr-textverzeichnis.acdh.oeaw.ac.at/pmb93584.html</idno>
               <affiliation notBefore-iso="1883-01-01"
                            when-iso="1883-01-01"
                            notAfter-iso="1883-12-31">
                  <term key="1182">arbeitet für</term>
                  <orgName key="118423">Reichsrat</orgName>
                  <idno type="URL" subtype="pmb">https://pmb.acdh.oeaw.ac.at/entity/118423/</idno>
                  <idno type="URL" subtype="gnd">https://d-nb.info/gnd/35882-4</idno>
                  <idno type="URL" subtype="wikidata">http://www.wikidata.org/entity/Q697775</idno>
                  <idno type="URL" subtype="wikipedia">https://de.wikipedia.org/wiki/Reichsrat_(%C3%96sterreich)</idno>
               </affiliation>
               <listBibl>
                  <bibl type="collections" n="12">Fackel</bibl>
                  <bibl type="collections" n="16">Bahr Textverzeichnis</bibl>
               </listBibl>
               <figure>
                  <graphic url="https://commons.wikimedia.org/w/index.php?title=Special:Redirect/file/Josef%20Samuel%20Bloch.jpg"/>
               </figure>
            </person>
            <person xml:id="pmb153919">
               <persName>
                  <surname>Dwořak</surname>
               </persName>
               <sex value="not-set"/>
               <occupation key="105">Schauspieler/Schauspielerin</occupation>
               <idno type="URL" subtype="bahr-textverzeichnis">https://bahr-textverzeichnis.acdh.oeaw.ac.at/pmb153919.html</idno>
               <idno type="URL" subtype="pmb">https://pmb.acdh.oeaw.ac.at/entity/153919/</idno>
               <listBibl>
                  <bibl type="collections" n="16">Bahr Textverzeichnis</bibl>
               </listBibl>
            </person>
            <person xml:id="pmb153920">
               <persName>
                  <forename>Christoph(1451[?]–1506)</forename>
                  <surname>Columbus</surname>
               </persName>
               <birth>
                  <date>1451[?]</date>
               </birth>
               <death>
                  <date when-iso="1506-01-01" notAfter-iso="1506-12-31">1506</date>
               </death>
               <sex value="not-set"/>
               <idno type="URL" subtype="bahr-textverzeichnis">https://bahr-textverzeichnis.acdh.oeaw.ac.at/pmb153920.html</idno>
               <idno type="URL" subtype="pmb">https://pmb.acdh.oeaw.ac.at/entity/153920/</idno>
               <listBibl>
                  <bibl type="collections" n="16">Bahr Textverzeichnis</bibl>
               </listBibl>
            </person>
            <person xml:id="pmb113380">
               <persName>
                  <forename>Franz</forename>
                  <surname>Smolka</surname>
               </persName>
               <birth>
                  <date when-iso="1810-11-05">1810-11-05</date>
               </birth>
               <death>
                  <date when-iso="1899-12-04">1899-12-04</date>
               </death>
               <sex value="male"/>
               <occupation key="95">Politiker/Politikerin</occupation>
               <occupation key="1639">Jurist/Juristin</occupation>
               <idno type="URL" subtype="bahr-textverzeichnis">https://bahr-textverzeichnis.acdh.oeaw.ac.at/pmb113380.html</idno>
               <idno type="URL" subtype="pmb">https://pmb.acdh.oeaw.ac.at/entity/113380/</idno>
               <idno type="URL" subtype="gnd">https://d-nb.info/gnd/138466173</idno>
               <idno type="URL" subtype="fackel">https://fackel.oeaw.ac.at/?p=fackelp41023</idno>
               <idno type="URL" subtype="wikidata">http://www.wikidata.org/entity/Q1442389</idno>
               <idno type="URL" subtype="wikipedia">https://de.wikipedia.org/wiki/Franciszek_Smolka_(Politiker)</idno>
               <listBibl>
                  <bibl type="collections" n="12">Fackel</bibl>
                  <bibl type="collections" n="16">Bahr Textverzeichnis</bibl>
               </listBibl>
            </person>
            <person xml:id="pmb148581">
               <persName>
                  <forename>Ferdinand</forename>
                  <surname>de Lesseps</surname>
               </persName>
               <birth>
                  <date when-iso="1805-11-19">1805-11-19</date>
                  <settlement key="36549">
                     <placeName type="pref">Versailles</placeName>
                     <location>
                        <geo>48,80359 2,13424</geo>
                     </location>
                  </settlement>
               </birth>
               <death>
                  <date when-iso="1894-12-07">1894-12-07</date>
                  <settlement key="148583">
                     <placeName type="pref">Guilly</placeName>
                     <location>
                        <geo>47,081388888889 1,7247222222222</geo>
                     </location>
                  </settlement>
               </death>
               <sex value="male"/>
               <idno type="URL" subtype="bahr-textverzeichnis">https://bahr-textverzeichnis.acdh.oeaw.ac.at/pmb148581.html</idno>
               <idno type="URL" subtype="pmb">https://pmb.acdh.oeaw.ac.at/entity/148581/</idno>
               <idno type="URL" subtype="wikidata">http://www.wikidata.org/entity/Q209169</idno>
               <idno type="URL" subtype="gnd">https://d-nb.info/gnd/118572105</idno>
               <idno type="URL" subtype="wikipedia">https://de.wikipedia.org/wiki/Ferdinand_de_Lesseps</idno>
               <listBibl>
                  <bibl type="collections" n="16">Bahr Textverzeichnis</bibl>
               </listBibl>
            </person>
         </listPerson>
      </back>
   </text>
</TEI>
