<?xml version="1.0" encoding="UTF-8"?>
<TEI xmlns="http://www.tei-c.org/ns/1.0"
     xmlns:tei="http://www.tei-c.org/ns/1.0"
     xml:id="pmb122553.xml"
     prev="pmb122551"
     next="pmb122555">
   <teiHeader>
      <fileDesc>
         <titleStmt>
            <title level="s">Hermann Bahr – Textverzeichnis</title>
            <title level="a">König und Bauer. (Von Lope de Vega)</title>
            <title type="iso-date">1888</title>
            <respStmt>
               <resp>providing the content</resp>
               <name>Martin Anton Müller</name>
            </respStmt>
            <respStmt>
               <resp>converted to XML encoding</resp>
               <name>Martin Anton Müller</name>
            </respStmt>
         </titleStmt>
         <publicationStmt>
            <publisher>Austrian Centre for Digital Humanities and Cultural
                                    Heritage (ACDH-CH)</publisher>
            <date>2024-03-19+01:00</date>
            <idno type="URI">https://id.acdh.oeaw.ac.at/bahr-textverzeichnis/pmb122553.xml</idno>
         </publicationStmt>
         <sourceDesc>
            <p>Bibliografische Angaben eines in Druck erschienen Texts von
                                    Bahr</p>
         </sourceDesc>
      </fileDesc>
   </teiHeader>
   <text>
      <body>
         <div type="bibliografische-angabe">
            <biblStruct xml:id="pmb122553"
                        type="Journal-Article"
                        status="checked"
                        prev="pmb122551"
                        next="pmb122555">
               <analytic>
                  <author ref="pmb10815">hr</author>
                  <title level="a" ref="pmb122553">König und Bauer. (Von Lope de Vega)</title>
               </analytic>
               <monogr>
                  <title level="j" ref="pmb122067">Deutsche Wochenschrift</title>
                  <imprint>
                     <biblScope unit="jg">6</biblScope>
                     <biblScope unit="issue">19</biblScope>
                     <biblScope unit="page">5–6</biblScope>
                     <date when="1888">1888</date>
                  </imprint>
               </monogr>
               <note>
                  <p>Die Première im Burgtheater fand am 29.4.1888 statt.</p>
               </note>
               <note type="review-of">
                  <bibl>
                     <title level="m">Alcade de Zalamea (König und Bauer)</title>
                     <author>Lope de Vega</author>
                     <note>deutsch von Ludwig Halm</note>
                  </bibl>
               </note>
               <note type="incipit">Das ist ja überhaupt ein müßiger Streit</note>
               <ref type="URL">https://bahr.univie.ac.at/sites/all/txt/deutsche-wochenschrift/1888_deutschte-wochenschrift.pdf</ref>
               <noteGrp type="keywords">
                  <note type="Journal-Article">Artikel in einem Periodikum</note>
               </noteGrp>
               <note type="bibliographical-statement">hr: König und Bauer. (Von Lope de Vega). In:
                  Deutsche Wochenschrift, Jg. 6 (1888) Nr. 19, S. 5–6.</note>
               <ref type="abdrucke">
                  <listRef>
                     <ptr type="textref" target="pmb134541"/>
                  </listRef>
               </ref>
            </biblStruct>
         </div>
      </body>
      <back/>
   </text>
</TEI>
