<?xml version="1.0" encoding="UTF-8"?>
<TEI xmlns="http://www.tei-c.org/ns/1.0"
     xmlns:tei="http://www.tei-c.org/ns/1.0"
     xml:id="pmb122563.xml"
     prev="pmb122571"
     next="pmb134833">
   <teiHeader>
      <fileDesc>
         <titleStmt>
            <title level="s">Hermann Bahr – Textverzeichnis</title>
            <title level="a">Reisebriefe eines lachenden Philosophen. III.
                     Zürich im September 1881</title>
            <title type="iso-date">1881-09-18</title>
            <respStmt>
               <resp>providing the content</resp>
               <name>Martin Anton Müller</name>
            </respStmt>
            <respStmt>
               <resp>converted to XML encoding</resp>
               <name>Martin Anton Müller</name>
            </respStmt>
         </titleStmt>
         <publicationStmt>
            <publisher>Austrian Centre for Digital Humanities and Cultural
                                    Heritage (ACDH-CH)</publisher>
            <date>2024-03-19+01:00</date>
            <idno type="URI">https://id.acdh.oeaw.ac.at/bahr-textverzeichnis/pmb122563.xml</idno>
         </publicationStmt>
         <sourceDesc>
            <p>Bibliografische Angaben eines in Druck erschienen Texts von
                                    Bahr</p>
         </sourceDesc>
      </fileDesc>
   </teiHeader>
   <text>
      <body>
         <div type="bibliografische-angabe">
            <biblStruct xml:id="pmb122563"
                        type="Journal-Article"
                        status="checked"
                        prev="pmb122571"
                        next="pmb134833">
               <analytic>
                  <author ref="pmb10815">Hermann von Kürenberg</author>
                  <title level="a" ref="pmb122563">Reisebriefe eines lachenden Philosophen. III.
                     Zürich im September 1881</title>
               </analytic>
               <monogr>
                  <title level="j" ref="pmb122062">Salzburger Nachrichten</title>
                  <imprint>
                     <biblScope unit="jg">1</biblScope>
                     <biblScope unit="issue">112</biblScope>
                     <biblScope unit="page">3–4</biblScope>
                     <date when="1881-09-18">18.9.1881</date>
                  </imprint>
               </monogr>
               <note type="incipit">Lieber Freund! Ille terrarum mihi praeter omnes Angulus ridet!
                  So rufe ich</note>
               <note type="summary">Ein Loblied auf die republikanische Schweiz und Zwingli als
                  Politiker.</note>
               <ref type="personenindex">
                  <listRef>
                     <ptr type="pmb" target="pmb3516"/>
                     <ptr type="pmb" target="pmb12296"/>
                     <ptr type="pmb" target="pmb12136"/>
                     <ptr type="pmb" target="pmb9684"/>
                     <ptr type="pmb" target="pmb24702"/>
                     <ptr type="pmb" target="pmb117069"/>
                     <ptr type="pmb" target="pmb148722"/>
                     <ptr type="pmb" target="pmb113033"/>
                     <ptr type="pmb" target="pmb148726"/>
                     <ptr type="pmb" target="pmb116314"/>
                  </listRef>
               </ref>
               <ref type="URL">https://bahr.univie.ac.at/sites/all/txt/salzburger-nachrichten/1881_reisebriefe.pdf</ref>
               <noteGrp type="keywords">
                  <note type="Journal-Article">Artikel in einem Periodikum</note>
               </noteGrp>
               <note type="bibliographical-statement">Hermann von Kürenberg: Reisebriefe eines
                  lachenden Philosophen. III. Zürich im September 1881. In: Salzburger Nachrichten,
                  Jg. 1, Nr. 112, 18.9.1881, S. 3–4.</note>
            </biblStruct>
         </div>
      </body>
      <back>
         <listPerson>
            <person xml:id="pmb3516">
               <persName>
                  <surname>Horaz</surname>
               </persName>
               <persName type="person_geburtsname_vorname">Quintus</persName>
               <persName type="person_geburtsname_nachname">Horatius Flaccus</persName>
               <persName type="legacy-name-merge">Horaz</persName>
               <birth>
                  <date when-iso="0001-01-01">8.12.65 v. Chr.</date>
               </birth>
               <death>
                  <date when-iso="0008-11-27">0008-11-27</date>
               </death>
               <sex value="male"/>
               <occupation key="90">Schriftsteller/Schriftstellerin</occupation>
               <idno type="URL" subtype="gnd">https://d-nb.info/gnd/118553569</idno>
               <idno type="URL" subtype="schnitzler-tagebuch">https://schnitzler-tagebuch.acdh.oeaw.ac.at/person_16352.html</idno>
               <idno type="URL" subtype="bahr-textverzeichnis">https://bahr-textverzeichnis.acdh.oeaw.ac.at/pmb18502.html</idno>
               <idno type="URL" subtype="schnitzler-bahr">https://schnitzler-bahr.acdh.oeaw.ac.at/pmb3516.html</idno>
               <idno type="URL" subtype="pmb">https://pmb.acdh.oeaw.ac.at/entity/3516/</idno>
               <idno type="URL" subtype="pmb">https://pmb.acdh.oeaw.ac.at/entity/18502/</idno>
               <idno type="URL" subtype="schnitzler-lektueren">https://schnitzler-lektueren.acdh.oeaw.ac.at/pmb3516.html</idno>
               <idno type="URL" subtype="dritte-walpurgisnacht">https://kraus1933.ace.oeaw.ac.at/Gesamt.xml?template=register_personen.html&amp;letter=H#DWpers0115</idno>
               <idno type="URL" subtype="wikidata">http://www.wikidata.org/entity/Q6197</idno>
               <idno type="URL" subtype="wikipedia">https://de.wikipedia.org/wiki/Horaz</idno>
               <idno type="URL" subtype="thun-korrespondenz">https://thun-korrespondenz.acdh.oeaw.ac.at/horaz.html</idno>
               <idno type="URL" subtype="fackel">https://fackel.oeaw.ac.at/?p=fackelp46262</idno>
               <idno type="URL" subtype="fackel">https://fackel.oeaw.ac.at/?p=fackelp46265</idno>
               <listBibl>
                  <bibl type="collections" n="10">Karl Kraus 1933: Dritte Walpurgisnacht</bibl>
                  <bibl type="collections" n="12">Fackel</bibl>
               </listBibl>
               <figure>
                  <graphic url="https://commons.wikimedia.org/w/index.php?title=Special:Redirect/file/Quintus%20Horatius%20Flaccus.jpg"/>
               </figure>
            </person>
            <person xml:id="pmb12296">
               <persName>
                  <forename>Gustav von</forename>
                  <surname>Moser</surname>
               </persName>
               <birth>
                  <date when-iso="1825-05-11">11.05.1825</date>
                  <settlement key="64677">
                     <placeName type="pref">Spandau</placeName>
                     <location>
                        <geo>52,5511 13,19921</geo>
                     </location>
                  </settlement>
               </birth>
               <death>
                  <date when-iso="1903-10-23">23.10.1903</date>
                  <settlement key="56015">
                     <placeName type="pref">Görlitz</placeName>
                     <location>
                        <geo>51,15518 14,98853</geo>
                     </location>
                  </settlement>
               </death>
               <sex value="male"/>
               <occupation key="90">Schriftsteller/Schriftstellerin</occupation>
               <idno type="URL" subtype="gnd">https://d-nb.info/gnd/116937807</idno>
               <idno type="URL" subtype="schnitzler-tagebuch">https://schnitzler-tagebuch.acdh.oeaw.ac.at/person_18264.html</idno>
               <idno type="URL" subtype="schnitzler-bahr">https://schnitzler-bahr.acdh.oeaw.ac.at/pmb12296.html</idno>
               <idno type="URL" subtype="pmb">https://pmb.acdh.oeaw.ac.at/entity/12296/</idno>
               <idno type="URL" subtype="schnitzler-briefe">https://schnitzler-briefe.acdh.oeaw.ac.at/pmb12296.html</idno>
               <idno type="URL" subtype="fackel">https://fackel.oeaw.ac.at/?p=fackelp56655</idno>
               <idno type="URL" subtype="wikidata">http://www.wikidata.org/entity/Q214573</idno>
               <idno type="URL" subtype="wikipedia">https://de.wikipedia.org/wiki/Gustav_von_Moser</idno>
               <idno type="URL" subtype="bahr-textverzeichnis">https://bahr-textverzeichnis.acdh.oeaw.ac.at/pmb12296.html</idno>
               <listBibl>
                  <bibl type="collections" n="12">Fackel</bibl>
               </listBibl>
               <figure>
                  <graphic url="https://commons.wikimedia.org/w/index.php?title=Special:Redirect/file/Nicola%20Perscheid%20-%20Gustav%20von%20Moser.jpg"/>
               </figure>
            </person>
            <person xml:id="pmb12136">
               <persName>
                  <forename>Martin</forename>
                  <surname>Luther</surname>
               </persName>
               <persName type="legacy-name-merge">Luther, Martin</persName>
               <birth>
                  <date when-iso="1483-11-10">10.11.1483</date>
                  <settlement key="12137">
                     <placeName type="pref">Eisleben</placeName>
                  </settlement>
               </birth>
               <death>
                  <date when-iso="1546-02-18">18.02.1546</date>
                  <settlement key="12137">
                     <placeName type="pref">Eisleben</placeName>
                  </settlement>
               </death>
               <sex value="male"/>
               <occupation key="511">Reformator/Reformatorin</occupation>
               <idno type="URL" subtype="gnd">https://d-nb.info/gnd/118575449</idno>
               <idno type="URL" subtype="schnitzler-bahr">https://schnitzler-bahr.acdh.oeaw.ac.at/pmb12136.html</idno>
               <idno type="URL" subtype="pmb">https://pmb.acdh.oeaw.ac.at/entity/12136/</idno>
               <idno type="URL" subtype="legalkraus">https://kraus.wienbibliothek.at/register/personen/pmb12136</idno>
               <idno type="URL" subtype="fackel">https://fackel.oeaw.ac.at/?p=fackelp49801</idno>
               <idno type="URL" subtype="wikidata">http://www.wikidata.org/entity/Q9554</idno>
               <idno type="URL" subtype="wikipedia">https://de.wikipedia.org/wiki/Martin_Luther</idno>
               <idno type="URL" subtype="schnitzler-kino">https://schnitzler-kino.acdh.oeaw.ac.at/pmb12136.html</idno>
               <idno type="URL" subtype="pmb">https://pmb.acdh.oeaw.ac.at/entity/161134/</idno>
               <idno type="URL" subtype="schnitzler-tagebuch">https://schnitzler-tagebuch.acdh.oeaw.ac.at/person_17743.html</idno>
               <idno type="URL" subtype="bahr-tsn">https://bahr-textverzeichnis.acdh.oeaw.ac.at/TSN-listperson.html#pmb12136</idno>
               <idno type="URL" subtype="bahr-textverzeichnis">https://bahr-textverzeichnis.acdh.oeaw.ac.at/pmb12136.html</idno>
               <idno type="URL" subtype="hanslick-online">https://hanslick.acdh.oeaw.ac.at/hsl_person_id_169.html</idno>
               <idno type="URL" subtype="auden-musulin-papers">https://amp.acdh.oeaw.ac.at/amp_person_102.html</idno>
               <listBibl>
                  <bibl type="collections" n="5">legalkraus</bibl>
                  <bibl type="collections" n="12">Fackel</bibl>
                  <bibl type="collections" n="16">Bahr Textverzeichnis</bibl>
               </listBibl>
               <note type="references"> </note>
               <figure>
                  <graphic url="https://commons.wikimedia.org/w/index.php?title=Special:Redirect/file/Lucas%20Cranach%20I%20-%20Martin%20Luther%20%281529%29%2C%20St.%20Anna%20in%20Augsburg.jpg"/>
               </figure>
            </person>
            <person xml:id="pmb9684">
               <persName>
                  <forename>Johannes</forename>
                  <surname>Scherr</surname>
               </persName>
               <birth>
                  <date when-iso="1817-10-03">03.10.1817</date>
                  <settlement key="52350">
                     <placeName type="pref">Rechberg</placeName>
                     <location>
                        <geo>48,75141 9,79556</geo>
                     </location>
                  </settlement>
               </birth>
               <death>
                  <date when-iso="1886-11-21">21.11.1886</date>
                  <settlement key="484">
                     <placeName type="pref">Zürich</placeName>
                     <location>
                        <geo>47,37174 8,54226</geo>
                     </location>
                  </settlement>
               </death>
               <sex value="male"/>
               <idno type="URL" subtype="gnd">https://d-nb.info/gnd/118794957</idno>
               <idno type="URL" subtype="schnitzler-tagebuch">https://schnitzler-tagebuch.acdh.oeaw.ac.at/person_19655.html</idno>
               <idno type="URL" subtype="pmb">https://pmb.acdh.oeaw.ac.at/entity/9684/</idno>
               <idno type="URL" subtype="schnitzler-lektueren">https://schnitzler-lektueren.acdh.oeaw.ac.at/pmb9684.html</idno>
               <idno type="URL" subtype="fackel">https://fackel.oeaw.ac.at/?p=fackelp46982</idno>
               <idno type="URL" subtype="wikidata">http://www.wikidata.org/entity/Q67502</idno>
               <idno type="URL" subtype="wikipedia">https://de.wikipedia.org/wiki/Johannes_Scherr</idno>
               <idno type="URL" subtype="bahr-tsn">https://bahr-textverzeichnis.acdh.oeaw.ac.at/TSN-listperson.html#pmb9684</idno>
               <idno type="URL" subtype="bahr-textverzeichnis">https://bahr-textverzeichnis.acdh.oeaw.ac.at/pmb9684.html</idno>
               <listBibl>
                  <bibl type="collections" n="12">Fackel</bibl>
                  <bibl type="collections" n="16">Bahr Textverzeichnis</bibl>
               </listBibl>
               <figure>
                  <graphic url="https://commons.wikimedia.org/w/index.php?title=Special:Redirect/file/Johannes%20Scherr.jpg"/>
               </figure>
            </person>
            <person xml:id="pmb24702">
               <persName>
                  <forename>Franz von</forename>
                  <surname>Schönthan-Pernwald</surname>
               </persName>
               <persName type="person_geburtsname_vorname">Franz</persName>
               <persName type="person_geburtsname_nachname">Schönthan von Pernwaldt</persName>
               <persName type="legacy-name-merge">Schönthan, Franz von</persName>
               <persName type="legacy-name-merge">Schönthan, Franz von, Edler von
                     Pernwald</persName>
               <persName type="legacy-name-merge">Schönthan, Franz von</persName>
               <persName type="legacy-name-merge">Schönthan, Franz, Edler von Pernwald</persName>
               <birth>
                  <date when-iso="1849-06-20">20.06.1849</date>
                  <settlement key="50">
                     <placeName type="pref">Wien</placeName>
                     <location>
                        <geo>48,2066 16,37341</geo>
                     </location>
                  </settlement>
               </birth>
               <death>
                  <date when-iso="1913-12-02">02.12.1913</date>
                  <settlement key="50">
                     <placeName type="pref">Wien</placeName>
                     <location>
                        <geo>48,2066 16,37341</geo>
                     </location>
                  </settlement>
               </death>
               <sex value="male"/>
               <occupation key="90">Schriftsteller/Schriftstellerin</occupation>
               <idno type="URL" subtype="schnitzler-tagebuch">https://schnitzler-tagebuch.acdh.oeaw.ac.at/person_19853.html</idno>
               <idno type="URL" subtype="bahr-textverzeichnis">https://bahr-textverzeichnis.acdh.oeaw.ac.at/pmb24702.html</idno>
               <idno type="URL" subtype="schnitzler-bahr">https://schnitzler-bahr.acdh.oeaw.ac.at/pmb24702.html</idno>
               <idno type="URL" subtype="pmb">https://pmb.acdh.oeaw.ac.at/entity/24702/</idno>
               <idno type="URL" subtype="schnitzler-briefe">https://schnitzler-briefe.acdh.oeaw.ac.at/pmb24702.html</idno>
               <idno type="URL" subtype="fackel">https://fackel.oeaw.ac.at/?p=fackelp43593</idno>
               <idno type="URL" subtype="gnd">https://d-nb.info/gnd/116889292</idno>
               <idno type="URL" subtype="wikidata">http://www.wikidata.org/entity/Q114579</idno>
               <idno type="URL" subtype="wikipedia">https://de.wikipedia.org/wiki/Franz_von_Sch%C3%B6nthan</idno>
               <idno type="URL" subtype="oebl">https://doi.org/10.1553/0x002844f5</idno>
               <idno type="URL" subtype="bahr-textverzeichnis">https://bahr-textverzeichnis.acdh.oeaw.ac.at/pmb154455.html</idno>
               <idno type="URL" subtype="pmb">https://pmb.acdh.oeaw.ac.at/entity/154455/</idno>
               <idno type="URL" subtype="pmb">https://pmb.acdh.oeaw.ac.at/entity/162219/</idno>
               <idno type="URL" subtype="pmb">https://pmb.acdh.oeaw.ac.at/entity/162220/</idno>
               <idno type="URL" subtype="bahr-tsn">https://bahr-textverzeichnis.acdh.oeaw.ac.at/TSN-listperson.html#pmb24702</idno>
               <listBibl>
                  <bibl type="collections" n="12">Fackel</bibl>
                  <bibl type="collections" n="16">Bahr Textverzeichnis</bibl>
               </listBibl>
               <figure>
                  <graphic url="https://commons.wikimedia.org/w/index.php?title=Special:Redirect/file/Franz%20von%20Sch%C3%B6nthan%201909%20Pietzner.png"/>
               </figure>
            </person>
            <person xml:id="pmb117069">
               <persName>
                  <forename>Gottfried</forename>
                  <surname>Semper</surname>
               </persName>
               <persName type="legacy-name-merge">Semper, Gottfried</persName>
               <birth>
                  <date when-iso="1803-11-29">1803-11-29</date>
               </birth>
               <death>
                  <date when-iso="1879-05-15">1879-05-15</date>
               </death>
               <sex value="male"/>
               <occupation key="185">Architekt/Architektin</occupation>
               <idno type="URL" subtype="bahr-textverzeichnis">https://bahr-textverzeichnis.acdh.oeaw.ac.at/pmb117069.html</idno>
               <idno type="URL" subtype="pmb">https://pmb.acdh.oeaw.ac.at/entity/117069/</idno>
               <idno type="URL" subtype="gnd">https://d-nb.info/gnd/118613154</idno>
               <idno type="URL" subtype="fackel">https://fackel.oeaw.ac.at/?p=fackelp58949</idno>
               <idno type="URL" subtype="wikidata">http://www.wikidata.org/entity/Q61342</idno>
               <idno type="URL" subtype="wikipedia">https://de.wikipedia.org/wiki/Gottfried_Semper</idno>
               <idno type="URL" subtype="oebl">https://doi.org/10.1553/0x00284974</idno>
               <idno type="URL" subtype="pmb">https://pmb.acdh.oeaw.ac.at/entity/162236/</idno>
               <idno type="URL" subtype="bahr-tsn">https://bahr-textverzeichnis.acdh.oeaw.ac.at/TSN-listperson.html#pmb117069</idno>
               <idno type="URL" subtype="hanslick-online">https://hanslick.acdh.oeaw.ac.at/hsl_person_id_3644.html</idno>
               <listBibl>
                  <bibl type="collections" n="12">Fackel</bibl>
                  <bibl type="collections" n="16">Bahr Textverzeichnis</bibl>
               </listBibl>
               <note type="references">None </note>
            </person>
            <person xml:id="pmb148722">
               <persName>
                  <forename>Ulrich</forename>
                  <surname>Zwingli</surname>
               </persName>
               <sex value="male"/>
               <idno type="URL" subtype="bahr-textverzeichnis">https://bahr-textverzeichnis.acdh.oeaw.ac.at/pmb148722.html</idno>
               <idno type="URL" subtype="pmb">https://pmb.acdh.oeaw.ac.at/entity/148722/</idno>
               <idno type="URL" subtype="wikidata">http://www.wikidata.org/entity/Q123034</idno>
               <idno type="URL" subtype="gnd">https://d-nb.info/gnd/118637533</idno>
               <idno type="URL" subtype="wikipedia">https://de.wikipedia.org/wiki/Huldrych_Zwingli</idno>
               <listBibl>
                  <bibl type="collections" n="16">Bahr Textverzeichnis</bibl>
               </listBibl>
            </person>
            <person xml:id="pmb113033">
               <persName>
                  <forename>Jean</forename>
                  <surname>Calvin</surname>
               </persName>
               <birth>
                  <date when-iso="1509-07-10">1509-07-10</date>
               </birth>
               <death>
                  <date when-iso="1564-05-27">1564-05-27</date>
               </death>
               <sex value="male"/>
               <occupation key="259">Theologe/Theologin</occupation>
               <occupation key="511">Reformator/Reformatorin</occupation>
               <idno type="URL" subtype="pmb">https://pmb.acdh.oeaw.ac.at/entity/113033/</idno>
               <idno type="URL" subtype="gnd">https://d-nb.info/gnd/118518534</idno>
               <idno type="URL" subtype="fackel">https://fackel.oeaw.ac.at/?p=fackelp39709</idno>
               <idno type="URL" subtype="wikidata">http://www.wikidata.org/entity/Q37577</idno>
               <idno type="URL" subtype="wikipedia">https://de.wikipedia.org/wiki/Johannes_Calvin</idno>
               <idno type="URL" subtype="bahr-tsn">https://bahr-textverzeichnis.acdh.oeaw.ac.at/TSN-listperson.html#pmb113033</idno>
               <idno type="URL" subtype="bahr-textverzeichnis">https://bahr-textverzeichnis.acdh.oeaw.ac.at/pmb113033.html</idno>
               <listBibl>
                  <bibl type="collections" n="12">Fackel</bibl>
                  <bibl type="collections" n="16">Bahr Textverzeichnis</bibl>
               </listBibl>
            </person>
            <person xml:id="pmb148726">
               <persName>
                  <forename>Miguel</forename>
                  <surname>Michael Servetus</surname>
               </persName>
               <sex value="male"/>
               <idno type="URL" subtype="bahr-textverzeichnis">https://bahr-textverzeichnis.acdh.oeaw.ac.at/pmb148726.html</idno>
               <idno type="URL" subtype="pmb">https://pmb.acdh.oeaw.ac.at/entity/148726/</idno>
               <idno type="URL" subtype="wikidata">http://www.wikidata.org/entity/Q185914</idno>
               <idno type="URL" subtype="gnd">https://d-nb.info/gnd/11861343X</idno>
               <idno type="URL" subtype="wikipedia">https://de.wikipedia.org/wiki/Michael_Servetus</idno>
               <listBibl>
                  <bibl type="collections" n="16">Bahr Textverzeichnis</bibl>
               </listBibl>
            </person>
            <person xml:id="pmb116314">
               <persName>
                  <forename>Ulrich</forename>
                  <surname>Hutten</surname>
               </persName>
               <birth>
                  <date when-iso="1488-04-21">1488-04-21</date>
               </birth>
               <death>
                  <date when-iso="1523-08-29">1523-08-29</date>
               </death>
               <sex value="male"/>
               <occupation key="95">Politiker/Politikerin</occupation>
               <occupation key="237">Publizist/Publizistin</occupation>
               <occupation key="2976">Humanist/Humanistin</occupation>
               <idno type="URL" subtype="bahr-textverzeichnis">https://bahr-textverzeichnis.acdh.oeaw.ac.at/pmb116314.html</idno>
               <idno type="URL" subtype="pmb">https://pmb.acdh.oeaw.ac.at/entity/116314/</idno>
               <idno type="URL" subtype="gnd">https://d-nb.info/gnd/118555049</idno>
               <idno type="URL" subtype="fackel">https://fackel.oeaw.ac.at/?p=fackelp54377</idno>
               <idno type="URL" subtype="wikidata">http://www.wikidata.org/entity/Q77107</idno>
               <idno type="URL" subtype="wikipedia">https://de.wikipedia.org/wiki/Ulrich_von_Hutten</idno>
               <idno type="URL" subtype="hanslick-online">https://hanslick.acdh.oeaw.ac.at/hsl_person_id_2856.html</idno>
               <listBibl>
                  <bibl type="collections" n="12">Fackel</bibl>
                  <bibl type="collections" n="16">Bahr Textverzeichnis</bibl>
               </listBibl>
            </person>
         </listPerson>
      </back>
   </text>
</TEI>
