<?xml version="1.0" encoding="UTF-8"?>
<TEI xmlns="http://www.tei-c.org/ns/1.0"
     xmlns:tei="http://www.tei-c.org/ns/1.0"
     xml:id="pmb122559.xml"
     prev="pmb122569"
     next="pmb134819">
   <teiHeader>
      <fileDesc>
         <titleStmt>
            <title level="s">Hermann Bahr – Textverzeichnis</title>
            <title level="a">Reisebriefe eines lachenden Philosophen. V.
                     Interlacken im Oktober 1881</title>
            <title type="iso-date">1881-11-06</title>
            <respStmt>
               <resp>providing the content</resp>
               <name>Martin Anton Müller</name>
            </respStmt>
            <respStmt>
               <resp>converted to XML encoding</resp>
               <name>Martin Anton Müller</name>
            </respStmt>
         </titleStmt>
         <publicationStmt>
            <publisher>Austrian Centre for Digital Humanities and Cultural
                                    Heritage (ACDH-CH)</publisher>
            <date>2024-03-19+01:00</date>
            <idno type="URI">https://id.acdh.oeaw.ac.at/bahr-textverzeichnis/pmb122559.xml</idno>
         </publicationStmt>
         <sourceDesc>
            <p>Bibliografische Angaben eines in Druck erschienen Texts von
                                    Bahr</p>
         </sourceDesc>
      </fileDesc>
   </teiHeader>
   <text>
      <body>
         <div type="bibliografische-angabe">
            <biblStruct xml:id="pmb122559"
                        type="Journal-Article"
                        status="checked"
                        prev="pmb122569"
                        next="pmb134819">
               <analytic>
                  <author ref="pmb10815">Hermann von Kürenberg</author>
                  <title level="a" ref="pmb122559">Reisebriefe eines lachenden Philosophen. V.
                     Interlacken im Oktober 1881</title>
               </analytic>
               <monogr>
                  <title level="j" ref="pmb122062">Salzburger Nachrichten</title>
                  <imprint>
                     <biblScope unit="jg">1</biblScope>
                     <biblScope unit="issue">133</biblScope>
                     <biblScope unit="page">3</biblScope>
                     <date when="1881-11-06">6.11.1881</date>
                  </imprint>
               </monogr>
               <note type="incipit">Lieber Freund! Du wirst Dich gewaltig wundern</note>
               <note type="summary">Der Erzähler rechtfertigt die Schreibpause mit seiner Reise über
                  den Gotthard, die er zu Fuß machte und kompensiert das Verpasste mit einem
                  Hochlied auf Luzern.</note>
               <ref type="personenindex">
                  <listRef>
                     <ptr type="pmb" target="pmb26034"/>
                     <ptr type="pmb" target="pmb11190"/>
                     <ptr type="pmb" target="pmb13194"/>
                     <ptr type="pmb" target="pmb20012"/>
                     <ptr type="pmb" target="pmb153953"/>
                  </listRef>
               </ref>
               <ref type="URL">https://bahr.univie.ac.at/sites/all/txt/salzburger-nachrichten/1881_reisebriefe.pdf</ref>
               <noteGrp type="keywords">
                  <note type="Journal-Article">Artikel in einem Periodikum</note>
               </noteGrp>
               <note type="bibliographical-statement">Hermann von Kürenberg: Reisebriefe eines
                  lachenden Philosophen. V. Interlacken im Oktober 1881. In: Salzburger Nachrichten,
                  Jg. 1, Nr. 133, 6.11.1881, S. 3.</note>
            </biblStruct>
         </div>
      </body>
      <back>
         <listPerson>
            <person xml:id="pmb26034">
               <persName>
                  <forename>Bertel</forename>
                  <surname>Thorvaldsen</surname>
               </persName>
               <birth>
                  <date when-iso="1768-11-13">13.11.1768</date>
                  <settlement key="36300">
                     <placeName type="pref">Kopenhagen</placeName>
                     <location>
                        <geo>55,67594 12,56553</geo>
                     </location>
                  </settlement>
               </birth>
               <death>
                  <date when-iso="1844-03-24">24.03.1844</date>
                  <settlement key="36300">
                     <placeName type="pref">Kopenhagen</placeName>
                     <location>
                        <geo>55,67594 12,56553</geo>
                     </location>
                  </settlement>
               </death>
               <sex value="male"/>
               <occupation key="150">Bildhauer/Bildhauerin</occupation>
               <idno type="URL" subtype="bahr-textverzeichnis">https://bahr-textverzeichnis.acdh.oeaw.ac.at/pmb26034.html</idno>
               <idno type="URL" subtype="pmb">https://pmb.acdh.oeaw.ac.at/entity/26034/</idno>
               <idno type="URL" subtype="schnitzler-tagebuch">https://schnitzler-tagebuch.acdh.oeaw.ac.at/person_20727.html</idno>
            </person>
            <person xml:id="pmb11190">
               <persName>
                  <forename>Alexandre père</forename>
                  <surname>Dumas</surname>
               </persName>
               <persName type="legacy-name-merge">Dumas, Alexandre Père</persName>
               <birth>
                  <date when-iso="1802-07-24">24.07.1802</date>
                  <settlement key="63722">
                     <placeName type="pref">Villers-Cotterêts</placeName>
                     <location>
                        <geo>49,25311 3,09003</geo>
                     </location>
                  </settlement>
               </birth>
               <death>
                  <date when-iso="1870-12-05">05.12.1870</date>
                  <settlement key="63764">
                     <placeName type="pref">Puys</placeName>
                     <location>
                        <geo>49,93718 1,11896</geo>
                     </location>
                  </settlement>
               </death>
               <sex value="male"/>
               <occupation key="90">Schriftsteller/Schriftstellerin</occupation>
               <idno type="URL" subtype="gnd">https://d-nb.info/gnd/118528068</idno>
               <idno type="URL" subtype="schnitzler-tagebuch">https://schnitzler-tagebuch.acdh.oeaw.ac.at/person_14547.html</idno>
               <idno type="URL" subtype="bahr-textverzeichnis">https://bahr-textverzeichnis.acdh.oeaw.ac.at/pmb11190.html</idno>
               <idno type="URL" subtype="schnitzler-bahr">https://schnitzler-bahr.acdh.oeaw.ac.at/pmb11190.html</idno>
               <idno type="URL" subtype="pmb">https://pmb.acdh.oeaw.ac.at/entity/11190/</idno>
               <idno type="URL" subtype="schnitzler-briefe">https://schnitzler-briefe.acdh.oeaw.ac.at/pmb11190.html</idno>
               <idno type="URL" subtype="schnitzler-lektueren">https://schnitzler-lektueren.acdh.oeaw.ac.at/pmb11190.html</idno>
               <idno type="URL" subtype="wikidata">http://www.wikidata.org/entity/Q38337</idno>
               <idno type="URL" subtype="wikipedia">https://de.wikipedia.org/wiki/Alexandre_Dumas_der_%C3%84ltere</idno>
               <idno type="URL" subtype="pmb">https://pmb.acdh.oeaw.ac.at/entity/159835/</idno>
               <idno type="URL" subtype="bahr-tsn">https://bahr-textverzeichnis.acdh.oeaw.ac.at/TSN-listperson.html#pmb159835</idno>
               <idno type="URL" subtype="hanslick-online">https://hanslick.acdh.oeaw.ac.at/hsl_person_id_2940.html</idno>
               <listBibl>
                  <bibl type="collections" n="16">Bahr Textverzeichnis</bibl>
               </listBibl>
               <note type="references"> </note>
               <figure>
                  <graphic url="https://commons.wikimedia.org/w/index.php?title=Special:Redirect/file/Alexander%20Dumas%20p%C3%A8re%20par%20Nadar%20-%20Google%20Art%20Project.jpg"/>
               </figure>
            </person>
            <person xml:id="pmb13194">
               <persName>
                  <forename>Émile</forename>
                  <surname>Zola</surname>
               </persName>
               <persName type="legacy-name-merge">Zola, Émile</persName>
               <birth>
                  <date when-iso="1840-04-02">02.04.1840</date>
                  <settlement key="182">
                     <placeName type="pref">Paris</placeName>
                     <location>
                        <geo>48,85341 2,3488</geo>
                     </location>
                  </settlement>
               </birth>
               <death>
                  <date when-iso="1902-09-29">29.09.1902</date>
                  <settlement key="182">
                     <placeName type="pref">Paris</placeName>
                     <location>
                        <geo>48,85341 2,3488</geo>
                     </location>
                  </settlement>
               </death>
               <sex value="male"/>
               <occupation key="90">Schriftsteller/Schriftstellerin</occupation>
               <occupation key="99">Journalist/Journalistin</occupation>
               <idno type="URL" subtype="gnd">https://d-nb.info/gnd/118637223</idno>
               <idno type="URL" subtype="schnitzler-tagebuch">https://schnitzler-tagebuch.acdh.oeaw.ac.at/person_21578.html</idno>
               <idno type="URL" subtype="bahr-textverzeichnis">https://bahr-textverzeichnis.acdh.oeaw.ac.at/pmb13194.html</idno>
               <idno type="URL" subtype="pmb">https://pmb.acdh.oeaw.ac.at/entity/13194/</idno>
               <idno type="URL" subtype="schnitzler-lektueren">https://schnitzler-lektueren.acdh.oeaw.ac.at/pmb13194.html</idno>
               <idno type="URL" subtype="fackel">https://fackel.oeaw.ac.at/?p=fackelp42655</idno>
               <idno type="URL" subtype="wikidata">http://www.wikidata.org/entity/Q504</idno>
               <idno type="URL" subtype="wikipedia">https://de.wikipedia.org/wiki/%C3%89mile_Zola</idno>
               <idno type="URL" subtype="schnitzler-kino">https://schnitzler-kino.acdh.oeaw.ac.at/pmb13194.html</idno>
               <idno type="URL" subtype="schnitzler-interviews">https://schnitzler-interviews.acdh.oeaw.ac.at/pmb13194.html</idno>
               <idno type="URL" subtype="pmb">https://pmb.acdh.oeaw.ac.at/entity/162935/</idno>
               <idno type="URL" subtype="bahr-tsn">https://bahr-textverzeichnis.acdh.oeaw.ac.at/TSN-listperson.html#pmb13194</idno>
               <idno type="URL" subtype="hanslick-online">https://hanslick.acdh.oeaw.ac.at/hsl_person_id_1783.html</idno>
               <listBibl>
                  <bibl type="collections" n="12">Fackel</bibl>
                  <bibl type="collections" n="16">Bahr Textverzeichnis</bibl>
               </listBibl>
               <figure>
                  <graphic url="https://commons.wikimedia.org/w/index.php?title=Special:Redirect/file/Emile%20Zola%201902.jpg"/>
               </figure>
            </person>
            <person xml:id="pmb20012">
               <persName>
                  <forename>Eugène</forename>
                  <surname>Labiche</surname>
               </persName>
               <persName type="legacy-name-merge">Labiche, Eugène</persName>
               <birth>
                  <date when-iso="1815-05-05">05.05.1815</date>
                  <settlement key="182">
                     <placeName type="pref">Paris</placeName>
                     <location>
                        <geo>48,85341 2,3488</geo>
                     </location>
                  </settlement>
               </birth>
               <death>
                  <date when-iso="1888-01-23">23.01.1888</date>
                  <settlement key="182">
                     <placeName type="pref">Paris</placeName>
                     <location>
                        <geo>48,85341 2,3488</geo>
                     </location>
                  </settlement>
               </death>
               <sex value="male"/>
               <occupation key="90">Schriftsteller/Schriftstellerin</occupation>
               <occupation key="727">Dramatiker/Dramatikerin</occupation>
               <occupation key="3597">Großhändler/Großhändlerin</occupation>
               <idno type="URL" subtype="schnitzler-tagebuch">https://schnitzler-tagebuch.acdh.oeaw.ac.at/person_17242.html</idno>
               <idno type="URL" subtype="bahr-textverzeichnis">https://bahr-textverzeichnis.acdh.oeaw.ac.at/pmb20012.html</idno>
               <idno type="URL" subtype="pmb">https://pmb.acdh.oeaw.ac.at/entity/20012/</idno>
               <idno type="URL" subtype="fackel">https://fackel.oeaw.ac.at/?p=fackelp48501</idno>
               <idno type="URL" subtype="pmb">https://pmb.acdh.oeaw.ac.at/entity/117568/</idno>
               <idno type="URL" subtype="gnd">https://d-nb.info/gnd/11877834X</idno>
               <idno type="URL" subtype="wikidata">http://www.wikidata.org/entity/Q379929</idno>
               <idno type="URL" subtype="wikipedia">https://de.wikipedia.org/wiki/Eug%C3%A8ne_Labiche</idno>
               <idno type="URL" subtype="bahr-textverzeichnis">https://bahr-textverzeichnis.acdh.oeaw.ac.at/pmb117568.html</idno>
               <idno type="URL" subtype="hanslick-online">https://hanslick.acdh.oeaw.ac.at/hsl_person_id_2724.html</idno>
               <listBibl>
                  <bibl type="collections" n="12">Fackel</bibl>
                  <bibl type="collections" n="16">Bahr Textverzeichnis</bibl>
               </listBibl>
            </person>
            <person xml:id="pmb153953">
               <persName>
                  <forename>Wilhelm</forename>
                  <surname>Tell</surname>
               </persName>
               <sex value="not-set"/>
               <idno type="URL" subtype="bahr-textverzeichnis">https://bahr-textverzeichnis.acdh.oeaw.ac.at/pmb153953.html</idno>
               <idno type="URL" subtype="pmb">https://pmb.acdh.oeaw.ac.at/entity/153953/</idno>
               <listBibl>
                  <bibl type="collections" n="16">Bahr Textverzeichnis</bibl>
               </listBibl>
            </person>
         </listPerson>
      </back>
   </text>
</TEI>
