<?xml version="1.0" encoding="UTF-8"?>
<TEI xmlns="http://www.tei-c.org/ns/1.0"
     xmlns:tei="http://www.tei-c.org/ns/1.0"
     xml:id="pmb122565.xml"
     prev="pmb122567"
     next="pmb122571">
   <teiHeader>
      <fileDesc>
         <titleStmt>
            <title level="s">Hermann Bahr – Textverzeichnis</title>
            <title level="a">Reisebriefe eines lachenden Philosophen. II.
                     München im August 1881</title>
            <title type="iso-date">1881-09-11</title>
            <respStmt>
               <resp>providing the content</resp>
               <name>Martin Anton Müller</name>
            </respStmt>
            <respStmt>
               <resp>converted to XML encoding</resp>
               <name>Martin Anton Müller</name>
            </respStmt>
         </titleStmt>
         <publicationStmt>
            <publisher>Austrian Centre for Digital Humanities and Cultural
                                    Heritage (ACDH-CH)</publisher>
            <date>2024-03-19+01:00</date>
            <idno type="URI">https://id.acdh.oeaw.ac.at/bahr-textverzeichnis/pmb122565.xml</idno>
         </publicationStmt>
         <sourceDesc>
            <p>Bibliografische Angaben eines in Druck erschienen Texts von
                                    Bahr</p>
         </sourceDesc>
      </fileDesc>
   </teiHeader>
   <text>
      <body>
         <div type="bibliografische-angabe">
            <biblStruct xml:id="pmb122565"
                        type="Journal-Article"
                        status="checked"
                        prev="pmb122567"
                        next="pmb122571">
               <analytic>
                  <author ref="pmb10815">Hermann von Kürenberg</author>
                  <title level="a" ref="pmb122565">Reisebriefe eines lachenden Philosophen. II.
                     München im August 1881</title>
               </analytic>
               <monogr>
                  <title level="j" ref="pmb122062">Salzburger Nachrichten</title>
                  <imprint>
                     <biblScope unit="jg">1</biblScope>
                     <biblScope unit="issue">109</biblScope>
                     <biblScope unit="page">2</biblScope>
                     <date when="1881-09-11">11.9.1881</date>
                  </imprint>
               </monogr>
               <note>
                  <p>Bahr verwendet zum ersten Mal das Wort »Kautschukmann-Manöver«, noch pejorativ,
                     um damit den Stechschritt des bairischen Militärs zu bezeichnen.</p>
               </note>
               <note type="review-of">
                  <bibl>
                     <title level="m">Der Pater Noster-Kramer von Ettal</title>
                     <author>Benno Rödel</author>
                  </bibl>
               </note>
               <note type="incipit">Lieber Freund! Erhebe Dich so schnell du nur kannst</note>
               <note type="summary">Bahr weist mit diesem »Reisebrief« in seine Zukunft, bietet ihm
                  doch der Besuch eines Volksstücks Anlass genug, eine ganze Geschichte des
                  Schauspiels samt Diagnose der Gegenwart zu liefern.</note>
               <ref type="personenindex">
                  <listRef>
                     <ptr type="pmb" target="pmb13473"/>
                     <ptr type="pmb" target="pmb3998"/>
                     <ptr type="pmb" target="pmb12654"/>
                     <ptr type="pmb" target="pmb11461"/>
                     <ptr type="pmb" target="pmb12053"/>
                     <ptr type="pmb" target="pmb8316"/>
                     <ptr type="pmb" target="pmb7966"/>
                     <ptr type="pmb" target="pmb12331"/>
                     <ptr type="pmb" target="pmb5208"/>
                     <ptr type="pmb" target="pmb10772"/>
                     <ptr type="pmb" target="pmb153962"/>
                     <ptr type="pmb" target="pmb148599"/>
                     <ptr type="pmb" target="pmb117712"/>
                     <ptr type="pmb" target="pmb153963"/>
                     <ptr type="pmb" target="pmb153964"/>
                     <ptr type="pmb" target="pmb153965"/>
                     <ptr type="pmb" target="pmb153966"/>
                     <ptr type="pmb" target="pmb20665"/>
                     <ptr type="pmb" target="pmb153967"/>
                     <ptr type="pmb" target="pmb148730"/>
                     <ptr type="pmb" target="pmb148733"/>
                  </listRef>
               </ref>
               <ref type="URL">https://bahr.univie.ac.at/sites/all/txt/salzburger-nachrichten/1881_reisebriefe.pdf</ref>
               <noteGrp type="keywords">
                  <note type="Journal-Article">Artikel in einem Periodikum</note>
               </noteGrp>
               <note type="bibliographical-statement">Hermann von Kürenberg: Reisebriefe eines
                  lachenden Philosophen. II. München im August 1881. In: Salzburger Nachrichten,
                  Jg. 1, Nr. 109, 11.9.1881, S. 2.</note>
            </biblStruct>
         </div>
      </body>
      <back>
         <listPerson>
            <person xml:id="pmb13473">
               <persName>
                  <surname>Aristophanes</surname>
               </persName>
               <birth>
                  <date when-iso="0001-01-01">0445? v. Chr.</date>
               </birth>
               <death>
                  <date when-iso="0001-01-01">0385? v. Chr.</date>
               </death>
               <sex value="male"/>
               <occupation key="90">Schriftsteller/Schriftstellerin</occupation>
               <idno type="URL" subtype="schnitzler-tagebuch">https://schnitzler-tagebuch.acdh.oeaw.ac.at/person_13246.html</idno>
               <idno type="URL" subtype="bahr-textverzeichnis">https://bahr-textverzeichnis.acdh.oeaw.ac.at/pmb13473.html</idno>
               <idno type="URL" subtype="pmb">https://pmb.acdh.oeaw.ac.at/entity/13473/</idno>
               <idno type="URL" subtype="gnd">https://d-nb.info/gnd/118503987</idno>
               <idno type="URL" subtype="schnitzler-lektueren">https://schnitzler-lektueren.acdh.oeaw.ac.at/pmb13473.html</idno>
               <idno type="URL" subtype="legalkraus">https://kraus.wienbibliothek.at/register/personen/pmb13473</idno>
               <idno type="URL" subtype="fackel">https://fackel.oeaw.ac.at/?p=fackelp38427</idno>
               <idno type="URL" subtype="wikidata">http://www.wikidata.org/entity/Q43353</idno>
               <idno type="URL" subtype="wikipedia">https://de.wikipedia.org/wiki/Aristophanes</idno>
               <idno type="URL" subtype="hanslick-online">https://hanslick.acdh.oeaw.ac.at/hsl_person_id_680.html</idno>
               <listBibl>
                  <bibl type="collections" n="5">legalkraus</bibl>
                  <bibl type="collections" n="12">Fackel</bibl>
               </listBibl>
               <figure>
                  <graphic url="https://commons.wikimedia.org/w/index.php?title=Special:Redirect/file/Aristofanes.jpg"/>
               </figure>
            </person>
            <person xml:id="pmb3998">
               <persName>
                  <forename>Hans</forename>
                  <surname>Neuert</surname>
               </persName>
               <persName type="person_geburtsname_vorname">Johann</persName>
               <persName type="person_geburtsname_nachname">Reitinger</persName>
               <birth>
                  <date when-iso="1838-03-16">16.3.1838</date>
                  <settlement key="45258">
                     <placeName type="pref">München</placeName>
                     <location>
                        <geo>48,13743 11,57549</geo>
                     </location>
                  </settlement>
               </birth>
               <death>
                  <date when-iso="1912-06-26">26.6.1912</date>
                  <settlement key="4000">
                     <placeName type="pref">Baden bei Zürich</placeName>
                     <location>
                        <geo>47,47291 8,30799</geo>
                     </location>
                  </settlement>
               </death>
               <sex value="male"/>
               <occupation key="90">Schriftsteller/Schriftstellerin</occupation>
               <occupation key="105">Schauspieler/Schauspielerin</occupation>
               <idno type="URL" subtype="gnd">https://d-nb.info/gnd/11643239X</idno>
               <idno type="URL" subtype="bahr-textverzeichnis">https://bahr-textverzeichnis.acdh.oeaw.ac.at/pmb3998.html</idno>
               <idno type="URL" subtype="schnitzler-bahr">https://schnitzler-bahr.acdh.oeaw.ac.at/pmb3998.html</idno>
               <idno type="URL" subtype="pmb">https://pmb.acdh.oeaw.ac.at/entity/3998/</idno>
               <idno type="URL" subtype="fackel">https://fackel.oeaw.ac.at/?p=fackelp50606</idno>
               <idno type="URL" subtype="wikidata">http://www.wikidata.org/entity/Q65096168</idno>
               <listBibl>
                  <bibl type="collections" n="12">Fackel</bibl>
                  <bibl type="collections" n="14">Kein deutscher Wikipedia-Eintrag
                        gefunden</bibl>
                  <bibl type="collections" n="22">No german Wikipedia-Site found</bibl>
               </listBibl>
            </person>
            <person xml:id="pmb12654">
               <persName>
                  <forename>Friedrich von</forename>
                  <surname>Schiller</surname>
               </persName>
               <persName type="legacy-name-merge">Schiller, Friedrich von</persName>
               <birth>
                  <date when-iso="1759-11-10">10.11.1759</date>
                  <settlement key="39585">
                     <placeName type="pref">Marbach am Neckar</placeName>
                     <location>
                        <geo>48,93964 9,25995</geo>
                     </location>
                  </settlement>
               </birth>
               <death>
                  <date when-iso="1805-05-09">09.05.1805</date>
                  <settlement key="197">
                     <placeName type="pref">Weimar</placeName>
                     <location>
                        <geo>50,97361 11,33806</geo>
                     </location>
                  </settlement>
               </death>
               <sex value="male"/>
               <occupation key="90">Schriftsteller/Schriftstellerin</occupation>
               <occupation key="134">Historiker/Historikerin</occupation>
               <occupation key="154">Philosoph/Philosophin</occupation>
               <idno type="URL" subtype="gnd">https://d-nb.info/gnd/118607626</idno>
               <idno type="URL" subtype="schnitzler-tagebuch">https://schnitzler-tagebuch.acdh.oeaw.ac.at/person_19694.html</idno>
               <idno type="URL" subtype="bahr-textverzeichnis">https://bahr-textverzeichnis.acdh.oeaw.ac.at/pmb12654.html</idno>
               <idno type="URL" subtype="schnitzler-bahr">https://schnitzler-bahr.acdh.oeaw.ac.at/pmb12654.html</idno>
               <idno type="URL" subtype="pmb">https://pmb.acdh.oeaw.ac.at/entity/12654/</idno>
               <idno type="URL" subtype="schnitzler-briefe">https://schnitzler-briefe.acdh.oeaw.ac.at/pmb12654.html</idno>
               <idno type="URL" subtype="schnitzler-lektueren">https://schnitzler-lektueren.acdh.oeaw.ac.at/pmb12654.html</idno>
               <idno type="URL" subtype="legalkraus">https://kraus.wienbibliothek.at/register/personen/pmb12654</idno>
               <idno type="URL" subtype="fackel">https://fackel.oeaw.ac.at/?p=fackelp43876</idno>
               <idno type="URL" subtype="dritte-walpurgisnacht">https://kraus1933.ace.oeaw.ac.at/Gesamt.xml?template=register_personen.html&amp;letter=S#DWpers0207</idno>
               <idno type="URL" subtype="wikidata">http://www.wikidata.org/entity/Q22670</idno>
               <idno type="URL" subtype="wikipedia">https://de.wikipedia.org/wiki/Friedrich_Schiller</idno>
               <idno type="URL" subtype="thun-korrespondenz">https://thun-korrespondenz.acdh.oeaw.ac.at/schiller-friedrich.html</idno>
               <idno type="URL" subtype="pmb">https://pmb.acdh.oeaw.ac.at/entity/162088/</idno>
               <idno type="URL" subtype="bahr-tsn">https://bahr-textverzeichnis.acdh.oeaw.ac.at/TSN-listperson.html#pmb12654</idno>
               <idno type="URL" subtype="schnitzler-interviews">https://schnitzler-interviews.acdh.oeaw.ac.at/pmb12654.html</idno>
               <idno type="URL" subtype="hanslick-online">https://hanslick.acdh.oeaw.ac.at/hsl_person_id_248.html</idno>
               <listBibl>
                  <bibl type="collections" n="5">legalkraus</bibl>
                  <bibl type="collections" n="10">Karl Kraus 1933: Dritte Walpurgisnacht</bibl>
                  <bibl type="collections" n="12">Fackel</bibl>
                  <bibl type="collections" n="16">Bahr Textverzeichnis</bibl>
               </listBibl>
               <figure>
                  <graphic url="https://commons.wikimedia.org/w/index.php?title=Special:Redirect/file/Friedrich%20Schiller%20by%20Ludovike%20Simanowiz.jpg"/>
               </figure>
            </person>
            <person xml:id="pmb11461">
               <persName>
                  <forename>Johann Wolfgang von</forename>
                  <surname>Goethe</surname>
               </persName>
               <persName type="legacy-name-merge">Goethe, Johann Wolfgang von</persName>
               <birth>
                  <date when-iso="1749-08-28">1749-08-28</date>
                  <settlement key="146">
                     <placeName type="pref">Frankfurt am Main</placeName>
                     <location>
                        <geo>50,11552 8,68417</geo>
                     </location>
                  </settlement>
               </birth>
               <death>
                  <date when-iso="1832-03-22">1832-03-22</date>
                  <settlement key="197">
                     <placeName type="pref">Weimar</placeName>
                     <location>
                        <geo>50,97361 11,33806</geo>
                     </location>
                  </settlement>
               </death>
               <sex value="male"/>
               <occupation key="90">Schriftsteller/Schriftstellerin</occupation>
               <idno type="URL" subtype="gnd">https://d-nb.info/gnd/118540238</idno>
               <idno type="URL" subtype="schnitzler-tagebuch">https://schnitzler-tagebuch.acdh.oeaw.ac.at/person_15499.html</idno>
               <idno type="URL" subtype="bahr-textverzeichnis">https://bahr-textverzeichnis.acdh.oeaw.ac.at/pmb11461.html</idno>
               <idno type="URL" subtype="schnitzler-bahr">https://schnitzler-bahr.acdh.oeaw.ac.at/pmb11461.html</idno>
               <idno type="URL" subtype="pmb">https://pmb.acdh.oeaw.ac.at/entity/11461/</idno>
               <idno type="URL" subtype="schnitzler-briefe">https://schnitzler-briefe.acdh.oeaw.ac.at/pmb11461.html</idno>
               <idno type="URL" subtype="schnitzler-lektueren">https://schnitzler-lektueren.acdh.oeaw.ac.at/pmb11461.html</idno>
               <idno type="URL" subtype="legalkraus">https://kraus.wienbibliothek.at/register/personen/pmb11461</idno>
               <idno type="URL" subtype="fackel">https://fackel.oeaw.ac.at/?p=fackelp46960</idno>
               <idno type="URL" subtype="dritte-walpurgisnacht">https://kraus1933.ace.oeaw.ac.at/Gesamt.xml?template=register_personen.html&amp;letter=G#DWpers0080</idno>
               <idno type="URL" subtype="wikidata">http://www.wikidata.org/entity/Q5879</idno>
               <idno type="URL" subtype="wikipedia">https://de.wikipedia.org/wiki/Johann_Wolfgang_von_Goethe</idno>
               <idno type="URL" subtype="thun-korrespondenz">https://thun-korrespondenz.acdh.oeaw.ac.at/goethe-johann-wolfgang.html</idno>
               <idno type="URL" subtype="freud">https://freud.acdh-dev.oeaw.ac.at/frd_person_24.html</idno>
               <idno type="URL" subtype="schnitzler-kino">https://schnitzler-kino.acdh.oeaw.ac.at/pmb11461.html</idno>
               <idno type="URL" subtype="schnitzler-interviews">https://schnitzler-interviews.acdh.oeaw.ac.at/pmb11461.html</idno>
               <idno type="URL" subtype="pmb">https://pmb.acdh.oeaw.ac.at/entity/160235/</idno>
               <idno type="URL" subtype="bahr-tsn">https://bahr-textverzeichnis.acdh.oeaw.ac.at/TSN-listperson.html#pmb11461</idno>
               <idno type="URL" subtype="hanslick-online">https://hanslick.acdh.oeaw.ac.at/hsl_person_id_100.html</idno>
               <idno type="URL" subtype="auden-musulin-papers">https://amp.acdh.oeaw.ac.at/amp_person_11.html</idno>
               <listBibl>
                  <bibl type="collections" n="5">legalkraus</bibl>
                  <bibl type="collections" n="10">Karl Kraus 1933: Dritte Walpurgisnacht</bibl>
                  <bibl type="collections" n="12">Fackel</bibl>
                  <bibl type="collections" n="16">Bahr Textverzeichnis</bibl>
               </listBibl>
               <figure>
                  <graphic url="https://commons.wikimedia.org/w/index.php?title=Special:Redirect/file/Goethe%20%28Stieler%201828%29.jpg"/>
               </figure>
            </person>
            <person xml:id="pmb12053">
               <persName>
                  <forename>Gotthold Ephraim</forename>
                  <surname>Lessing</surname>
               </persName>
               <persName type="legacy-name-merge">Lessing, Gotthold Ephraim</persName>
               <birth>
                  <date when-iso="1729-01-22">22.01.1729</date>
                  <settlement key="58795">
                     <placeName type="pref">Kamenz</placeName>
                     <location>
                        <geo>51,26798 14,09374</geo>
                     </location>
                  </settlement>
               </birth>
               <death>
                  <date when-iso="1781-02-15">15.02.1781</date>
                  <settlement key="35572">
                     <placeName type="pref">Braunschweig</placeName>
                     <location>
                        <geo>52,26594 10,52673</geo>
                     </location>
                  </settlement>
               </death>
               <sex value="male"/>
               <occupation key="90">Schriftsteller/Schriftstellerin</occupation>
               <occupation key="247">Bibliothekar/Bibliothekarin</occupation>
               <idno type="URL" subtype="gnd">https://d-nb.info/gnd/118572121</idno>
               <idno type="URL" subtype="schnitzler-tagebuch">https://schnitzler-tagebuch.acdh.oeaw.ac.at/person_17474.html</idno>
               <idno type="URL" subtype="bahr-textverzeichnis">https://bahr-textverzeichnis.acdh.oeaw.ac.at/pmb12053.html</idno>
               <idno type="URL" subtype="schnitzler-bahr">https://schnitzler-bahr.acdh.oeaw.ac.at/pmb12053.html</idno>
               <idno type="URL" subtype="pmb">https://pmb.acdh.oeaw.ac.at/entity/12053/</idno>
               <idno type="URL" subtype="schnitzler-briefe">https://schnitzler-briefe.acdh.oeaw.ac.at/pmb12053.html</idno>
               <idno type="URL" subtype="schnitzler-lektueren">https://schnitzler-lektueren.acdh.oeaw.ac.at/pmb12053.html</idno>
               <idno type="URL" subtype="legalkraus">https://kraus.wienbibliothek.at/register/personen/pmb12053</idno>
               <idno type="URL" subtype="fackel">https://fackel.oeaw.ac.at/?p=fackelp44593</idno>
               <idno type="URL" subtype="wikidata">http://www.wikidata.org/entity/Q34628</idno>
               <idno type="URL" subtype="wikipedia">https://de.wikipedia.org/wiki/Gotthold_Ephraim_Lessing</idno>
               <idno type="URL" subtype="thun-korrespondenz">https://thun-korrespondenz.acdh.oeaw.ac.at/lessing-gotthold-ephraim.html</idno>
               <idno type="URL" subtype="schnitzler-interviews">https://schnitzler-interviews.acdh.oeaw.ac.at/pmb12053.html</idno>
               <idno type="URL" subtype="pmb">https://pmb.acdh.oeaw.ac.at/entity/161051/</idno>
               <idno type="URL" subtype="bahr-tsn">https://bahr-textverzeichnis.acdh.oeaw.ac.at/TSN-listperson.html#pmb12053</idno>
               <idno type="URL" subtype="hanslick-online">https://hanslick.acdh.oeaw.ac.at/hsl_person_id_697.html</idno>
               <listBibl>
                  <bibl type="collections" n="5">legalkraus</bibl>
                  <bibl type="collections" n="12">Fackel</bibl>
                  <bibl type="collections" n="16">Bahr Textverzeichnis</bibl>
               </listBibl>
               <note type="references"> </note>
               <figure>
                  <graphic url="https://commons.wikimedia.org/w/index.php?title=Special:Redirect/file/Gotthold%20Ephraim%20Lessing%20Kunstsammlung%20Uni%20Leipzig.jpg"/>
               </figure>
            </person>
            <person xml:id="pmb8316">
               <persName>
                  <forename>August von</forename>
                  <surname>Kotzebue</surname>
               </persName>
               <persName type="legacy-name-merge">Kotzebue, August von</persName>
               <birth>
                  <date when-iso="1761-05-03">03.05.1761</date>
                  <settlement key="197">
                     <placeName type="pref">Weimar</placeName>
                     <location>
                        <geo>50,97361 11,33806</geo>
                     </location>
                  </settlement>
               </birth>
               <death>
                  <date when-iso="1819-03-23">23.03.1819</date>
                  <settlement key="881">
                     <placeName type="pref">Mannheim</placeName>
                     <location>
                        <geo>49,4891 8,46694</geo>
                     </location>
                  </settlement>
               </death>
               <sex value="male"/>
               <occupation key="90">Schriftsteller/Schriftstellerin</occupation>
               <idno type="URL" subtype="gnd">https://d-nb.info/gnd/118565796</idno>
               <idno type="URL" subtype="schnitzler-tagebuch">https://schnitzler-tagebuch.acdh.oeaw.ac.at/person_17069.html</idno>
               <idno type="URL" subtype="bahr-textverzeichnis">https://bahr-textverzeichnis.acdh.oeaw.ac.at/pmb8316.html</idno>
               <idno type="URL" subtype="pmb">https://pmb.acdh.oeaw.ac.at/entity/8316/</idno>
               <idno type="URL" subtype="schnitzler-briefe">https://schnitzler-briefe.acdh.oeaw.ac.at/pmb8316.html</idno>
               <idno type="URL" subtype="schnitzler-lektueren">https://schnitzler-lektueren.acdh.oeaw.ac.at/pmb8316.html</idno>
               <idno type="URL" subtype="fackel">https://fackel.oeaw.ac.at/?p=fackelp38573</idno>
               <idno type="URL" subtype="wikidata">http://www.wikidata.org/entity/Q57242</idno>
               <idno type="URL" subtype="wikipedia">https://de.wikipedia.org/wiki/August_von_Kotzebue</idno>
               <idno type="URL" subtype="pmb">https://pmb.acdh.oeaw.ac.at/entity/160869/</idno>
               <idno type="URL" subtype="bahr-tsn">https://bahr-textverzeichnis.acdh.oeaw.ac.at/TSN-listperson.html#pmb8316</idno>
               <idno type="URL" subtype="hanslick-online">https://hanslick.acdh.oeaw.ac.at/hsl_person_id_925.html</idno>
               <listBibl>
                  <bibl type="collections" n="12">Fackel</bibl>
                  <bibl type="collections" n="16">Bahr Textverzeichnis</bibl>
               </listBibl>
               <note type="references">None </note>
               <figure>
                  <graphic url="https://commons.wikimedia.org/w/index.php?title=Special:Redirect/file/AugustvonKotzebue1818%20%28crop%29.jpg"/>
               </figure>
            </person>
            <person xml:id="pmb7966">
               <persName>
                  <forename>August Wilhelm</forename>
                  <surname>Iffland</surname>
               </persName>
               <persName type="legacy-name-merge">Iffland, August Wilhelm</persName>
               <birth>
                  <date when-iso="1759-04-19">19.04.1759</date>
                  <settlement key="890">
                     <placeName type="pref">Hannover</placeName>
                     <location>
                        <geo>52,37052 9,73322</geo>
                     </location>
                  </settlement>
               </birth>
               <death>
                  <date when-iso="1814-09-22">22.09.1814</date>
                  <settlement key="168">
                     <placeName type="pref">Berlin</placeName>
                     <location>
                        <geo>52,52437 13,41053</geo>
                     </location>
                  </settlement>
               </death>
               <sex value="male"/>
               <occupation key="90">Schriftsteller/Schriftstellerin</occupation>
               <occupation key="105">Schauspieler/Schauspielerin</occupation>
               <idno type="URL" subtype="gnd">https://d-nb.info/gnd/118555324</idno>
               <idno type="URL" subtype="schnitzler-tagebuch">https://schnitzler-tagebuch.acdh.oeaw.ac.at/person_16437.html</idno>
               <idno type="URL" subtype="bahr-textverzeichnis">https://bahr-textverzeichnis.acdh.oeaw.ac.at/pmb7966.html</idno>
               <idno type="URL" subtype="pmb">https://pmb.acdh.oeaw.ac.at/entity/7966/</idno>
               <idno type="URL" subtype="schnitzler-lektueren">https://schnitzler-lektueren.acdh.oeaw.ac.at/pmb7966.html</idno>
               <idno type="URL" subtype="legalkraus">https://kraus.wienbibliothek.at/register/personen/pmb7966</idno>
               <idno type="URL" subtype="fackel">https://fackel.oeaw.ac.at/?p=fackelp38572</idno>
               <idno type="URL" subtype="wikidata">http://www.wikidata.org/entity/Q215115</idno>
               <idno type="URL" subtype="wikipedia">https://de.wikipedia.org/wiki/August_Wilhelm_Iffland</idno>
               <idno type="URL" subtype="pmb">https://pmb.acdh.oeaw.ac.at/entity/160632/</idno>
               <idno type="URL" subtype="bahr-tsn">https://bahr-textverzeichnis.acdh.oeaw.ac.at/TSN-listperson.html#pmb7966</idno>
               <idno type="URL" subtype="hanslick-online">https://hanslick.acdh.oeaw.ac.at/hsl_person_id_2993.html</idno>
               <listBibl>
                  <bibl type="collections" n="5">legalkraus</bibl>
                  <bibl type="collections" n="12">Fackel</bibl>
                  <bibl type="collections" n="16">Bahr Textverzeichnis</bibl>
               </listBibl>
               <note type="references">None </note>
               <figure>
                  <graphic url="https://commons.wikimedia.org/w/index.php?title=Special:Redirect/file/August%20Wilhelm%20Iffland%20Johann%20Stephan%20Decker.jpg"/>
               </figure>
            </person>
            <person xml:id="pmb12331">
               <persName>
                  <forename>Adam</forename>
                  <surname>Müller-Guttenbrunn</surname>
               </persName>
               <persName type="person_pseudonym">Alexander Erdmann</persName>
               <persName type="person_geburtsname_nachname">Müller</persName>
               <persName type="legacy-name-merge">Müller-Guttenbrunn, Adam</persName>
               <birth>
                  <date when-iso="1852-10-22">22.10.1852</date>
                  <settlement key="64663">
                     <placeName type="pref">Zăbrani</placeName>
                     <location>
                        <geo>46,06667 21,55</geo>
                     </location>
                  </settlement>
               </birth>
               <death>
                  <date when-iso="1923-01-05">05.01.1923</date>
                  <settlement key="50">
                     <placeName type="pref">Wien</placeName>
                     <location>
                        <geo>48,2066 16,37341</geo>
                     </location>
                  </settlement>
               </death>
               <sex value="male"/>
               <occupation key="90">Schriftsteller/Schriftstellerin</occupation>
               <occupation key="103">Theaterleiter/Theaterleiterin</occupation>
               <occupation key="1472">Beamter/Beamte</occupation>
               <idno type="URL" subtype="gnd">https://d-nb.info/gnd/118585339</idno>
               <idno type="URL" subtype="schnitzler-tagebuch">https://schnitzler-tagebuch.acdh.oeaw.ac.at/person_18311.html</idno>
               <idno type="URL" subtype="schnitzler-bahr">https://schnitzler-bahr.acdh.oeaw.ac.at/pmb12331.html</idno>
               <idno type="URL" subtype="pmb">https://pmb.acdh.oeaw.ac.at/entity/12331/</idno>
               <idno type="URL" subtype="fackel">https://fackel.oeaw.ac.at/?p=fackelp37775</idno>
               <idno type="URL" subtype="oebl">https://doi.org/10.1553/0x00283181</idno>
               <idno type="URL" subtype="wikidata">http://www.wikidata.org/entity/Q79061</idno>
               <idno type="URL" subtype="wikipedia">https://de.wikipedia.org/wiki/Adam_M%C3%BCller-Guttenbrunn</idno>
               <idno type="URL" subtype="oeml">https://dx.doi.org/10.1553/0x0001da5b</idno>
               <idno type="URL" subtype="schnitzler-interviews">https://schnitzler-interviews.acdh.oeaw.ac.at/pmb12331.html</idno>
               <idno type="URL" subtype="pmb">https://pmb.acdh.oeaw.ac.at/entity/161448/</idno>
               <idno type="URL" subtype="bahr-tsn">https://bahr-textverzeichnis.acdh.oeaw.ac.at/TSN-listperson.html#pmb12331</idno>
               <idno type="URL" subtype="bahr-textverzeichnis">https://bahr-textverzeichnis.acdh.oeaw.ac.at/pmb12331.html</idno>
               <listBibl>
                  <bibl type="collections" n="11">ÖBL nach 1850 geboren</bibl>
                  <bibl type="collections" n="12">Fackel</bibl>
                  <bibl type="collections" n="16">Bahr Textverzeichnis</bibl>
               </listBibl>
               <figure>
                  <graphic url="https://commons.wikimedia.org/w/index.php?title=Special:Redirect/file/Adam%20M%C3%BCller-Guttenbrunn.jpg"/>
               </figure>
            </person>
            <person xml:id="pmb5208">
               <persName>
                  <forename>Adolf von</forename>
                  <surname>Wilbrandt</surname>
               </persName>
               <persName type="legacy-name-merge">Wilbrandt, Adolph von</persName>
               <persName type="legacy-name-merge">Wilbrandt, Adolf von</persName>
               <birth>
                  <date when-iso="1837-08-24">24.08.1837</date>
                  <settlement key="56120">
                     <placeName type="pref">Rostock</placeName>
                     <location>
                        <geo>54,0887 12,14049</geo>
                     </location>
                  </settlement>
               </birth>
               <death>
                  <date when-iso="1911-06-10">10.06.1911</date>
                  <settlement key="56120">
                     <placeName type="pref">Rostock</placeName>
                     <location>
                        <geo>54,0887 12,14049</geo>
                     </location>
                  </settlement>
               </death>
               <sex value="male"/>
               <occupation key="90">Schriftsteller/Schriftstellerin</occupation>
               <occupation key="103">Theaterleiter/Theaterleiterin</occupation>
               <occupation key="105">Schauspieler/Schauspielerin</occupation>
               <occupation key="280">Theaterintendant/Theaterintendantin</occupation>
               <idno type="URL" subtype="gnd">https://d-nb.info/gnd/118807250</idno>
               <idno type="URL" subtype="schnitzler-tagebuch">https://schnitzler-tagebuch.acdh.oeaw.ac.at/person_21319.html</idno>
               <idno type="URL" subtype="bahr-textverzeichnis">https://bahr-textverzeichnis.acdh.oeaw.ac.at/pmb5208.html</idno>
               <idno type="URL" subtype="pmb">https://pmb.acdh.oeaw.ac.at/entity/5208/</idno>
               <idno type="URL" subtype="schnitzler-lektueren">https://schnitzler-lektueren.acdh.oeaw.ac.at/pmb5208.html</idno>
               <idno type="URL" subtype="fackel">https://fackel.oeaw.ac.at/?p=fackelp37851</idno>
               <idno type="URL" subtype="wikidata">http://www.wikidata.org/entity/Q67953</idno>
               <idno type="URL" subtype="wikipedia">https://de.wikipedia.org/wiki/Adolf_von_Wilbrandt</idno>
               <idno type="URL" subtype="pmb">https://pmb.acdh.oeaw.ac.at/entity/162822/</idno>
               <idno type="URL" subtype="bahr-tsn">https://bahr-textverzeichnis.acdh.oeaw.ac.at/TSN-listperson.html#pmb5208</idno>
               <idno type="URL" subtype="schnitzler-interviews">https://schnitzler-interviews.acdh.oeaw.ac.at/pmb5208.html</idno>
               <listBibl>
                  <bibl type="collections" n="12">Fackel</bibl>
                  <bibl type="collections" n="16">Bahr Textverzeichnis</bibl>
               </listBibl>
               <note type="references">None </note>
               <figure>
                  <graphic url="https://commons.wikimedia.org/w/index.php?title=Special:Redirect/file/Wilbrandt%201882.jpg"/>
               </figure>
            </person>
            <person xml:id="pmb10772">
               <persName>
                  <forename>Ludwig</forename>
                  <surname>Anzengruber</surname>
               </persName>
               <persName type="legacy-name-merge">Anzengruber, Ludwig</persName>
               <birth>
                  <date when-iso="1839-11-29">29.11.1839</date>
                  <settlement key="50">
                     <placeName type="pref">Wien</placeName>
                     <location>
                        <geo>48,2066 16,37341</geo>
                     </location>
                  </settlement>
               </birth>
               <death>
                  <date when-iso="1889-12-10">10.12.1889</date>
                  <settlement key="50">
                     <placeName type="pref">Wien</placeName>
                     <location>
                        <geo>48,2066 16,37341</geo>
                     </location>
                  </settlement>
               </death>
               <sex value="male"/>
               <occupation key="90">Schriftsteller/Schriftstellerin</occupation>
               <idno type="URL" subtype="gnd">https://d-nb.info/gnd/11850357X</idno>
               <idno type="URL" subtype="schnitzler-tagebuch">https://schnitzler-tagebuch.acdh.oeaw.ac.at/person_13237.html</idno>
               <idno type="URL" subtype="bahr-textverzeichnis">https://bahr-textverzeichnis.acdh.oeaw.ac.at/pmb10772.html</idno>
               <idno type="URL" subtype="schnitzler-bahr">https://schnitzler-bahr.acdh.oeaw.ac.at/pmb10772.html</idno>
               <idno type="URL" subtype="pmb">https://pmb.acdh.oeaw.ac.at/entity/10772/</idno>
               <idno type="URL" subtype="schnitzler-briefe">https://schnitzler-briefe.acdh.oeaw.ac.at/pmb10772.html</idno>
               <idno type="URL" subtype="schnitzler-lektueren">https://schnitzler-lektueren.acdh.oeaw.ac.at/pmb10772.html</idno>
               <idno type="URL" subtype="fackel">https://fackel.oeaw.ac.at/?p=fackelp49273</idno>
               <idno type="URL" subtype="wikidata">http://www.wikidata.org/entity/Q93718</idno>
               <idno type="URL" subtype="wikipedia">https://de.wikipedia.org/wiki/Ludwig_Anzengruber</idno>
               <idno type="URL" subtype="oebl">https://doi.org/10.1553/0x00280e6b</idno>
               <idno type="URL" subtype="schnitzler-kino">https://schnitzler-kino.acdh.oeaw.ac.at/pmb10772.html</idno>
               <idno type="URL" subtype="schnitzler-interviews">https://schnitzler-interviews.acdh.oeaw.ac.at/pmb10772.html</idno>
               <idno type="URL" subtype="pmb">https://pmb.acdh.oeaw.ac.at/entity/159135/</idno>
               <idno type="URL" subtype="bahr-tsn">https://bahr-textverzeichnis.acdh.oeaw.ac.at/TSN-listperson.html#pmb10772</idno>
               <idno type="URL" subtype="hanslick-online">https://hanslick.acdh.oeaw.ac.at/hsl_person_id_2464.html</idno>
               <listBibl>
                  <bibl type="collections" n="12">Fackel</bibl>
                  <bibl type="collections" n="16">Bahr Textverzeichnis</bibl>
               </listBibl>
               <note type="references"> </note>
               <figure>
                  <graphic url="https://commons.wikimedia.org/w/index.php?title=Special:Redirect/file/Ludwig%20Anzengruber.jpg"/>
               </figure>
            </person>
            <person xml:id="pmb153962">
               <persName>
                  <forename>Gustav Heinrich Gans</forename>
                  <surname>Putlitz</surname>
               </persName>
               <birth>
                  <date notBefore-iso="1821-01-01"
                        when-iso="1821-01-01"
                        notAfter-iso="1821-12-31">1821</date>
               </birth>
               <death>
                  <date when-iso="1890-01-01" notAfter-iso="1890-12-31">1890</date>
               </death>
               <sex value="not-set"/>
               <idno type="URL" subtype="bahr-textverzeichnis">https://bahr-textverzeichnis.acdh.oeaw.ac.at/pmb153962.html</idno>
               <idno type="URL" subtype="pmb">https://pmb.acdh.oeaw.ac.at/entity/153962/</idno>
               <listBibl>
                  <bibl type="collections" n="16">Bahr Textverzeichnis</bibl>
               </listBibl>
            </person>
            <person xml:id="pmb148599">
               <persName>
                  <forename>Ernst</forename>
                  <surname>Henrici</surname>
               </persName>
               <birth>
                  <date when-iso="1854-12-10">1854-12-10</date>
                  <settlement key="168">
                     <placeName type="pref">Berlin</placeName>
                     <location>
                        <geo>52,52437 13,41053</geo>
                     </location>
                  </settlement>
               </birth>
               <death>
                  <date when-iso="1915-07-10">1915-07-10</date>
                  <settlement key="148601">
                     <placeName type="pref">Döbeln</placeName>
                     <location>
                        <geo>51,119444444444 13,112777777778</geo>
                     </location>
                  </settlement>
               </death>
               <sex value="male"/>
               <idno type="URL" subtype="bahr-textverzeichnis">https://bahr-textverzeichnis.acdh.oeaw.ac.at/pmb148599.html</idno>
               <idno type="URL" subtype="pmb">https://pmb.acdh.oeaw.ac.at/entity/148599/</idno>
               <idno type="URL" subtype="wikidata">http://www.wikidata.org/entity/Q104681</idno>
               <idno type="URL" subtype="gnd">https://d-nb.info/gnd/116717769</idno>
               <idno type="URL" subtype="wikipedia">https://de.wikipedia.org/wiki/Ernst_Henrici_(Politiker)</idno>
               <listBibl>
                  <bibl type="collections" n="16">Bahr Textverzeichnis</bibl>
               </listBibl>
            </person>
            <person xml:id="pmb117712">
               <persName>
                  <forename>Adolf</forename>
                  <surname>Stoecker</surname>
               </persName>
               <birth>
                  <date when-iso="1835-12-11">1835-12-11</date>
               </birth>
               <death>
                  <date when-iso="1909-02-07">1909-02-07</date>
               </death>
               <sex value="male"/>
               <occupation key="95">Politiker/Politikerin</occupation>
               <occupation key="513">Pfarrer/Pfarrerin</occupation>
               <occupation key="2105">Abgeordneter/Abgeordnete</occupation>
               <occupation key="2207">Evangelischer Theologe/Evangelische Theologin</occupation>
               <occupation key="2914">Domprediger/Dompredigerin</occupation>
               <occupation key="3018">Hofprediger/Hofpredigerin</occupation>
               <idno type="URL" subtype="bahr-textverzeichnis">https://bahr-textverzeichnis.acdh.oeaw.ac.at/pmb117712.html</idno>
               <idno type="URL" subtype="pmb">https://pmb.acdh.oeaw.ac.at/entity/117712/</idno>
               <idno type="URL" subtype="gnd">https://d-nb.info/gnd/118618393</idno>
               <idno type="URL" subtype="fackel">https://fackel.oeaw.ac.at/?p=fackelp53692</idno>
               <idno type="URL" subtype="wikidata">http://www.wikidata.org/entity/Q63479</idno>
               <idno type="URL" subtype="wikipedia">https://de.wikipedia.org/wiki/Adolf_Stoecker</idno>
               <idno type="URL" subtype="hanslick-online">https://hanslick.acdh.oeaw.ac.at/hsl_person_id_2984.html</idno>
               <listBibl>
                  <bibl type="collections" n="12">Fackel</bibl>
                  <bibl type="collections" n="16">Bahr Textverzeichnis</bibl>
               </listBibl>
            </person>
            <person xml:id="pmb153963">
               <persName>
                  <forename>Franz von</forename>
                  <surname>Rapp</surname>
               </persName>
               <death>
                  <date when-iso="1889-01-01" notAfter-iso="1889-12-31">1889</date>
               </death>
               <sex value="not-set"/>
               <idno type="URL" subtype="bahr-textverzeichnis">https://bahr-textverzeichnis.acdh.oeaw.ac.at/pmb153963.html</idno>
               <idno type="URL" subtype="pmb">https://pmb.acdh.oeaw.ac.at/entity/153963/</idno>
               <listBibl>
                  <bibl type="collections" n="16">Bahr Textverzeichnis</bibl>
               </listBibl>
            </person>
            <person xml:id="pmb153964">
               <persName>
                  <forename>Benno</forename>
                  <surname>Rödel</surname>
               </persName>
               <sex value="not-set"/>
               <occupation key="3483">Bairischer Volksdichter/Bairische
                     Volksdichterin</occupation>
               <idno type="URL" subtype="bahr-textverzeichnis">https://bahr-textverzeichnis.acdh.oeaw.ac.at/pmb153964.html</idno>
               <idno type="URL" subtype="pmb">https://pmb.acdh.oeaw.ac.at/entity/153964/</idno>
               <listBibl>
                  <bibl type="collections" n="16">Bahr Textverzeichnis</bibl>
               </listBibl>
            </person>
            <person xml:id="pmb153965">
               <persName>
                  <forename>Max</forename>
                  <surname>Hofpaur</surname>
               </persName>
               <birth>
                  <date notBefore-iso="1845-01-01"
                        when-iso="1845-01-01"
                        notAfter-iso="1845-12-31">1845</date>
               </birth>
               <death>
                  <date when-iso="1920-01-01" notAfter-iso="1920-12-31">1920</date>
               </death>
               <sex value="not-set"/>
               <idno type="URL" subtype="bahr-textverzeichnis">https://bahr-textverzeichnis.acdh.oeaw.ac.at/pmb153965.html</idno>
               <idno type="URL" subtype="pmb">https://pmb.acdh.oeaw.ac.at/entity/153965/</idno>
               <listBibl>
                  <bibl type="collections" n="16">Bahr Textverzeichnis</bibl>
               </listBibl>
            </person>
            <person xml:id="pmb153966">
               <persName>
                  <surname>Brummer</surname>
               </persName>
               <sex value="not-set"/>
               <occupation key="105">Schauspieler/Schauspielerin</occupation>
               <idno type="URL" subtype="bahr-textverzeichnis">https://bahr-textverzeichnis.acdh.oeaw.ac.at/pmb153966.html</idno>
               <idno type="URL" subtype="pmb">https://pmb.acdh.oeaw.ac.at/entity/153966/</idno>
               <listBibl>
                  <bibl type="collections" n="16">Bahr Textverzeichnis</bibl>
               </listBibl>
            </person>
            <person xml:id="pmb20665">
               <persName>
                  <surname>Ludwig XV.</surname>
               </persName>
               <persName type="legacy-name-merge">Ludwig XV., Frankreich, König, -</persName>
               <persName type="legacy-name-merge">Louis XV, Louis Quinze</persName>
               <birth>
                  <date when-iso="1710-02-15">15.02.1710</date>
                  <settlement key="36549">
                     <placeName type="pref">Versailles</placeName>
                     <location>
                        <geo>48,80359 2,13424</geo>
                     </location>
                  </settlement>
               </birth>
               <death>
                  <date when-iso="1774-05-10">10.05.1774</date>
                  <settlement key="36549">
                     <placeName type="pref">Versailles</placeName>
                     <location>
                        <geo>48,80359 2,13424</geo>
                     </location>
                  </settlement>
               </death>
               <sex value="not-set"/>
               <occupation key="109">König/Königin</occupation>
               <idno type="URL" subtype="schnitzler-tagebuch">https://schnitzler-tagebuch.acdh.oeaw.ac.at/person_17725.html</idno>
               <idno type="URL" subtype="bahr-textverzeichnis">https://bahr-textverzeichnis.acdh.oeaw.ac.at/pmb146788.html</idno>
               <idno type="URL" subtype="pmb">https://pmb.acdh.oeaw.ac.at/entity/20665/</idno>
               <idno type="URL" subtype="fackel">https://fackel.oeaw.ac.at/?p=fackelp58484</idno>
               <idno type="URL" subtype="pmb">https://pmb.acdh.oeaw.ac.at/entity/146788/</idno>
               <idno type="URL" subtype="gnd">https://d-nb.info/gnd/118729438</idno>
               <idno type="URL" subtype="wikidata">http://www.wikidata.org/entity/Q7738</idno>
               <idno type="URL" subtype="wikipedia">https://de.wikipedia.org/wiki/Ludwig_XV.</idno>
               <idno type="URL" subtype="pmb">https://pmb.acdh.oeaw.ac.at/entity/161115/</idno>
               <idno type="URL" subtype="bahr-tsn">https://bahr-textverzeichnis.acdh.oeaw.ac.at/TSN-listperson.html#pmb161115</idno>
               <idno type="URL" subtype="hanslick-online">https://hanslick.acdh.oeaw.ac.at/hsl_person_id_2050.html</idno>
               <idno type="URL" subtype="hanslick-online">https://hanslick.acdh.oeaw.ac.at/hsl_person_id_2324.html</idno>
               <listBibl>
                  <bibl type="collections" n="12">Fackel</bibl>
                  <bibl type="collections" n="16">Bahr Textverzeichnis</bibl>
                  <bibl type="collections" n="19">Standardimport</bibl>
               </listBibl>
               <note type="references">None </note>
            </person>
            <person xml:id="pmb153967">
               <persName>
                  <forename>Adolph</forename>
                  <surname>l’Arronge</surname>
               </persName>
               <birth>
                  <date notBefore-iso="1838-01-01"
                        when-iso="1838-01-01"
                        notAfter-iso="1838-12-31">1838</date>
               </birth>
               <death>
                  <date when-iso="1908-01-01" notAfter-iso="1908-12-31">1908</date>
               </death>
               <sex value="not-set"/>
               <idno type="URL" subtype="bahr-textverzeichnis">https://bahr-textverzeichnis.acdh.oeaw.ac.at/pmb153967.html</idno>
               <idno type="URL" subtype="pmb">https://pmb.acdh.oeaw.ac.at/entity/153967/</idno>
               <listBibl>
                  <bibl type="collections" n="16">Bahr Textverzeichnis</bibl>
               </listBibl>
            </person>
            <person xml:id="pmb148730">
               <persName>
                  <forename>Johannes</forename>
                  <surname>Lepsius</surname>
               </persName>
               <birth>
                  <date when-iso="1858-12-15">1858-12-15</date>
                  <settlement key="168">
                     <placeName type="pref">Berlin</placeName>
                     <location>
                        <geo>52,52437 13,41053</geo>
                     </location>
                  </settlement>
               </birth>
               <death>
                  <date when-iso="1926-02-03">1926-02-03</date>
                  <settlement key="168">
                     <placeName type="pref">Berlin</placeName>
                     <location>
                        <geo>52,52437 13,41053</geo>
                     </location>
                  </settlement>
               </death>
               <sex value="male"/>
               <idno type="URL" subtype="bahr-textverzeichnis">https://bahr-textverzeichnis.acdh.oeaw.ac.at/pmb148730.html</idno>
               <idno type="URL" subtype="pmb">https://pmb.acdh.oeaw.ac.at/entity/148730/</idno>
               <idno type="URL" subtype="wikidata">http://www.wikidata.org/entity/Q77047</idno>
               <idno type="URL" subtype="gnd">https://d-nb.info/gnd/11694580X</idno>
               <idno type="URL" subtype="wikipedia">https://de.wikipedia.org/wiki/Johannes_Lepsius</idno>
               <listBibl>
                  <bibl type="collections" n="16">Bahr Textverzeichnis</bibl>
               </listBibl>
            </person>
            <person xml:id="pmb148733">
               <persName>
                  <forename>Ludwig</forename>
                  <surname>Traube</surname>
               </persName>
               <birth>
                  <date when-iso="1861-06-19">1861-06-19</date>
                  <settlement key="168">
                     <placeName type="pref">Berlin</placeName>
                     <location>
                        <geo>52,52437 13,41053</geo>
                     </location>
                  </settlement>
               </birth>
               <death>
                  <date when-iso="1907-05-19">1907-05-19</date>
                  <settlement key="45258">
                     <placeName type="pref">München</placeName>
                     <location>
                        <geo>48,13743 11,57549</geo>
                     </location>
                  </settlement>
               </death>
               <sex value="male"/>
               <idno type="URL" subtype="pmb">https://pmb.acdh.oeaw.ac.at/entity/148733/</idno>
               <idno type="URL" subtype="wikidata">http://www.wikidata.org/entity/Q76044</idno>
               <idno type="URL" subtype="gnd">https://d-nb.info/gnd/11903493X</idno>
               <idno type="URL" subtype="wikipedia">https://de.wikipedia.org/wiki/Ludwig_Traube_(Philologe)</idno>
               <idno type="URL" subtype="bahr-textverzeichnis">https://bahr-textverzeichnis.acdh.oeaw.ac.at/pmb148733.html</idno>
               <listBibl>
                  <bibl type="collections" n="16">Bahr Textverzeichnis</bibl>
               </listBibl>
            </person>
         </listPerson>
      </back>
   </text>
</TEI>
