<?xml version="1.0" encoding="UTF-8"?>
<TEI xmlns="http://www.tei-c.org/ns/1.0"
     xmlns:tei="http://www.tei-c.org/ns/1.0"
     xml:id="pmb122761.xml"
     prev="pmb132261"
     next="pmb132321">
   <teiHeader>
      <fileDesc>
         <titleStmt>
            <title level="s">Hermann Bahr – Textverzeichnis</title>
            <title level="a">Theater, Kunst und Literatur.
                     Kaiserjubiläums-Stadttheater</title>
            <title type="iso-date">1903-06-30</title>
            <respStmt>
               <resp>providing the content</resp>
               <name>Martin Anton Müller</name>
            </respStmt>
            <respStmt>
               <resp>converted to XML encoding</resp>
               <name>Martin Anton Müller</name>
            </respStmt>
         </titleStmt>
         <publicationStmt>
            <publisher>Austrian Centre for Digital Humanities and Cultural
                                    Heritage (ACDH-CH)</publisher>
            <date>2024-03-19+01:00</date>
            <idno type="URI">https://id.acdh.oeaw.ac.at/bahr-textverzeichnis/pmb122761.xml</idno>
         </publicationStmt>
         <sourceDesc>
            <p>Bibliografische Angaben eines in Druck erschienen Texts von
                                    Bahr</p>
         </sourceDesc>
      </fileDesc>
   </teiHeader>
   <text>
      <body>
         <div type="bibliografische-angabe">
            <biblStruct xml:id="pmb122761"
                        type="Journal-Article"
                        subtype="Nachtkritik"
                        status="checked"
                        prev="pmb132261"
                        next="pmb132321">
               <analytic>
                  <author ref="pmb10815">H. B.</author>
                  <title level="a" ref="pmb122761">Theater, Kunst und Literatur.
                     Kaiserjubiläums-Stadttheater</title>
               </analytic>
               <monogr>
                  <title level="j" ref="pmb41321">Neues Wiener Tagblatt</title>
                  <imprint>
                     <biblScope unit="jg">37</biblScope>
                     <biblScope unit="issue">149</biblScope>
                     <biblScope unit="page">13</biblScope>
                     <date when="1903-06-30">30.6.1903</date>
                  </imprint>
               </monogr>
               <note>
                  <p>Ein Stück zweier Wiener darüber, ob Liebe über Rassengrenzen möglich sei.</p>
               </note>
               <note type="review-of">
                  <bibl>
                     <title level="m">Athara</title>
                     <author>Robert Talwyce</author>
                  </bibl>
               </note>
               <note type="incipit">»Athara«, eine »Liebestragödie« von Robert Talwyce. Ob man eine
                  »Fremde«, eine Mohrin, heiraten kann?</note>
               <ref type="personenindex">
                  <listRef>
                     <ptr type="pmb" target="pmb13068"/>
                     <ptr type="pmb" target="pmb15170"/>
                     <ptr type="pmb" target="pmb3659"/>
                     <ptr type="pmb" target="pmb2211"/>
                     <ptr type="pmb" target="pmb35603"/>
                     <ptr type="pmb" target="pmb154051"/>
                     <ptr type="pmb" target="pmb154052"/>
                     <ptr type="pmb" target="pmb154053"/>
                  </listRef>
               </ref>
               <ref type="URL">https://anno.onb.ac.at/cgi-content/anno?aid=nwg&amp;datum=19030630&amp;seite=13</ref>
               <noteGrp type="keywords">
                  <note type="Journal-Article">Artikel in einem Periodikum</note>
                  <note subtype="Nachtkritik">Nachtkritik</note>
               </noteGrp>
               <note type="bibliographical-statement">H. B.: Theater, Kunst und Literatur.
                  Kaiserjubiläums-Stadttheater. In: Neues Wiener Tagblatt, Jg. 37, Nr. 149,
                  30.6.1903, S. 13.</note>
            </biblStruct>
         </div>
      </body>
      <back>
         <listPerson>
            <person xml:id="pmb13068">
               <persName>
                  <forename>Frank</forename>
                  <surname>Wedekind</surname>
               </persName>
               <persName type="legacy-name-merge">Wedekind, Frank</persName>
               <birth>
                  <date when-iso="1864-07-24">24.07.1864</date>
                  <settlement key="890">
                     <placeName type="pref">Hannover</placeName>
                     <location>
                        <geo>52,37052 9,73322</geo>
                     </location>
                  </settlement>
               </birth>
               <death>
                  <date when-iso="1918-03-09">09.03.1918</date>
                  <settlement key="45258">
                     <placeName type="pref">München</placeName>
                     <location>
                        <geo>48,13743 11,57549</geo>
                     </location>
                  </settlement>
               </death>
               <sex value="male"/>
               <occupation key="90">Schriftsteller/Schriftstellerin</occupation>
               <occupation key="105">Schauspieler/Schauspielerin</occupation>
               <idno type="URL" subtype="gnd">https://d-nb.info/gnd/118629867</idno>
               <idno type="URL" subtype="schnitzler-tagebuch">https://schnitzler-tagebuch.acdh.oeaw.ac.at/person_21130.html</idno>
               <idno type="URL" subtype="schnitzler-bahr">https://schnitzler-bahr.acdh.oeaw.ac.at/pmb13068.html</idno>
               <idno type="URL" subtype="pmb">https://pmb.acdh.oeaw.ac.at/entity/13068/</idno>
               <idno type="URL" subtype="schnitzler-briefe">https://schnitzler-briefe.acdh.oeaw.ac.at/pmb13068.html</idno>
               <idno type="URL" subtype="schnitzler-lektueren">https://schnitzler-lektueren.acdh.oeaw.ac.at/pmb13068.html</idno>
               <idno type="URL" subtype="legalkraus">https://kraus.wienbibliothek.at/register/personen/pmb13068</idno>
               <idno type="URL" subtype="fackel">https://fackel.oeaw.ac.at/?p=fackelp43433</idno>
               <idno type="URL" subtype="dritte-walpurgisnacht">https://kraus1933.ace.oeaw.ac.at/Gesamt.xml?template=register_personen.html&amp;letter=W#DWpers0250</idno>
               <idno type="URL" subtype="wikidata">http://www.wikidata.org/entity/Q57619</idno>
               <idno type="URL" subtype="wikipedia">https://de.wikipedia.org/wiki/Frank_Wedekind</idno>
               <idno type="URL" subtype="schnitzler-kino">https://schnitzler-kino.acdh.oeaw.ac.at/pmb13068.html</idno>
               <idno type="URL" subtype="bahr-textverzeichnis">https://bahr-textverzeichnis.acdh.oeaw.ac.at/pmb13068.html</idno>
               <idno type="URL" subtype="pmb">https://pmb.acdh.oeaw.ac.at/entity/162749/</idno>
               <idno type="URL" subtype="bahr-tsn">https://bahr-textverzeichnis.acdh.oeaw.ac.at/TSN-listperson.html#pmb13068</idno>
               <idno type="URL" subtype="schnitzler-interviews">https://schnitzler-interviews.acdh.oeaw.ac.at/pmb13068.html</idno>
               <listEvent>
                  <event key="143202" when-iso="1901-11-16">
                     <desc n="1256">ist Arbeitskraft bei</desc>
                     <label>Generalprobe Jung-Wiener Theater zum Lieben Augustin,
                           16.11.1901</label>
                     <idno type="URL" subtype="pmb">https://pmb.acdh.oeaw.ac.at/entity/143202/</idno>
                  </event>
                  <event key="144203" when-iso="1901-11-16">
                     <desc n="1256">ist Arbeitskraft bei</desc>
                     <label>Eröffnungsveranstaltung Jung-Wiener-Theater »Zum lieben Augustin«,
                           16.11.1901</label>
                     <idno type="URL" subtype="pmb">https://pmb.acdh.oeaw.ac.at/entity/144203/</idno>
                  </event>
                  <event key="42714" when-iso="1905-05-29">
                     <desc n="1256">ist Arbeitskraft bei</desc>
                     <label>Geschlossene Aufführung Die Büchse der Pandora, 29.5.1905</label>
                     <idno type="URL" subtype="pmb">https://pmb.acdh.oeaw.ac.at/entity/42714/</idno>
                  </event>
               </listEvent>
               <listBibl>
                  <bibl type="collections" n="5">legalkraus</bibl>
                  <bibl type="collections" n="10">Karl Kraus 1933: Dritte Walpurgisnacht</bibl>
                  <bibl type="collections" n="12">Fackel</bibl>
                  <bibl type="collections" n="16">Bahr Textverzeichnis</bibl>
               </listBibl>
               <note type="references"> </note>
               <figure>
                  <graphic url="https://commons.wikimedia.org/w/index.php?title=Special:Redirect/file/Frank%20Wedekind.jpg"/>
               </figure>
            </person>
            <person xml:id="pmb15170">
               <persName>
                  <forename>François de</forename>
                  <surname>Curel</surname>
               </persName>
               <persName type="legacy-name-merge">Curel, François de</persName>
               <birth>
                  <date when-iso="1854-06-10">10.06.1854</date>
                  <settlement key="46465">
                     <placeName type="pref">Metz</placeName>
                     <location>
                        <geo>49,11911 6,17269</geo>
                     </location>
                  </settlement>
               </birth>
               <death>
                  <date when-iso="1928-01-01">1928</date>
                  <settlement key="182">
                     <placeName type="pref">Paris</placeName>
                     <location>
                        <geo>48,85341 2,3488</geo>
                     </location>
                  </settlement>
               </death>
               <sex value="male"/>
               <occupation key="90">Schriftsteller/Schriftstellerin</occupation>
               <idno type="URL" subtype="schnitzler-tagebuch">https://schnitzler-tagebuch.acdh.oeaw.ac.at/person_14321.html</idno>
               <idno type="URL" subtype="pmb">https://pmb.acdh.oeaw.ac.at/entity/15170/</idno>
               <idno type="URL" subtype="gnd">https://d-nb.info/gnd/118670700</idno>
               <idno type="URL" subtype="schnitzler-lektueren">https://schnitzler-lektueren.acdh.oeaw.ac.at/pmb15170.html</idno>
               <idno type="URL" subtype="fackel">https://fackel.oeaw.ac.at/?p=fackelp43424</idno>
               <idno type="URL" subtype="wikidata">http://www.wikidata.org/entity/Q2411919</idno>
               <idno type="URL" subtype="wikipedia">https://de.wikipedia.org/wiki/Fran%C3%A7ois_de_Curel</idno>
               <idno type="URL" subtype="pmb">https://pmb.acdh.oeaw.ac.at/entity/159713/</idno>
               <idno type="URL" subtype="bahr-textverzeichnis">https://bahr-textverzeichnis.acdh.oeaw.ac.at/pmb15170.html</idno>
               <idno type="URL" subtype="bahr-tsn">https://bahr-textverzeichnis.acdh.oeaw.ac.at/TSN-listperson.html#pmb15170</idno>
               <listBibl>
                  <bibl type="collections" n="12">Fackel</bibl>
                  <bibl type="collections" n="16">Bahr Textverzeichnis</bibl>
               </listBibl>
               <note type="references"> </note>
               <figure>
                  <graphic url="https://commons.wikimedia.org/w/index.php?title=Special:Redirect/file/Fran%C3%A7ois%20de%20Curel%201918.jpg"/>
               </figure>
            </person>
            <person xml:id="pmb3659">
               <persName>
                  <forename>Suzanne</forename>
                  <surname>Desprès</surname>
               </persName>
               <persName type="person_geburtsname_vorname">Charlotte</persName>
               <persName type="person_geburtsname_nachname">Bouvallet</persName>
               <persName type="legacy-name-merge">Desprès, Suzanne</persName>
               <persName type="legacy-name-merge">Desprès, Suzanne</persName>
               <birth>
                  <date when-iso="1875-12-18">18.12.1875</date>
                  <settlement key="60025">
                     <placeName type="pref">Verdun</placeName>
                     <location>
                        <geo>49,15964 5,3829</geo>
                     </location>
                  </settlement>
               </birth>
               <death>
                  <date when-iso="1951-06-29">29.06.1951</date>
                  <settlement key="182">
                     <placeName type="pref">Paris</placeName>
                     <location>
                        <geo>48,85341 2,3488</geo>
                     </location>
                  </settlement>
               </death>
               <sex value="female"/>
               <occupation key="105">Schauspieler/Schauspielerin</occupation>
               <idno type="URL" subtype="gnd">https://d-nb.info/gnd/136827047</idno>
               <idno type="URL" subtype="schnitzler-bahr">https://schnitzler-bahr.acdh.oeaw.ac.at/pmb3659.html</idno>
               <idno type="URL" subtype="pmb">https://pmb.acdh.oeaw.ac.at/entity/3659/</idno>
               <idno type="URL" subtype="schnitzler-tagebuch">https://schnitzler-tagebuch.acdh.oeaw.ac.at/person_14415.html</idno>
               <idno type="URL" subtype="schnitzler-briefe">https://schnitzler-briefe.acdh.oeaw.ac.at/pmb3659.html</idno>
               <idno type="URL" subtype="fackel">https://fackel.oeaw.ac.at/?p=fackelp40393</idno>
               <idno type="URL" subtype="wikidata">http://www.wikidata.org/entity/Q2749936</idno>
               <idno type="URL" subtype="pmb">https://pmb.acdh.oeaw.ac.at/entity/159768/</idno>
               <idno type="URL" subtype="bahr-textverzeichnis">https://bahr-textverzeichnis.acdh.oeaw.ac.at/pmb3659.html</idno>
               <idno type="URL" subtype="bahr-tsn">https://bahr-textverzeichnis.acdh.oeaw.ac.at/TSN-listperson.html#pmb3659</idno>
               <listEvent>
                  <event key="46496" when-iso="1909-04-16">
                     <desc n="1256">ist Arbeitskraft bei</desc>
                     <label>Gastspiel Suzanne Desprès, 16.4.1909</label>
                     <idno type="URL" subtype="pmb">https://pmb.acdh.oeaw.ac.at/entity/46496/</idno>
                  </event>
               </listEvent>
               <listBibl>
                  <bibl type="collections" n="14">Kein deutscher Wikipedia-Eintrag
                        gefunden</bibl>
                  <bibl type="collections" n="16">Bahr Textverzeichnis</bibl>
                  <bibl type="collections" n="22">No german Wikipedia-Site found</bibl>
               </listBibl>
               <note type="references"> </note>
               <figure>
                  <graphic url="https://commons.wikimedia.org/w/index.php?title=Special:Redirect/file/Suzanne%20Despres%20Detail%20from%20Collection%20Felix%20Potin.jpg"/>
               </figure>
            </person>
            <person xml:id="pmb2211">
               <persName>
                  <forename>André</forename>
                  <surname>Antoine</surname>
               </persName>
               <persName type="legacy-name-merge">Antoine, André Leonhard</persName>
               <persName type="legacy-name-merge">Antoine, André</persName>
               <birth>
                  <date when-iso="1858-01-31">1858-01-31</date>
                  <settlement key="47377">
                     <placeName type="pref">Limoges</placeName>
                     <location>
                        <geo>45,83362 1,24759</geo>
                     </location>
                  </settlement>
               </birth>
               <death>
                  <date when-iso="1943-10-23">1943-10-23</date>
                  <settlement key="53788">
                     <placeName type="pref">Le Pouliguen</placeName>
                     <location>
                        <geo>47,27187 -2,43319</geo>
                     </location>
                  </settlement>
               </death>
               <sex value="male"/>
               <occupation key="103">Theaterleiter/Theaterleiterin</occupation>
               <occupation key="105">Schauspieler/Schauspielerin</occupation>
               <idno type="URL" subtype="gnd">https://d-nb.info/gnd/118649663</idno>
               <idno type="URL" subtype="schnitzler-bahr">https://schnitzler-bahr.acdh.oeaw.ac.at/pmb2211.html</idno>
               <idno type="URL" subtype="pmb">https://pmb.acdh.oeaw.ac.at/entity/2211/</idno>
               <idno type="URL" subtype="schnitzler-tagebuch">https://schnitzler-tagebuch.acdh.oeaw.ac.at/person_13228.html</idno>
               <idno type="URL" subtype="schnitzler-briefe">https://schnitzler-briefe.acdh.oeaw.ac.at/pmb2211.html</idno>
               <idno type="URL" subtype="bahr-textverzeichnis">https://bahr-textverzeichnis.acdh.oeaw.ac.at/pmb2211.html</idno>
               <idno type="URL" subtype="fackel">https://fackel.oeaw.ac.at/?p=fackelp38321</idno>
               <idno type="URL" subtype="wikidata">http://www.wikidata.org/entity/Q529001</idno>
               <idno type="URL" subtype="wikipedia">https://de.wikipedia.org/wiki/Andr%C3%A9_Antoine</idno>
               <idno type="URL" subtype="schnitzler-interviews">https://schnitzler-interviews.acdh.oeaw.ac.at/pmb2211.html</idno>
               <idno type="URL" subtype="pmb">https://pmb.acdh.oeaw.ac.at/entity/159132/</idno>
               <idno type="URL" subtype="bahr-tsn">https://bahr-textverzeichnis.acdh.oeaw.ac.at/TSN-listperson.html#pmb2211</idno>
               <affiliation notBefore-iso="1888-01-01"
                            when-iso="1888-01-01"
                            notAfter-iso="1888-12-31">
                  <term key="1182">arbeitet für</term>
                  <orgName key="88609">Théâtre Libre</orgName>
                  <idno type="URL" subtype="pmb">https://pmb.acdh.oeaw.ac.at/entity/88609/</idno>
               </affiliation>
               <affiliation notBefore-iso="1896-01-01"
                            when-iso="1896-01-01"
                            notAfter-iso="1896-12-31">
                  <term key="1182">arbeitet für</term>
                  <orgName key="93494">Odéon</orgName>
                  <idno type="URL" subtype="pmb">https://pmb.acdh.oeaw.ac.at/entity/93494/</idno>
                  <idno type="URL" subtype="gnd">https://d-nb.info/gnd/3023355-0</idno>
                  <idno type="URL" subtype="wikidata">http://www.wikidata.org/entity/Q113531639</idno>
               </affiliation>
               <affiliation notBefore-iso="1897-01-01"
                            when-iso="1897-01-01"
                            notAfter-iso="1897-12-31">
                  <term key="1409">besitzt</term>
                  <orgName key="88613">Théâtre Antoine</orgName>
                  <idno type="URL" subtype="pmb">https://pmb.acdh.oeaw.ac.at/entity/88613/</idno>
               </affiliation>
               <listEvent>
                  <event key="93182" when-iso="1892-11-03">
                     <desc n="1256">ist Arbeitskraft bei</desc>
                     <label>Premiere von Le Grappin, 3.11.1892</label>
                     <idno type="URL" subtype="pmb">https://pmb.acdh.oeaw.ac.at/entity/93182/</idno>
                  </event>
                  <event key="44739" when-iso="1903-11-07">
                     <desc n="1256">ist Arbeitskraft bei</desc>
                     <label>Premiere von Au Perroquet Vert, 7.11.1903</label>
                     <idno type="URL" subtype="pmb">https://pmb.acdh.oeaw.ac.at/entity/44739/</idno>
                  </event>
               </listEvent>
               <listBibl>
                  <bibl type="collections" n="12">Fackel</bibl>
                  <bibl type="collections" n="16">Bahr Textverzeichnis</bibl>
               </listBibl>
               <note type="references"> </note>
               <figure>
                  <graphic url="https://commons.wikimedia.org/w/index.php?title=Special:Redirect/file/Andr%C3%A9%20Antoine%20actor.jpg"/>
               </figure>
            </person>
            <person xml:id="pmb35603">
               <persName>
                  <forename>Paula</forename>
                  <surname>Wirth</surname>
               </persName>
               <birth>
                  <date when-iso="1869-01-19">19.1.1869</date>
                  <settlement key="45258">
                     <placeName type="pref">München</placeName>
                     <location>
                        <geo>48,13743 11,57549</geo>
                     </location>
                  </settlement>
               </birth>
               <death>
                  <date when-iso="1922-09-13">13.9.1922</date>
                  <settlement key="891">
                     <placeName type="pref">Bremen</placeName>
                     <location>
                        <geo>53,07516 8,80777</geo>
                     </location>
                  </settlement>
               </death>
               <sex value="female"/>
               <occupation key="105">Schauspieler/Schauspielerin</occupation>
               <idno type="URL" subtype="pmb">https://pmb.acdh.oeaw.ac.at/entity/35603/</idno>
               <idno type="URL" subtype="schnitzler-briefe">https://schnitzler-briefe.acdh.oeaw.ac.at/pmb35603.html</idno>
               <idno type="URL" subtype="bahr-textverzeichnis">https://bahr-textverzeichnis.acdh.oeaw.ac.at/pmb35603.html</idno>
               <affiliation notBefore-iso="1897-01-01"
                            when-iso="1897-01-01"
                            notAfter-iso="1897-12-31">
                  <term key="1182">arbeitet für</term>
                  <orgName key="35053">Lessing-Theater</orgName>
                  <idno type="URL" subtype="pmb">https://pmb.acdh.oeaw.ac.at/entity/35053/</idno>
                  <idno type="URL" subtype="schnitzler-briefe">https://schnitzler-briefe.acdh.oeaw.ac.at/pmb35053.html</idno>
                  <idno type="URL" subtype="legalkraus">https://kraus.wienbibliothek.at/register/institutionen/pmb35053</idno>
                  <idno type="URL" subtype="schnitzler-interviews">https://schnitzler-interviews.acdh.oeaw.ac.at/pmb35053.html</idno>
                  <idno type="URL" subtype="wikidata">http://www.wikidata.org/entity/Q261757</idno>
                  <idno type="URL" subtype="wikipedia">https://de.wikipedia.org/wiki/Lessingtheater_(Berlin)</idno>
               </affiliation>
            </person>
            <person xml:id="pmb154051">
               <persName>
                  <forename>Robert</forename>
                  <surname>Talwyce</surname>
               </persName>
               <sex value="not-set"/>
               <idno type="URL" subtype="pmb">https://pmb.acdh.oeaw.ac.at/entity/154051/</idno>
               <idno type="URL" subtype="bahr-textverzeichnis">https://bahr-textverzeichnis.acdh.oeaw.ac.at/pmb154051.html</idno>
               <listBibl>
                  <bibl type="collections" n="16">Bahr Textverzeichnis</bibl>
               </listBibl>
            </person>
            <person xml:id="pmb154052">
               <persName>
                  <forename>Richard</forename>
                  <surname>Godai</surname>
               </persName>
               <persName type="legacy-name-merge">Godai, Richard</persName>
               <persName type="legacy-name-merge">Godai, Richard</persName>
               <persName type="legacy-name-merge">Godai, Richard</persName>
               <persName type="legacy-name-merge">Godai, Richard</persName>
               <birth>
                  <date notBefore-iso="1864-01-01"
                        when-iso="1864-01-01"
                        notAfter-iso="1864-12-31">1864</date>
               </birth>
               <sex value="not-set"/>
               <idno type="URL" subtype="bahr-textverzeichnis">https://bahr-textverzeichnis.acdh.oeaw.ac.at/pmb154545.html</idno>
               <idno type="URL" subtype="bahr-textverzeichnis">https://bahr-textverzeichnis.acdh.oeaw.ac.at/pmb154480.html</idno>
               <idno type="URL" subtype="bahr-textverzeichnis">https://bahr-textverzeichnis.acdh.oeaw.ac.at/pmb156930.html</idno>
               <idno type="URL" subtype="bahr-textverzeichnis">https://bahr-textverzeichnis.acdh.oeaw.ac.at/pmb154397.html</idno>
               <idno type="URL" subtype="pmb">https://pmb.acdh.oeaw.ac.at/entity/154052/</idno>
               <idno type="URL" subtype="pmb">https://pmb.acdh.oeaw.ac.at/entity/154397/</idno>
               <idno type="URL" subtype="pmb">https://pmb.acdh.oeaw.ac.at/entity/154480/</idno>
               <idno type="URL" subtype="pmb">https://pmb.acdh.oeaw.ac.at/entity/154545/</idno>
               <idno type="URL" subtype="pmb">https://pmb.acdh.oeaw.ac.at/entity/156930/</idno>
               <idno type="URL" subtype="bahr-textverzeichnis">https://bahr-textverzeichnis.acdh.oeaw.ac.at/pmb154052.html</idno>
               <listBibl>
                  <bibl type="collections" n="16">Bahr Textverzeichnis</bibl>
               </listBibl>
            </person>
            <person xml:id="pmb154053">
               <persName>
                  <surname>Hoheneck</surname>
               </persName>
               <sex value="not-set"/>
               <occupation key="105">Schauspieler/Schauspielerin</occupation>
               <idno type="URL" subtype="pmb">https://pmb.acdh.oeaw.ac.at/entity/154053/</idno>
               <idno type="URL" subtype="bahr-textverzeichnis">https://bahr-textverzeichnis.acdh.oeaw.ac.at/pmb154053.html</idno>
               <listBibl>
                  <bibl type="collections" n="16">Bahr Textverzeichnis</bibl>
               </listBibl>
            </person>
         </listPerson>
      </back>
   </text>
</TEI>
