<?xml version="1.0" encoding="UTF-8"?>
<TEI xmlns="http://www.tei-c.org/ns/1.0"
     xmlns:tei="http://www.tei-c.org/ns/1.0"
     xml:id="pmb122407.xml"
     prev="pmb134139"
     next="pmb134057">
   <teiHeader>
      <fileDesc>
         <titleStmt>
            <title level="s">Hermann Bahr – Textverzeichnis</title>
            <title level="a">Der Handschuh</title>
            <title type="iso-date">1893-09-17</title>
            <respStmt>
               <resp>providing the content</resp>
               <name>Martin Anton Müller</name>
            </respStmt>
            <respStmt>
               <resp>converted to XML encoding</resp>
               <name>Martin Anton Müller</name>
            </respStmt>
         </titleStmt>
         <publicationStmt>
            <publisher>Austrian Centre for Digital Humanities and Cultural
                                    Heritage (ACDH-CH)</publisher>
            <date>2024-03-19+01:00</date>
            <idno type="URI">https://id.acdh.oeaw.ac.at/bahr-textverzeichnis/pmb122407.xml</idno>
         </publicationStmt>
         <sourceDesc>
            <p>Bibliografische Angaben eines in Druck erschienen Texts von
                                    Bahr</p>
         </sourceDesc>
      </fileDesc>
   </teiHeader>
   <text>
      <body>
         <div type="bibliografische-angabe">
            <biblStruct xml:id="pmb122407"
                        type="Journal-Article"
                        subtype="Glosse"
                        status="checked"
                        prev="pmb134139"
                        next="pmb134057">
               <analytic>
                  <author ref="pmb10815">Mepherl</author>
                  <title level="a" ref="pmb122407">Der Handschuh</title>
               </analytic>
               <monogr>
                  <title level="j" ref="pmb41471">Deutsche Zeitung</title>
                  <imprint>
                     <biblScope unit="jg">23</biblScope>
                     <biblScope unit="issue">7803, Sonntags-Ausgabe</biblScope>
                     <biblScope unit="page">3</biblScope>
                     <date when="1893-09-17">17.9.1893</date>
                  </imprint>
               </monogr>
               <note type="incipit">Die braunen Blätter fallen von den Bäumen</note>
               <ref type="URL">https://bahr.univie.ac.at/sites/all/txt/deutsche-zeitung/78033.pdf</ref>
               <noteGrp type="keywords">
                  <note type="Journal-Article">Artikel in einem Periodikum</note>
                  <note subtype="Glosse">Glosse</note>
               </noteGrp>
               <note type="bibliographical-statement">Mepherl: Der Handschuh. In: Deutsche Zeitung,
                  Jg. 23, Nr. 7803, Sonntags-Ausgabe, 17.9.1893, S. 3.</note>
            </biblStruct>
         </div>
      </body>
      <back/>
   </text>
</TEI>
