<?xml version="1.0" encoding="UTF-8"?>
<TEI xmlns="http://www.tei-c.org/ns/1.0"
     xmlns:tei="http://www.tei-c.org/ns/1.0"
     xml:id="pmb122549.xml"
     prev="pmb122547"
     next="pmb122551">
   <teiHeader>
      <fileDesc>
         <titleStmt>
            <title level="s">Hermann Bahr – Textverzeichnis</title>
            <title level="a">Friedrich Haase. Wien, 7. März 1888</title>
            <title type="iso-date">1888</title>
            <respStmt>
               <resp>providing the content</resp>
               <name>Martin Anton Müller</name>
            </respStmt>
            <respStmt>
               <resp>converted to XML encoding</resp>
               <name>Martin Anton Müller</name>
            </respStmt>
         </titleStmt>
         <publicationStmt>
            <publisher>Austrian Centre for Digital Humanities and Cultural
                                    Heritage (ACDH-CH)</publisher>
            <date>2024-03-19+01:00</date>
            <idno type="URI">https://id.acdh.oeaw.ac.at/bahr-textverzeichnis/pmb122549.xml</idno>
         </publicationStmt>
         <sourceDesc>
            <p>Bibliografische Angaben eines in Druck erschienen Texts von
                                    Bahr</p>
         </sourceDesc>
      </fileDesc>
   </teiHeader>
   <text>
      <body>
         <div type="bibliografische-angabe">
            <biblStruct xml:id="pmb122549"
                        type="Journal-Article"
                        status="checked"
                        prev="pmb122547"
                        next="pmb122551">
               <analytic>
                  <author ref="pmb10815">hr</author>
                  <title level="a" ref="pmb122549">Friedrich Haase. Wien, 7. März 1888</title>
               </analytic>
               <monogr>
                  <title level="j" ref="pmb122067">Deutsche Wochenschrift</title>
                  <imprint>
                     <biblScope unit="jg">6</biblScope>
                     <biblScope unit="issue">10</biblScope>
                     <biblScope unit="page">5</biblScope>
                     <date when="1888">1888</date>
                  </imprint>
               </monogr>
               <note>
                  <p>Als Grund für sein Pseudonym bei diesem Artikel gibt Bahr seine Militärzeit an.
                     Die Deutsche Wochenschrift soll von Haase sein Bild und Brief bekommen haben,
                     worin er sich bei »Meinem unbekannten Gönner« bedankt. (»Friedrich Haase« in:
                     Essays (1912), 218.)</p>
               </note>
               <note type="monographies">
                  <bibl type="obsolete">
                     <title level="m" ref="pmb32440">Zur Kritik der
                        Moderne</title>
                     <biblScope unit="page">93–96</biblScope>
                     <title level="a" ref="pmb134539">Vom Wiener Theater. 5. Friedrich Haase</title>
                  </bibl>
               </note>
               <note type="incipit">Jede einzelne Kunst hat ja besonderen</note>
               <ref type="URL">https://bahr.univie.ac.at/sites/all/txt/deutsche-wochenschrift/1888_deutschte-wochenschrift.pdf</ref>
               <noteGrp type="keywords">
                  <note type="Journal-Article">Artikel in einem Periodikum</note>
               </noteGrp>
               <note type="bibliographical-statement">hr: Friedrich Haase. Wien, 7. März 1888. In:
                  Deutsche Wochenschrift, Jg. 6 (1888) Nr. 10, S. 5.</note>
               <ref type="abdrucke">
                  <listRef>
                     <ptr type="textref" target="pmb134539"/>
                  </listRef>
               </ref>
            </biblStruct>
         </div>
      </body>
      <back/>
   </text>
</TEI>
