<?xml version="1.0" encoding="UTF-8"?>
<TEI xmlns="http://www.tei-c.org/ns/1.0"
     xmlns:tei="http://www.tei-c.org/ns/1.0"
     xml:id="pmb123075.xml"
     prev="pmb134925"
     next="pmb132677">
   <teiHeader>
      <fileDesc>
         <titleStmt>
            <title level="s">Hermann Bahr – Textverzeichnis</title>
            <title level="a">Theater und Kunst. Burgtheater</title>
            <title type="iso-date">1901-10-24</title>
            <respStmt>
               <resp>providing the content</resp>
               <name>Martin Anton Müller</name>
            </respStmt>
            <respStmt>
               <resp>converted to XML encoding</resp>
               <name>Martin Anton Müller</name>
            </respStmt>
         </titleStmt>
         <publicationStmt>
            <publisher>Austrian Centre for Digital Humanities and Cultural
                                    Heritage (ACDH-CH)</publisher>
            <date>2024-03-19+01:00</date>
            <idno type="URI">https://id.acdh.oeaw.ac.at/bahr-textverzeichnis/pmb123075.xml</idno>
         </publicationStmt>
         <sourceDesc>
            <p>Bibliografische Angaben eines in Druck erschienen Texts von
                                    Bahr</p>
         </sourceDesc>
      </fileDesc>
   </teiHeader>
   <text>
      <body>
         <div type="bibliografische-angabe">
            <biblStruct xml:id="pmb123075"
                        type="Journal-Article"
                        subtype="Nachtkritik"
                        status="checked"
                        prev="pmb134925"
                        next="pmb132677">
               <analytic>
                  <author ref="pmb10815">H. B.</author>
                  <title level="a" ref="pmb123075">Theater und Kunst. Burgtheater</title>
               </analytic>
               <monogr>
                  <title level="j" ref="pmb41552">Österreichische Volks-Zeitung</title>
                  <imprint>
                     <biblScope unit="jg">47</biblScope>
                     <biblScope unit="issue">292</biblScope>
                     <biblScope unit="page">11</biblScope>
                     <date when="1901-10-24">24.10.1901</date>
                  </imprint>
               </monogr>
               <note>
                  <p>Eine der wenigen Kurzrezensionen Bahrs, die nicht in die 2 Kreuzer-Ausgabe
                     aufgenommen wurden.</p>
               </note>
               <note type="review-of">
                  <bibl>
                     <title level="m">Die zärtlichen Verwandten</title>
                     <author>Roderich Benedix</author>
                  </bibl>
               </note>
               <note type="incipit">Die »zärtlichen Verwandten« neu besetzt. Den Schummrich gibt
                  Herr Korff mit reizender Laune</note>
               <ref type="personenindex">
                  <listRef>
                     <ptr type="pmb" target="pmb2249"/>
                     <ptr type="pmb" target="pmb13125"/>
                     <ptr type="pmb" target="pmb5765"/>
                     <ptr type="pmb" target="pmb13863"/>
                     <ptr type="pmb" target="pmb13999"/>
                     <ptr type="pmb" target="pmb154229"/>
                     <ptr type="pmb" target="pmb154230"/>
                  </listRef>
               </ref>
               <noteGrp type="keywords">
                  <note type="Journal-Article">Artikel in einem Periodikum</note>
                  <note subtype="Nachtkritik">Nachtkritik</note>
               </noteGrp>
               <note type="bibliographical-statement">H. B.: Theater und Kunst. Burgtheater. In:
                  Österreichische Volks-Zeitung, Jg. 47, Nr. 292, 24.10.1901, S. 11.</note>
            </biblStruct>
         </div>
      </body>
      <back>
         <listPerson>
            <person xml:id="pmb2249">
               <persName>
                  <forename>Arnold</forename>
                  <surname>Korff</surname>
               </persName>
               <persName type="person_geburtsname_nachname">Kirsch</persName>
               <persName type="legacy-name-merge">Korff, Arnold</persName>
               <birth>
                  <date when-iso="1868-08-02">02.08.1868</date>
                  <settlement key="50">
                     <placeName type="pref">Wien</placeName>
                     <location>
                        <geo>48,2066 16,37341</geo>
                     </location>
                  </settlement>
               </birth>
               <death>
                  <date when-iso="1944-06-02">02.06.1944</date>
                  <settlement key="44053">
                     <placeName type="pref">New York City</placeName>
                     <location>
                        <geo>40,71427 -74,00597</geo>
                     </location>
                  </settlement>
               </death>
               <sex value="male"/>
               <occupation key="105">Schauspieler/Schauspielerin</occupation>
               <idno type="URL" subtype="gnd">https://d-nb.info/gnd/101334071X</idno>
               <idno type="URL" subtype="schnitzler-tagebuch">https://schnitzler-tagebuch.acdh.oeaw.ac.at/person_17046.html</idno>
               <idno type="URL" subtype="schnitzler-bahr">https://schnitzler-bahr.acdh.oeaw.ac.at/pmb2249.html</idno>
               <idno type="URL" subtype="pmb">https://pmb.acdh.oeaw.ac.at/entity/2249/</idno>
               <idno type="URL" subtype="schnitzler-briefe">https://schnitzler-briefe.acdh.oeaw.ac.at/pmb2249.html</idno>
               <idno type="URL" subtype="fackel">https://fackel.oeaw.ac.at/?p=fackelp38449</idno>
               <idno type="URL" subtype="oebl">https://doi.org/10.1553/0x0028289a</idno>
               <idno type="URL" subtype="wikidata">http://www.wikidata.org/entity/Q89060</idno>
               <idno type="URL" subtype="wikipedia">https://de.wikipedia.org/wiki/Arnold_Korff</idno>
               <idno type="URL" subtype="schnitzler-kino">https://schnitzler-kino.acdh.oeaw.ac.at/pmb2249.html</idno>
               <idno type="URL" subtype="schnitzler-interviews">https://schnitzler-interviews.acdh.oeaw.ac.at/pmb2249.html</idno>
               <idno type="URL" subtype="pmb">https://pmb.acdh.oeaw.ac.at/entity/160858/</idno>
               <idno type="URL" subtype="bahr-tsn">https://bahr-textverzeichnis.acdh.oeaw.ac.at/TSN-listperson.html#pmb2249</idno>
               <idno type="URL" subtype="bahr-textverzeichnis">https://bahr-textverzeichnis.acdh.oeaw.ac.at/pmb2249.html</idno>
               <listEvent>
                  <event key="35161" when-iso="1898-02-04">
                     <desc n="1256">ist Arbeitskraft bei</desc>
                     <label>Premiere von Freiwild. Schauspiel in 3 Akten, 4.2.1898</label>
                     <idno type="URL" subtype="pmb">https://pmb.acdh.oeaw.ac.at/entity/35161/</idno>
                  </event>
                  <event key="43248" when-iso="1899-11-25">
                     <desc n="1256">ist Arbeitskraft bei</desc>
                     <label>Aufführung von Liebelei, 25.11.1899</label>
                     <idno type="URL" subtype="pmb">https://pmb.acdh.oeaw.ac.at/entity/43248/</idno>
                  </event>
                  <event key="42714" when-iso="1905-05-29">
                     <desc n="1256">ist Arbeitskraft bei</desc>
                     <label>Geschlossene Aufführung Die Büchse der Pandora, 29.5.1905</label>
                     <idno type="URL" subtype="pmb">https://pmb.acdh.oeaw.ac.at/entity/42714/</idno>
                  </event>
                  <event key="143145" when-iso="1905-09-29">
                     <desc n="1256">ist Arbeitskraft bei</desc>
                     <label>Aufführung von Liebelei, 29.9.1905</label>
                     <idno type="URL" subtype="pmb">https://pmb.acdh.oeaw.ac.at/entity/143145/</idno>
                  </event>
                  <event key="35173" when-iso="1905-10-12">
                     <desc n="1256">ist Arbeitskraft bei</desc>
                     <label>Uraufführung von Zwischenspiel, 12.10.1905</label>
                     <idno type="URL" subtype="pmb">https://pmb.acdh.oeaw.ac.at/entity/35173/</idno>
                  </event>
                  <event key="88534" when-iso="1911-10-14">
                     <desc n="1256">ist Arbeitskraft bei</desc>
                     <label>Premiere von Das weite Land, 14.10.1911 [I.]</label>
                     <idno type="URL" subtype="pmb">https://pmb.acdh.oeaw.ac.at/entity/35364/</idno>
                     <idno type="URL" subtype="pmb">https://pmb.acdh.oeaw.ac.at/entity/88534/</idno>
                  </event>
                  <event key="62220" when-iso="1923-04-16">
                     <desc n="1256">ist Arbeitskraft bei</desc>
                     <label>Aufführung Das weite Land, 16.4.1923</label>
                     <idno type="URL" subtype="pmb">https://pmb.acdh.oeaw.ac.at/entity/62220/</idno>
                  </event>
               </listEvent>
               <listBibl>
                  <bibl type="collections" n="11">ÖBL nach 1850 geboren</bibl>
                  <bibl type="collections" n="12">Fackel</bibl>
                  <bibl type="collections" n="15">Schnitzler-Kino</bibl>
                  <bibl type="collections" n="16">Bahr Textverzeichnis</bibl>
               </listBibl>
               <note type="references">None </note>
               <figure>
                  <graphic url="https://commons.wikimedia.org/w/index.php?title=Special:Redirect/file/Arnold%20Korff%201897%20Vilimek.jpg"/>
               </figure>
            </person>
            <person xml:id="pmb13125">
               <persName>
                  <forename>Gisela</forename>
                  <surname>Wilke</surname>
               </persName>
               <birth>
                  <date when-iso="1882-06-30">30.06.1882</date>
                  <settlement key="44183">
                     <placeName type="pref">Olbernhau</placeName>
                     <location>
                        <geo>50,6587 13,3425</geo>
                     </location>
                  </settlement>
               </birth>
               <death>
                  <date when-iso="1958-09-25">25.09.1958</date>
                  <settlement key="50">
                     <placeName type="pref">Wien</placeName>
                     <location>
                        <geo>48,2066 16,37341</geo>
                     </location>
                  </settlement>
               </death>
               <sex value="female"/>
               <occupation key="105">Schauspieler/Schauspielerin</occupation>
               <idno type="URL" subtype="gnd">https://d-nb.info/gnd/117383597</idno>
               <idno type="URL" subtype="schnitzler-tagebuch">https://schnitzler-tagebuch.acdh.oeaw.ac.at/person_21345.html</idno>
               <idno type="URL" subtype="schnitzler-bahr">https://schnitzler-bahr.acdh.oeaw.ac.at/pmb13125.html</idno>
               <idno type="URL" subtype="pmb">https://pmb.acdh.oeaw.ac.at/entity/13125/</idno>
               <idno type="URL" subtype="wikidata">http://www.wikidata.org/entity/Q1527481</idno>
               <idno type="URL" subtype="wikipedia">https://de.wikipedia.org/wiki/Gisela_Wilke</idno>
               <idno type="URL" subtype="bahr-textverzeichnis">https://bahr-textverzeichnis.acdh.oeaw.ac.at/pmb13125.html</idno>
               <figure>
                  <graphic url="https://commons.wikimedia.org/w/index.php?title=Special:Redirect/file/Gisela%20Wilke%20%281900%29.jpg"/>
               </figure>
            </person>
            <person xml:id="pmb5765">
               <persName>
                  <forename>Maria</forename>
                  <surname>Mell</surname>
               </persName>
               <persName type="person_rufname">Mary</persName>
               <persName type="person_ehename_nachname">Goltz</persName>
               <persName type="legacy-name-merge">Mell, Maria</persName>
               <birth>
                  <date when-iso="1885-07-12">12.07.1885</date>
                  <settlement key="49947">
                     <placeName type="pref">Maribor</placeName>
                     <location>
                        <geo>46,55472 15,64667</geo>
                     </location>
                  </settlement>
               </birth>
               <death>
                  <date when-iso="1954-10-29">29.10.1954</date>
                  <settlement key="50">
                     <placeName type="pref">Wien</placeName>
                     <location>
                        <geo>48,2066 16,37341</geo>
                     </location>
                  </settlement>
               </death>
               <sex value="female"/>
               <occupation key="105">Schauspieler/Schauspielerin</occupation>
               <idno type="URL" subtype="gnd">https://d-nb.info/gnd/116875291</idno>
               <idno type="URL" subtype="pmb">https://pmb.acdh.oeaw.ac.at/entity/5765/</idno>
               <idno type="URL" subtype="schnitzler-tagebuch">https://schnitzler-tagebuch.acdh.oeaw.ac.at/person_18056.html</idno>
               <idno type="URL" subtype="schnitzler-briefe">https://schnitzler-briefe.acdh.oeaw.ac.at/pmb5765.html</idno>
               <idno type="URL" subtype="wikidata">http://www.wikidata.org/entity/Q59653280</idno>
               <idno type="URL" subtype="bahr-textverzeichnis">https://bahr-textverzeichnis.acdh.oeaw.ac.at/pmb5765.html</idno>
               <affiliation>
                  <term key="1182">arbeitet für</term>
                  <orgName key="36247">Burgtheater</orgName>
                  <idno type="URL" subtype="gnd">https://d-nb.info/gnd/38633-9</idno>
                  <idno type="URL" subtype="pmb">https://pmb.acdh.oeaw.ac.at/entity/36247/</idno>
                  <idno type="URL" subtype="schnitzler-briefe">https://schnitzler-briefe.acdh.oeaw.ac.at/pmb36247.html</idno>
                  <idno type="URL" subtype="legalkraus">https://kraus.wienbibliothek.at/register/institutionen/pmb36247</idno>
                  <idno type="URL" subtype="wikidata">http://www.wikidata.org/entity/Q308720</idno>
                  <idno type="URL" subtype="wikipedia">https://de.wikipedia.org/wiki/Burgtheater</idno>
                  <idno type="URL" subtype="schnitzler-interviews">https://schnitzler-interviews.acdh.oeaw.ac.at/pmb36247.html</idno>
               </affiliation>
               <listEvent>
                  <event key="35251" when-iso="1910-11-24">
                     <desc n="1256">ist Arbeitskraft bei</desc>
                     <label>Uraufführung von Der junge Medardus, 24.11.1910</label>
                     <idno type="URL" subtype="pmb">https://pmb.acdh.oeaw.ac.at/entity/35251/</idno>
                  </event>
               </listEvent>
               <listBibl>
                  <bibl type="collections" n="14">Kein deutscher Wikipedia-Eintrag
                        gefunden</bibl>
                  <bibl type="collections" n="22">No german Wikipedia-Site found</bibl>
               </listBibl>
            </person>
            <person xml:id="pmb13863">
               <persName>
                  <forename>Karl</forename>
                  <surname>Baumgartner</surname>
               </persName>
               <birth>
                  <date when-iso="1844-01-01">1844</date>
               </birth>
               <death>
                  <date when-iso="1925-11-06">06.11.1925</date>
                  <settlement key="662">
                     <placeName type="pref">Baden bei Wien</placeName>
                     <location>
                        <geo>48,00543 16,23264</geo>
                     </location>
                  </settlement>
               </death>
               <sex value="male"/>
               <occupation key="105">Schauspieler/Schauspielerin</occupation>
               <idno type="URL" subtype="schnitzler-tagebuch">https://schnitzler-tagebuch.acdh.oeaw.ac.at/person_13497.html</idno>
               <idno type="URL" subtype="pmb">https://pmb.acdh.oeaw.ac.at/entity/13863/</idno>
               <idno type="URL" subtype="bahr-textverzeichnis">https://bahr-textverzeichnis.acdh.oeaw.ac.at/pmb13863.html</idno>
            </person>
            <person xml:id="pmb13999">
               <persName>
                  <forename>Julius Roderich</forename>
                  <surname>Benedix</surname>
               </persName>
               <persName type="legacy-name-merge">Benedix, Roderich</persName>
               <birth>
                  <date when-iso="1811-01-21">21.01.1811</date>
                  <settlement key="864">
                     <placeName type="pref">Leipzig</placeName>
                     <location>
                        <geo>51,33962 12,37129</geo>
                     </location>
                  </settlement>
               </birth>
               <death>
                  <date when-iso="1873-09-26">26.09.1873</date>
                  <settlement key="864">
                     <placeName type="pref">Leipzig</placeName>
                     <location>
                        <geo>51,33962 12,37129</geo>
                     </location>
                  </settlement>
               </death>
               <sex value="male"/>
               <occupation key="90">Schriftsteller/Schriftstellerin</occupation>
               <occupation key="103">Theaterleiter/Theaterleiterin</occupation>
               <occupation key="105">Schauspieler/Schauspielerin</occupation>
               <occupation key="715">Theaterdirektor/Theaterdirektorin</occupation>
               <occupation key="727">Dramatiker/Dramatikerin</occupation>
               <idno type="URL" subtype="schnitzler-tagebuch">https://schnitzler-tagebuch.acdh.oeaw.ac.at/person_13596.html</idno>
               <idno type="URL" subtype="pmb">https://pmb.acdh.oeaw.ac.at/entity/13999/</idno>
               <idno type="URL" subtype="gnd">https://d-nb.info/gnd/118658166/</idno>
               <idno type="URL" subtype="schnitzler-lektueren">https://schnitzler-lektueren.acdh.oeaw.ac.at/pmb13999.html</idno>
               <idno type="URL" subtype="bahr-textverzeichnis">https://bahr-textverzeichnis.acdh.oeaw.ac.at/pmb13999.html</idno>
               <idno type="URL" subtype="fackel">https://fackel.oeaw.ac.at/?p=fackelp39058</idno>
               <idno type="URL" subtype="pmb">https://pmb.acdh.oeaw.ac.at/entity/112864/</idno>
               <idno type="URL" subtype="gnd">https://d-nb.info/gnd/118658166</idno>
               <idno type="URL" subtype="wikidata">http://www.wikidata.org/entity/Q87176</idno>
               <idno type="URL" subtype="wikipedia">https://de.wikipedia.org/wiki/Roderich_Benedix</idno>
               <idno type="URL" subtype="hanslick-online">https://hanslick.acdh.oeaw.ac.at/hsl_person_id_3300.html</idno>
               <listBibl>
                  <bibl type="collections" n="12">Fackel</bibl>
                  <bibl type="collections" n="16">Bahr Textverzeichnis</bibl>
               </listBibl>
               <figure>
                  <graphic url="https://commons.wikimedia.org/w/index.php?title=Special:Redirect/file/Roderich%20Benedix..jpg"/>
               </figure>
            </person>
            <person xml:id="pmb154229">
               <persName>
                  <forename>Marie</forename>
                  <surname>Heinrich</surname>
               </persName>
               <sex value="not-set"/>
               <idno type="URL" subtype="pmb">https://pmb.acdh.oeaw.ac.at/entity/154229/</idno>
               <idno type="URL" subtype="bahr-textverzeichnis">https://bahr-textverzeichnis.acdh.oeaw.ac.at/pmb154229.html</idno>
               <listBibl>
                  <bibl type="collections" n="16">Bahr Textverzeichnis</bibl>
               </listBibl>
            </person>
            <person xml:id="pmb154230">
               <persName>
                  <forename>Antonie</forename>
                  <surname>Schulz</surname>
               </persName>
               <sex value="not-set"/>
               <idno type="URL" subtype="pmb">https://pmb.acdh.oeaw.ac.at/entity/154230/</idno>
               <idno type="URL" subtype="bahr-textverzeichnis">https://bahr-textverzeichnis.acdh.oeaw.ac.at/pmb154230.html</idno>
               <listBibl>
                  <bibl type="collections" n="16">Bahr Textverzeichnis</bibl>
               </listBibl>
            </person>
         </listPerson>
      </back>
   </text>
</TEI>
