<?xml version="1.0" encoding="UTF-8"?>
<TEI xmlns="http://www.tei-c.org/ns/1.0"
     xmlns:tei="http://www.tei-c.org/ns/1.0"
     xml:id="pmb122953.xml"
     prev="pmb132557"
     next="pmb132601">
   <teiHeader>
      <fileDesc>
         <titleStmt>
            <title level="s">Hermann Bahr – Textverzeichnis</title>
            <title level="a">Theater, Kunst und Literatur. Theater an der
                     Wien</title>
            <title type="iso-date">1902-01-17</title>
            <respStmt>
               <resp>providing the content</resp>
               <name>Martin Anton Müller</name>
            </respStmt>
            <respStmt>
               <resp>converted to XML encoding</resp>
               <name>Martin Anton Müller</name>
            </respStmt>
         </titleStmt>
         <publicationStmt>
            <publisher>Austrian Centre for Digital Humanities and Cultural
                                    Heritage (ACDH-CH)</publisher>
            <date>2024-03-19+01:00</date>
            <idno type="URI">https://id.acdh.oeaw.ac.at/bahr-textverzeichnis/pmb122953.xml</idno>
         </publicationStmt>
         <sourceDesc>
            <p>Bibliografische Angaben eines in Druck erschienen Texts von
                                    Bahr</p>
         </sourceDesc>
      </fileDesc>
   </teiHeader>
   <text>
      <body>
         <div type="bibliografische-angabe">
            <biblStruct xml:id="pmb122953"
                        type="Journal-Article"
                        status="checked"
                        prev="pmb132557"
                        next="pmb132601">
               <analytic>
                  <author ref="pmb10815">H. B.</author>
                  <title level="a" ref="pmb122953">Theater, Kunst und Literatur. Theater an der
                     Wien</title>
               </analytic>
               <monogr>
                  <title level="j" ref="pmb41321">Neues Wiener Tagblatt</title>
                  <imprint>
                     <biblScope unit="jg">36</biblScope>
                     <biblScope unit="issue">16</biblScope>
                     <biblScope unit="page">9</biblScope>
                     <date when="1902-01-17">17.1.1902</date>
                  </imprint>
               </monogr>
               <note type="review-of">
                  <bibl>
                     <title level="m">Monsieur Badin</title>
                     <author>Georges Courteline</author>
                     <title level="m">Le Chien</title>
                     <author>Ernest Vois</author>
                     <title level="m">Mariage d’argent</title>
                     <author>Henri Bourgeois</author>
                  </bibl>
               </note>
               <note type="incipit">Nach dem Berliner und unserem eigenen haben wir nun auch ein
                  Pariser »Überbrettl« gesehen: die Yvette Guilbert</note>
               <ref type="personenindex">
                  <listRef>
                     <ptr type="pmb" target="pmb7597"/>
                  </listRef>
               </ref>
               <ref type="URL">https://anno.onb.ac.at/cgi-content/anno?aid=nwg&amp;datum=19020117&amp;seite=9</ref>
               <noteGrp type="keywords">
                  <note type="Journal-Article">Artikel in einem Periodikum</note>
               </noteGrp>
               <note type="bibliographical-statement">H. B.: Theater, Kunst und Literatur. Theater
                  an der Wien. In: Neues Wiener Tagblatt, Jg. 36, Nr. 16, 17.1.1902, S. 9.</note>
               <ref type="abdrucke">
                  <listRef>
                     <ptr type="textref" target="pmb132195"/>
                  </listRef>
               </ref>
            </biblStruct>
         </div>
      </body>
      <back>
         <listPerson>
            <person xml:id="pmb7597">
               <persName>
                  <forename>Yvette</forename>
                  <surname>Guilbert</surname>
               </persName>
               <birth>
                  <date when-iso="1865-01-20">20.01.1865</date>
                  <settlement key="182">
                     <placeName type="pref">Paris</placeName>
                     <location>
                        <geo>48,85341 2,3488</geo>
                     </location>
                  </settlement>
               </birth>
               <death>
                  <date when-iso="1944-02-03">03.02.1944</date>
                  <settlement key="49868">
                     <placeName type="pref">Aix-en-Provence</placeName>
                     <location>
                        <geo>43,5283 5,44973</geo>
                     </location>
                  </settlement>
               </death>
               <sex value="female"/>
               <occupation key="105">Schauspieler/Schauspielerin</occupation>
               <occupation key="107">Sänger/Sängerin</occupation>
               <idno type="URL" subtype="gnd">https://d-nb.info/gnd/118543466</idno>
               <idno type="URL" subtype="schnitzler-tagebuch">https://schnitzler-tagebuch.acdh.oeaw.ac.at/person_15741.html</idno>
               <idno type="URL" subtype="pmb">https://pmb.acdh.oeaw.ac.at/entity/7597/</idno>
               <idno type="URL" subtype="fackel">https://fackel.oeaw.ac.at/?p=fackelp55787</idno>
               <idno type="URL" subtype="wikidata">http://www.wikidata.org/entity/Q239838</idno>
               <idno type="URL" subtype="wikipedia">https://de.wikipedia.org/wiki/Yvette_Guilbert</idno>
               <idno type="URL" subtype="freud">https://freud.acdh-dev.oeaw.ac.at/frd_person_30.html</idno>
               <idno type="URL" subtype="schnitzler-kino">https://schnitzler-kino.acdh.oeaw.ac.at/pmb7597.html</idno>
               <idno type="URL" subtype="bahr-textverzeichnis">https://bahr-textverzeichnis.acdh.oeaw.ac.at/pmb7597.html</idno>
               <listBibl>
                  <bibl type="collections" n="12">Fackel</bibl>
               </listBibl>
               <figure>
                  <graphic url="https://commons.wikimedia.org/w/index.php?title=Special:Redirect/file/YvetteGuilbert.jpg"/>
               </figure>
            </person>
         </listPerson>
      </back>
   </text>
</TEI>
