<?xml version="1.0" encoding="UTF-8"?>
<TEI xmlns="http://www.tei-c.org/ns/1.0"
     xmlns:tei="http://www.tei-c.org/ns/1.0"
     xml:id="pmb122557.xml"
     prev="pmb122555"
     next="pmb134713">
   <teiHeader>
      <fileDesc>
         <titleStmt>
            <title level="s">Hermann Bahr – Textverzeichnis</title>
            <title level="a">Galeoto. Zur Aufführung im Wiener
                     Burgtheater</title>
            <title type="iso-date">1888</title>
            <respStmt>
               <resp>providing the content</resp>
               <name>Martin Anton Müller</name>
            </respStmt>
            <respStmt>
               <resp>converted to XML encoding</resp>
               <name>Martin Anton Müller</name>
            </respStmt>
         </titleStmt>
         <publicationStmt>
            <publisher>Austrian Centre for Digital Humanities and Cultural
                                    Heritage (ACDH-CH)</publisher>
            <date>2024-03-19+01:00</date>
            <idno type="URI">https://id.acdh.oeaw.ac.at/bahr-textverzeichnis/pmb122557.xml</idno>
         </publicationStmt>
         <sourceDesc>
            <p>Bibliografische Angaben eines in Druck erschienen Texts von
                                    Bahr</p>
         </sourceDesc>
      </fileDesc>
   </teiHeader>
   <text>
      <body>
         <div type="bibliografische-angabe">
            <biblStruct xml:id="pmb122557"
                        type="Journal-Article"
                        status="checked"
                        prev="pmb122555"
                        next="pmb134713">
               <analytic>
                  <author ref="pmb10815">hr</author>
                  <title level="a" ref="pmb122557">Galeoto. Zur Aufführung im Wiener
                     Burgtheater</title>
               </analytic>
               <monogr>
                  <title level="j" ref="pmb122067">Deutsche Wochenschrift</title>
                  <imprint>
                     <biblScope unit="jg">6</biblScope>
                     <biblScope unit="issue">6</biblScope>
                     <biblScope unit="page">2–4</biblScope>
                     <date when="1888">1888</date>
                  </imprint>
               </monogr>
               <note>
                  <p>Das Stück hatte am 30.1.1888 im Burgtheater Première.</p>
               </note>
               <note type="review-of">
                  <bibl>
                     <title level="m">El gran Galeoto (Galeotto)</title>
                     <author>José Echegaray</author>
                     <note>deutsch von Paul Lindau</note>
                  </bibl>
               </note>
               <note type="incipit">Es war ein Abend der Überraschungen.</note>
               <ref type="URL">https://bahr.univie.ac.at/sites/all/txt/deutsche-wochenschrift/1888_deutschte-wochenschrift.pdf</ref>
               <noteGrp type="keywords">
                  <note type="Journal-Article">Artikel in einem Periodikum</note>
               </noteGrp>
               <note type="bibliographical-statement">hr: Galeoto. Zur Aufführung im Wiener
                  Burgtheater. In: Deutsche Wochenschrift, Jg. 6 (1888) Nr. 6, S. 2–4.</note>
               <ref type="abdrucke">
                  <listRef>
                     <ptr type="textref" target="pmb134547"/>
                  </listRef>
               </ref>
            </biblStruct>
         </div>
      </body>
      <back/>
   </text>
</TEI>
