<?xml version="1.0" encoding="UTF-8"?>
<TEI xmlns="http://www.tei-c.org/ns/1.0"
     xmlns:tei="http://www.tei-c.org/ns/1.0"
     xml:id="pmb122643.xml"
     prev="pmb132013"
     next="pmb140783">
   <teiHeader>
      <fileDesc>
         <titleStmt>
            <title level="s">Hermann Bahr – Textverzeichnis</title>
            <title level="a">Theater und Kunst. Burgtheater</title>
            <title type="iso-date">1905-12-31</title>
            <respStmt>
               <resp>providing the content</resp>
               <name>Martin Anton Müller</name>
            </respStmt>
            <respStmt>
               <resp>converted to XML encoding</resp>
               <name>Martin Anton Müller</name>
            </respStmt>
         </titleStmt>
         <publicationStmt>
            <publisher>Austrian Centre for Digital Humanities and Cultural
                                    Heritage (ACDH-CH)</publisher>
            <date>2024-03-19+01:00</date>
            <idno type="URI">https://id.acdh.oeaw.ac.at/bahr-textverzeichnis/pmb122643.xml</idno>
         </publicationStmt>
         <sourceDesc>
            <p>Bibliografische Angaben eines in Druck erschienen Texts von
                                    Bahr</p>
         </sourceDesc>
      </fileDesc>
   </teiHeader>
   <text>
      <body>
         <div type="bibliografische-angabe">
            <biblStruct xml:id="pmb122643"
                        type="Journal-Article"
                        subtype="Nachtkritik"
                        status="checked"
                        prev="pmb132013"
                        next="pmb140783">
               <analytic>
                  <author ref="pmb10815">H. B.</author>
                  <title level="a" ref="pmb122643">Theater und Kunst. Burgtheater</title>
               </analytic>
               <monogr>
                  <title level="j" ref="pmb41552">Österreichische Volks-Zeitung</title>
                  <imprint>
                     <biblScope unit="jg">51</biblScope>
                     <biblScope unit="issue">360</biblScope>
                     <biblScope unit="page">21 (Kleine Ausgabe: 26)</biblScope>
                     <date when="1905-12-31">31.12.1905</date>
                  </imprint>
               </monogr>
               <note type="review-of">
                  <bibl>
                     <title level="m">Doktor Klaus</title>
                     <author>Adolf L’Arronge</author>
                  </bibl>
               </note>
               <note type="incipit">Jetzt gibt Herr Römpler den Dr. Klaus, für Herrn Nissen.</note>
               <ref type="personenindex">
                  <listRef>
                     <ptr type="pmb" target="pmb21985"/>
                     <ptr type="pmb" target="pmb12595"/>
                     <ptr type="pmb" target="pmb21727"/>
                     <ptr type="pmb" target="pmb153967"/>
                  </listRef>
               </ref>
               <noteGrp type="keywords">
                  <note type="Journal-Article">Artikel in einem Periodikum</note>
                  <note subtype="Nachtkritik">Nachtkritik</note>
               </noteGrp>
               <note type="bibliographical-statement">H. B.: Theater und Kunst. Burgtheater. In:
                  Österreichische Volks-Zeitung, Jg. 51, Nr. 360, 31.12.1905, S. 21 (Kleine Ausgabe:
                  26).</note>
            </biblStruct>
         </div>
      </body>
      <back>
         <listPerson>
            <person xml:id="pmb21985">
               <persName>
                  <forename>Hermann</forename>
                  <surname>Nissen</surname>
               </persName>
               <birth>
                  <date when-iso="1853-05-17">17.05.1853</date>
                  <settlement key="48033">
                     <placeName type="pref">Dassow</placeName>
                     <location>
                        <geo>53,91096 10,97551</geo>
                     </location>
                  </settlement>
               </birth>
               <death>
                  <date when-iso="1914-02-15">15.02.1914</date>
                  <settlement key="168">
                     <placeName type="pref">Berlin</placeName>
                     <location>
                        <geo>52,52437 13,41053</geo>
                     </location>
                  </settlement>
               </death>
               <sex value="male"/>
               <occupation key="105">Schauspieler/Schauspielerin</occupation>
               <idno type="URL" subtype="schnitzler-tagebuch">https://schnitzler-tagebuch.acdh.oeaw.ac.at/person_18463.html</idno>
               <idno type="URL" subtype="pmb">https://pmb.acdh.oeaw.ac.at/entity/21985/</idno>
               <idno type="URL" subtype="bahr-textverzeichnis">https://bahr-textverzeichnis.acdh.oeaw.ac.at/pmb21985.html</idno>
               <idno type="URL" subtype="fackel">https://fackel.oeaw.ac.at/?p=fackelp45937</idno>
               <listEvent>
                  <event key="35152" when-iso="1896-11-03">
                     <desc n="1256">ist Arbeitskraft bei</desc>
                     <label>Uraufführung von Freiwild. Schauspiel in 3 Akten, 3.11.1896</label>
                     <idno type="URL" subtype="pmb">https://pmb.acdh.oeaw.ac.at/entity/35152/</idno>
                  </event>
                  <event key="35482" when-iso="1899-04-29">
                     <desc n="1256">ist Arbeitskraft bei</desc>
                     <label>Premiere von Der grüne Kakadu – Paracelsus – Die Gefährtin. Drei
                           Einakter, 29.4.1899</label>
                     <idno type="URL" subtype="pmb">https://pmb.acdh.oeaw.ac.at/entity/35482/</idno>
                  </event>
               </listEvent>
            </person>
            <person xml:id="pmb12595">
               <persName>
                  <forename>Alexander</forename>
                  <surname>Römpler</surname>
               </persName>
               <persName type="legacy-name-merge">Römpler, Alexander</persName>
               <birth>
                  <date when-iso="1860-03-12">12.03.1860</date>
                  <settlement key="168">
                     <placeName type="pref">Berlin</placeName>
                     <location>
                        <geo>52,52437 13,41053</geo>
                     </location>
                  </settlement>
               </birth>
               <death>
                  <date when-iso="1909-12-18">18.12.1909</date>
                  <settlement key="50">
                     <placeName type="pref">Wien</placeName>
                     <location>
                        <geo>48,2066 16,37341</geo>
                     </location>
                  </settlement>
               </death>
               <sex value="male"/>
               <occupation key="105">Schauspieler/Schauspielerin</occupation>
               <occupation key="433">Schauspiellehrer/Schauspiellehrerin</occupation>
               <idno type="URL" subtype="gnd">https://d-nb.info/gnd/1078379629</idno>
               <idno type="URL" subtype="schnitzler-tagebuch">https://schnitzler-tagebuch.acdh.oeaw.ac.at/person_19321.html</idno>
               <idno type="URL" subtype="schnitzler-bahr">https://schnitzler-bahr.acdh.oeaw.ac.at/pmb12595.html</idno>
               <idno type="URL" subtype="pmb">https://pmb.acdh.oeaw.ac.at/entity/12595/</idno>
               <idno type="URL" subtype="schnitzler-briefe">https://schnitzler-briefe.acdh.oeaw.ac.at/pmb12595.html</idno>
               <idno type="URL" subtype="bahr-textverzeichnis">https://bahr-textverzeichnis.acdh.oeaw.ac.at/pmb12595.html</idno>
               <idno type="URL" subtype="fackel">https://fackel.oeaw.ac.at/?p=fackelp52439</idno>
               <idno type="URL" subtype="wikidata">http://www.wikidata.org/entity/Q55683725</idno>
               <idno type="URL" subtype="wikipedia">https://de.wikipedia.org/wiki/Alexander_R%C3%B6mpler</idno>
               <idno type="URL" subtype="schnitzler-interviews">https://schnitzler-interviews.acdh.oeaw.ac.at/pmb12595.html</idno>
               <idno type="URL" subtype="pmb">https://pmb.acdh.oeaw.ac.at/entity/161981/</idno>
               <idno type="URL" subtype="bahr-tsn">https://bahr-textverzeichnis.acdh.oeaw.ac.at/TSN-listperson.html#pmb12595</idno>
               <listEvent>
                  <event key="94377" when-iso="1895-05-07">
                     <desc n="1256">ist Arbeitskraft bei</desc>
                     <label>Aufführung von Tabarin, Die Wespe, 7.5.1895</label>
                     <idno type="URL" subtype="pmb">https://pmb.acdh.oeaw.ac.at/entity/94377/</idno>
                  </event>
                  <event key="35385" when-iso="1898-11-30">
                     <desc n="1256">ist Arbeitskraft bei</desc>
                     <label>Premiere von Das Vermächtnis, 30.11.1898</label>
                     <idno type="URL" subtype="pmb">https://pmb.acdh.oeaw.ac.at/entity/35385/</idno>
                  </event>
                  <event key="35479" when-iso="1899-03-01">
                     <desc n="1256">ist Arbeitskraft bei</desc>
                     <label>Uraufführung von Der grüne Kakadu – Paracelsus – Die Gefährtin. Drei
                           Einakter, 1.3.1899</label>
                     <idno type="URL" subtype="pmb">https://pmb.acdh.oeaw.ac.at/entity/35479/</idno>
                  </event>
                  <event key="53022" when-iso="1908-11-18">
                     <desc n="1370">teilgenommen an</desc>
                     <label>Generalprobe von Tantris, 18.11.1908</label>
                     <idno type="URL" subtype="pmb">https://pmb.acdh.oeaw.ac.at/entity/53022/</idno>
                  </event>
               </listEvent>
               <listBibl>
                  <bibl type="collections" n="12">Fackel</bibl>
                  <bibl type="collections" n="16">Bahr Textverzeichnis</bibl>
               </listBibl>
               <note type="references"> </note>
            </person>
            <person xml:id="pmb21727">
               <persName>
                  <forename>Leopoldine</forename>
                  <surname>Müller</surname>
               </persName>
               <persName type="person_rufname">Poldi</persName>
               <birth>
                  <date when-iso="1873-11-01">01.11.1873</date>
                  <settlement key="50">
                     <placeName type="pref">Wien</placeName>
                     <location>
                        <geo>48,2066 16,37341</geo>
                     </location>
                  </settlement>
               </birth>
               <death>
                  <date when-iso="1946-01-18">18.01.1946</date>
                  <settlement key="50">
                     <placeName type="pref">Wien</placeName>
                     <location>
                        <geo>48,2066 16,37341</geo>
                     </location>
                  </settlement>
               </death>
               <sex value="female"/>
               <idno type="URL" subtype="schnitzler-tagebuch">https://schnitzler-tagebuch.acdh.oeaw.ac.at/person_18303.html</idno>
               <idno type="URL" subtype="schnitzler-bahr">https://schnitzler-bahr.acdh.oeaw.ac.at/pmb21727.html</idno>
               <idno type="URL" subtype="pmb">https://pmb.acdh.oeaw.ac.at/entity/21727/</idno>
               <idno type="URL" subtype="bahr-textverzeichnis">https://bahr-textverzeichnis.acdh.oeaw.ac.at/pmb21727.html</idno>
               <listEvent>
                  <event key="35185" when-iso="1909-12-11">
                     <desc n="1256">ist Arbeitskraft bei</desc>
                     <label>Premiere von Der Ruf des Lebens, 11.12.1909</label>
                     <idno type="URL" subtype="pmb">https://pmb.acdh.oeaw.ac.at/entity/35185/</idno>
                  </event>
               </listEvent>
            </person>
            <person xml:id="pmb153967">
               <persName>
                  <forename>Adolph</forename>
                  <surname>l’Arronge</surname>
               </persName>
               <birth>
                  <date notBefore-iso="1838-01-01"
                        when-iso="1838-01-01"
                        notAfter-iso="1838-12-31">1838</date>
               </birth>
               <death>
                  <date when-iso="1908-01-01" notAfter-iso="1908-12-31">1908</date>
               </death>
               <sex value="not-set"/>
               <idno type="URL" subtype="bahr-textverzeichnis">https://bahr-textverzeichnis.acdh.oeaw.ac.at/pmb153967.html</idno>
               <idno type="URL" subtype="pmb">https://pmb.acdh.oeaw.ac.at/entity/153967/</idno>
               <listBibl>
                  <bibl type="collections" n="16">Bahr Textverzeichnis</bibl>
               </listBibl>
            </person>
         </listPerson>
      </back>
   </text>
</TEI>
