<?xml version="1.0" encoding="UTF-8"?>
<TEI xmlns="http://www.tei-c.org/ns/1.0"
     xmlns:tei="http://www.tei-c.org/ns/1.0"
     xml:id="pmb122449.xml"
     prev="pmb134199"
     next="pmb134237">
   <teiHeader>
      <fileDesc>
         <titleStmt>
            <title level="s">Hermann Bahr – Textverzeichnis</title>
            <title level="a">Von den klugen und thörichten Känguruhen</title>
            <title type="iso-date">1893-04-02</title>
            <respStmt>
               <resp>providing the content</resp>
               <name>Martin Anton Müller</name>
            </respStmt>
            <respStmt>
               <resp>converted to XML encoding</resp>
               <name>Martin Anton Müller</name>
            </respStmt>
         </titleStmt>
         <publicationStmt>
            <publisher>Austrian Centre for Digital Humanities and Cultural
                                    Heritage (ACDH-CH)</publisher>
            <date>2024-03-19+01:00</date>
            <idno type="URI">https://id.acdh.oeaw.ac.at/bahr-textverzeichnis/pmb122449.xml</idno>
         </publicationStmt>
         <sourceDesc>
            <p>Bibliografische Angaben eines in Druck erschienen Texts von
                                    Bahr</p>
         </sourceDesc>
      </fileDesc>
   </teiHeader>
   <text>
      <body>
         <div type="bibliografische-angabe">
            <biblStruct xml:id="pmb122449"
                        type="Journal-Article"
                        subtype="Glosse"
                        status="checked"
                        prev="pmb134199"
                        next="pmb134237">
               <analytic>
                  <author ref="pmb10815">Mepherl</author>
                  <title level="a" ref="pmb122449">Von den klugen und thörichten Känguruhen</title>
               </analytic>
               <monogr>
                  <title level="j" ref="pmb41471">Deutsche Zeitung</title>
                  <imprint>
                     <biblScope unit="jg">23</biblScope>
                     <biblScope unit="issue">7637, Sonntags-Ausgabe, Beilage</biblScope>
                     <biblScope unit="page">5–6</biblScope>
                     <date when="1893-04-02">2.4.1893</date>
                  </imprint>
               </monogr>
               <note>
                  <p>Das Ronacher warb zum Zeitpunkt des Erscheinens dieses Artikels mit einem
                     »boxenden Känguruh«.</p>
               </note>
               <note type="incipit">Es war einmal ein herziges, junges Känguruh</note>
               <ref type="URL">https://bahr.univie.ac.at/sites/all/txt/deutsche-zeitung/76375.pdf</ref>
               <ref type="URL">https://bahr.univie.ac.at/sites/all/txt/deutsche-zeitung/76376.pdf</ref>
               <noteGrp type="keywords">
                  <note type="Journal-Article">Artikel in einem Periodikum</note>
                  <note subtype="Glosse">Glosse</note>
               </noteGrp>
               <note type="bibliographical-statement">Mepherl: Von den klugen und thörichten
                  Känguruhen. In: Deutsche Zeitung, Jg. 23, Nr. 7637, Sonntags-Ausgabe, Beilage,
                  2.4.1893, S. 5–6.</note>
            </biblStruct>
         </div>
      </body>
      <back/>
   </text>
</TEI>
