<?xml version="1.0" encoding="UTF-8"?>
<TEI xmlns="http://www.tei-c.org/ns/1.0"
     xmlns:tei="http://www.tei-c.org/ns/1.0"
     xml:id="pmb123029.xml"
     prev="pmb123171"
     next="pmb123165">
   <teiHeader>
      <fileDesc>
         <titleStmt>
            <title level="s">Hermann Bahr – Textverzeichnis</title>
            <title level="a">Theater, Kunst und Literatur. Deutsches
                     Volkstheater</title>
            <title type="iso-date">1901-11-01</title>
            <respStmt>
               <resp>providing the content</resp>
               <name>Martin Anton Müller</name>
            </respStmt>
            <respStmt>
               <resp>converted to XML encoding</resp>
               <name>Martin Anton Müller</name>
            </respStmt>
         </titleStmt>
         <publicationStmt>
            <publisher>Austrian Centre for Digital Humanities and Cultural
                                    Heritage (ACDH-CH)</publisher>
            <date>2024-03-19+01:00</date>
            <idno type="URI">https://id.acdh.oeaw.ac.at/bahr-textverzeichnis/pmb123029.xml</idno>
         </publicationStmt>
         <sourceDesc>
            <p>Bibliografische Angaben eines in Druck erschienen Texts von
                                    Bahr</p>
         </sourceDesc>
      </fileDesc>
   </teiHeader>
   <text>
      <body>
         <div type="bibliografische-angabe">
            <biblStruct xml:id="pmb123029"
                        type="Journal-Article"
                        subtype="Nachtkritik"
                        status="checked"
                        prev="pmb123171"
                        next="pmb123165">
               <analytic>
                  <author ref="pmb10815">H. B.</author>
                  <title level="a" ref="pmb123029">Theater, Kunst und Literatur. Deutsches
                     Volkstheater</title>
               </analytic>
               <monogr>
                  <title level="j" ref="pmb41321">Neues Wiener Tagblatt</title>
                  <imprint>
                     <biblScope unit="jg">35</biblScope>
                     <biblScope unit="issue">300</biblScope>
                     <biblScope unit="page">8</biblScope>
                     <date when="1901-11-01">1.11.1901</date>
                  </imprint>
               </monogr>
               <note type="review-of">
                  <bibl>
                     <title level="m">Kabale und Liebe</title>
                     <author>Friedrich Schiller</author>
                  </bibl>
               </note>
               <note type="incipit">Fräulein Wallentin gab gestern zum ersten Male die Milford, Herr
                  Geisendörfer den Ferdinand.</note>
               <ref type="personenindex">
                  <listRef>
                     <ptr type="pmb" target="pmb26628"/>
                     <ptr type="pmb" target="pmb12654"/>
                     <ptr type="pmb" target="pmb11851"/>
                     <ptr type="pmb" target="pmb154176"/>
                     <ptr type="pmb" target="pmb154177"/>
                  </listRef>
               </ref>
               <ref type="URL">https://anno.onb.ac.at/cgi-content/anno?aid=nwg&amp;datum=19011101&amp;seite=8</ref>
               <noteGrp type="keywords">
                  <note type="Journal-Article">Artikel in einem Periodikum</note>
                  <note subtype="Nachtkritik">Nachtkritik</note>
               </noteGrp>
               <note type="bibliographical-statement">H. B.: Theater, Kunst und Literatur. Deutsches
                  Volkstheater. In: Neues Wiener Tagblatt, Jg. 35, Nr. 300, 1.11.1901, S. 8.</note>
            </biblStruct>
         </div>
      </body>
      <back>
         <listPerson>
            <person xml:id="pmb26628">
               <persName>
                  <forename>Claire</forename>
                  <surname>Wallentin</surname>
               </persName>
               <birth>
                  <date when-iso="1878-01-03">03.01.1878</date>
                  <settlement key="50">
                     <placeName type="pref">Wien</placeName>
                     <location>
                        <geo>48,2066 16,37341</geo>
                     </location>
                  </settlement>
               </birth>
               <death>
                  <date when-iso="1934-02-12">12.02.1934</date>
                  <settlement key="44699">
                     <placeName type="pref">Perchtoldsdorf</placeName>
                     <location>
                        <geo>48,11895 16,25736</geo>
                     </location>
                  </settlement>
               </death>
               <sex value="female"/>
               <occupation key="105">Schauspieler/Schauspielerin</occupation>
               <idno type="URL" subtype="schnitzler-tagebuch">https://schnitzler-tagebuch.acdh.oeaw.ac.at/person_21068.html</idno>
               <idno type="URL" subtype="pmb">https://pmb.acdh.oeaw.ac.at/entity/26628/</idno>
               <idno type="URL" subtype="fackel">https://fackel.oeaw.ac.at/?p=fackelp55204</idno>
               <idno type="URL" subtype="bahr-textverzeichnis">https://bahr-textverzeichnis.acdh.oeaw.ac.at/pmb26628.html</idno>
               <listEvent>
                  <event key="48470" when-iso="1905-04-13">
                     <desc n="1256">ist Arbeitskraft bei</desc>
                     <label>Uraufführung von Rat Schrimpf, 13.4.1905</label>
                     <idno type="URL" subtype="pmb">https://pmb.acdh.oeaw.ac.at/entity/48470/</idno>
                  </event>
                  <event key="60472" when-iso="1910-04-14">
                     <desc n="1256">ist Arbeitskraft bei</desc>
                     <label>Premiere von Die Wespe, 14.4.1910</label>
                     <idno type="URL" subtype="pmb">https://pmb.acdh.oeaw.ac.at/entity/60472/</idno>
                  </event>
               </listEvent>
            </person>
            <person xml:id="pmb12654">
               <persName>
                  <forename>Friedrich von</forename>
                  <surname>Schiller</surname>
               </persName>
               <persName type="legacy-name-merge">Schiller, Friedrich von</persName>
               <birth>
                  <date when-iso="1759-11-10">10.11.1759</date>
                  <settlement key="39585">
                     <placeName type="pref">Marbach am Neckar</placeName>
                     <location>
                        <geo>48,93964 9,25995</geo>
                     </location>
                  </settlement>
               </birth>
               <death>
                  <date when-iso="1805-05-09">09.05.1805</date>
                  <settlement key="197">
                     <placeName type="pref">Weimar</placeName>
                     <location>
                        <geo>50,97361 11,33806</geo>
                     </location>
                  </settlement>
               </death>
               <sex value="male"/>
               <occupation key="90">Schriftsteller/Schriftstellerin</occupation>
               <occupation key="134">Historiker/Historikerin</occupation>
               <occupation key="154">Philosoph/Philosophin</occupation>
               <idno type="URL" subtype="gnd">https://d-nb.info/gnd/118607626</idno>
               <idno type="URL" subtype="schnitzler-tagebuch">https://schnitzler-tagebuch.acdh.oeaw.ac.at/person_19694.html</idno>
               <idno type="URL" subtype="bahr-textverzeichnis">https://bahr-textverzeichnis.acdh.oeaw.ac.at/pmb12654.html</idno>
               <idno type="URL" subtype="schnitzler-bahr">https://schnitzler-bahr.acdh.oeaw.ac.at/pmb12654.html</idno>
               <idno type="URL" subtype="pmb">https://pmb.acdh.oeaw.ac.at/entity/12654/</idno>
               <idno type="URL" subtype="schnitzler-briefe">https://schnitzler-briefe.acdh.oeaw.ac.at/pmb12654.html</idno>
               <idno type="URL" subtype="schnitzler-lektueren">https://schnitzler-lektueren.acdh.oeaw.ac.at/pmb12654.html</idno>
               <idno type="URL" subtype="legalkraus">https://kraus.wienbibliothek.at/register/personen/pmb12654</idno>
               <idno type="URL" subtype="fackel">https://fackel.oeaw.ac.at/?p=fackelp43876</idno>
               <idno type="URL" subtype="dritte-walpurgisnacht">https://kraus1933.ace.oeaw.ac.at/Gesamt.xml?template=register_personen.html&amp;letter=S#DWpers0207</idno>
               <idno type="URL" subtype="wikidata">http://www.wikidata.org/entity/Q22670</idno>
               <idno type="URL" subtype="wikipedia">https://de.wikipedia.org/wiki/Friedrich_Schiller</idno>
               <idno type="URL" subtype="thun-korrespondenz">https://thun-korrespondenz.acdh.oeaw.ac.at/schiller-friedrich.html</idno>
               <idno type="URL" subtype="pmb">https://pmb.acdh.oeaw.ac.at/entity/162088/</idno>
               <idno type="URL" subtype="bahr-tsn">https://bahr-textverzeichnis.acdh.oeaw.ac.at/TSN-listperson.html#pmb12654</idno>
               <idno type="URL" subtype="schnitzler-interviews">https://schnitzler-interviews.acdh.oeaw.ac.at/pmb12654.html</idno>
               <idno type="URL" subtype="hanslick-online">https://hanslick.acdh.oeaw.ac.at/hsl_person_id_248.html</idno>
               <listBibl>
                  <bibl type="collections" n="5">legalkraus</bibl>
                  <bibl type="collections" n="10">Karl Kraus 1933: Dritte Walpurgisnacht</bibl>
                  <bibl type="collections" n="12">Fackel</bibl>
                  <bibl type="collections" n="16">Bahr Textverzeichnis</bibl>
               </listBibl>
               <figure>
                  <graphic url="https://commons.wikimedia.org/w/index.php?title=Special:Redirect/file/Friedrich%20Schiller%20by%20Ludovike%20Simanowiz.jpg"/>
               </figure>
            </person>
            <person xml:id="pmb11851">
               <persName>
                  <forename>Josef</forename>
                  <surname>Kainz</surname>
               </persName>
               <persName type="legacy-name-merge">Kainz, Josef</persName>
               <birth>
                  <date when-iso="1858-01-02">02.01.1858</date>
                  <settlement key="43475">
                     <placeName type="pref">Mosonmagyaróvár</placeName>
                     <location>
                        <geo>47,86789 17,26994</geo>
                     </location>
                  </settlement>
               </birth>
               <death>
                  <date when-iso="1910-09-20">20.09.1910</date>
                  <settlement key="50">
                     <placeName type="pref">Wien</placeName>
                     <location>
                        <geo>48,2066 16,37341</geo>
                     </location>
                  </settlement>
               </death>
               <sex value="male"/>
               <occupation key="105">Schauspieler/Schauspielerin</occupation>
               <idno type="URL" subtype="gnd">https://d-nb.info/gnd/118559389</idno>
               <idno type="URL" subtype="schnitzler-tagebuch">https://schnitzler-tagebuch.acdh.oeaw.ac.at/person_16646.html</idno>
               <idno type="URL" subtype="schnitzler-bahr">https://schnitzler-bahr.acdh.oeaw.ac.at/pmb11851.html</idno>
               <idno type="URL" subtype="pmb">https://pmb.acdh.oeaw.ac.at/entity/11851/</idno>
               <idno type="URL" subtype="schnitzler-briefe">https://schnitzler-briefe.acdh.oeaw.ac.at/pmb11851.html</idno>
               <idno type="URL" subtype="bahr-textverzeichnis">https://bahr-textverzeichnis.acdh.oeaw.ac.at/pmb11851.html</idno>
               <idno type="URL" subtype="fackel">https://fackel.oeaw.ac.at/?p=fackelp47103</idno>
               <idno type="URL" subtype="oebl">https://doi.org/10.1553/0x002820f2</idno>
               <idno type="URL" subtype="wikidata">http://www.wikidata.org/entity/Q697592</idno>
               <idno type="URL" subtype="wikipedia">https://de.wikipedia.org/wiki/Josef_Kainz</idno>
               <idno type="URL" subtype="schnitzler-kino">https://schnitzler-kino.acdh.oeaw.ac.at/pmb11851.html</idno>
               <idno type="URL" subtype="pmb">https://pmb.acdh.oeaw.ac.at/entity/160718/</idno>
               <idno type="URL" subtype="bahr-tsn">https://bahr-textverzeichnis.acdh.oeaw.ac.at/TSN-listperson.html#pmb11851</idno>
               <idno type="URL" subtype="schnitzler-interviews">https://schnitzler-interviews.acdh.oeaw.ac.at/pmb11851.html</idno>
               <listEvent>
                  <event key="35482" when-iso="1899-04-29">
                     <desc n="1256">ist Arbeitskraft bei</desc>
                     <label>Premiere von Der grüne Kakadu – Paracelsus – Die Gefährtin. Drei
                           Einakter, 29.4.1899</label>
                     <idno type="URL" subtype="pmb">https://pmb.acdh.oeaw.ac.at/entity/35482/</idno>
                  </event>
                  <event key="141446" when-iso="1899-12-01">
                     <desc n="1256">ist Arbeitskraft bei</desc>
                     <label>Aufführung Prinz Friedrich von Homburg, 1.12.1899</label>
                     <idno type="URL" subtype="pmb">https://pmb.acdh.oeaw.ac.at/entity/141446/</idno>
                  </event>
                  <event key="141417" when-iso="1899-12-17">
                     <desc n="1256">ist Arbeitskraft bei</desc>
                     <label>Aufführung von Der Verschwender, 17.12.1899</label>
                     <idno type="URL" subtype="pmb">https://pmb.acdh.oeaw.ac.at/entity/141417/</idno>
                  </event>
                  <event key="43208" when-iso="1899-12-19">
                     <desc n="1256">ist Arbeitskraft bei</desc>
                     <label>Aufführung von Esther, Gefährtin, Paracelsus, 19.12.1899</label>
                     <idno type="URL" subtype="pmb">https://pmb.acdh.oeaw.ac.at/entity/43208/</idno>
                  </event>
                  <event key="35173" when-iso="1905-10-12">
                     <desc n="1256">ist Arbeitskraft bei</desc>
                     <label>Uraufführung von Zwischenspiel, 12.10.1905</label>
                     <idno type="URL" subtype="pmb">https://pmb.acdh.oeaw.ac.at/entity/35173/</idno>
                  </event>
                  <event key="59624" when-iso="1906-05-15">
                     <desc n="1370">teilgenommen an</desc>
                     <label>Aufführung von Der einsame Weg, 15.5.1906</label>
                     <idno type="URL" subtype="pmb">https://pmb.acdh.oeaw.ac.at/entity/59624/</idno>
                  </event>
                  <event key="53022" when-iso="1908-11-18">
                     <desc n="1256">ist Arbeitskraft bei</desc>
                     <label>Generalprobe von Tantris, 18.11.1908</label>
                     <idno type="URL" subtype="pmb">https://pmb.acdh.oeaw.ac.at/entity/53022/</idno>
                  </event>
                  <event key="47592" when-iso="1908-11-29">
                     <desc n="1256">ist Arbeitskraft bei</desc>
                     <label>Heine-Feier des Vereins für Kunst und Kultur, 29.11.1908</label>
                     <idno type="URL" subtype="pmb">https://pmb.acdh.oeaw.ac.at/entity/47592/</idno>
                  </event>
               </listEvent>
               <listBibl>
                  <bibl type="collections" n="11">ÖBL nach 1850 geboren</bibl>
                  <bibl type="collections" n="12">Fackel</bibl>
                  <bibl type="collections" n="16">Bahr Textverzeichnis</bibl>
               </listBibl>
               <figure>
                  <graphic url="https://commons.wikimedia.org/w/index.php?title=Special:Redirect/file/Josef%20Kainz%20by%20Erwin%20Raupp.jpg"/>
               </figure>
            </person>
            <person xml:id="pmb154176">
               <persName>
                  <surname>Geisendörfer</surname>
               </persName>
               <sex value="not-set"/>
               <occupation key="105">Schauspieler/Schauspielerin</occupation>
               <idno type="URL" subtype="pmb">https://pmb.acdh.oeaw.ac.at/entity/154176/</idno>
               <idno type="URL" subtype="bahr-textverzeichnis">https://bahr-textverzeichnis.acdh.oeaw.ac.at/pmb154176.html</idno>
               <listBibl>
                  <bibl type="collections" n="16">Bahr Textverzeichnis</bibl>
               </listBibl>
            </person>
            <person xml:id="pmb154177">
               <persName>
                  <surname>Lafrenz</surname>
               </persName>
               <sex value="not-set"/>
               <occupation key="105">Schauspieler/Schauspielerin</occupation>
               <idno type="URL" subtype="pmb">https://pmb.acdh.oeaw.ac.at/entity/154177/</idno>
               <idno type="URL" subtype="bahr-textverzeichnis">https://bahr-textverzeichnis.acdh.oeaw.ac.at/pmb154177.html</idno>
               <listBibl>
                  <bibl type="collections" n="16">Bahr Textverzeichnis</bibl>
               </listBibl>
            </person>
         </listPerson>
      </back>
   </text>
</TEI>
