<?xml version="1.0" encoding="UTF-8"?>
<TEI xmlns="http://www.tei-c.org/ns/1.0"
     xmlns:tei="http://www.tei-c.org/ns/1.0"
     xml:id="pmb123009.xml"
     prev="pmb132685"
     next="pmb123007">
   <teiHeader>
      <fileDesc>
         <titleStmt>
            <title level="s">Hermann Bahr – Textverzeichnis</title>
            <title level="a">Theater, Kunst und Literatur.
                     Carl-Theater</title>
            <title type="iso-date">1901-02-27</title>
            <respStmt>
               <resp>providing the content</resp>
               <name>Martin Anton Müller</name>
            </respStmt>
            <respStmt>
               <resp>converted to XML encoding</resp>
               <name>Martin Anton Müller</name>
            </respStmt>
         </titleStmt>
         <publicationStmt>
            <publisher>Austrian Centre for Digital Humanities and Cultural
                                    Heritage (ACDH-CH)</publisher>
            <date>2024-03-19+01:00</date>
            <idno type="URI">https://id.acdh.oeaw.ac.at/bahr-textverzeichnis/pmb123009.xml</idno>
         </publicationStmt>
         <sourceDesc>
            <p>Bibliografische Angaben eines in Druck erschienen Texts von
                                    Bahr</p>
         </sourceDesc>
      </fileDesc>
   </teiHeader>
   <text>
      <body>
         <div type="bibliografische-angabe">
            <biblStruct xml:id="pmb123009"
                        type="Journal-Article"
                        subtype="Nachtkritik"
                        status="checked"
                        prev="pmb132685"
                        next="pmb123007">
               <analytic>
                  <author ref="pmb10815">H. B.</author>
                  <title level="a" ref="pmb123009">Theater, Kunst und Literatur.
                     Carl-Theater</title>
               </analytic>
               <monogr>
                  <title level="j" ref="pmb41321">Neues Wiener Tagblatt</title>
                  <imprint>
                     <biblScope unit="jg">35</biblScope>
                     <biblScope unit="issue">57</biblScope>
                     <biblScope unit="page">9</biblScope>
                     <date when="1901-02-27">27.2.1901</date>
                  </imprint>
               </monogr>
               <note>
                  <p>Kraus schreibt Anfang März in der Fackel: »Im Carltheater debutiert eine
                     mittelmäßige Soubrette, und der Jubel der Presseleute erreicht einen selbst in
                     den Tagen der Kopaczi unerhörten Grad. Bruder Schnüfferl flegelt ihr zuliebe
                     die ungleich begabtere Vorgängerin an, nennt sie eine ›wirkliche Künstlerin‹,
                     spricht von Triumph, Hochgenuss, herrlicher, in allen Lagen ausgeglichener
                     Stimme. Und siehe da, selbst Bruder Bahr scheut den weiten Weg vom Deutschen
                     Volkstheater in die Leopoldstadt nicht, übernimmt ausnahmsweise das
                     Operettenreferat, und wir hören ihn von einer ›reizenden Erscheinung‹, von
                     ›großen, grauen, wie verschleierten Augen‹ schwärmen und berichten, Frau
                     Fischer-Günther habe das Publicum ›im Sturm genommen, das nun nicht ermüdete,
                     sie immer aufs Neue auszuzeichnen‹. Wie ist solcher Eifer zu erklären? Ganz
                     einfach: Die Dame ist eine Schwester, und ihren Schwager, der wieder ein
                     engerer Bruder Bahrs ist, sah man über die Durchfälle des ›Athlet‹ und des
                     ›Franzl‹ mit Leibeskräften hinwegtäuschen. So wäscht eine Hand die andere und
                     beide applaudieren. Und so begehe ich ›Eingriffe ins Privatleben‹, wenn das
                     Privatleben in die Sphäre öffentlicher Kunstinteressen eingreift.« ( <title level="j" ref="pmb41244">Die Fackel</title> 2 (1901) #70, 2-3.)</p>
               </note>
               <note type="review-of">
                  <bibl>
                     <title level="m">The Geisha (Die Geisha)</title>
                     <author>Sidney Jones</author>
                  </bibl>
               </note>
               <note type="incipit">Als Mimosa hat gestern ein Gast, Frau Mizzi Günther</note>
               <ref type="personenindex">
                  <listRef>
                     <ptr type="pmb" target="pmb21142"/>
                     <ptr type="pmb" target="pmb8041"/>
                     <ptr type="pmb" target="pmb115464"/>
                  </listRef>
               </ref>
               <ref type="URL">https://anno.onb.ac.at/cgi-content/anno?aid=nwg&amp;datum=19010227&amp;seite=9</ref>
               <noteGrp type="keywords">
                  <note type="Journal-Article">Artikel in einem Periodikum</note>
                  <note subtype="Nachtkritik">Nachtkritik</note>
               </noteGrp>
               <note type="bibliographical-statement">H. B.: Theater, Kunst und Literatur.
                  Carl-Theater. In: Neues Wiener Tagblatt, Jg. 35, Nr. 57, 27.2.1901, S. 9.</note>
            </biblStruct>
         </div>
      </body>
      <back>
         <listPerson>
            <person xml:id="pmb21142">
               <persName>
                  <forename>Fritzi</forename>
                  <surname>Massary</surname>
               </persName>
               <persName type="legacy-name-merge">Massary, Fritzi</persName>
               <birth>
                  <date when-iso="1882-03-01">01.03.1882</date>
                  <settlement key="50">
                     <placeName type="pref">Wien</placeName>
                     <location>
                        <geo>48,2066 16,37341</geo>
                     </location>
                  </settlement>
               </birth>
               <death>
                  <date when-iso="1969-01-30">30.01.1969</date>
                  <settlement key="38177">
                     <placeName type="pref">Beverly Hills</placeName>
                     <location>
                        <geo>34,07362 -118,40036</geo>
                     </location>
                  </settlement>
               </death>
               <sex value="female"/>
               <occupation key="105">Schauspieler/Schauspielerin</occupation>
               <occupation key="107">Sänger/Sängerin</occupation>
               <occupation key="344">Musiker/Musikerin</occupation>
               <idno type="URL" subtype="schnitzler-tagebuch">https://schnitzler-tagebuch.acdh.oeaw.ac.at/person_17962.html</idno>
               <idno type="URL" subtype="pmb">https://pmb.acdh.oeaw.ac.at/entity/21142/</idno>
               <idno type="URL" subtype="fackel">https://fackel.oeaw.ac.at/?p=fackelp43972</idno>
               <idno type="URL" subtype="pmb">https://pmb.acdh.oeaw.ac.at/entity/114045/</idno>
               <idno type="URL" subtype="gnd">https://d-nb.info/gnd/118731572</idno>
               <idno type="URL" subtype="wikidata">http://www.wikidata.org/entity/Q79102</idno>
               <idno type="URL" subtype="oeml">https://dx.doi.org/10.1553/0x0001d8e5</idno>
               <idno type="URL" subtype="bahr-textverzeichnis">https://bahr-textverzeichnis.acdh.oeaw.ac.at/pmb21142.html</idno>
               <idno type="URL" subtype="wikipedia">https://de.wikipedia.org/wiki/Fritzi_Massary</idno>
               <listBibl>
                  <bibl type="collections" n="12">Fackel</bibl>
               </listBibl>
            </person>
            <person xml:id="pmb8041">
               <persName>
                  <forename>Sidney</forename>
                  <surname>Jones</surname>
               </persName>
               <birth>
                  <date when-iso="1861-06-17">17.06.1861</date>
                  <settlement key="46875">
                     <placeName type="pref">Islington</placeName>
                     <location>
                        <geo>51,54702 -0,10944</geo>
                     </location>
                  </settlement>
               </birth>
               <death>
                  <date when-iso="1946-01-29">29.01.1946</date>
                  <settlement key="224">
                     <placeName type="pref">London</placeName>
                     <location>
                        <geo>51,50853 -0,12574</geo>
                     </location>
                  </settlement>
               </death>
               <sex value="male"/>
               <occupation key="129">Komponist/Komponistin</occupation>
               <idno type="URL" subtype="gnd">https://d-nb.info/gnd/129707899</idno>
               <idno type="URL" subtype="schnitzler-tagebuch">https://schnitzler-tagebuch.acdh.oeaw.ac.at/person_16577.html</idno>
               <idno type="URL" subtype="pmb">https://pmb.acdh.oeaw.ac.at/entity/8041/</idno>
               <idno type="URL" subtype="fackel">https://fackel.oeaw.ac.at/?p=fackelp53236</idno>
               <idno type="URL" subtype="wikidata">http://www.wikidata.org/entity/Q926850</idno>
               <idno type="URL" subtype="wikipedia">https://de.wikipedia.org/wiki/Sidney_Jones</idno>
               <idno type="URL" subtype="bahr-textverzeichnis">https://bahr-textverzeichnis.acdh.oeaw.ac.at/pmb8041.html</idno>
               <listBibl>
                  <bibl type="collections" n="12">Fackel</bibl>
               </listBibl>
               <figure>
                  <graphic url="https://commons.wikimedia.org/w/index.php?title=Special:Redirect/file/English%20composer%20Sidney%20Jones.jpg"/>
               </figure>
            </person>
            <person xml:id="pmb115464">
               <persName>
                  <forename>Mizzi</forename>
                  <surname>Günther</surname>
               </persName>
               <persName type="legacy-name-merge">Günther, Mizzi</persName>
               <birth>
                  <date when-iso="1879-02-08">1879-02-08</date>
               </birth>
               <death>
                  <date when-iso="1961-01-01" notAfter-iso="1961-12-31">1961</date>
               </death>
               <sex value="female"/>
               <idno type="URL" subtype="pmb">https://pmb.acdh.oeaw.ac.at/entity/115464/</idno>
               <idno type="URL" subtype="gnd">https://d-nb.info/gnd/116913509</idno>
               <idno type="URL" subtype="fackel">https://fackel.oeaw.ac.at/?p=fackelp50265</idno>
               <idno type="URL" subtype="wikidata">http://www.wikidata.org/entity/Q525867</idno>
               <idno type="URL" subtype="wikipedia">https://de.wikipedia.org/wiki/Mizzi_G%C3%BCnther</idno>
               <idno type="URL" subtype="oeml">https://dx.doi.org/10.1553/0x0001cfe8</idno>
               <idno type="URL" subtype="pmb">https://pmb.acdh.oeaw.ac.at/entity/154170/</idno>
               <idno type="URL" subtype="bahr-textverzeichnis">https://bahr-textverzeichnis.acdh.oeaw.ac.at/pmb154170.html</idno>
               <listBibl>
                  <bibl type="collections" n="12">Fackel</bibl>
                  <bibl type="collections" n="16">Bahr Textverzeichnis</bibl>
               </listBibl>
            </person>
         </listPerson>
      </back>
   </text>
</TEI>
