<?xml version="1.0" encoding="UTF-8"?>
<TEI xmlns="http://www.tei-c.org/ns/1.0"
     xmlns:tei="http://www.tei-c.org/ns/1.0"
     xml:id="pmb122693.xml"
     prev="pmb132069"
     next="pmb132055">
   <teiHeader>
      <fileDesc>
         <titleStmt>
            <title level="s">Hermann Bahr – Textverzeichnis</title>
            <title level="a">Theater, Kunst und Literatur.
                     Raimund-Theater</title>
            <title type="iso-date">1904-11-08</title>
            <respStmt>
               <resp>providing the content</resp>
               <name>Martin Anton Müller</name>
            </respStmt>
            <respStmt>
               <resp>converted to XML encoding</resp>
               <name>Martin Anton Müller</name>
            </respStmt>
         </titleStmt>
         <publicationStmt>
            <publisher>Austrian Centre for Digital Humanities and Cultural
                                    Heritage (ACDH-CH)</publisher>
            <date>2024-03-19+01:00</date>
            <idno type="URI">https://id.acdh.oeaw.ac.at/bahr-textverzeichnis/pmb122693.xml</idno>
         </publicationStmt>
         <sourceDesc>
            <p>Bibliografische Angaben eines in Druck erschienen Texts von
                                    Bahr</p>
         </sourceDesc>
      </fileDesc>
   </teiHeader>
   <text>
      <body>
         <div type="bibliografische-angabe">
            <biblStruct xml:id="pmb122693"
                        type="Journal-Article"
                        subtype="Nachtkritik"
                        status="checked"
                        prev="pmb132069"
                        next="pmb132055">
               <analytic>
                  <author ref="pmb10815">H. B.</author>
                  <title level="a" ref="pmb122693">Theater, Kunst und Literatur.
                     Raimund-Theater</title>
               </analytic>
               <monogr>
                  <title level="j" ref="pmb41321">Neues Wiener Tagblatt</title>
                  <imprint>
                     <biblScope unit="jg">38</biblScope>
                     <biblScope unit="issue">310</biblScope>
                     <biblScope unit="page">12</biblScope>
                     <date when="1904-11-08">8.11.1904</date>
                  </imprint>
               </monogr>
               <note type="review-of">
                  <bibl>
                     <title level="m">Hamlet</title>
                     <author>William Shakespeare</author>
                  </bibl>
               </note>
               <note type="incipit">Herr de Max ist, was jetzt in Deutschland immer seltener wird:
                  ein lyrischer Liebhaber.</note>
               <ref type="personenindex">
                  <listRef>
                     <ptr type="pmb" target="pmb2412"/>
                     <ptr type="pmb" target="pmb12654"/>
                     <ptr type="pmb" target="pmb2601"/>
                     <ptr type="pmb" target="pmb13011"/>
                     <ptr type="pmb" target="pmb10899"/>
                     <ptr type="pmb" target="pmb3455"/>
                     <ptr type="pmb" target="pmb12567"/>
                     <ptr type="pmb" target="pmb154028"/>
                     <ptr type="pmb" target="pmb21668"/>
                     <ptr type="pmb" target="pmb154029"/>
                  </listRef>
               </ref>
               <ref type="URL">https://anno.onb.ac.at/cgi-content/anno?aid=nwg&amp;datum=19041108&amp;seite=12</ref>
               <noteGrp type="keywords">
                  <note type="Journal-Article">Artikel in einem Periodikum</note>
                  <note subtype="Nachtkritik">Nachtkritik</note>
               </noteGrp>
               <note type="bibliographical-statement">H. B.: Theater, Kunst und Literatur.
                  Raimund-Theater. In: Neues Wiener Tagblatt, Jg. 38, Nr. 310, 8.11.1904,
                  S. 12.</note>
            </biblStruct>
         </div>
      </body>
      <back>
         <listPerson>
            <person xml:id="pmb2412">
               <persName>
                  <forename>William</forename>
                  <surname>Shakespeare</surname>
               </persName>
               <persName type="legacy-name-merge">Shakespeare, William</persName>
               <birth>
                  <date when-iso="1564-04-23">23.4.1564?</date>
                  <settlement key="49870">
                     <placeName type="pref">Stratford-upon-Avon</placeName>
                     <location>
                        <geo>52,19166 -1,70734</geo>
                     </location>
                  </settlement>
               </birth>
               <death>
                  <date when-iso="1616-05-03">03.05.1616</date>
                  <settlement key="49870">
                     <placeName type="pref">Stratford-upon-Avon</placeName>
                     <location>
                        <geo>52,19166 -1,70734</geo>
                     </location>
                  </settlement>
               </death>
               <sex value="male"/>
               <occupation key="105">Schauspieler/Schauspielerin</occupation>
               <occupation key="727">Dramatiker/Dramatikerin</occupation>
               <idno type="URL" subtype="gnd">https://d-nb.info/gnd/118613723</idno>
               <idno type="URL" subtype="bahr-textverzeichnis">https://bahr-textverzeichnis.acdh.oeaw.ac.at/pmb2412.html</idno>
               <idno type="URL" subtype="schnitzler-bahr">https://schnitzler-bahr.acdh.oeaw.ac.at/pmb2412.html</idno>
               <idno type="URL" subtype="pmb">https://pmb.acdh.oeaw.ac.at/entity/2412/</idno>
               <idno type="URL" subtype="schnitzler-briefe">https://schnitzler-briefe.acdh.oeaw.ac.at/pmb2412.html</idno>
               <idno type="URL" subtype="schnitzler-lektueren">https://schnitzler-lektueren.acdh.oeaw.ac.at/pmb2412.html</idno>
               <idno type="URL" subtype="legalkraus">https://kraus.wienbibliothek.at/register/personen/pmb2412</idno>
               <idno type="URL" subtype="fackel">https://fackel.oeaw.ac.at/?p=fackelp55589</idno>
               <idno type="URL" subtype="dritte-walpurgisnacht">https://kraus1933.ace.oeaw.ac.at/Gesamt.xml?template=register_personen.html&amp;letter=S#DWpers0220</idno>
               <idno type="URL" subtype="wikidata">http://www.wikidata.org/entity/Q692</idno>
               <idno type="URL" subtype="wikipedia">https://de.wikipedia.org/wiki/William_Shakespeare</idno>
               <idno type="URL" subtype="thun-korrespondenz">https://thun-korrespondenz.acdh.oeaw.ac.at/shakespeare-william.html</idno>
               <idno type="URL" subtype="schnitzler-interviews">https://schnitzler-interviews.acdh.oeaw.ac.at/pmb2412.html</idno>
               <idno type="URL" subtype="pmb">https://pmb.acdh.oeaw.ac.at/entity/162255/</idno>
               <idno type="URL" subtype="schnitzler-tagebuch">https://schnitzler-tagebuch.acdh.oeaw.ac.at/person_20078.html</idno>
               <idno type="URL" subtype="bahr-tsn">https://bahr-textverzeichnis.acdh.oeaw.ac.at/TSN-listperson.html#pmb2412</idno>
               <idno type="URL" subtype="hanslick-online">https://hanslick.acdh.oeaw.ac.at/hsl_person_id_287.html</idno>
               <idno type="URL" subtype="auden-musulin-papers">https://amp.acdh.oeaw.ac.at/amp_person_10.html</idno>
               <listBibl>
                  <bibl type="collections" n="5">legalkraus</bibl>
                  <bibl type="collections" n="10">Karl Kraus 1933: Dritte Walpurgisnacht</bibl>
                  <bibl type="collections" n="12">Fackel</bibl>
                  <bibl type="collections" n="16">Bahr Textverzeichnis</bibl>
               </listBibl>
               <note type="references"> </note>
               <figure>
                  <graphic url="https://commons.wikimedia.org/w/index.php?title=Special:Redirect/file/Shakespeare.jpg"/>
               </figure>
            </person>
            <person xml:id="pmb12654">
               <persName>
                  <forename>Friedrich von</forename>
                  <surname>Schiller</surname>
               </persName>
               <persName type="legacy-name-merge">Schiller, Friedrich von</persName>
               <birth>
                  <date when-iso="1759-11-10">10.11.1759</date>
                  <settlement key="39585">
                     <placeName type="pref">Marbach am Neckar</placeName>
                     <location>
                        <geo>48,93964 9,25995</geo>
                     </location>
                  </settlement>
               </birth>
               <death>
                  <date when-iso="1805-05-09">09.05.1805</date>
                  <settlement key="197">
                     <placeName type="pref">Weimar</placeName>
                     <location>
                        <geo>50,97361 11,33806</geo>
                     </location>
                  </settlement>
               </death>
               <sex value="male"/>
               <occupation key="90">Schriftsteller/Schriftstellerin</occupation>
               <occupation key="134">Historiker/Historikerin</occupation>
               <occupation key="154">Philosoph/Philosophin</occupation>
               <idno type="URL" subtype="gnd">https://d-nb.info/gnd/118607626</idno>
               <idno type="URL" subtype="schnitzler-tagebuch">https://schnitzler-tagebuch.acdh.oeaw.ac.at/person_19694.html</idno>
               <idno type="URL" subtype="bahr-textverzeichnis">https://bahr-textverzeichnis.acdh.oeaw.ac.at/pmb12654.html</idno>
               <idno type="URL" subtype="schnitzler-bahr">https://schnitzler-bahr.acdh.oeaw.ac.at/pmb12654.html</idno>
               <idno type="URL" subtype="pmb">https://pmb.acdh.oeaw.ac.at/entity/12654/</idno>
               <idno type="URL" subtype="schnitzler-briefe">https://schnitzler-briefe.acdh.oeaw.ac.at/pmb12654.html</idno>
               <idno type="URL" subtype="schnitzler-lektueren">https://schnitzler-lektueren.acdh.oeaw.ac.at/pmb12654.html</idno>
               <idno type="URL" subtype="legalkraus">https://kraus.wienbibliothek.at/register/personen/pmb12654</idno>
               <idno type="URL" subtype="fackel">https://fackel.oeaw.ac.at/?p=fackelp43876</idno>
               <idno type="URL" subtype="dritte-walpurgisnacht">https://kraus1933.ace.oeaw.ac.at/Gesamt.xml?template=register_personen.html&amp;letter=S#DWpers0207</idno>
               <idno type="URL" subtype="wikidata">http://www.wikidata.org/entity/Q22670</idno>
               <idno type="URL" subtype="wikipedia">https://de.wikipedia.org/wiki/Friedrich_Schiller</idno>
               <idno type="URL" subtype="thun-korrespondenz">https://thun-korrespondenz.acdh.oeaw.ac.at/schiller-friedrich.html</idno>
               <idno type="URL" subtype="pmb">https://pmb.acdh.oeaw.ac.at/entity/162088/</idno>
               <idno type="URL" subtype="bahr-tsn">https://bahr-textverzeichnis.acdh.oeaw.ac.at/TSN-listperson.html#pmb12654</idno>
               <idno type="URL" subtype="schnitzler-interviews">https://schnitzler-interviews.acdh.oeaw.ac.at/pmb12654.html</idno>
               <idno type="URL" subtype="hanslick-online">https://hanslick.acdh.oeaw.ac.at/hsl_person_id_248.html</idno>
               <listBibl>
                  <bibl type="collections" n="5">legalkraus</bibl>
                  <bibl type="collections" n="10">Karl Kraus 1933: Dritte Walpurgisnacht</bibl>
                  <bibl type="collections" n="12">Fackel</bibl>
                  <bibl type="collections" n="16">Bahr Textverzeichnis</bibl>
               </listBibl>
               <figure>
                  <graphic url="https://commons.wikimedia.org/w/index.php?title=Special:Redirect/file/Friedrich%20Schiller%20by%20Ludovike%20Simanowiz.jpg"/>
               </figure>
            </person>
            <person xml:id="pmb2601">
               <persName>
                  <forename>Josef</forename>
                  <surname>Jarno</surname>
               </persName>
               <persName type="person_geburtsname_nachname">Kohner</persName>
               <persName type="namensvariante">Cohner</persName>
               <persName type="legacy-name-merge">Jarno, Josef</persName>
               <persName type="legacy-name-merge">Jarno, Josef</persName>
               <birth>
                  <date when-iso="1865-08-24">24.08.1865</date>
                  <settlement key="43471">
                     <placeName type="pref">Budapest</placeName>
                     <location>
                        <geo>47,49835 19,04045</geo>
                     </location>
                  </settlement>
               </birth>
               <death>
                  <date when-iso="1932-01-11">11.01.1932</date>
                  <settlement key="50">
                     <placeName type="pref">Wien</placeName>
                     <location>
                        <geo>48,2066 16,37341</geo>
                     </location>
                  </settlement>
               </death>
               <sex value="male"/>
               <occupation key="103">Theaterleiter/Theaterleiterin</occupation>
               <occupation key="105">Schauspieler/Schauspielerin</occupation>
               <idno type="URL" subtype="gnd">https://d-nb.info/gnd/116653981</idno>
               <idno type="URL" subtype="schnitzler-bahr">https://schnitzler-bahr.acdh.oeaw.ac.at/pmb2601.html</idno>
               <idno type="URL" subtype="pmb">https://pmb.acdh.oeaw.ac.at/entity/2601/</idno>
               <idno type="URL" subtype="schnitzler-tagebuch">https://schnitzler-tagebuch.acdh.oeaw.ac.at/person_16517.html</idno>
               <idno type="URL" subtype="schnitzler-briefe">https://schnitzler-briefe.acdh.oeaw.ac.at/pmb2601.html</idno>
               <idno type="URL" subtype="legalkraus">https://kraus.wienbibliothek.at/register/personen/pmb2601</idno>
               <idno type="URL" subtype="fackel">https://fackel.oeaw.ac.at/?p=fackelp47098</idno>
               <idno type="URL" subtype="oebl">https://doi.org/10.1553/0x00281fa7</idno>
               <idno type="URL" subtype="wikidata">http://www.wikidata.org/entity/Q86314</idno>
               <idno type="URL" subtype="wikipedia">https://de.wikipedia.org/wiki/Josef_Jarno</idno>
               <idno type="URL" subtype="schnitzler-interviews">https://schnitzler-interviews.acdh.oeaw.ac.at/pmb2601.html</idno>
               <idno type="URL" subtype="pmb">https://pmb.acdh.oeaw.ac.at/entity/160663/</idno>
               <idno type="URL" subtype="bahr-tsn">https://bahr-textverzeichnis.acdh.oeaw.ac.at/TSN-listperson.html#pmb2601</idno>
               <idno type="URL" subtype="bahr-textverzeichnis">https://bahr-textverzeichnis.acdh.oeaw.ac.at/pmb2601.html</idno>
               <affiliation notBefore-iso="1893-01-01"
                            when-iso="1893-01-01"
                            notAfter-iso="1893-12-31">
                  <term key="1182">arbeitet für</term>
                  <orgName key="42649">Saisontheater Ischl</orgName>
                  <idno type="URL" subtype="pmb">https://pmb.acdh.oeaw.ac.at/entity/42649/</idno>
                  <idno type="URL" subtype="schnitzler-briefe">https://schnitzler-briefe.acdh.oeaw.ac.at/pmb42649.html</idno>
               </affiliation>
               <affiliation notBefore-iso="1899-01-01"
                            when-iso="1899-01-01"
                            notAfter-iso="1899-12-31">
                  <term key="1182">arbeitet für</term>
                  <orgName key="39689">Theater in der Josefstadt</orgName>
                  <idno type="URL" subtype="gnd">https://d-nb.info/gnd/251387-0</idno>
                  <idno type="URL" subtype="pmb">https://pmb.acdh.oeaw.ac.at/entity/39689/</idno>
                  <idno type="URL" subtype="schnitzler-briefe">https://schnitzler-briefe.acdh.oeaw.ac.at/pmb39689.html</idno>
                  <idno type="URL" subtype="legalkraus">https://kraus.wienbibliothek.at/register/institutionen/pmb39689</idno>
                  <idno type="URL" subtype="wikidata">http://www.wikidata.org/entity/Q113470585</idno>
                  <idno type="URL" subtype="schnitzler-interviews">https://schnitzler-interviews.acdh.oeaw.ac.at/pmb39689.html</idno>
               </affiliation>
               <listEvent>
                  <event key="63396" when-iso="1893-03-29">
                     <desc n="1256">ist Arbeitskraft bei</desc>
                     <label>Vorstellung zu Gunsten der Rettungsgesellschaft (Gläubiger, Die
                           Statue des Kommandeurs), 29.3.1893</label>
                     <idno type="URL" subtype="pmb">https://pmb.acdh.oeaw.ac.at/entity/63396/</idno>
                  </event>
                  <event key="35284" when-iso="1893-07-14">
                     <desc n="1256">ist Arbeitskraft bei</desc>
                     <label>Uraufführung von Abschiedssouper, 14.7.1893</label>
                     <idno type="URL" subtype="pmb">https://pmb.acdh.oeaw.ac.at/entity/35284/</idno>
                  </event>
                  <event key="35382" when-iso="1898-10-08">
                     <desc n="1370">teilgenommen an</desc>
                     <label>Uraufführung von Das Vermächtnis, 8.10.1898</label>
                     <idno type="URL" subtype="pmb">https://pmb.acdh.oeaw.ac.at/entity/35382/</idno>
                  </event>
                  <event key="63002" when-iso="1900-02-23">
                     <desc n="1256">ist Arbeitskraft bei</desc>
                     <label>Einakterabend (Bagatelle; Er, sie und er; Abschied vom Regiment,
                           Abschiedssouper), 23.2.1900</label>
                     <idno type="URL" subtype="pmb">https://pmb.acdh.oeaw.ac.at/entity/63002/</idno>
                  </event>
                  <event key="143820" when-iso="1900-04-15">
                     <desc n="1370">teilgenommen an</desc>
                     <label>Bankett für Ludwig Speidel, 15.4.1900</label>
                     <idno type="URL" subtype="pmb">https://pmb.acdh.oeaw.ac.at/entity/143820/</idno>
                  </event>
                  <event key="35113" when-iso="1904-12-12">
                     <desc n="1256">ist Arbeitskraft bei</desc>
                     <label>Premiere von Literatur, Die letzten Masken, Der Puppenspieler,
                           12.12.1904</label>
                     <idno type="URL" subtype="pmb">https://pmb.acdh.oeaw.ac.at/entity/35113/</idno>
                  </event>
               </listEvent>
               <listBibl>
                  <bibl type="collections" n="5">legalkraus</bibl>
                  <bibl type="collections" n="11">ÖBL nach 1850 geboren</bibl>
                  <bibl type="collections" n="12">Fackel</bibl>
                  <bibl type="collections" n="16">Bahr Textverzeichnis</bibl>
               </listBibl>
               <note type="references"> </note>
               <figure>
                  <graphic url="https://commons.wikimedia.org/w/index.php?title=Special:Redirect/file/Josef%20Jarno%201901%20Scolik.jpg"/>
               </figure>
            </person>
            <person xml:id="pmb13011">
               <persName>
                  <forename>Paul</forename>
                  <surname>Verlaine</surname>
               </persName>
               <persName type="legacy-name-merge">Verlaine, Paul</persName>
               <birth>
                  <date when-iso="1844-03-30">30.03.1844</date>
                  <settlement key="46465">
                     <placeName type="pref">Metz</placeName>
                     <location>
                        <geo>49,11911 6,17269</geo>
                     </location>
                  </settlement>
               </birth>
               <death>
                  <date when-iso="1896-01-08">08.01.1896</date>
                  <settlement key="182">
                     <placeName type="pref">Paris</placeName>
                     <location>
                        <geo>48,85341 2,3488</geo>
                     </location>
                  </settlement>
               </death>
               <sex value="male"/>
               <occupation key="90">Schriftsteller/Schriftstellerin</occupation>
               <idno type="URL" subtype="schnitzler-tagebuch">https://schnitzler-tagebuch.acdh.oeaw.ac.at/person_20948.html</idno>
               <idno type="URL" subtype="schnitzler-bahr">https://schnitzler-bahr.acdh.oeaw.ac.at/pmb13011.html</idno>
               <idno type="URL" subtype="pmb">https://pmb.acdh.oeaw.ac.at/entity/13011/</idno>
               <idno type="URL" subtype="bahr-textverzeichnis">https://bahr-textverzeichnis.acdh.oeaw.ac.at/pmb13011.html</idno>
               <idno type="URL" subtype="fackel">https://fackel.oeaw.ac.at/?p=fackelp51263</idno>
               <idno type="URL" subtype="wikidata">http://www.wikidata.org/entity/Q755</idno>
               <idno type="URL" subtype="wikipedia">https://de.wikipedia.org/wiki/Paul_Verlaine</idno>
               <idno type="URL" subtype="schnitzler-interviews">https://schnitzler-interviews.acdh.oeaw.ac.at/pmb13011.html</idno>
               <idno type="URL" subtype="gnd">https://d-nb.info/gnd/118804219</idno>
               <idno type="URL" subtype="pmb">https://pmb.acdh.oeaw.ac.at/entity/162638/</idno>
               <idno type="URL" subtype="bahr-tsn">https://bahr-textverzeichnis.acdh.oeaw.ac.at/TSN-listperson.html#pmb13011</idno>
               <listBibl>
                  <bibl type="collections" n="12">Fackel</bibl>
                  <bibl type="collections" n="16">Bahr Textverzeichnis</bibl>
               </listBibl>
               <note type="references"> </note>
               <figure>
                  <graphic url="https://commons.wikimedia.org/w/index.php?title=Special:Redirect/file/Paul%20Verlaine.jpeg"/>
               </figure>
            </person>
            <person xml:id="pmb10899">
               <persName>
                  <forename>Sarah</forename>
                  <surname>Bernhardt</surname>
               </persName>
               <persName type="person_geburtsname_vorname">Sara Marie Henriette-Rosine</persName>
               <persName type="person_geburtsname_nachname">Bernardt</persName>
               <persName type="person_verwitwet">Damala</persName>
               <persName type="legacy-name-merge">Bernhardt, Sarah</persName>
               <birth>
                  <date when-iso="1844-10-22">22.10.1844</date>
                  <settlement key="182">
                     <placeName type="pref">Paris</placeName>
                     <location>
                        <geo>48,85341 2,3488</geo>
                     </location>
                  </settlement>
               </birth>
               <death>
                  <date when-iso="1923-03-26">26.03.1923</date>
                  <settlement key="182">
                     <placeName type="pref">Paris</placeName>
                     <location>
                        <geo>48,85341 2,3488</geo>
                     </location>
                  </settlement>
               </death>
               <sex value="female"/>
               <occupation key="105">Schauspieler/Schauspielerin</occupation>
               <idno type="URL" subtype="gnd">https://d-nb.info/gnd/118509896</idno>
               <idno type="URL" subtype="schnitzler-tagebuch">https://schnitzler-tagebuch.acdh.oeaw.ac.at/person_13673.html</idno>
               <idno type="URL" subtype="schnitzler-bahr">https://schnitzler-bahr.acdh.oeaw.ac.at/pmb10899.html</idno>
               <idno type="URL" subtype="pmb">https://pmb.acdh.oeaw.ac.at/entity/10899/</idno>
               <idno type="URL" subtype="schnitzler-briefe">https://schnitzler-briefe.acdh.oeaw.ac.at/pmb10899.html</idno>
               <idno type="URL" subtype="bahr-textverzeichnis">https://bahr-textverzeichnis.acdh.oeaw.ac.at/pmb10899.html</idno>
               <idno type="URL" subtype="fackel">https://fackel.oeaw.ac.at/?p=fackelp52770</idno>
               <idno type="URL" subtype="wikidata">http://www.wikidata.org/entity/Q4605</idno>
               <idno type="URL" subtype="wikipedia">https://de.wikipedia.org/wiki/Sarah_Bernhardt</idno>
               <idno type="URL" subtype="schnitzler-kino">https://schnitzler-kino.acdh.oeaw.ac.at/pmb10899.html</idno>
               <idno type="URL" subtype="schnitzler-interviews">https://schnitzler-interviews.acdh.oeaw.ac.at/pmb10899.html</idno>
               <idno type="URL" subtype="pmb">https://pmb.acdh.oeaw.ac.at/entity/159364/</idno>
               <idno type="URL" subtype="bahr-tsn">https://bahr-textverzeichnis.acdh.oeaw.ac.at/TSN-listperson.html#pmb10899</idno>
               <affiliation>
                  <term key="1182">arbeitet für</term>
                  <orgName key="87981">Théâtre de la Renaissance</orgName>
                  <idno type="URL" subtype="pmb">https://pmb.acdh.oeaw.ac.at/entity/87981/</idno>
                  <idno type="URL" subtype="gnd">https://d-nb.info/gnd/7586652-3</idno>
                  <idno type="URL" subtype="wikidata">http://www.wikidata.org/entity/Q3527713</idno>
                  <idno type="URL" subtype="wikipedia">https://de.wikipedia.org/wiki/Th%C3%A9%C3%A2tre_de_la_Renaissance</idno>
               </affiliation>
               <listEvent>
                  <event key="42481" when-iso="1892-10-14">
                     <desc n="1256">ist Arbeitskraft bei</desc>
                     <label>Gastspiel Sarah Bernhardt, Die Kameliendame, 14.10.1892</label>
                     <idno type="URL" subtype="pmb">https://pmb.acdh.oeaw.ac.at/entity/42481/</idno>
                  </event>
                  <event key="87976" when-iso="1894-10-31">
                     <desc n="1256">ist Arbeitskraft bei</desc>
                     <label>Uraufführung von Gismonda, 31.10.1894</label>
                     <idno type="URL" subtype="pmb">https://pmb.acdh.oeaw.ac.at/entity/87976/</idno>
                  </event>
                  <event key="118148" when-iso="1896-12-03">
                     <desc n="1256">ist Arbeitskraft bei</desc>
                     <label>Uraufführung von Lorenzaccio, 3.12.1896</label>
                     <idno type="URL" subtype="pmb">https://pmb.acdh.oeaw.ac.at/entity/118148/</idno>
                  </event>
               </listEvent>
               <listBibl>
                  <bibl type="collections" n="12">Fackel</bibl>
                  <bibl type="collections" n="15">Schnitzler-Kino</bibl>
                  <bibl type="collections" n="16">Bahr Textverzeichnis</bibl>
               </listBibl>
               <note type="references"> </note>
               <figure>
                  <graphic url="https://commons.wikimedia.org/w/index.php?title=Special:Redirect/file/Sarah%20Bernhardt%20by%20Paul%20Nadar%20%28crop%29.jpg"/>
               </figure>
            </person>
            <person xml:id="pmb3455">
               <persName>
                  <forename>Francis Marion</forename>
                  <surname>Crawford</surname>
               </persName>
               <persName type="legacy-name-merge">Crawford, Francis Marion</persName>
               <birth>
                  <date when-iso="1854-08-02">1854-08-02</date>
                  <settlement key="59998">
                     <placeName type="pref">Bagni di Lucca</placeName>
                     <location>
                        <geo>44,00513 10,5531</geo>
                     </location>
                  </settlement>
               </birth>
               <death>
                  <date when-iso="1909-01-01" notAfter-iso="1909-12-31">1909</date>
                  <settlement key="629">
                     <placeName type="pref">Sorrent</placeName>
                     <location>
                        <geo>40,62678 14,37771</geo>
                     </location>
                  </settlement>
               </death>
               <sex value="male"/>
               <occupation key="90">Schriftsteller/Schriftstellerin</occupation>
               <idno type="URL" subtype="gnd">https://d-nb.info/gnd/118670492</idno>
               <idno type="URL" subtype="schnitzler-bahr">https://schnitzler-bahr.acdh.oeaw.ac.at/pmb3455.html</idno>
               <idno type="URL" subtype="pmb">https://pmb.acdh.oeaw.ac.at/entity/3455/</idno>
               <idno type="URL" subtype="wikidata">http://www.wikidata.org/entity/Q670179</idno>
               <idno type="URL" subtype="wikipedia">https://de.wikipedia.org/wiki/Francis_Marion_Crawford</idno>
               <idno type="URL" subtype="pmb">https://pmb.acdh.oeaw.ac.at/entity/159701/</idno>
               <idno type="URL" subtype="bahr-textverzeichnis">https://bahr-textverzeichnis.acdh.oeaw.ac.at/pmb3455.html</idno>
               <idno type="URL" subtype="bahr-tsn">https://bahr-textverzeichnis.acdh.oeaw.ac.at/TSN-listperson.html#pmb3455</idno>
               <listBibl>
                  <bibl type="collections" n="16">Bahr Textverzeichnis</bibl>
               </listBibl>
               <note type="references">None </note>
               <figure>
                  <graphic url="https://commons.wikimedia.org/w/index.php?title=Special:Redirect/file/Francis%20Marion%20Crawford%2C%201854-1909%20LCCN2002699999%20%28cropped%29.tif"/>
               </figure>
            </person>
            <person xml:id="pmb12567">
               <persName>
                  <forename>Edmond</forename>
                  <surname>Rostand</surname>
               </persName>
               <birth>
                  <date when-iso="1868-04-01">01.04.1868</date>
                  <settlement key="44565">
                     <placeName type="pref">Marseille</placeName>
                     <location>
                        <geo>43,29695 5,38107</geo>
                     </location>
                  </settlement>
               </birth>
               <death>
                  <date when-iso="1918-12-02">02.12.1918</date>
                  <settlement key="182">
                     <placeName type="pref">Paris</placeName>
                     <location>
                        <geo>48,85341 2,3488</geo>
                     </location>
                  </settlement>
               </death>
               <sex value="male"/>
               <occupation key="90">Schriftsteller/Schriftstellerin</occupation>
               <idno type="URL" subtype="gnd">https://d-nb.info/gnd/118791281</idno>
               <idno type="URL" subtype="schnitzler-tagebuch">https://schnitzler-tagebuch.acdh.oeaw.ac.at/person_19409.html</idno>
               <idno type="URL" subtype="pmb">https://pmb.acdh.oeaw.ac.at/entity/12567/</idno>
               <idno type="URL" subtype="fackel">https://fackel.oeaw.ac.at/?p=fackelp52504</idno>
               <idno type="URL" subtype="wikidata">http://www.wikidata.org/entity/Q202749</idno>
               <idno type="URL" subtype="wikipedia">https://de.wikipedia.org/wiki/Edmond_Rostand</idno>
               <idno type="URL" subtype="bahr-tsn">https://bahr-textverzeichnis.acdh.oeaw.ac.at/TSN-listperson.html#pmb12567</idno>
               <idno type="URL" subtype="bahr-textverzeichnis">https://bahr-textverzeichnis.acdh.oeaw.ac.at/pmb12567.html</idno>
               <listBibl>
                  <bibl type="collections" n="12">Fackel</bibl>
                  <bibl type="collections" n="16">Bahr Textverzeichnis</bibl>
               </listBibl>
               <figure>
                  <graphic url="https://commons.wikimedia.org/w/index.php?title=Special:Redirect/file/Edmond%20Rostand.jpg"/>
               </figure>
            </person>
            <person xml:id="pmb154028">
               <persName>
                  <forename>de</forename>
                  <surname>Max</surname>
               </persName>
               <persName type="legacy-name-merge">Max, de</persName>
               <birth>
                  <date notBefore-iso="1869-01-01"
                        when-iso="1869-01-01"
                        notAfter-iso="1869-12-31">1869</date>
               </birth>
               <death>
                  <date when-iso="1924-01-01" notAfter-iso="1924-12-31">1924</date>
               </death>
               <sex value="not-set"/>
               <idno type="URL" subtype="pmb">https://pmb.acdh.oeaw.ac.at/entity/154028/</idno>
               <idno type="URL" subtype="pmb">https://pmb.acdh.oeaw.ac.at/entity/161252/</idno>
               <idno type="URL" subtype="bahr-textverzeichnis">https://bahr-textverzeichnis.acdh.oeaw.ac.at/pmb154028.html</idno>
               <idno type="URL" subtype="bahr-tsn">https://bahr-textverzeichnis.acdh.oeaw.ac.at/TSN-listperson.html#pmb154028</idno>
               <listBibl>
                  <bibl type="collections" n="16">Bahr Textverzeichnis</bibl>
               </listBibl>
               <note type="references">None </note>
            </person>
            <person xml:id="pmb21668">
               <persName>
                  <forename>Jean</forename>
                  <surname>Mounet-Sully</surname>
               </persName>
               <persName type="person_geburtsname_nachname">Mounet</persName>
               <persName type="person_geburtsname_vorname">Jean-Sully</persName>
               <persName type="legacy-name-merge">Mounet-Sully, Jean</persName>
               <birth>
                  <date when-iso="1841-02-27">27.02.1841</date>
                  <settlement key="58937">
                     <placeName type="pref">Bergerac</placeName>
                     <location>
                        <geo>44,85157 0,48171</geo>
                     </location>
                  </settlement>
                  <settlement key="34154">
                     <placeName type="pref">Bergerac</placeName>
                     <location>
                        <geo>18,11366 -73,93018</geo>
                     </location>
                  </settlement>
               </birth>
               <death>
                  <date when-iso="1916-03-01">01.03.1916</date>
                  <settlement key="182">
                     <placeName type="pref">Paris</placeName>
                     <location>
                        <geo>48,85341 2,3488</geo>
                     </location>
                  </settlement>
                  <settlement key="182">
                     <placeName type="pref">Paris</placeName>
                     <location>
                        <geo>48,85341 2,3488</geo>
                     </location>
                  </settlement>
               </death>
               <sex value="male"/>
               <occupation key="105">Schauspieler/Schauspielerin</occupation>
               <occupation key="106">Rechtsanwalt/Rechtsanwältin</occupation>
               <idno type="URL" subtype="schnitzler-tagebuch">https://schnitzler-tagebuch.acdh.oeaw.ac.at/person_18281.html</idno>
               <idno type="URL" subtype="pmb">https://pmb.acdh.oeaw.ac.at/entity/21668/</idno>
               <idno type="URL" subtype="schnitzler-briefe">https://schnitzler-briefe.acdh.oeaw.ac.at/pmb21668.html</idno>
               <idno type="URL" subtype="bahr-textverzeichnis">https://bahr-textverzeichnis.acdh.oeaw.ac.at/pmb21668.html</idno>
               <idno type="URL" subtype="fackel">https://fackel.oeaw.ac.at/?p=fackelp50418</idno>
               <idno type="URL" subtype="gnd">https://d-nb.info/gnd/122999304</idno>
               <idno type="URL" subtype="wikidata">http://www.wikidata.org/entity/Q2657745</idno>
               <idno type="URL" subtype="pmb">https://pmb.acdh.oeaw.ac.at/entity/161407/</idno>
               <idno type="URL" subtype="bahr-tsn">https://bahr-textverzeichnis.acdh.oeaw.ac.at/TSN-listperson.html#pmb21668</idno>
               <listEvent>
                  <event key="118263" when-iso="1894-01-21">
                     <desc n="1256">ist Arbeitskraft bei</desc>
                     <label>Aufführung von Hamlet, 21.1.1894</label>
                     <idno type="URL" subtype="pmb">https://pmb.acdh.oeaw.ac.at/entity/118263/</idno>
                  </event>
               </listEvent>
               <listBibl>
                  <bibl type="collections" n="12">Fackel</bibl>
                  <bibl type="collections" n="14">Kein deutscher Wikipedia-Eintrag
                        gefunden</bibl>
                  <bibl type="collections" n="16">Bahr Textverzeichnis</bibl>
                  <bibl type="collections" n="22">No german Wikipedia-Site found</bibl>
               </listBibl>
               <note type="references"> </note>
               <figure>
                  <graphic url="https://commons.wikimedia.org/w/index.php?title=Special:Redirect/file/MOUNET-SULLY%20-%20Portrait%20par%20JM%20LOPEZ.jpg"/>
               </figure>
            </person>
            <person xml:id="pmb154029">
               <persName>
                  <forename>Maria</forename>
                  <surname>Ventura</surname>
               </persName>
               <birth>
                  <date notBefore-iso="1888-01-01"
                        when-iso="1888-01-01"
                        notAfter-iso="1888-12-31">1888</date>
               </birth>
               <death>
                  <date when-iso="1954-01-01" notAfter-iso="1954-12-31">1954</date>
               </death>
               <sex value="not-set"/>
               <occupation key="105">Schauspieler/Schauspielerin</occupation>
               <idno type="URL" subtype="pmb">https://pmb.acdh.oeaw.ac.at/entity/154029/</idno>
               <idno type="URL" subtype="bahr-textverzeichnis">https://bahr-textverzeichnis.acdh.oeaw.ac.at/pmb154029.html</idno>
               <listBibl>
                  <bibl type="collections" n="16">Bahr Textverzeichnis</bibl>
               </listBibl>
            </person>
         </listPerson>
      </back>
   </text>
</TEI>
