<?xml version="1.0" encoding="UTF-8"?>
<TEI xmlns="http://www.tei-c.org/ns/1.0"
     xmlns:tei="http://www.tei-c.org/ns/1.0"
     xml:id="pmb122733.xml"
     prev="pmb132045"
     next="pmb30045">
   <teiHeader>
      <fileDesc>
         <titleStmt>
            <title level="s">Hermann Bahr – Textverzeichnis</title>
            <title level="a">Theater und Kunst. Burgtheater</title>
            <title type="iso-date">1904-11-27</title>
            <respStmt>
               <resp>providing the content</resp>
               <name>Martin Anton Müller</name>
            </respStmt>
            <respStmt>
               <resp>converted to XML encoding</resp>
               <name>Martin Anton Müller</name>
            </respStmt>
         </titleStmt>
         <publicationStmt>
            <publisher>Austrian Centre for Digital Humanities and Cultural
                                    Heritage (ACDH-CH)</publisher>
            <date>2024-03-19+01:00</date>
            <idno type="URI">https://id.acdh.oeaw.ac.at/bahr-textverzeichnis/pmb122733.xml</idno>
         </publicationStmt>
         <sourceDesc>
            <p>Bibliografische Angaben eines in Druck erschienen Texts von
                                    Bahr</p>
         </sourceDesc>
      </fileDesc>
   </teiHeader>
   <text>
      <body>
         <div type="bibliografische-angabe">
            <biblStruct xml:id="pmb122733"
                        type="Journal-Article"
                        subtype="Nachtkritik"
                        status="checked"
                        prev="pmb132045"
                        next="pmb30045">
               <analytic>
                  <author ref="pmb10815">H. B.</author>
                  <title level="a" ref="pmb122733">Theater und Kunst. Burgtheater</title>
               </analytic>
               <monogr>
                  <title level="j" ref="pmb41552">Österreichische Volks-Zeitung</title>
                  <imprint>
                     <biblScope unit="jg">50</biblScope>
                     <biblScope unit="issue">329</biblScope>
                     <biblScope unit="page">21 (2–Kreuzer–Ausgabe: 25)</biblScope>
                     <date when="1904-11-27">27.11.1904</date>
                  </imprint>
               </monogr>
               <note>
                  <p>In der »2 Kreuzer-Ausgabe« fehlt der Satzteil »von dem ich im Feuilleton
                     ausführlicher spreche«.</p>
               </note>
               <note type="review-of">
                  <bibl>
                     <title level="m">Bannermann</title>
                     <author>Otto Ernst</author>
                  </bibl>
               </note>
               <note type="incipit">Ernsts »Bannermann«, von dem ich im Feuilleton ausführlicher
                  spreche, hat gestern in den heiteren Szenen gefallen</note>
               <ref type="personenindex">
                  <listRef>
                     <ptr type="pmb" target="pmb11260"/>
                     <ptr type="pmb" target="pmb21985"/>
                     <ptr type="pmb" target="pmb12498"/>
                     <ptr type="pmb" target="pmb2743"/>
                     <ptr type="pmb" target="pmb12678"/>
                     <ptr type="pmb" target="pmb12595"/>
                     <ptr type="pmb" target="pmb13863"/>
                  </listRef>
               </ref>
               <noteGrp type="keywords">
                  <note type="Journal-Article">Artikel in einem Periodikum</note>
                  <note subtype="Nachtkritik">Nachtkritik</note>
               </noteGrp>
               <note type="bibliographical-statement">H. B.: Theater und Kunst. Burgtheater. In:
                  Österreichische Volks-Zeitung, Jg. 50, Nr. 329, 27.11.1904, S. 21
                  (2–Kreuzer–Ausgabe: 25).</note>
            </biblStruct>
         </div>
      </body>
      <back>
         <listPerson>
            <person xml:id="pmb11260">
               <persName>
                  <forename>Otto</forename>
                  <surname>Ernst</surname>
               </persName>
               <persName type="person_geburtsname_vorname">Otto Ernst</persName>
               <persName type="person_geburtsname_nachname">Schmidt</persName>
               <persName type="legacy-name-merge">Ernst, Otto</persName>
               <birth>
                  <date when-iso="1862-10-07">07.10.1862</date>
                  <settlement key="63775">
                     <placeName type="pref">Ottensen</placeName>
                     <location>
                        <geo>53,44914 9,6635</geo>
                     </location>
                  </settlement>
               </birth>
               <death>
                  <date when-iso="1926-03-05">05.03.1926</date>
                  <settlement key="63737">
                     <placeName type="pref">Groß Flottbek</placeName>
                     <location>
                        <geo>53,56667 9,86667</geo>
                     </location>
                  </settlement>
               </death>
               <sex value="male"/>
               <occupation key="90">Schriftsteller/Schriftstellerin</occupation>
               <idno type="URL" subtype="gnd">https://d-nb.info/gnd/118682342</idno>
               <idno type="URL" subtype="schnitzler-tagebuch">https://schnitzler-tagebuch.acdh.oeaw.ac.at/person_14803.html</idno>
               <idno type="URL" subtype="schnitzler-bahr">https://schnitzler-bahr.acdh.oeaw.ac.at/pmb11260.html</idno>
               <idno type="URL" subtype="pmb">https://pmb.acdh.oeaw.ac.at/entity/11260/</idno>
               <idno type="URL" subtype="legalkraus">https://kraus.wienbibliothek.at/register/personen/pmb11260</idno>
               <idno type="URL" subtype="fackel">https://fackel.oeaw.ac.at/?p=fackelp50949</idno>
               <idno type="URL" subtype="wikidata">http://www.wikidata.org/entity/Q123291</idno>
               <idno type="URL" subtype="wikipedia">https://de.wikipedia.org/wiki/Otto_Ernst_(Schriftsteller)</idno>
               <idno type="URL" subtype="bahr-textverzeichnis">https://bahr-textverzeichnis.acdh.oeaw.ac.at/pmb11260.html</idno>
               <idno type="URL" subtype="pmb">https://pmb.acdh.oeaw.ac.at/entity/159946/</idno>
               <idno type="URL" subtype="bahr-tsn">https://bahr-textverzeichnis.acdh.oeaw.ac.at/TSN-listperson.html#pmb11260</idno>
               <affiliation notBefore-iso="1891-01-01"
                            when-iso="1891-01-01"
                            notAfter-iso="1891-12-31">
                  <term key="1153">in Bezug zu</term>
                  <orgName key="42601">Freie literarische Gesellschaft Hamburg</orgName>
                  <idno type="URL" subtype="pmb">https://pmb.acdh.oeaw.ac.at/entity/42601/</idno>
                  <idno type="URL" subtype="schnitzler-briefe">https://schnitzler-briefe.acdh.oeaw.ac.at/pmb42601.html</idno>
               </affiliation>
               <listBibl>
                  <bibl type="collections" n="5">legalkraus</bibl>
                  <bibl type="collections" n="12">Fackel</bibl>
                  <bibl type="collections" n="16">Bahr Textverzeichnis</bibl>
               </listBibl>
               <note type="references"> </note>
               <figure>
                  <graphic url="https://commons.wikimedia.org/w/index.php?title=Special:Redirect/file/Otto%20Ernst%201905.jpg"/>
               </figure>
            </person>
            <person xml:id="pmb21985">
               <persName>
                  <forename>Hermann</forename>
                  <surname>Nissen</surname>
               </persName>
               <birth>
                  <date when-iso="1853-05-17">17.05.1853</date>
                  <settlement key="48033">
                     <placeName type="pref">Dassow</placeName>
                     <location>
                        <geo>53,91096 10,97551</geo>
                     </location>
                  </settlement>
               </birth>
               <death>
                  <date when-iso="1914-02-15">15.02.1914</date>
                  <settlement key="168">
                     <placeName type="pref">Berlin</placeName>
                     <location>
                        <geo>52,52437 13,41053</geo>
                     </location>
                  </settlement>
               </death>
               <sex value="male"/>
               <occupation key="105">Schauspieler/Schauspielerin</occupation>
               <idno type="URL" subtype="schnitzler-tagebuch">https://schnitzler-tagebuch.acdh.oeaw.ac.at/person_18463.html</idno>
               <idno type="URL" subtype="pmb">https://pmb.acdh.oeaw.ac.at/entity/21985/</idno>
               <idno type="URL" subtype="bahr-textverzeichnis">https://bahr-textverzeichnis.acdh.oeaw.ac.at/pmb21985.html</idno>
               <idno type="URL" subtype="fackel">https://fackel.oeaw.ac.at/?p=fackelp45937</idno>
               <listEvent>
                  <event key="35152" when-iso="1896-11-03">
                     <desc n="1256">ist Arbeitskraft bei</desc>
                     <label>Uraufführung von Freiwild. Schauspiel in 3 Akten, 3.11.1896</label>
                     <idno type="URL" subtype="pmb">https://pmb.acdh.oeaw.ac.at/entity/35152/</idno>
                  </event>
                  <event key="35482" when-iso="1899-04-29">
                     <desc n="1256">ist Arbeitskraft bei</desc>
                     <label>Premiere von Der grüne Kakadu – Paracelsus – Die Gefährtin. Drei
                           Einakter, 29.4.1899</label>
                     <idno type="URL" subtype="pmb">https://pmb.acdh.oeaw.ac.at/entity/35482/</idno>
                  </event>
               </listEvent>
            </person>
            <person xml:id="pmb12498">
               <persName>
                  <forename>Georg</forename>
                  <surname>Reimers</surname>
               </persName>
               <persName type="legacy-name-merge">Reimers, Georg</persName>
               <birth>
                  <date when-iso="1860-04-04">04.04.1860</date>
                  <settlement key="1259">
                     <placeName type="pref">Altona</placeName>
                     <location>
                        <geo>53,5725 9,8262</geo>
                     </location>
                  </settlement>
               </birth>
               <death>
                  <date when-iso="1936-04-15">15.04.1936</date>
                  <settlement key="50">
                     <placeName type="pref">Wien</placeName>
                     <location>
                        <geo>48,2066 16,37341</geo>
                     </location>
                  </settlement>
               </death>
               <sex value="male"/>
               <occupation key="105">Schauspieler/Schauspielerin</occupation>
               <idno type="URL" subtype="gnd">https://d-nb.info/gnd/11641488X</idno>
               <idno type="URL" subtype="schnitzler-tagebuch">https://schnitzler-tagebuch.acdh.oeaw.ac.at/person_19139.html</idno>
               <idno type="URL" subtype="schnitzler-bahr">https://schnitzler-bahr.acdh.oeaw.ac.at/pmb12498.html</idno>
               <idno type="URL" subtype="pmb">https://pmb.acdh.oeaw.ac.at/entity/12498/</idno>
               <idno type="URL" subtype="schnitzler-briefe">https://schnitzler-briefe.acdh.oeaw.ac.at/pmb12498.html</idno>
               <idno type="URL" subtype="bahr-textverzeichnis">https://bahr-textverzeichnis.acdh.oeaw.ac.at/pmb12498.html</idno>
               <idno type="URL" subtype="fackel">https://fackel.oeaw.ac.at/?p=fackelp52080</idno>
               <idno type="URL" subtype="oebl">https://doi.org/10.1553/0x002840e8</idno>
               <idno type="URL" subtype="wikidata">http://www.wikidata.org/entity/Q1505717</idno>
               <idno type="URL" subtype="wikipedia">https://de.wikipedia.org/wiki/Georg_Reimers</idno>
               <idno type="URL" subtype="schnitzler-interviews">https://schnitzler-interviews.acdh.oeaw.ac.at/pmb12498.html</idno>
               <idno type="URL" subtype="pmb">https://pmb.acdh.oeaw.ac.at/entity/161829/</idno>
               <idno type="URL" subtype="bahr-tsn">https://bahr-textverzeichnis.acdh.oeaw.ac.at/TSN-listperson.html#pmb12498</idno>
               <idno type="URL" subtype="hanslick-online">https://hanslick.acdh.oeaw.ac.at/hsl_person_id_3580.html</idno>
               <listEvent>
                  <event key="61712" when-iso="1891-04-11">
                     <desc n="1370">teilgenommen an</desc>
                     <label>Ibsen-Bankett, 11.4.1891</label>
                     <idno type="URL" subtype="pmb">https://pmb.acdh.oeaw.ac.at/entity/61712/</idno>
                  </event>
                  <event key="51297" when-iso="1891-10-28">
                     <desc n="1256">ist Arbeitskraft bei</desc>
                     <label>Freie Bühne, Erster geselliger Abend, 28.10.1891</label>
                     <idno type="URL" subtype="pmb">https://pmb.acdh.oeaw.ac.at/entity/51297/</idno>
                  </event>
                  <event key="94354" when-iso="1895-05-02">
                     <desc n="1256">ist Arbeitskraft bei</desc>
                     <label>Premiere von Tabarin und Verbotene Früchte, 2.5.1895</label>
                     <idno type="URL" subtype="pmb">https://pmb.acdh.oeaw.ac.at/entity/94354/</idno>
                  </event>
                  <event key="94377" when-iso="1895-05-07">
                     <desc n="1256">ist Arbeitskraft bei</desc>
                     <label>Aufführung von Tabarin, Die Wespe, 7.5.1895</label>
                     <idno type="URL" subtype="pmb">https://pmb.acdh.oeaw.ac.at/entity/94377/</idno>
                  </event>
                  <event key="35479" when-iso="1899-03-01">
                     <desc n="1256">ist Arbeitskraft bei</desc>
                     <label>Uraufführung von Der grüne Kakadu – Paracelsus – Die Gefährtin. Drei
                           Einakter, 1.3.1899</label>
                     <idno type="URL" subtype="pmb">https://pmb.acdh.oeaw.ac.at/entity/35479/</idno>
                  </event>
                  <event key="141417" when-iso="1899-12-17">
                     <desc n="1256">ist Arbeitskraft bei</desc>
                     <label>Aufführung von Der Verschwender, 17.12.1899</label>
                     <idno type="URL" subtype="pmb">https://pmb.acdh.oeaw.ac.at/entity/141417/</idno>
                  </event>
                  <event key="63372" when-iso="1904-02-11">
                     <desc n="1256">ist Arbeitskraft bei</desc>
                     <label>Premiere von Rose Bernd, 11.2.1904</label>
                     <idno type="URL" subtype="pmb">https://pmb.acdh.oeaw.ac.at/entity/63372/</idno>
                  </event>
                  <event key="35251" when-iso="1910-11-24">
                     <desc n="1256">ist Arbeitskraft bei</desc>
                     <label>Uraufführung von Der junge Medardus, 24.11.1910</label>
                     <idno type="URL" subtype="pmb">https://pmb.acdh.oeaw.ac.at/entity/35251/</idno>
                  </event>
                  <event key="88534" when-iso="1911-10-14">
                     <desc n="1256">ist Arbeitskraft bei</desc>
                     <label>Premiere von Das weite Land, 14.10.1911 [I.]</label>
                     <idno type="URL" subtype="pmb">https://pmb.acdh.oeaw.ac.at/entity/35364/</idno>
                     <idno type="URL" subtype="pmb">https://pmb.acdh.oeaw.ac.at/entity/88534/</idno>
                  </event>
                  <event key="35361" when-iso="1924-10-11">
                     <desc n="1256">ist Arbeitskraft bei</desc>
                     <label>Uraufführung von Komödie der Verführung, 11.10.1924</label>
                     <idno type="URL" subtype="pmb">https://pmb.acdh.oeaw.ac.at/entity/35361/</idno>
                  </event>
                  <event key="35418" when-iso="1931-02-14">
                     <desc n="1370">teilgenommen an</desc>
                     <label>Uraufführung von Der Gang zum Weiher, 14.2.1931</label>
                     <idno type="URL" subtype="pmb">https://pmb.acdh.oeaw.ac.at/entity/35418/</idno>
                  </event>
               </listEvent>
               <listBibl>
                  <bibl type="collections" n="11">ÖBL nach 1850 geboren</bibl>
                  <bibl type="collections" n="12">Fackel</bibl>
                  <bibl type="collections" n="16">Bahr Textverzeichnis</bibl>
               </listBibl>
               <note type="references"> </note>
               <figure>
                  <graphic url="https://commons.wikimedia.org/w/index.php?title=Special:Redirect/file/Georg%20Reimers%201910%20Pietzner.png"/>
               </figure>
            </person>
            <person xml:id="pmb2743">
               <persName>
                  <forename>Albert</forename>
                  <surname>Heine</surname>
               </persName>
               <persName type="legacy-name-merge">Heine, Albert</persName>
               <persName type="legacy-name-merge">Heine, Albert</persName>
               <birth>
                  <date when-iso="1867-11-16">16.11.1867</date>
                  <settlement key="35572">
                     <placeName type="pref">Braunschweig</placeName>
                     <location>
                        <geo>52,26594 10,52673</geo>
                     </location>
                  </settlement>
               </birth>
               <death>
                  <date when-iso="1949-04-13">13.4.1949</date>
                  <settlement key="47646">
                     <placeName type="pref">Westerland</placeName>
                     <location>
                        <geo>54,9079 8,30326</geo>
                     </location>
                  </settlement>
               </death>
               <sex value="male"/>
               <occupation key="103">Theaterleiter/Theaterleiterin</occupation>
               <occupation key="105">Schauspieler/Schauspielerin</occupation>
               <idno type="URL" subtype="gnd">https://d-nb.info/gnd/116659068</idno>
               <idno type="URL" subtype="schnitzler-bahr">https://schnitzler-bahr.acdh.oeaw.ac.at/pmb2743.html</idno>
               <idno type="URL" subtype="pmb">https://pmb.acdh.oeaw.ac.at/entity/2743/</idno>
               <idno type="URL" subtype="schnitzler-tagebuch">https://schnitzler-tagebuch.acdh.oeaw.ac.at/person_16046.html</idno>
               <idno type="URL" subtype="schnitzler-briefe">https://schnitzler-briefe.acdh.oeaw.ac.at/pmb2743.html</idno>
               <idno type="URL" subtype="fackel">https://fackel.oeaw.ac.at/?p=fackelp37919</idno>
               <idno type="URL" subtype="oebl">https://doi.org/10.1553/0x00281d1c</idno>
               <idno type="URL" subtype="wikidata">http://www.wikidata.org/entity/Q107583</idno>
               <idno type="URL" subtype="wikipedia">https://de.wikipedia.org/wiki/Albert_Heine</idno>
               <idno type="URL" subtype="schnitzler-kino">https://schnitzler-kino.acdh.oeaw.ac.at/pmb2743.html</idno>
               <idno type="URL" subtype="bahr-textverzeichnis">https://bahr-textverzeichnis.acdh.oeaw.ac.at/pmb2743.html</idno>
               <idno type="URL" subtype="pmb">https://pmb.acdh.oeaw.ac.at/entity/160445/</idno>
               <idno type="URL" subtype="bahr-tsn">https://bahr-textverzeichnis.acdh.oeaw.ac.at/TSN-listperson.html#pmb2743</idno>
               <affiliation>
                  <term key="1182">arbeitet für</term>
                  <orgName key="36247">Burgtheater</orgName>
                  <idno type="URL" subtype="gnd">https://d-nb.info/gnd/38633-9</idno>
                  <idno type="URL" subtype="pmb">https://pmb.acdh.oeaw.ac.at/entity/36247/</idno>
                  <idno type="URL" subtype="schnitzler-briefe">https://schnitzler-briefe.acdh.oeaw.ac.at/pmb36247.html</idno>
                  <idno type="URL" subtype="legalkraus">https://kraus.wienbibliothek.at/register/institutionen/pmb36247</idno>
                  <idno type="URL" subtype="wikidata">http://www.wikidata.org/entity/Q308720</idno>
                  <idno type="URL" subtype="wikipedia">https://de.wikipedia.org/wiki/Burgtheater</idno>
                  <idno type="URL" subtype="schnitzler-interviews">https://schnitzler-interviews.acdh.oeaw.ac.at/pmb36247.html</idno>
               </affiliation>
               <listEvent>
                  <event key="35113" when-iso="1904-12-12">
                     <desc n="1256">ist Arbeitskraft bei</desc>
                     <label>Premiere von Literatur, Die letzten Masken, Der Puppenspieler,
                           12.12.1904</label>
                     <idno type="URL" subtype="pmb">https://pmb.acdh.oeaw.ac.at/entity/35113/</idno>
                  </event>
                  <event key="42714" when-iso="1905-05-29">
                     <desc n="1256">ist Arbeitskraft bei</desc>
                     <label>Geschlossene Aufführung Die Büchse der Pandora, 29.5.1905</label>
                     <idno type="URL" subtype="pmb">https://pmb.acdh.oeaw.ac.at/entity/42714/</idno>
                  </event>
                  <event key="47603" when-iso="1908-09-12">
                     <desc n="1256">ist Arbeitskraft bei</desc>
                     <label>Aufführung von Faust, 12.9.1908</label>
                     <idno type="URL" subtype="pmb">https://pmb.acdh.oeaw.ac.at/entity/47603/</idno>
                  </event>
                  <event key="43911" when-iso="1910-10-22">
                     <desc n="1256">ist Arbeitskraft bei</desc>
                     <label>Generalprobe zur Trauerfeier für Josef Kainz, 22.10.1910</label>
                     <idno type="URL" subtype="pmb">https://pmb.acdh.oeaw.ac.at/entity/43911/</idno>
                  </event>
                  <event key="39987" when-iso="1910-10-23">
                     <desc n="1256">ist Arbeitskraft bei</desc>
                     <label>Trauerfeier für Josef Kainz am 23.10.1910</label>
                     <idno type="URL" subtype="pmb">https://pmb.acdh.oeaw.ac.at/entity/39987/</idno>
                  </event>
                  <event key="88534" when-iso="1911-10-14">
                     <desc n="1256">ist Arbeitskraft bei</desc>
                     <label>Premiere von Das weite Land, 14.10.1911 [I.]</label>
                     <idno type="URL" subtype="pmb">https://pmb.acdh.oeaw.ac.at/entity/35364/</idno>
                     <idno type="URL" subtype="pmb">https://pmb.acdh.oeaw.ac.at/entity/88534/</idno>
                  </event>
                  <event key="35424" when-iso="1920-03-26">
                     <desc n="1256">ist Arbeitskraft bei</desc>
                     <label>Uraufführung von Die Schwestern oder Casanova in Spa,
                           26.3.1920</label>
                     <idno type="URL" subtype="pmb">https://pmb.acdh.oeaw.ac.at/entity/35424/</idno>
                  </event>
                  <event key="143957" when-iso="1925-05-23">
                     <desc n="1256">ist Arbeitskraft bei</desc>
                     <label>Premiere von Der Schleier der Beatrice, 23.5.1925</label>
                     <idno type="URL" subtype="pmb">https://pmb.acdh.oeaw.ac.at/entity/143957/</idno>
                  </event>
                  <event key="35418" when-iso="1931-02-14">
                     <desc n="1256">ist Arbeitskraft bei</desc>
                     <label>Uraufführung von Der Gang zum Weiher, 14.2.1931</label>
                     <idno type="URL" subtype="pmb">https://pmb.acdh.oeaw.ac.at/entity/35418/</idno>
                  </event>
               </listEvent>
               <listBibl>
                  <bibl type="collections" n="11">ÖBL nach 1850 geboren</bibl>
                  <bibl type="collections" n="12">Fackel</bibl>
                  <bibl type="collections" n="16">Bahr Textverzeichnis</bibl>
               </listBibl>
               <figure>
                  <graphic url="https://commons.wikimedia.org/w/index.php?title=Special:Redirect/file/Albert%20Heine%201918%20Franz%20X.%20Setzer%20%28cropped%29.png"/>
               </figure>
            </person>
            <person xml:id="pmb12678">
               <persName>
                  <forename>Erich</forename>
                  <surname>Schmidt</surname>
               </persName>
               <persName type="legacy-name-merge">Schmidt, Erich</persName>
               <birth>
                  <date when-iso="1853-06-20">20.06.1853</date>
                  <settlement key="876">
                     <placeName type="pref">Jena</placeName>
                     <location>
                        <geo>50,93194 11,59056</geo>
                     </location>
                  </settlement>
               </birth>
               <death>
                  <date when-iso="1913-04-29">29.04.1913</date>
                  <settlement key="168">
                     <placeName type="pref">Berlin</placeName>
                     <location>
                        <geo>52,52437 13,41053</geo>
                     </location>
                  </settlement>
               </death>
               <sex value="male"/>
               <idno type="URL" subtype="gnd">https://d-nb.info/gnd/118608746</idno>
               <idno type="URL" subtype="schnitzler-tagebuch">https://schnitzler-tagebuch.acdh.oeaw.ac.at/person_19759.html</idno>
               <idno type="URL" subtype="schnitzler-bahr">https://schnitzler-bahr.acdh.oeaw.ac.at/pmb12678.html</idno>
               <idno type="URL" subtype="pmb">https://pmb.acdh.oeaw.ac.at/entity/12678/</idno>
               <idno type="URL" subtype="schnitzler-briefe">https://schnitzler-briefe.acdh.oeaw.ac.at/pmb12678.html</idno>
               <idno type="URL" subtype="bahr-textverzeichnis">https://bahr-textverzeichnis.acdh.oeaw.ac.at/pmb12678.html</idno>
               <idno type="URL" subtype="fackel">https://fackel.oeaw.ac.at/?p=fackelp42766</idno>
               <idno type="URL" subtype="wikidata">http://www.wikidata.org/entity/Q72966</idno>
               <idno type="URL" subtype="wikipedia">https://de.wikipedia.org/wiki/Erich_Schmidt_(Literaturwissenschaftler)</idno>
               <idno type="URL" subtype="pmb">https://pmb.acdh.oeaw.ac.at/entity/162128/</idno>
               <idno type="URL" subtype="bahr-tsn">https://bahr-textverzeichnis.acdh.oeaw.ac.at/TSN-listperson.html#pmb12678</idno>
               <idno type="URL" subtype="schnitzler-interviews">https://schnitzler-interviews.acdh.oeaw.ac.at/pmb12678.html</idno>
               <affiliation notBefore-iso="1908-01-01"
                            when-iso="1908-01-01"
                            notAfter-iso="1908-12-31">
                  <term key="1182">arbeitet für</term>
                  <orgName key="29677">Franz-Grillparzer-Preis</orgName>
                  <idno type="URL" subtype="schnitzler-bahr">https://schnitzler-bahr.acdh.oeaw.ac.at/pmb29677.html</idno>
                  <idno type="URL" subtype="pmb">https://pmb.acdh.oeaw.ac.at/entity/29677/</idno>
                  <idno type="URL" subtype="schnitzler-briefe">https://schnitzler-briefe.acdh.oeaw.ac.at/pmb29677.html</idno>
                  <idno type="URL" subtype="wikidata">http://www.wikidata.org/entity/Q1445780</idno>
                  <idno type="URL" subtype="wikipedia">https://de.wikipedia.org/wiki/Franz-Grillparzer-Preis</idno>
                  <idno type="URL" subtype="schnitzler-interviews">https://schnitzler-interviews.acdh.oeaw.ac.at/pmb29677.html</idno>
               </affiliation>
               <affiliation when-iso="1910-04-26">
                  <term key="1534">unterstützt</term>
                  <orgName key="46791">Ebner-Eschenbach-Stiftung</orgName>
                  <idno type="URL" subtype="pmb">https://pmb.acdh.oeaw.ac.at/entity/46791/</idno>
                  <idno type="URL" subtype="schnitzler-briefe">https://schnitzler-briefe.acdh.oeaw.ac.at/pmb46791.html</idno>
               </affiliation>
               <listEvent>
                  <event key="35206" when-iso="1896-02-04">
                     <desc n="1370">teilgenommen an</desc>
                     <label>Premiere von Liebelei und Der zerbrochene Krug, 4.2.1896</label>
                     <idno type="URL" subtype="pmb">https://pmb.acdh.oeaw.ac.at/entity/35206/</idno>
                  </event>
               </listEvent>
               <listBibl>
                  <bibl type="collections" n="12">Fackel</bibl>
                  <bibl type="collections" n="16">Bahr Textverzeichnis</bibl>
               </listBibl>
               <note type="references"> </note>
               <figure>
                  <graphic url="https://commons.wikimedia.org/w/index.php?title=Special:Redirect/file/Erich%20Schmidt%20%28historian%29%20in%201917.jpg"/>
               </figure>
            </person>
            <person xml:id="pmb12595">
               <persName>
                  <forename>Alexander</forename>
                  <surname>Römpler</surname>
               </persName>
               <persName type="legacy-name-merge">Römpler, Alexander</persName>
               <birth>
                  <date when-iso="1860-03-12">12.03.1860</date>
                  <settlement key="168">
                     <placeName type="pref">Berlin</placeName>
                     <location>
                        <geo>52,52437 13,41053</geo>
                     </location>
                  </settlement>
               </birth>
               <death>
                  <date when-iso="1909-12-18">18.12.1909</date>
                  <settlement key="50">
                     <placeName type="pref">Wien</placeName>
                     <location>
                        <geo>48,2066 16,37341</geo>
                     </location>
                  </settlement>
               </death>
               <sex value="male"/>
               <occupation key="105">Schauspieler/Schauspielerin</occupation>
               <occupation key="433">Schauspiellehrer/Schauspiellehrerin</occupation>
               <idno type="URL" subtype="gnd">https://d-nb.info/gnd/1078379629</idno>
               <idno type="URL" subtype="schnitzler-tagebuch">https://schnitzler-tagebuch.acdh.oeaw.ac.at/person_19321.html</idno>
               <idno type="URL" subtype="schnitzler-bahr">https://schnitzler-bahr.acdh.oeaw.ac.at/pmb12595.html</idno>
               <idno type="URL" subtype="pmb">https://pmb.acdh.oeaw.ac.at/entity/12595/</idno>
               <idno type="URL" subtype="schnitzler-briefe">https://schnitzler-briefe.acdh.oeaw.ac.at/pmb12595.html</idno>
               <idno type="URL" subtype="bahr-textverzeichnis">https://bahr-textverzeichnis.acdh.oeaw.ac.at/pmb12595.html</idno>
               <idno type="URL" subtype="fackel">https://fackel.oeaw.ac.at/?p=fackelp52439</idno>
               <idno type="URL" subtype="wikidata">http://www.wikidata.org/entity/Q55683725</idno>
               <idno type="URL" subtype="wikipedia">https://de.wikipedia.org/wiki/Alexander_R%C3%B6mpler</idno>
               <idno type="URL" subtype="schnitzler-interviews">https://schnitzler-interviews.acdh.oeaw.ac.at/pmb12595.html</idno>
               <idno type="URL" subtype="pmb">https://pmb.acdh.oeaw.ac.at/entity/161981/</idno>
               <idno type="URL" subtype="bahr-tsn">https://bahr-textverzeichnis.acdh.oeaw.ac.at/TSN-listperson.html#pmb12595</idno>
               <listEvent>
                  <event key="94377" when-iso="1895-05-07">
                     <desc n="1256">ist Arbeitskraft bei</desc>
                     <label>Aufführung von Tabarin, Die Wespe, 7.5.1895</label>
                     <idno type="URL" subtype="pmb">https://pmb.acdh.oeaw.ac.at/entity/94377/</idno>
                  </event>
                  <event key="35385" when-iso="1898-11-30">
                     <desc n="1256">ist Arbeitskraft bei</desc>
                     <label>Premiere von Das Vermächtnis, 30.11.1898</label>
                     <idno type="URL" subtype="pmb">https://pmb.acdh.oeaw.ac.at/entity/35385/</idno>
                  </event>
                  <event key="35479" when-iso="1899-03-01">
                     <desc n="1256">ist Arbeitskraft bei</desc>
                     <label>Uraufführung von Der grüne Kakadu – Paracelsus – Die Gefährtin. Drei
                           Einakter, 1.3.1899</label>
                     <idno type="URL" subtype="pmb">https://pmb.acdh.oeaw.ac.at/entity/35479/</idno>
                  </event>
                  <event key="53022" when-iso="1908-11-18">
                     <desc n="1370">teilgenommen an</desc>
                     <label>Generalprobe von Tantris, 18.11.1908</label>
                     <idno type="URL" subtype="pmb">https://pmb.acdh.oeaw.ac.at/entity/53022/</idno>
                  </event>
               </listEvent>
               <listBibl>
                  <bibl type="collections" n="12">Fackel</bibl>
                  <bibl type="collections" n="16">Bahr Textverzeichnis</bibl>
               </listBibl>
               <note type="references"> </note>
            </person>
            <person xml:id="pmb13863">
               <persName>
                  <forename>Karl</forename>
                  <surname>Baumgartner</surname>
               </persName>
               <birth>
                  <date when-iso="1844-01-01">1844</date>
               </birth>
               <death>
                  <date when-iso="1925-11-06">06.11.1925</date>
                  <settlement key="662">
                     <placeName type="pref">Baden bei Wien</placeName>
                     <location>
                        <geo>48,00543 16,23264</geo>
                     </location>
                  </settlement>
               </death>
               <sex value="male"/>
               <occupation key="105">Schauspieler/Schauspielerin</occupation>
               <idno type="URL" subtype="schnitzler-tagebuch">https://schnitzler-tagebuch.acdh.oeaw.ac.at/person_13497.html</idno>
               <idno type="URL" subtype="pmb">https://pmb.acdh.oeaw.ac.at/entity/13863/</idno>
               <idno type="URL" subtype="bahr-textverzeichnis">https://bahr-textverzeichnis.acdh.oeaw.ac.at/pmb13863.html</idno>
            </person>
         </listPerson>
      </back>
   </text>
</TEI>
