<?xml version="1.0" encoding="UTF-8"?>
<TEI xmlns="http://www.tei-c.org/ns/1.0"
     xmlns:tei="http://www.tei-c.org/ns/1.0"
     xml:id="pmb122667.xml"
     prev="pmb122657"
     next="pmb122655">
   <teiHeader>
      <fileDesc>
         <titleStmt>
            <title level="s">Hermann Bahr – Textverzeichnis</title>
            <title level="a">Theater, Kunst und Literatur. Deutsches
                     Volkstheater</title>
            <title type="iso-date">1905-09-05</title>
            <respStmt>
               <resp>providing the content</resp>
               <name>Martin Anton Müller</name>
            </respStmt>
            <respStmt>
               <resp>converted to XML encoding</resp>
               <name>Martin Anton Müller</name>
            </respStmt>
         </titleStmt>
         <publicationStmt>
            <publisher>Austrian Centre for Digital Humanities and Cultural
                                    Heritage (ACDH-CH)</publisher>
            <date>2024-03-19+01:00</date>
            <idno type="URI">https://id.acdh.oeaw.ac.at/bahr-textverzeichnis/pmb122667.xml</idno>
         </publicationStmt>
         <sourceDesc>
            <p>Bibliografische Angaben eines in Druck erschienen Texts von
                                    Bahr</p>
         </sourceDesc>
      </fileDesc>
   </teiHeader>
   <text>
      <body>
         <div type="bibliografische-angabe">
            <biblStruct xml:id="pmb122667"
                        type="Journal-Article"
                        subtype="Nachtkritik"
                        status="checked"
                        prev="pmb122657"
                        next="pmb122655">
               <analytic>
                  <author ref="pmb10815">H. B.</author>
                  <title level="a" ref="pmb122667">Theater, Kunst und Literatur. Deutsches
                     Volkstheater</title>
               </analytic>
               <monogr>
                  <title level="j" ref="pmb41321">Neues Wiener Tagblatt</title>
                  <imprint>
                     <biblScope unit="jg">39</biblScope>
                     <biblScope unit="issue">245</biblScope>
                     <biblScope unit="page">9</biblScope>
                     <date when="1905-09-05">5.9.1905</date>
                  </imprint>
               </monogr>
               <note type="review-of">
                  <bibl>
                     <title level="m">Jugend</title>
                     <author>Max Halbe</author>
                  </bibl>
               </note>
               <note type="incipit">Das Annchen in der »Jugend« gab gestern Fräulein Paula Müller,
                  von Berlin aus als ein großes Talent angekündigt.</note>
               <ref type="personenindex">
                  <listRef>
                     <ptr type="pmb" target="pmb11565"/>
                     <ptr type="pmb" target="pmb9006"/>
                     <ptr type="pmb" target="pmb2235"/>
                     <ptr type="pmb" target="pmb12274"/>
                     <ptr type="pmb" target="pmb4179"/>
                  </listRef>
               </ref>
               <ref type="URL">https://anno.onb.ac.at/cgi-content/anno?aid=nwg&amp;datum=19050905&amp;seite=9</ref>
               <noteGrp type="keywords">
                  <note type="Journal-Article">Artikel in einem Periodikum</note>
                  <note subtype="Nachtkritik">Nachtkritik</note>
               </noteGrp>
               <note type="bibliographical-statement">H. B.: Theater, Kunst und Literatur. Deutsches
                  Volkstheater. In: Neues Wiener Tagblatt, Jg. 39, Nr. 245, 5.9.1905, S. 9.</note>
            </biblStruct>
         </div>
      </body>
      <back>
         <listPerson>
            <person xml:id="pmb11565">
               <persName>
                  <forename>Max</forename>
                  <surname>Halbe</surname>
               </persName>
               <persName type="legacy-name-merge">Halbe, Max</persName>
               <birth>
                  <date when-iso="1865-10-04">04.10.1865</date>
                  <settlement key="63993">
                     <placeName type="pref">Gmina Suchy Dąb</placeName>
                     <location>
                        <geo>54,2046 18,7945</geo>
                     </location>
                  </settlement>
               </birth>
               <death>
                  <date when-iso="1944-11-30">30.11.1944</date>
                  <settlement key="63812">
                     <placeName type="pref">Neuötting</placeName>
                     <location>
                        <geo>48,24102 12,68998</geo>
                     </location>
                  </settlement>
               </death>
               <sex value="male"/>
               <occupation key="90">Schriftsteller/Schriftstellerin</occupation>
               <idno type="URL" subtype="gnd">https://d-nb.info/gnd/118545043</idno>
               <idno type="URL" subtype="schnitzler-tagebuch">https://schnitzler-tagebuch.acdh.oeaw.ac.at/person_15859.html</idno>
               <idno type="URL" subtype="schnitzler-bahr">https://schnitzler-bahr.acdh.oeaw.ac.at/pmb11565.html</idno>
               <idno type="URL" subtype="pmb">https://pmb.acdh.oeaw.ac.at/entity/11565/</idno>
               <idno type="URL" subtype="schnitzler-briefe">https://schnitzler-briefe.acdh.oeaw.ac.at/pmb11565.html</idno>
               <idno type="URL" subtype="schnitzler-lektueren">https://schnitzler-lektueren.acdh.oeaw.ac.at/pmb11565.html</idno>
               <idno type="URL" subtype="bahr-textverzeichnis">https://bahr-textverzeichnis.acdh.oeaw.ac.at/pmb11565.html</idno>
               <idno type="URL" subtype="fackel">https://fackel.oeaw.ac.at/?p=fackelp49931</idno>
               <idno type="URL" subtype="wikidata">http://www.wikidata.org/entity/Q65042</idno>
               <idno type="URL" subtype="wikipedia">https://de.wikipedia.org/wiki/Max_Halbe</idno>
               <idno type="URL" subtype="pmb">https://pmb.acdh.oeaw.ac.at/entity/160369/</idno>
               <idno type="URL" subtype="bahr-tsn">https://bahr-textverzeichnis.acdh.oeaw.ac.at/TSN-listperson.html#pmb11565</idno>
               <affiliation notBefore-iso="1895-01-01"
                            when-iso="1895-01-01"
                            notAfter-iso="1895-12-31">
                  <term key="1182">arbeitet für</term>
                  <orgName key="49228">Intimes Theater für dramatische Experimente</orgName>
                  <idno type="URL" subtype="pmb">https://pmb.acdh.oeaw.ac.at/entity/49228/</idno>
               </affiliation>
               <listBibl>
                  <bibl type="collections" n="12">Fackel</bibl>
                  <bibl type="collections" n="16">Bahr Textverzeichnis</bibl>
               </listBibl>
               <note type="references"> </note>
               <figure>
                  <graphic url="https://commons.wikimedia.org/w/index.php?title=Special:Redirect/file/Halbe%20Max.JPG"/>
               </figure>
            </person>
            <person xml:id="pmb9006">
               <persName>
                  <forename>Paula</forename>
                  <surname>Müller</surname>
               </persName>
               <persName type="legacy-name-merge">Müller, Paula</persName>
               <birth>
                  <date when-iso="1882-06-13">13.06.1882</date>
                  <settlement key="866">
                     <placeName type="pref">Dresden</placeName>
                     <location>
                        <geo>51,0833 13,7666</geo>
                     </location>
                  </settlement>
               </birth>
               <sex value="female"/>
               <occupation key="105">Schauspieler/Schauspielerin</occupation>
               <idno type="URL" subtype="gnd">https://d-nb.info/gnd/117608157</idno>
               <idno type="URL" subtype="schnitzler-tagebuch">https://schnitzler-tagebuch.acdh.oeaw.ac.at/person_18306.html</idno>
               <idno type="URL" subtype="pmb">https://pmb.acdh.oeaw.ac.at/entity/9006/</idno>
               <idno type="URL" subtype="wikidata">http://www.wikidata.org/entity/Q95197055</idno>
               <idno type="URL" subtype="pmb">https://pmb.acdh.oeaw.ac.at/entity/161447/</idno>
               <idno type="URL" subtype="bahr-textverzeichnis">https://bahr-textverzeichnis.acdh.oeaw.ac.at/pmb9006.html</idno>
               <idno type="URL" subtype="bahr-tsn">https://bahr-textverzeichnis.acdh.oeaw.ac.at/TSN-listperson.html#pmb9006</idno>
               <listBibl>
                  <bibl type="collections" n="14">Kein deutscher Wikipedia-Eintrag
                        gefunden</bibl>
                  <bibl type="collections" n="16">Bahr Textverzeichnis</bibl>
                  <bibl type="collections" n="22">No german Wikipedia-Site found</bibl>
               </listBibl>
            </person>
            <person xml:id="pmb2235">
               <persName>
                  <forename>Richard</forename>
                  <surname>Vallentin</surname>
               </persName>
               <persName type="legacy-name-merge">Vallentin, Richard</persName>
               <birth>
                  <date when-iso="1874-02-03">03.02.1874</date>
                  <settlement key="967">
                     <placeName type="pref">Luzern</placeName>
                     <location>
                        <geo>47,05048 8,30635</geo>
                     </location>
                  </settlement>
               </birth>
               <death>
                  <date when-iso="1908-01-14">14.01.1908</date>
                  <settlement key="168">
                     <placeName type="pref">Berlin</placeName>
                     <location>
                        <geo>52,52437 13,41053</geo>
                     </location>
                  </settlement>
               </death>
               <sex value="male"/>
               <occupation key="104">Regisseur/Regisseurin</occupation>
               <occupation key="105">Schauspieler/Schauspielerin</occupation>
               <idno type="URL" subtype="gnd">https://d-nb.info/gnd/117341622</idno>
               <idno type="URL" subtype="schnitzler-tagebuch">https://schnitzler-tagebuch.acdh.oeaw.ac.at/person_20914.html</idno>
               <idno type="URL" subtype="schnitzler-bahr">https://schnitzler-bahr.acdh.oeaw.ac.at/pmb2235.html</idno>
               <idno type="URL" subtype="pmb">https://pmb.acdh.oeaw.ac.at/entity/2235/</idno>
               <idno type="URL" subtype="schnitzler-briefe">https://schnitzler-briefe.acdh.oeaw.ac.at/pmb2235.html</idno>
               <idno type="URL" subtype="fackel">https://fackel.oeaw.ac.at/?p=fackelp52209</idno>
               <idno type="URL" subtype="wikidata">http://www.wikidata.org/entity/Q94902882</idno>
               <idno type="URL" subtype="wikipedia">https://de.wikipedia.org/wiki/Richard_Vallentin</idno>
               <idno type="URL" subtype="pmb">https://pmb.acdh.oeaw.ac.at/entity/162617/</idno>
               <idno type="URL" subtype="bahr-textverzeichnis">https://bahr-textverzeichnis.acdh.oeaw.ac.at/pmb2235.html</idno>
               <idno type="URL" subtype="bahr-tsn">https://bahr-textverzeichnis.acdh.oeaw.ac.at/TSN-listperson.html#pmb2235</idno>
               <listEvent>
                  <event key="35152" when-iso="1896-11-03">
                     <desc n="1256">ist Arbeitskraft bei</desc>
                     <label>Uraufführung von Freiwild. Schauspiel in 3 Akten, 3.11.1896</label>
                     <idno type="URL" subtype="pmb">https://pmb.acdh.oeaw.ac.at/entity/35152/</idno>
                  </event>
                  <event key="35482" when-iso="1899-04-29">
                     <desc n="1256">ist Arbeitskraft bei</desc>
                     <label>Premiere von Der grüne Kakadu – Paracelsus – Die Gefährtin. Drei
                           Einakter, 29.4.1899</label>
                     <idno type="URL" subtype="pmb">https://pmb.acdh.oeaw.ac.at/entity/35482/</idno>
                  </event>
               </listEvent>
               <listBibl>
                  <bibl type="collections" n="12">Fackel</bibl>
                  <bibl type="collections" n="16">Bahr Textverzeichnis</bibl>
               </listBibl>
               <note type="references">None </note>
            </person>
            <person xml:id="pmb12274">
               <persName>
                  <forename>Alexander</forename>
                  <surname>Moissi</surname>
               </persName>
               <persName type="legacy-name-merge">Moissi, Alexander</persName>
               <birth>
                  <date when-iso="1879-04-02">02.04.1879</date>
                  <settlement key="873">
                     <placeName type="pref">Triest</placeName>
                     <location>
                        <geo>45,66667 13,76667</geo>
                     </location>
                  </settlement>
               </birth>
               <death>
                  <date when-iso="1935-03-22">22.03.1935</date>
                  <settlement key="50">
                     <placeName type="pref">Wien</placeName>
                     <location>
                        <geo>48,2066 16,37341</geo>
                     </location>
                  </settlement>
               </death>
               <sex value="male"/>
               <occupation key="105">Schauspieler/Schauspielerin</occupation>
               <idno type="URL" subtype="gnd">https://d-nb.info/gnd/118583271</idno>
               <idno type="URL" subtype="schnitzler-tagebuch">https://schnitzler-tagebuch.acdh.oeaw.ac.at/person_18209.html</idno>
               <idno type="URL" subtype="schnitzler-bahr">https://schnitzler-bahr.acdh.oeaw.ac.at/pmb12274.html</idno>
               <idno type="URL" subtype="pmb">https://pmb.acdh.oeaw.ac.at/entity/12274/</idno>
               <idno type="URL" subtype="schnitzler-briefe">https://schnitzler-briefe.acdh.oeaw.ac.at/pmb12274.html</idno>
               <idno type="URL" subtype="legalkraus">https://kraus.wienbibliothek.at/register/personen/pmb12274</idno>
               <idno type="URL" subtype="fackel">https://fackel.oeaw.ac.at/?p=fackelp37996</idno>
               <idno type="URL" subtype="oebl">https://doi.org/10.1553/0x002830ae</idno>
               <idno type="URL" subtype="wikidata">http://www.wikidata.org/entity/Q112362</idno>
               <idno type="URL" subtype="wikipedia">https://de.wikipedia.org/wiki/Alexander_Moissi</idno>
               <idno type="URL" subtype="schnitzler-kino">https://schnitzler-kino.acdh.oeaw.ac.at/pmb12274.html</idno>
               <idno type="URL" subtype="pmb">https://pmb.acdh.oeaw.ac.at/entity/161359/</idno>
               <idno type="URL" subtype="bahr-textverzeichnis">https://bahr-textverzeichnis.acdh.oeaw.ac.at/pmb12274.html</idno>
               <idno type="URL" subtype="bahr-tsn">https://bahr-textverzeichnis.acdh.oeaw.ac.at/TSN-listperson.html#pmb12274</idno>
               <idno type="URL" subtype="schnitzler-interviews">https://schnitzler-interviews.acdh.oeaw.ac.at/pmb12274.html</idno>
               <affiliation>
                  <term key="1182">arbeitet für</term>
                  <orgName key="37214">Neue Wiener Bühne</orgName>
                  <idno type="URL" subtype="pmb">https://pmb.acdh.oeaw.ac.at/entity/37214/</idno>
                  <idno type="URL" subtype="schnitzler-briefe">https://schnitzler-briefe.acdh.oeaw.ac.at/pmb37214.html</idno>
                  <idno type="URL" subtype="pmb">https://pmb.acdh.oeaw.ac.at/entity/60476/</idno>
                  <idno type="URL" subtype="legalkraus">https://kraus.wienbibliothek.at/register/institutionen/pmb37214</idno>
                  <idno type="URL" subtype="wiengeschichtewiki">https://www.geschichtewiki.wien.gv.at/Neue_Wiener_Bühne</idno>
               </affiliation>
               <listEvent>
                  <event key="46078" when-iso="1906-02-26">
                     <desc n="1256">ist Arbeitskraft bei</desc>
                     <label>Aufführung von Ödipus und die Sphinx, 26.2.1906</label>
                     <idno type="URL" subtype="pmb">https://pmb.acdh.oeaw.ac.at/entity/46078/</idno>
                  </event>
                  <event key="46819" when-iso="1910-05-13">
                     <desc n="1256">ist Arbeitskraft bei</desc>
                     <label>Aufführung von Cristinas Heimreise [2. Fassung], 13.5.1910</label>
                     <idno type="URL" subtype="pmb">https://pmb.acdh.oeaw.ac.at/entity/46819/</idno>
                  </event>
                  <event key="35439" when-iso="1929-12-21">
                     <desc n="1256">ist Arbeitskraft bei</desc>
                     <label>Uraufführung von Im Spiel der Sommerlüfte, 21.12.1929</label>
                     <idno type="URL" subtype="pmb">https://pmb.acdh.oeaw.ac.at/entity/35439/</idno>
                  </event>
               </listEvent>
               <listBibl>
                  <bibl type="collections" n="5">legalkraus</bibl>
                  <bibl type="collections" n="11">ÖBL nach 1850 geboren</bibl>
                  <bibl type="collections" n="12">Fackel</bibl>
                  <bibl type="collections" n="16">Bahr Textverzeichnis</bibl>
               </listBibl>
               <note type="references"> </note>
               <figure>
                  <graphic url="https://commons.wikimedia.org/w/index.php?title=Special:Redirect/file/Alexander%20Moissi%20by%20Nicola%20Perscheid.jpg"/>
               </figure>
            </person>
            <person xml:id="pmb4179">
               <persName>
                  <forename>Eugen</forename>
                  <surname>Jensen</surname>
               </persName>
               <persName type="namensvariante">Jacobsen</persName>
               <persName type="legacy-name-merge">Jensen, Eugen</persName>
               <birth>
                  <date when-iso="1871-01-26">26.1.1871</date>
                  <settlement key="50">
                     <placeName type="pref">Wien</placeName>
                     <location>
                        <geo>48,2066 16,37341</geo>
                     </location>
                  </settlement>
               </birth>
               <death>
                  <date when-iso="1957-11-23">23.11.1957</date>
                  <settlement key="45258">
                     <placeName type="pref">München</placeName>
                     <location>
                        <geo>48,13743 11,57549</geo>
                     </location>
                  </settlement>
               </death>
               <sex value="male"/>
               <occupation key="105">Schauspieler/Schauspielerin</occupation>
               <idno type="URL" subtype="schnitzler-bahr">https://schnitzler-bahr.acdh.oeaw.ac.at/pmb4179.html</idno>
               <idno type="URL" subtype="pmb">https://pmb.acdh.oeaw.ac.at/entity/4179/</idno>
               <idno type="URL" subtype="legalkraus">https://kraus.wienbibliothek.at/register/personen/pmb4179</idno>
               <idno type="URL" subtype="fackel">https://fackel.oeaw.ac.at/?p=fackelp42978</idno>
               <idno type="URL" subtype="wikidata">http://www.wikidata.org/entity/Q1372641</idno>
               <idno type="URL" subtype="wikipedia">https://de.wikipedia.org/wiki/Eugen_Jensen</idno>
               <idno type="URL" subtype="gnd">https://d-nb.info/gnd/137455666</idno>
               <idno type="URL" subtype="schnitzler-tagebuch">https://schnitzler-tagebuch.acdh.oeaw.ac.at/person_16537.html</idno>
               <idno type="URL" subtype="bahr-textverzeichnis">https://bahr-textverzeichnis.acdh.oeaw.ac.at/pmb4179.html</idno>
               <listEvent>
                  <event key="35406" when-iso="1898-11-18">
                     <desc n="1256">ist Arbeitskraft bei</desc>
                     <label>Premiere von Juana und Abschiedssouper, 18.11.1898</label>
                     <idno type="URL" subtype="pmb">https://pmb.acdh.oeaw.ac.at/entity/35406/</idno>
                  </event>
               </listEvent>
               <listBibl>
                  <bibl type="collections" n="5">legalkraus</bibl>
                  <bibl type="collections" n="12">Fackel</bibl>
               </listBibl>
               <figure>
                  <graphic url="https://commons.wikimedia.org/w/index.php?title=Special:Redirect/file/Eugen%20Jensen%201898.jpg"/>
               </figure>
            </person>
         </listPerson>
      </back>
   </text>
</TEI>
