<?xml version="1.0" encoding="UTF-8"?>
<TEI xmlns="http://www.tei-c.org/ns/1.0"
     xmlns:tei="http://www.tei-c.org/ns/1.0"
     xml:id="pmb122555.xml"
     prev="pmb122553"
     next="pmb122557">
   <teiHeader>
      <fileDesc>
         <titleStmt>
            <title level="s">Hermann Bahr – Textverzeichnis</title>
            <title level="a">Burgtheater. (»Eine Lection,« Lustspiel in einem
                     Act nach dem Italienischen des G. Rovetta von A. M. Zeltern. »Eine
                     Schachpartie,« dramatisches Gedicht von Giuseppe Giacosa. »Der Diener zweier
                     Herren,« Lustspiel von Goldoni)</title>
            <title type="iso-date">1888</title>
            <respStmt>
               <resp>providing the content</resp>
               <name>Martin Anton Müller</name>
            </respStmt>
            <respStmt>
               <resp>converted to XML encoding</resp>
               <name>Martin Anton Müller</name>
            </respStmt>
         </titleStmt>
         <publicationStmt>
            <publisher>Austrian Centre for Digital Humanities and Cultural
                                    Heritage (ACDH-CH)</publisher>
            <date>2024-03-19+01:00</date>
            <idno type="URI">https://id.acdh.oeaw.ac.at/bahr-textverzeichnis/pmb122555.xml</idno>
         </publicationStmt>
         <sourceDesc>
            <p>Bibliografische Angaben eines in Druck erschienen Texts von
                                    Bahr</p>
         </sourceDesc>
      </fileDesc>
   </teiHeader>
   <text>
      <body>
         <div type="bibliografische-angabe">
            <biblStruct xml:id="pmb122555"
                        type="Journal-Article"
                        status="checked"
                        prev="pmb122553"
                        next="pmb122557">
               <analytic>
                  <author ref="pmb10815">hr</author>
                  <title level="a" ref="pmb122555">Burgtheater. (»Eine Lection,« Lustspiel in einem
                     Act nach dem Italienischen des G. Rovetta von A. M. Zeltern. »Eine
                     Schachpartie,« dramatisches Gedicht von Giuseppe Giacosa. »Der Diener zweier
                     Herren,« Lustspiel von Goldoni)</title>
               </analytic>
               <monogr>
                  <title level="j" ref="pmb122067">Deutsche Wochenschrift</title>
                  <imprint>
                     <biblScope unit="jg">6</biblScope>
                     <biblScope unit="issue">9</biblScope>
                     <biblScope unit="page">7–8</biblScope>
                     <date when="1888">1888</date>
                  </imprint>
               </monogr>
               <note>
                  <p>Die Première war am 27.2.1888. In ihrer unveröffentlichten Autobiografie
                     erzählt Emma Adler, dass Bahr als Tischnachbar in der Berggasse ihrer Kritik
                     der Schratt in der »Gezähmten Widerspenstigen« lauschte und sie dann im Grunde
                     unverfälscht in der Deutschen Wochenschrift brachte, einschließlich der
                     abfälligen Bemerkung über das Ohr der Schratt. Nachdem aber das Stück
                     Shakespeares zuletzt im Herbst 1887 gegeben wurde, als Bahr noch nicht bei der
                     Deutschen Wochenschrift war, und diese auch keine Kritik des Stücks brachte,
                     dürfte es sich um diese Rezension von Rovettas »Lektion« handeln, worin Bahr am
                     Ende des ersten Absatzes schreibt: »Frau Schratt, die doch sonst in allem
                     Repräsentativen viel Geschick beweist, sollte man aufmerksam machen, daß sie
                     es nicht nötig hat, woran sie neuestens besonderen Gefallen zu finden scheint,
                     durch solche Ungunst der Haartracht ihre Ohren noch geflissentlich zu
                     vergrößern.«</p>
               </note>
               <note type="incipit">Man schleift das befestigte Ansehen des Burgtheaters</note>
               <ref type="URL">https://bahr.univie.ac.at/sites/all/txt/deutsche-wochenschrift/1888_deutschte-wochenschrift.pdf</ref>
               <noteGrp type="keywords">
                  <note type="Journal-Article">Artikel in einem Periodikum</note>
               </noteGrp>
               <note type="bibliographical-statement">hr: Burgtheater. (»Eine Lection,« Lustspiel in
                  einem Act nach dem Italienischen des G. Rovetta von A. M. Zeltern. »Eine
                  Schachpartie,« dramatisches Gedicht von Giuseppe Giacosa. »Der Diener zweier
                  Herren,« Lustspiel von Goldoni). In: Deutsche Wochenschrift, Jg. 6 (1888) Nr. 9,
                  S. 7–8.</note>
               <ref type="abdrucke">
                  <listRef>
                     <ptr type="textref" target="pmb134543"/>
                  </listRef>
               </ref>
            </biblStruct>
         </div>
      </body>
      <back/>
   </text>
</TEI>
