<?xml version="1.0" encoding="UTF-8"?>
<TEI xmlns="http://www.tei-c.org/ns/1.0"
     xmlns:tei="http://www.tei-c.org/ns/1.0"
     xml:id="pmb122785.xml"
     prev="pmb132255"
     next="pmb122783">
   <teiHeader>
      <fileDesc>
         <titleStmt>
            <title level="s">Hermann Bahr – Textverzeichnis</title>
            <title level="a">Theater, Kunst und Literatur.
                     Carl-Theater</title>
            <title type="iso-date">1903-11-01</title>
            <respStmt>
               <resp>providing the content</resp>
               <name>Martin Anton Müller</name>
            </respStmt>
            <respStmt>
               <resp>converted to XML encoding</resp>
               <name>Martin Anton Müller</name>
            </respStmt>
         </titleStmt>
         <publicationStmt>
            <publisher>Austrian Centre for Digital Humanities and Cultural
                                    Heritage (ACDH-CH)</publisher>
            <date>2024-03-19+01:00</date>
            <idno type="URI">https://id.acdh.oeaw.ac.at/bahr-textverzeichnis/pmb122785.xml</idno>
         </publicationStmt>
         <sourceDesc>
            <p>Bibliografische Angaben eines in Druck erschienen Texts von
                                    Bahr</p>
         </sourceDesc>
      </fileDesc>
   </teiHeader>
   <text>
      <body>
         <div type="bibliografische-angabe">
            <biblStruct xml:id="pmb122785"
                        type="Journal-Article"
                        status="checked"
                        prev="pmb132255"
                        next="pmb122783">
               <analytic>
                  <author ref="pmb10815">H. B.</author>
                  <title level="a" ref="pmb122785">Theater, Kunst und Literatur.
                     Carl-Theater</title>
               </analytic>
               <monogr>
                  <title level="j" ref="pmb41321">Neues Wiener Tagblatt</title>
                  <imprint>
                     <biblScope unit="jg">37</biblScope>
                     <biblScope unit="issue">300</biblScope>
                     <biblScope unit="page">10–11</biblScope>
                     <date when="1903-11-01">1.11.1903</date>
                  </imprint>
               </monogr>
               <note type="review-of">
                  <bibl>
                     <title level="m">Le Bourgeois gentilhomme</title>
                     <author>Molière</author>
                  </bibl>
                  <bibl>
                     <title level="m">Les Précieuses ridicules</title>
                     <author>Molière</author>
                  </bibl>
               </note>
               <note type="incipit">Coquelin gab gestern den guten dummen Herrn Jourdain</note>
               <note type="summary">Bahr diagnostiziert bei Molière, Shakespeare und Euripides eine
                  Hinwendung zur Düsterheit in der zweiten Lebenshälfte.</note>
               <ref type="personenindex">
                  <listRef>
                     <ptr type="pmb" target="pmb8948"/>
                     <ptr type="pmb" target="pmb2412"/>
                     <ptr type="pmb" target="pmb4107"/>
                     <ptr type="pmb" target="pmb10992"/>
                     <ptr type="pmb" target="pmb2211"/>
                     <ptr type="pmb" target="pmb3272"/>
                     <ptr type="pmb" target="pmb3275"/>
                  </listRef>
               </ref>
               <ref type="URL">https://anno.onb.ac.at/cgi-content/anno?aid=nwg&amp;datum=19031101&amp;seite=10</ref>
               <noteGrp type="keywords">
                  <note type="Journal-Article">Artikel in einem Periodikum</note>
               </noteGrp>
               <note type="bibliographical-statement">H. B.: Theater, Kunst und Literatur.
                  Carl-Theater. In: Neues Wiener Tagblatt, Jg. 37, Nr. 300, 1.11.1903,
                  S. 10–11.</note>
            </biblStruct>
         </div>
      </body>
      <back>
         <listPerson>
            <person xml:id="pmb8948">
               <persName>
                  <forename>Octave</forename>
                  <surname>Mirbeau</surname>
               </persName>
               <birth>
                  <date when-iso="1848-02-16">16.02.1848</date>
                  <settlement key="61089">
                     <placeName type="pref">Trévières</placeName>
                     <location>
                        <geo>49,30869 -0,90428</geo>
                     </location>
                  </settlement>
               </birth>
               <death>
                  <date when-iso="1917-02-16">16.02.1917</date>
                  <settlement key="182">
                     <placeName type="pref">Paris</placeName>
                     <location>
                        <geo>48,85341 2,3488</geo>
                     </location>
                  </settlement>
               </death>
               <sex value="male"/>
               <occupation key="90">Schriftsteller/Schriftstellerin</occupation>
               <occupation key="99">Journalist/Journalistin</occupation>
               <idno type="URL" subtype="gnd">https://d-nb.info/gnd/118784226</idno>
               <idno type="URL" subtype="schnitzler-tagebuch">https://schnitzler-tagebuch.acdh.oeaw.ac.at/person_18185.html</idno>
               <idno type="URL" subtype="schnitzler-bahr">https://schnitzler-bahr.acdh.oeaw.ac.at/pmb8948.html</idno>
               <idno type="URL" subtype="pmb">https://pmb.acdh.oeaw.ac.at/entity/8948/</idno>
               <idno type="URL" subtype="schnitzler-lektueren">https://schnitzler-lektueren.acdh.oeaw.ac.at/pmb8948.html</idno>
               <idno type="URL" subtype="bahr-textverzeichnis">https://bahr-textverzeichnis.acdh.oeaw.ac.at/pmb8948.html</idno>
               <idno type="URL" subtype="fackel">https://fackel.oeaw.ac.at/?p=fackelp50782</idno>
               <idno type="URL" subtype="wikidata">http://www.wikidata.org/entity/Q23441</idno>
               <idno type="URL" subtype="wikipedia">https://de.wikipedia.org/wiki/Octave_Mirbeau</idno>
               <idno type="URL" subtype="schnitzler-interviews">https://schnitzler-interviews.acdh.oeaw.ac.at/pmb8948.html</idno>
               <listBibl>
                  <bibl type="collections" n="12">Fackel</bibl>
               </listBibl>
               <figure>
                  <graphic url="https://commons.wikimedia.org/w/index.php?title=Special:Redirect/file/Octave%20Mirbeau%20portrait.jpg"/>
               </figure>
            </person>
            <person xml:id="pmb2412">
               <persName>
                  <forename>William</forename>
                  <surname>Shakespeare</surname>
               </persName>
               <persName type="legacy-name-merge">Shakespeare, William</persName>
               <birth>
                  <date when-iso="1564-04-23">23.4.1564?</date>
                  <settlement key="49870">
                     <placeName type="pref">Stratford-upon-Avon</placeName>
                     <location>
                        <geo>52,19166 -1,70734</geo>
                     </location>
                  </settlement>
               </birth>
               <death>
                  <date when-iso="1616-05-03">03.05.1616</date>
                  <settlement key="49870">
                     <placeName type="pref">Stratford-upon-Avon</placeName>
                     <location>
                        <geo>52,19166 -1,70734</geo>
                     </location>
                  </settlement>
               </death>
               <sex value="male"/>
               <occupation key="105">Schauspieler/Schauspielerin</occupation>
               <occupation key="727">Dramatiker/Dramatikerin</occupation>
               <idno type="URL" subtype="gnd">https://d-nb.info/gnd/118613723</idno>
               <idno type="URL" subtype="bahr-textverzeichnis">https://bahr-textverzeichnis.acdh.oeaw.ac.at/pmb2412.html</idno>
               <idno type="URL" subtype="schnitzler-bahr">https://schnitzler-bahr.acdh.oeaw.ac.at/pmb2412.html</idno>
               <idno type="URL" subtype="pmb">https://pmb.acdh.oeaw.ac.at/entity/2412/</idno>
               <idno type="URL" subtype="schnitzler-briefe">https://schnitzler-briefe.acdh.oeaw.ac.at/pmb2412.html</idno>
               <idno type="URL" subtype="schnitzler-lektueren">https://schnitzler-lektueren.acdh.oeaw.ac.at/pmb2412.html</idno>
               <idno type="URL" subtype="legalkraus">https://kraus.wienbibliothek.at/register/personen/pmb2412</idno>
               <idno type="URL" subtype="fackel">https://fackel.oeaw.ac.at/?p=fackelp55589</idno>
               <idno type="URL" subtype="dritte-walpurgisnacht">https://kraus1933.ace.oeaw.ac.at/Gesamt.xml?template=register_personen.html&amp;letter=S#DWpers0220</idno>
               <idno type="URL" subtype="wikidata">http://www.wikidata.org/entity/Q692</idno>
               <idno type="URL" subtype="wikipedia">https://de.wikipedia.org/wiki/William_Shakespeare</idno>
               <idno type="URL" subtype="thun-korrespondenz">https://thun-korrespondenz.acdh.oeaw.ac.at/shakespeare-william.html</idno>
               <idno type="URL" subtype="schnitzler-interviews">https://schnitzler-interviews.acdh.oeaw.ac.at/pmb2412.html</idno>
               <idno type="URL" subtype="pmb">https://pmb.acdh.oeaw.ac.at/entity/162255/</idno>
               <idno type="URL" subtype="schnitzler-tagebuch">https://schnitzler-tagebuch.acdh.oeaw.ac.at/person_20078.html</idno>
               <idno type="URL" subtype="bahr-tsn">https://bahr-textverzeichnis.acdh.oeaw.ac.at/TSN-listperson.html#pmb2412</idno>
               <idno type="URL" subtype="hanslick-online">https://hanslick.acdh.oeaw.ac.at/hsl_person_id_287.html</idno>
               <idno type="URL" subtype="auden-musulin-papers">https://amp.acdh.oeaw.ac.at/amp_person_10.html</idno>
               <listBibl>
                  <bibl type="collections" n="5">legalkraus</bibl>
                  <bibl type="collections" n="10">Karl Kraus 1933: Dritte Walpurgisnacht</bibl>
                  <bibl type="collections" n="12">Fackel</bibl>
                  <bibl type="collections" n="16">Bahr Textverzeichnis</bibl>
               </listBibl>
               <note type="references"> </note>
               <figure>
                  <graphic url="https://commons.wikimedia.org/w/index.php?title=Special:Redirect/file/Shakespeare.jpg"/>
               </figure>
            </person>
            <person xml:id="pmb4107">
               <persName>
                  <surname>Euripides</surname>
               </persName>
               <persName type="legacy-name-merge">Euripides, None</persName>
               <birth>
                  <date when-iso="0001-01-01">485?</date>
                  <settlement key="61023">
                     <placeName type="pref">Salamina</placeName>
                     <location>
                        <geo>37,96427 23,49649</geo>
                     </location>
                  </settlement>
               </birth>
               <death>
                  <date when-iso="0001-01-01">406? v. u. Z. </date>
                  <settlement key="60992">
                     <placeName type="pref">Pella</placeName>
                     <location>
                        <geo>40,76169 22,52637</geo>
                     </location>
                  </settlement>
               </death>
               <sex value="male"/>
               <occupation key="90">Schriftsteller/Schriftstellerin</occupation>
               <idno type="URL" subtype="gnd">https://d-nb.info/gnd/118531395</idno>
               <idno type="URL" subtype="schnitzler-bahr">https://schnitzler-bahr.acdh.oeaw.ac.at/pmb4107.html</idno>
               <idno type="URL" subtype="pmb">https://pmb.acdh.oeaw.ac.at/entity/4107/</idno>
               <idno type="URL" subtype="schnitzler-tagebuch">https://schnitzler-tagebuch.acdh.oeaw.ac.at/person_14824.html</idno>
               <idno type="URL" subtype="schnitzler-briefe">https://schnitzler-briefe.acdh.oeaw.ac.at/pmb4107.html</idno>
               <idno type="URL" subtype="schnitzler-lektueren">https://schnitzler-lektueren.acdh.oeaw.ac.at/pmb4107.html</idno>
               <idno type="URL" subtype="wikidata">http://www.wikidata.org/entity/Q48305</idno>
               <idno type="URL" subtype="wikipedia">https://de.wikipedia.org/wiki/Euripides</idno>
               <idno type="URL" subtype="fackel">https://fackel.oeaw.ac.at/?p=fackelp43002</idno>
               <idno type="URL" subtype="auden-musulin-papers">https://amp.acdh.oeaw.ac.at/amp_person_203.html</idno>
               <idno type="URL" subtype="bahr-textverzeichnis">https://bahr-textverzeichnis.acdh.oeaw.ac.at/pmb4107.html</idno>
               <idno type="URL" subtype="hanslick-online">https://hanslick.acdh.oeaw.ac.at/hsl_person_id_76.html</idno>
               <idno type="URL" subtype="schnitzler-interviews">https://schnitzler-interviews.acdh.oeaw.ac.at/pmb4107.html</idno>
               <listBibl>
                  <bibl type="collections" n="12">Fackel</bibl>
               </listBibl>
               <figure>
                  <graphic url="https://commons.wikimedia.org/w/index.php?title=Special:Redirect/file/Euripides%20Pio-Clementino%20Inv302.jpg"/>
               </figure>
            </person>
            <person xml:id="pmb10992">
               <persName>
                  <forename>Georg</forename>
                  <surname>Brandes</surname>
               </persName>
               <persName type="legacy-name-merge">Brandes, Georg</persName>
               <birth>
                  <date when-iso="1842-02-04">04.02.1842</date>
                  <settlement key="36300">
                     <placeName type="pref">Kopenhagen</placeName>
                     <location>
                        <geo>55,67594 12,56553</geo>
                     </location>
                  </settlement>
               </birth>
               <death>
                  <date when-iso="1927-02-19">19.02.1927</date>
                  <settlement key="36300">
                     <placeName type="pref">Kopenhagen</placeName>
                     <location>
                        <geo>55,67594 12,56553</geo>
                     </location>
                  </settlement>
               </death>
               <sex value="male"/>
               <idno type="URL" subtype="gnd">https://d-nb.info/gnd/118514326</idno>
               <idno type="URL" subtype="schnitzler-tagebuch">https://schnitzler-tagebuch.acdh.oeaw.ac.at/person_13920.html</idno>
               <idno type="URL" subtype="schnitzler-bahr">https://schnitzler-bahr.acdh.oeaw.ac.at/pmb10992.html</idno>
               <idno type="URL" subtype="pmb">https://pmb.acdh.oeaw.ac.at/entity/10992/</idno>
               <idno type="URL" subtype="schnitzler-briefe">https://schnitzler-briefe.acdh.oeaw.ac.at/pmb10992.html</idno>
               <idno type="URL" subtype="schnitzler-lektueren">https://schnitzler-lektueren.acdh.oeaw.ac.at/pmb10992.html</idno>
               <idno type="URL" subtype="bahr-textverzeichnis">https://bahr-textverzeichnis.acdh.oeaw.ac.at/pmb10992.html</idno>
               <idno type="URL" subtype="fackel">https://fackel.oeaw.ac.at/?p=fackelp44279</idno>
               <idno type="URL" subtype="wikidata">http://www.wikidata.org/entity/Q316045</idno>
               <idno type="URL" subtype="wikipedia">https://de.wikipedia.org/wiki/Georg_Brandes</idno>
               <idno type="URL" subtype="schnitzler-interviews">https://schnitzler-interviews.acdh.oeaw.ac.at/pmb10992.html</idno>
               <idno type="URL" subtype="pmb">https://pmb.acdh.oeaw.ac.at/entity/159465/</idno>
               <idno type="URL" subtype="bahr-tsn">https://bahr-textverzeichnis.acdh.oeaw.ac.at/TSN-listperson.html#pmb10992</idno>
               <idno type="URL" subtype="hanslick-online">https://hanslick.acdh.oeaw.ac.at/hsl_person_id_2668.html</idno>
               <affiliation>
                  <term key="1153">in Bezug zu</term>
                  <orgName key="34262">Morgen. Wochenschrift für deutsche Kultur</orgName>
                  <idno type="URL" subtype="pmb">https://pmb.acdh.oeaw.ac.at/entity/34262/</idno>
                  <idno type="URL" subtype="schnitzler-briefe">https://schnitzler-briefe.acdh.oeaw.ac.at/pmb34262.html</idno>
                  <idno type="URL" subtype="schnitzler-interviews">https://schnitzler-interviews.acdh.oeaw.ac.at/pmb34262.html</idno>
               </affiliation>
               <listEvent>
                  <event key="37731" when-iso="1925-03-31">
                     <desc n="1256">ist Arbeitskraft bei</desc>
                     <label>Vortrag von Georg Brandes in Berlin</label>
                     <idno type="URL" subtype="pmb">https://pmb.acdh.oeaw.ac.at/entity/37731/</idno>
                  </event>
                  <event key="37735" when-iso="1925-04-08">
                     <desc n="1256">ist Arbeitskraft bei</desc>
                     <label>Vortrag von Georg Brandes in Wien</label>
                     <idno type="URL" subtype="pmb">https://pmb.acdh.oeaw.ac.at/entity/37735/</idno>
                  </event>
               </listEvent>
               <listBibl>
                  <bibl type="collections" n="12">Fackel</bibl>
                  <bibl type="collections" n="16">Bahr Textverzeichnis</bibl>
               </listBibl>
               <note type="references"> </note>
               <figure>
                  <graphic url="https://commons.wikimedia.org/w/index.php?title=Special:Redirect/file/Georg%20Brandes%20by%20L%20Szacinski.jpg"/>
               </figure>
            </person>
            <person xml:id="pmb2211">
               <persName>
                  <forename>André</forename>
                  <surname>Antoine</surname>
               </persName>
               <persName type="legacy-name-merge">Antoine, André Leonhard</persName>
               <persName type="legacy-name-merge">Antoine, André</persName>
               <birth>
                  <date when-iso="1858-01-31">1858-01-31</date>
                  <settlement key="47377">
                     <placeName type="pref">Limoges</placeName>
                     <location>
                        <geo>45,83362 1,24759</geo>
                     </location>
                  </settlement>
               </birth>
               <death>
                  <date when-iso="1943-10-23">1943-10-23</date>
                  <settlement key="53788">
                     <placeName type="pref">Le Pouliguen</placeName>
                     <location>
                        <geo>47,27187 -2,43319</geo>
                     </location>
                  </settlement>
               </death>
               <sex value="male"/>
               <occupation key="103">Theaterleiter/Theaterleiterin</occupation>
               <occupation key="105">Schauspieler/Schauspielerin</occupation>
               <idno type="URL" subtype="gnd">https://d-nb.info/gnd/118649663</idno>
               <idno type="URL" subtype="schnitzler-bahr">https://schnitzler-bahr.acdh.oeaw.ac.at/pmb2211.html</idno>
               <idno type="URL" subtype="pmb">https://pmb.acdh.oeaw.ac.at/entity/2211/</idno>
               <idno type="URL" subtype="schnitzler-tagebuch">https://schnitzler-tagebuch.acdh.oeaw.ac.at/person_13228.html</idno>
               <idno type="URL" subtype="schnitzler-briefe">https://schnitzler-briefe.acdh.oeaw.ac.at/pmb2211.html</idno>
               <idno type="URL" subtype="bahr-textverzeichnis">https://bahr-textverzeichnis.acdh.oeaw.ac.at/pmb2211.html</idno>
               <idno type="URL" subtype="fackel">https://fackel.oeaw.ac.at/?p=fackelp38321</idno>
               <idno type="URL" subtype="wikidata">http://www.wikidata.org/entity/Q529001</idno>
               <idno type="URL" subtype="wikipedia">https://de.wikipedia.org/wiki/Andr%C3%A9_Antoine</idno>
               <idno type="URL" subtype="schnitzler-interviews">https://schnitzler-interviews.acdh.oeaw.ac.at/pmb2211.html</idno>
               <idno type="URL" subtype="pmb">https://pmb.acdh.oeaw.ac.at/entity/159132/</idno>
               <idno type="URL" subtype="bahr-tsn">https://bahr-textverzeichnis.acdh.oeaw.ac.at/TSN-listperson.html#pmb2211</idno>
               <affiliation notBefore-iso="1888-01-01"
                            when-iso="1888-01-01"
                            notAfter-iso="1888-12-31">
                  <term key="1182">arbeitet für</term>
                  <orgName key="88609">Théâtre Libre</orgName>
                  <idno type="URL" subtype="pmb">https://pmb.acdh.oeaw.ac.at/entity/88609/</idno>
               </affiliation>
               <affiliation notBefore-iso="1896-01-01"
                            when-iso="1896-01-01"
                            notAfter-iso="1896-12-31">
                  <term key="1182">arbeitet für</term>
                  <orgName key="93494">Odéon</orgName>
                  <idno type="URL" subtype="pmb">https://pmb.acdh.oeaw.ac.at/entity/93494/</idno>
                  <idno type="URL" subtype="gnd">https://d-nb.info/gnd/3023355-0</idno>
                  <idno type="URL" subtype="wikidata">http://www.wikidata.org/entity/Q113531639</idno>
               </affiliation>
               <affiliation notBefore-iso="1897-01-01"
                            when-iso="1897-01-01"
                            notAfter-iso="1897-12-31">
                  <term key="1409">besitzt</term>
                  <orgName key="88613">Théâtre Antoine</orgName>
                  <idno type="URL" subtype="pmb">https://pmb.acdh.oeaw.ac.at/entity/88613/</idno>
               </affiliation>
               <listEvent>
                  <event key="93182" when-iso="1892-11-03">
                     <desc n="1256">ist Arbeitskraft bei</desc>
                     <label>Premiere von Le Grappin, 3.11.1892</label>
                     <idno type="URL" subtype="pmb">https://pmb.acdh.oeaw.ac.at/entity/93182/</idno>
                  </event>
                  <event key="44739" when-iso="1903-11-07">
                     <desc n="1256">ist Arbeitskraft bei</desc>
                     <label>Premiere von Au Perroquet Vert, 7.11.1903</label>
                     <idno type="URL" subtype="pmb">https://pmb.acdh.oeaw.ac.at/entity/44739/</idno>
                  </event>
               </listEvent>
               <listBibl>
                  <bibl type="collections" n="12">Fackel</bibl>
                  <bibl type="collections" n="16">Bahr Textverzeichnis</bibl>
               </listBibl>
               <note type="references"> </note>
               <figure>
                  <graphic url="https://commons.wikimedia.org/w/index.php?title=Special:Redirect/file/Andr%C3%A9%20Antoine%20actor.jpg"/>
               </figure>
            </person>
            <person xml:id="pmb3272">
               <persName>
                  <surname>Molière</surname>
               </persName>
               <persName type="person_geburtsname_vorname">Jean-Baptiste</persName>
               <persName type="person_geburtsname_nachname">Poquelin</persName>
               <persName type="person_pseudonym">Molière</persName>
               <persName type="legacy-name-merge">Poquelin, Jean Baptiste</persName>
               <persName type="legacy-name-merge">Molière</persName>
               <persName type="legacy-name-merge">Molière</persName>
               <birth>
                  <date when-iso="1622-01-14">14.01.1622</date>
                  <settlement key="182">
                     <placeName type="pref">Paris</placeName>
                     <location>
                        <geo>48,85341 2,3488</geo>
                     </location>
                  </settlement>
               </birth>
               <death>
                  <date when-iso="1673-02-17">17.02.1673</date>
                  <settlement key="182">
                     <placeName type="pref">Paris</placeName>
                     <location>
                        <geo>48,85341 2,3488</geo>
                     </location>
                  </settlement>
               </death>
               <sex value="male"/>
               <occupation key="90">Schriftsteller/Schriftstellerin</occupation>
               <occupation key="103">Theaterleiter/Theaterleiterin</occupation>
               <occupation key="105">Schauspieler/Schauspielerin</occupation>
               <idno type="URL" subtype="gnd">https://d-nb.info/gnd/11858331X</idno>
               <idno type="URL" subtype="schnitzler-tagebuch">https://schnitzler-tagebuch.acdh.oeaw.ac.at/person_18214.html</idno>
               <idno type="URL" subtype="schnitzler-bahr">https://schnitzler-bahr.acdh.oeaw.ac.at/pmb3272.html</idno>
               <idno type="URL" subtype="pmb">https://pmb.acdh.oeaw.ac.at/entity/3272/</idno>
               <idno type="URL" subtype="pmb">https://pmb.acdh.oeaw.ac.at/entity/22808/</idno>
               <idno type="URL" subtype="schnitzler-briefe">https://schnitzler-briefe.acdh.oeaw.ac.at/pmb3272.html</idno>
               <idno type="URL" subtype="schnitzler-lektueren">https://schnitzler-lektueren.acdh.oeaw.ac.at/pmb3272.html</idno>
               <idno type="URL" subtype="bahr-textverzeichnis">https://bahr-textverzeichnis.acdh.oeaw.ac.at/pmb3272.html</idno>
               <idno type="URL" subtype="fackel">https://fackel.oeaw.ac.at/?p=fackelp50292</idno>
               <idno type="URL" subtype="wikidata">http://www.wikidata.org/entity/Q687</idno>
               <idno type="URL" subtype="wikipedia">https://de.wikipedia.org/wiki/Moli%C3%A8re</idno>
               <idno type="URL" subtype="schnitzler-kino">https://schnitzler-kino.acdh.oeaw.ac.at/pmb3272.html</idno>
               <idno type="URL" subtype="schnitzler-interviews">https://schnitzler-interviews.acdh.oeaw.ac.at/pmb3272.html</idno>
               <idno type="URL" subtype="bahr-tsn">https://bahr-textverzeichnis.acdh.oeaw.ac.at/TSN-listperson.html#pmb161360</idno>
               <idno type="URL" subtype="pmb">https://pmb.acdh.oeaw.ac.at/entity/161360/</idno>
               <idno type="URL" subtype="pmb">https://pmb.acdh.oeaw.ac.at/entity/161361/</idno>
               <idno type="URL" subtype="hanslick-online">https://hanslick.acdh.oeaw.ac.at/hsl_person_id_864.html</idno>
               <listBibl>
                  <bibl type="collections" n="12">Fackel</bibl>
                  <bibl type="collections" n="15">Schnitzler-Kino</bibl>
                  <bibl type="collections" n="16">Bahr Textverzeichnis</bibl>
               </listBibl>
               <note type="references"> </note>
               <figure>
                  <graphic url="https://commons.wikimedia.org/w/index.php?title=Special:Redirect/file/Pierre%20Mignard%20-%20Portrait%20de%20Jean-Baptiste%20Poquelin%20dit%20Moli%C3%A8re%20%281622-1673%29%20-%20Google%20Art%20Project%20%28cropped%29.jpg"/>
               </figure>
            </person>
            <person xml:id="pmb3275">
               <persName>
                  <forename>Constant</forename>
                  <surname>Coquelin</surname>
               </persName>
               <persName type="person_rufname">Coquelin aîné</persName>
               <persName type="legacy-name-merge">Coquelin Aîné</persName>
               <birth>
                  <date when-iso="1842-01-25">1842-01-25</date>
                  <settlement key="54953">
                     <placeName type="pref">Boulogne-sur-Mer</placeName>
                     <location>
                        <geo>50,72571 1,61392</geo>
                     </location>
                  </settlement>
               </birth>
               <death>
                  <date when-iso="1909-01-01" notAfter-iso="1909-12-31">1909</date>
                  <settlement key="54955">
                     <placeName type="pref">Couilly-Pont-aux-Dames</placeName>
                     <location>
                        <geo>48,88473 2,85677</geo>
                     </location>
                  </settlement>
               </death>
               <sex value="male"/>
               <occupation key="105">Schauspieler/Schauspielerin</occupation>
               <idno type="URL" subtype="gnd">https://d-nb.info/gnd/116670673</idno>
               <idno type="URL" subtype="schnitzler-bahr">https://schnitzler-bahr.acdh.oeaw.ac.at/pmb3275.html</idno>
               <idno type="URL" subtype="pmb">https://pmb.acdh.oeaw.ac.at/entity/3275/</idno>
               <idno type="URL" subtype="wikidata">http://www.wikidata.org/entity/Q142310</idno>
               <idno type="URL" subtype="wikipedia">https://de.wikipedia.org/wiki/Beno%C3%AEt_Constant_Coquelin</idno>
               <idno type="URL" subtype="bahr-textverzeichnis">https://bahr-textverzeichnis.acdh.oeaw.ac.at/pmb3275.html</idno>
               <idno type="URL" subtype="pmb">https://pmb.acdh.oeaw.ac.at/entity/159683/</idno>
               <idno type="URL" subtype="bahr-tsn">https://bahr-textverzeichnis.acdh.oeaw.ac.at/TSN-listperson.html#pmb159683</idno>
               <listBibl>
                  <bibl type="collections" n="16">Bahr Textverzeichnis</bibl>
               </listBibl>
               <note type="references">None </note>
               <figure>
                  <graphic url="https://commons.wikimedia.org/w/index.php?title=Special:Redirect/file/Portrait%20of%20Beno%C3%AEt-Constant%20Coquelin.jpg"/>
               </figure>
            </person>
         </listPerson>
      </back>
   </text>
</TEI>
