<?xml version="1.0" encoding="UTF-8"?>
<TEI xmlns="http://www.tei-c.org/ns/1.0"
     xmlns:tei="http://www.tei-c.org/ns/1.0"
     xml:id="pmb122691.xml"
     prev="pmb132055"
     next="pmb122689">
   <teiHeader>
      <fileDesc>
         <titleStmt>
            <title level="s">Hermann Bahr – Textverzeichnis</title>
            <title level="a">Theater, Kunst und Literatur.
                     Carl-Theater</title>
            <title type="iso-date">1904-11-10</title>
            <respStmt>
               <resp>providing the content</resp>
               <name>Martin Anton Müller</name>
            </respStmt>
            <respStmt>
               <resp>converted to XML encoding</resp>
               <name>Martin Anton Müller</name>
            </respStmt>
         </titleStmt>
         <publicationStmt>
            <publisher>Austrian Centre for Digital Humanities and Cultural
                                    Heritage (ACDH-CH)</publisher>
            <date>2024-03-19+01:00</date>
            <idno type="URI">https://id.acdh.oeaw.ac.at/bahr-textverzeichnis/pmb122691.xml</idno>
         </publicationStmt>
         <sourceDesc>
            <p>Bibliografische Angaben eines in Druck erschienen Texts von
                                    Bahr</p>
         </sourceDesc>
      </fileDesc>
   </teiHeader>
   <text>
      <body>
         <div type="bibliografische-angabe">
            <biblStruct xml:id="pmb122691"
                        type="Journal-Article"
                        status="checked"
                        prev="pmb132055"
                        next="pmb122689">
               <analytic>
                  <author ref="pmb10815">H. B.</author>
                  <title level="a" ref="pmb122691">Theater, Kunst und Literatur.
                     Carl-Theater</title>
               </analytic>
               <monogr>
                  <title level="j" ref="pmb41321">Neues Wiener Tagblatt</title>
                  <imprint>
                     <biblScope unit="jg">38</biblScope>
                     <biblScope unit="issue">312</biblScope>
                     <biblScope unit="page">11</biblScope>
                     <date when="1904-11-10">10.11.1904</date>
                  </imprint>
               </monogr>
               <note type="review-of">
                  <bibl>
                     <title level="m">La Sorcière</title>
                     <author>Victorien Sardou</author>
                  </bibl>
               </note>
               <note type="incipit">Die »Sorcière« des Sardou, die die Bernhardt gestern gab, ist
                  das richtige Stück für den Export über See.</note>
               <note type="summary">Bahr glaubt, dass nur Mexikaner auf das populäre Stück
                  hereinfallen können. Ob diese es zu sehen kriegen, ist ungewiss, aber es gibt
                  zweifelsohne Mexikaner in jedem Publikum.</note>
               <ref type="personenindex">
                  <listRef>
                     <ptr type="pmb" target="pmb12624"/>
                     <ptr type="pmb" target="pmb10899"/>
                     <ptr type="pmb" target="pmb146292"/>
                     <ptr type="pmb" target="pmb154028"/>
                  </listRef>
               </ref>
               <ref type="URL">https://anno.onb.ac.at/cgi-content/anno?aid=nwg&amp;datum=19041110&amp;seite=11</ref>
               <noteGrp type="keywords">
                  <note type="Journal-Article">Artikel in einem Periodikum</note>
               </noteGrp>
               <note type="bibliographical-statement">H. B.: Theater, Kunst und Literatur.
                  Carl-Theater. In: Neues Wiener Tagblatt, Jg. 38, Nr. 312, 10.11.1904,
                  S. 11.</note>
            </biblStruct>
         </div>
      </body>
      <back>
         <listPerson>
            <person xml:id="pmb12624">
               <persName>
                  <forename>Victorien</forename>
                  <surname>Sardou</surname>
               </persName>
               <persName type="legacy-name-merge">Sardou, Victorien</persName>
               <birth>
                  <date when-iso="1831-09-07">07.09.1831</date>
                  <settlement key="182">
                     <placeName type="pref">Paris</placeName>
                     <location>
                        <geo>48,85341 2,3488</geo>
                     </location>
                  </settlement>
               </birth>
               <death>
                  <date when-iso="1908-11-08">08.11.1908</date>
                  <settlement key="182">
                     <placeName type="pref">Paris</placeName>
                     <location>
                        <geo>48,85341 2,3488</geo>
                     </location>
                  </settlement>
               </death>
               <sex value="male"/>
               <occupation key="90">Schriftsteller/Schriftstellerin</occupation>
               <idno type="URL" subtype="gnd">https://d-nb.info/gnd/118794566</idno>
               <idno type="URL" subtype="schnitzler-tagebuch">https://schnitzler-tagebuch.acdh.oeaw.ac.at/person_19577.html</idno>
               <idno type="URL" subtype="schnitzler-bahr">https://schnitzler-bahr.acdh.oeaw.ac.at/pmb12624.html</idno>
               <idno type="URL" subtype="pmb">https://pmb.acdh.oeaw.ac.at/entity/12624/</idno>
               <idno type="URL" subtype="schnitzler-briefe">https://schnitzler-briefe.acdh.oeaw.ac.at/pmb12624.html</idno>
               <idno type="URL" subtype="schnitzler-lektueren">https://schnitzler-lektueren.acdh.oeaw.ac.at/pmb12624.html</idno>
               <idno type="URL" subtype="fackel">https://fackel.oeaw.ac.at/?p=fackelp52775</idno>
               <idno type="URL" subtype="wikidata">http://www.wikidata.org/entity/Q354828</idno>
               <idno type="URL" subtype="wikipedia">https://de.wikipedia.org/wiki/Victorien_Sardou</idno>
               <idno type="URL" subtype="schnitzler-kino">https://schnitzler-kino.acdh.oeaw.ac.at/pmb12624.html</idno>
               <idno type="URL" subtype="schnitzler-interviews">https://schnitzler-interviews.acdh.oeaw.ac.at/pmb12624.html</idno>
               <idno type="URL" subtype="pmb">https://pmb.acdh.oeaw.ac.at/entity/162039/</idno>
               <idno type="URL" subtype="bahr-tsn">https://bahr-textverzeichnis.acdh.oeaw.ac.at/TSN-listperson.html#pmb12624</idno>
               <idno type="URL" subtype="bahr-textverzeichnis">https://bahr-textverzeichnis.acdh.oeaw.ac.at/pmb12624.html</idno>
               <idno type="URL" subtype="hanslick-online">https://hanslick.acdh.oeaw.ac.at/hsl_person_id_3375.html</idno>
               <listBibl>
                  <bibl type="collections" n="12">Fackel</bibl>
                  <bibl type="collections" n="16">Bahr Textverzeichnis</bibl>
               </listBibl>
               <note type="references"> </note>
               <figure>
                  <graphic url="https://commons.wikimedia.org/w/index.php?title=Special:Redirect/file/Victorien%20Sardou%20%28before%201908%29%20-%20Archivio%20Storico%20Ricordi%20FOTO001650.jpg"/>
               </figure>
            </person>
            <person xml:id="pmb10899">
               <persName>
                  <forename>Sarah</forename>
                  <surname>Bernhardt</surname>
               </persName>
               <persName type="person_geburtsname_vorname">Sara Marie Henriette-Rosine</persName>
               <persName type="person_geburtsname_nachname">Bernardt</persName>
               <persName type="person_verwitwet">Damala</persName>
               <persName type="legacy-name-merge">Bernhardt, Sarah</persName>
               <birth>
                  <date when-iso="1844-10-22">22.10.1844</date>
                  <settlement key="182">
                     <placeName type="pref">Paris</placeName>
                     <location>
                        <geo>48,85341 2,3488</geo>
                     </location>
                  </settlement>
               </birth>
               <death>
                  <date when-iso="1923-03-26">26.03.1923</date>
                  <settlement key="182">
                     <placeName type="pref">Paris</placeName>
                     <location>
                        <geo>48,85341 2,3488</geo>
                     </location>
                  </settlement>
               </death>
               <sex value="female"/>
               <occupation key="105">Schauspieler/Schauspielerin</occupation>
               <idno type="URL" subtype="gnd">https://d-nb.info/gnd/118509896</idno>
               <idno type="URL" subtype="schnitzler-tagebuch">https://schnitzler-tagebuch.acdh.oeaw.ac.at/person_13673.html</idno>
               <idno type="URL" subtype="schnitzler-bahr">https://schnitzler-bahr.acdh.oeaw.ac.at/pmb10899.html</idno>
               <idno type="URL" subtype="pmb">https://pmb.acdh.oeaw.ac.at/entity/10899/</idno>
               <idno type="URL" subtype="schnitzler-briefe">https://schnitzler-briefe.acdh.oeaw.ac.at/pmb10899.html</idno>
               <idno type="URL" subtype="bahr-textverzeichnis">https://bahr-textverzeichnis.acdh.oeaw.ac.at/pmb10899.html</idno>
               <idno type="URL" subtype="fackel">https://fackel.oeaw.ac.at/?p=fackelp52770</idno>
               <idno type="URL" subtype="wikidata">http://www.wikidata.org/entity/Q4605</idno>
               <idno type="URL" subtype="wikipedia">https://de.wikipedia.org/wiki/Sarah_Bernhardt</idno>
               <idno type="URL" subtype="schnitzler-kino">https://schnitzler-kino.acdh.oeaw.ac.at/pmb10899.html</idno>
               <idno type="URL" subtype="schnitzler-interviews">https://schnitzler-interviews.acdh.oeaw.ac.at/pmb10899.html</idno>
               <idno type="URL" subtype="pmb">https://pmb.acdh.oeaw.ac.at/entity/159364/</idno>
               <idno type="URL" subtype="bahr-tsn">https://bahr-textverzeichnis.acdh.oeaw.ac.at/TSN-listperson.html#pmb10899</idno>
               <affiliation>
                  <term key="1182">arbeitet für</term>
                  <orgName key="87981">Théâtre de la Renaissance</orgName>
                  <idno type="URL" subtype="pmb">https://pmb.acdh.oeaw.ac.at/entity/87981/</idno>
                  <idno type="URL" subtype="gnd">https://d-nb.info/gnd/7586652-3</idno>
                  <idno type="URL" subtype="wikidata">http://www.wikidata.org/entity/Q3527713</idno>
                  <idno type="URL" subtype="wikipedia">https://de.wikipedia.org/wiki/Th%C3%A9%C3%A2tre_de_la_Renaissance</idno>
               </affiliation>
               <listEvent>
                  <event key="42481" when-iso="1892-10-14">
                     <desc n="1256">ist Arbeitskraft bei</desc>
                     <label>Gastspiel Sarah Bernhardt, Die Kameliendame, 14.10.1892</label>
                     <idno type="URL" subtype="pmb">https://pmb.acdh.oeaw.ac.at/entity/42481/</idno>
                  </event>
                  <event key="87976" when-iso="1894-10-31">
                     <desc n="1256">ist Arbeitskraft bei</desc>
                     <label>Uraufführung von Gismonda, 31.10.1894</label>
                     <idno type="URL" subtype="pmb">https://pmb.acdh.oeaw.ac.at/entity/87976/</idno>
                  </event>
                  <event key="118148" when-iso="1896-12-03">
                     <desc n="1256">ist Arbeitskraft bei</desc>
                     <label>Uraufführung von Lorenzaccio, 3.12.1896</label>
                     <idno type="URL" subtype="pmb">https://pmb.acdh.oeaw.ac.at/entity/118148/</idno>
                  </event>
               </listEvent>
               <listBibl>
                  <bibl type="collections" n="12">Fackel</bibl>
                  <bibl type="collections" n="15">Schnitzler-Kino</bibl>
                  <bibl type="collections" n="16">Bahr Textverzeichnis</bibl>
               </listBibl>
               <note type="references"> </note>
               <figure>
                  <graphic url="https://commons.wikimedia.org/w/index.php?title=Special:Redirect/file/Sarah%20Bernhardt%20by%20Paul%20Nadar%20%28crop%29.jpg"/>
               </figure>
            </person>
            <person xml:id="pmb146292">
               <persName>
                  <forename>-</forename>
                  <surname>Ferdinand II., Aragonien, König</surname>
               </persName>
               <persName type="legacy-name-merge">Ferdinand II. der Katholische, von
                     Aragonien</persName>
               <birth>
                  <date notBefore-iso="1452-01-01"
                        when-iso="1452-01-01"
                        notAfter-iso="1452-12-31">1452</date>
               </birth>
               <death>
                  <date when-iso="1516-01-01" notAfter-iso="1516-12-31">1516</date>
               </death>
               <sex value="not-set"/>
               <occupation key="109">König/Königin</occupation>
               <idno type="URL" subtype="pmb">https://pmb.acdh.oeaw.ac.at/entity/146292/</idno>
               <idno type="URL" subtype="gnd">https://d-nb.info/gnd/118686712</idno>
               <idno type="URL" subtype="fackel">https://fackel.oeaw.ac.at/?p=fackelp43205</idno>
               <idno type="URL" subtype="wikidata">http://www.wikidata.org/entity/Q12860</idno>
               <idno type="URL" subtype="wikipedia">https://de.wikipedia.org/wiki/Ferdinand_II._(Arag%C3%B3n)</idno>
               <idno type="URL" subtype="pmb">https://pmb.acdh.oeaw.ac.at/entity/160005/</idno>
               <idno type="URL" subtype="bahr-textverzeichnis">https://bahr-textverzeichnis.acdh.oeaw.ac.at/pmb146292.html</idno>
               <idno type="URL" subtype="bahr-tsn">https://bahr-textverzeichnis.acdh.oeaw.ac.at/TSN-listperson.html#pmb160005</idno>
               <listBibl>
                  <bibl type="collections" n="12">Fackel</bibl>
                  <bibl type="collections" n="16">Bahr Textverzeichnis</bibl>
                  <bibl type="collections" n="19">Standardimport</bibl>
               </listBibl>
               <note type="references">None </note>
            </person>
            <person xml:id="pmb154028">
               <persName>
                  <forename>de</forename>
                  <surname>Max</surname>
               </persName>
               <persName type="legacy-name-merge">Max, de</persName>
               <birth>
                  <date notBefore-iso="1869-01-01"
                        when-iso="1869-01-01"
                        notAfter-iso="1869-12-31">1869</date>
               </birth>
               <death>
                  <date when-iso="1924-01-01" notAfter-iso="1924-12-31">1924</date>
               </death>
               <sex value="not-set"/>
               <idno type="URL" subtype="pmb">https://pmb.acdh.oeaw.ac.at/entity/154028/</idno>
               <idno type="URL" subtype="pmb">https://pmb.acdh.oeaw.ac.at/entity/161252/</idno>
               <idno type="URL" subtype="bahr-textverzeichnis">https://bahr-textverzeichnis.acdh.oeaw.ac.at/pmb154028.html</idno>
               <idno type="URL" subtype="bahr-tsn">https://bahr-textverzeichnis.acdh.oeaw.ac.at/TSN-listperson.html#pmb154028</idno>
               <listBibl>
                  <bibl type="collections" n="16">Bahr Textverzeichnis</bibl>
               </listBibl>
               <note type="references">None </note>
            </person>
         </listPerson>
      </back>
   </text>
</TEI>
