<?xml version="1.0" encoding="UTF-8"?>
<TEI xmlns="http://www.tei-c.org/ns/1.0"
     xmlns:tei="http://www.tei-c.org/ns/1.0"
     xml:id="pmb122461.xml"
     prev="pmb32105"
     next="pmb123885">
   <teiHeader>
      <fileDesc>
         <titleStmt>
            <title level="s">Hermann Bahr – Textverzeichnis</title>
            <title level="a">Es brandelt</title>
            <title type="iso-date">1893-01-29</title>
            <respStmt>
               <resp>providing the content</resp>
               <name>Martin Anton Müller</name>
            </respStmt>
            <respStmt>
               <resp>converted to XML encoding</resp>
               <name>Martin Anton Müller</name>
            </respStmt>
         </titleStmt>
         <publicationStmt>
            <publisher>Austrian Centre for Digital Humanities and Cultural
                                    Heritage (ACDH-CH)</publisher>
            <date>2024-03-19+01:00</date>
            <idno type="URI">https://id.acdh.oeaw.ac.at/bahr-textverzeichnis/pmb122461.xml</idno>
         </publicationStmt>
         <sourceDesc>
            <p>Bibliografische Angaben eines in Druck erschienen Texts von
                                    Bahr</p>
         </sourceDesc>
      </fileDesc>
   </teiHeader>
   <text>
      <body>
         <div type="bibliografische-angabe">
            <biblStruct xml:id="pmb122461"
                        type="Journal-Article"
                        subtype="Glosse"
                        status="checked"
                        prev="pmb32105"
                        next="pmb123885">
               <analytic>
                  <author ref="pmb10815">Mepherl</author>
                  <title level="a" ref="pmb122461">Es brandelt</title>
               </analytic>
               <monogr>
                  <title level="j" ref="pmb41471">Deutsche Zeitung</title>
                  <imprint>
                     <biblScope unit="jg">23</biblScope>
                     <biblScope unit="issue">7575, Sonntags-Ausgabe, Beilage</biblScope>
                     <biblScope unit="page">5</biblScope>
                     <date when="1893-01-29">29.1.1893</date>
                  </imprint>
               </monogr>
               <note type="incipit">Das ist im großen Schlosse, im Schlosse zu Berlin</note>
               <ref type="URL">https://bahr.univie.ac.at/sites/all/txt/deutsche-zeitung/75755.pdf</ref>
               <noteGrp type="keywords">
                  <note type="Journal-Article">Artikel in einem Periodikum</note>
                  <note subtype="Glosse">Glosse</note>
               </noteGrp>
               <note type="bibliographical-statement">Mepherl: Es brandelt. In: Deutsche Zeitung,
                  Jg. 23, Nr. 7575, Sonntags-Ausgabe, Beilage, 29.1.1893, S. 5.</note>
            </biblStruct>
         </div>
      </body>
      <back/>
   </text>
</TEI>
