<?xml version="1.0" encoding="UTF-8"?>
<TEI xmlns="http://www.tei-c.org/ns/1.0"
     xmlns:tei="http://www.tei-c.org/ns/1.0"
     xml:id="pmb123151.xml"
     prev="pmb123095"
     next="pmb132783">
   <teiHeader>
      <fileDesc>
         <titleStmt>
            <title level="s">Hermann Bahr – Textverzeichnis</title>
            <title level="a">Theater, Kunst und Literatur. Theater an der
                     Wien</title>
            <title type="iso-date">1901-04-02</title>
            <respStmt>
               <resp>providing the content</resp>
               <name>Martin Anton Müller</name>
            </respStmt>
            <respStmt>
               <resp>converted to XML encoding</resp>
               <name>Martin Anton Müller</name>
            </respStmt>
         </titleStmt>
         <publicationStmt>
            <publisher>Austrian Centre for Digital Humanities and Cultural
                                    Heritage (ACDH-CH)</publisher>
            <date>2024-03-19+01:00</date>
            <idno type="URI">https://id.acdh.oeaw.ac.at/bahr-textverzeichnis/pmb123151.xml</idno>
         </publicationStmt>
         <sourceDesc>
            <p>Bibliografische Angaben eines in Druck erschienen Texts von
                                    Bahr</p>
         </sourceDesc>
      </fileDesc>
   </teiHeader>
   <text>
      <body>
         <div type="bibliografische-angabe">
            <biblStruct xml:id="pmb123151"
                        type="Journal-Article"
                        status="checked"
                        prev="pmb123095"
                        next="pmb132783">
               <analytic>
                  <author ref="pmb10815">H. B.</author>
                  <title level="a" ref="pmb123151">Theater, Kunst und Literatur. Theater an der
                     Wien</title>
               </analytic>
               <monogr>
                  <title level="j" ref="pmb41321">Neues Wiener Tagblatt</title>
                  <imprint>
                     <biblScope unit="jg">35</biblScope>
                     <biblScope unit="issue">90</biblScope>
                     <biblScope unit="page">7</biblScope>
                     <date when="1901-04-02">2.4.1901</date>
                  </imprint>
               </monogr>
               <note type="review-of">
                  <bibl>
                     <title level="m">Secessionsgesänge«</title>
                     <author>Benno Jacobson</author>
                  </bibl>
                  <bibl>
                     <title level="m">Zum Einsiedler</title>
                     <author>Benno Jacobson</author>
                  </bibl>
                  <bibl>
                     <title level="m">Servus Herr Stutzerl</title>
                     <author>Karl Giugno</author>
                  </bibl>
               </note>
               <note type="incipit">Seit einem Jahr hören wir in einemfort von einer »Secession« im
                  Theater reden.</note>
               <ref type="URL">https://anno.onb.ac.at/cgi-content/anno?aid=nwg&amp;datum=19010402&amp;seite=7</ref>
               <noteGrp type="keywords">
                  <note type="Journal-Article">Artikel in einem Periodikum</note>
               </noteGrp>
               <note type="bibliographical-statement">H. B.: Theater, Kunst und Literatur. Theater
                  an der Wien. In: Neues Wiener Tagblatt, Jg. 35, Nr. 90, 2.4.1901, S. 7.</note>
               <ref type="abdrucke">
                  <listRef>
                     <ptr type="textref" target="pmb132397"/>
                  </listRef>
               </ref>
            </biblStruct>
         </div>
      </body>
      <back/>
   </text>
</TEI>
