<?xml version="1.0" encoding="UTF-8"?>
<TEI xmlns="http://www.tei-c.org/ns/1.0"
     xmlns:tei="http://www.tei-c.org/ns/1.0"
     xml:id="pmb119059.xml"
     prev="pmb130807"
     next="pmb135225">
   <teiHeader>
      <fileDesc>
         <titleStmt>
            <title level="s">Hermann Bahr – Textverzeichnis</title>
            <title level="a">Lessing im Urteile der Gegenwart</title>
            <title type="iso-date">1912</title>
            <respStmt>
               <resp>providing the content</resp>
               <name>Martin Anton Müller</name>
            </respStmt>
            <respStmt>
               <resp>converted to XML encoding</resp>
               <name>Martin Anton Müller</name>
            </respStmt>
         </titleStmt>
         <publicationStmt>
            <publisher>Austrian Centre for Digital Humanities and Cultural
                                    Heritage (ACDH-CH)</publisher>
            <date>2024-03-19+01:00</date>
            <idno type="URI">https://id.acdh.oeaw.ac.at/bahr-textverzeichnis/pmb119059.xml</idno>
         </publicationStmt>
         <sourceDesc>
            <p>Bibliografische Angaben eines in Druck erschienen Texts von
                                    Bahr</p>
         </sourceDesc>
      </fileDesc>
   </teiHeader>
   <text>
      <body>
         <div type="bibliografische-angabe">
            <biblStruct type="Book_Section"
                        subtype="Umfrage"
                        status="checked"
                        xml:id="pmb119059"
                        sameAs="HB-tv_1754"
                        prev="pmb130807"
                        next="pmb135225">
               <analytic>
                  <title level="a" ref="pmb119059">Lessing im Urteile der Gegenwart</title>
                  <author ref="pmb10815">Bahr, Hermann</author>
               </analytic>
               <monogr>
                  <title level="m" ref="pmb61273">Lessing Almanach. Concordia-Ball 12. Februar
                     1912</title>
                  <imprint>
                     <pubPlace>Wien</pubPlace>
                     <date when="1912">1912</date>
                     <biblScope unit="page">6</biblScope>
                  </imprint>
               </monogr>
               <note type="incipit">Lessing hat zuerst erkannt, daß all unseres Sinnens und Wirkens
                  Wert im Erstreben, nicht aber im Erreichen der Wahrheit besteht, da jede Wahrheit,
                  kaum erreicht, sich schon wieder als Irrtum enthüllt. |</note>
               <ref type="personenindex">
                  <listRef>
                     <ptr type="pmb" target="pmb12053"/>
                  </listRef>
               </ref>
               <noteGrp type="keywords">
                  <note type="Book">Buch</note>
                  <note type="Section">Section</note>
                  <note subtype="Umfrage">Umfrage</note>
               </noteGrp>
               <note type="bibliographical-statement">Hermann Bahr: Lessing im Urteile der
                  Gegenwart. In: Lessing Almanach. Concordia-Ball 12. Februar 1912. Wien: 1912,
                  S. 6.</note>
               <note type="periodica">
                  <bibl type="obsolete">
                     <title level="j" ref="pmb36376">Neues Wiener
                        Journal</title>
                     <biblScope unit="jg">20</biblScope>
                     <date type="year">1912</date>
                     <biblScope unit="issue">6576</biblScope>
                     <biblScope unit="page">3–4, hier 4</biblScope>
                     <date when="1912-02-13">13.2.1912</date>
                     <title level="a" ref="pmb130641">Damenspende des Concordiaballs.
                        Lessing-Almanach</title>
                  </bibl>
               </note>
               <ref type="abdrucke">
                  <listRef>
                     <ptr type="textref" target="pmb130641"/>
                  </listRef>
               </ref>
            </biblStruct>
         </div>
      </body>
      <back>
         <listPerson>
            <person xml:id="pmb12053">
               <persName>
                  <forename>Gotthold Ephraim</forename>
                  <surname>Lessing</surname>
               </persName>
               <persName type="legacy-name-merge">Lessing, Gotthold Ephraim</persName>
               <birth>
                  <date when-iso="1729-01-22">22.01.1729</date>
                  <settlement key="58795">
                     <placeName type="pref">Kamenz</placeName>
                     <location>
                        <geo>51,26798 14,09374</geo>
                     </location>
                  </settlement>
               </birth>
               <death>
                  <date when-iso="1781-02-15">15.02.1781</date>
                  <settlement key="35572">
                     <placeName type="pref">Braunschweig</placeName>
                     <location>
                        <geo>52,26594 10,52673</geo>
                     </location>
                  </settlement>
               </death>
               <sex value="male"/>
               <occupation key="90">Schriftsteller/Schriftstellerin</occupation>
               <occupation key="247">Bibliothekar/Bibliothekarin</occupation>
               <idno type="URL" subtype="gnd">https://d-nb.info/gnd/118572121</idno>
               <idno type="URL" subtype="schnitzler-tagebuch">https://schnitzler-tagebuch.acdh.oeaw.ac.at/person_17474.html</idno>
               <idno type="URL" subtype="bahr-textverzeichnis">https://bahr-textverzeichnis.acdh.oeaw.ac.at/pmb12053.html</idno>
               <idno type="URL" subtype="schnitzler-bahr">https://schnitzler-bahr.acdh.oeaw.ac.at/pmb12053.html</idno>
               <idno type="URL" subtype="pmb">https://pmb.acdh.oeaw.ac.at/entity/12053/</idno>
               <idno type="URL" subtype="schnitzler-briefe">https://schnitzler-briefe.acdh.oeaw.ac.at/pmb12053.html</idno>
               <idno type="URL" subtype="schnitzler-lektueren">https://schnitzler-lektueren.acdh.oeaw.ac.at/pmb12053.html</idno>
               <idno type="URL" subtype="legalkraus">https://kraus.wienbibliothek.at/register/personen/pmb12053</idno>
               <idno type="URL" subtype="fackel">https://fackel.oeaw.ac.at/?p=fackelp44593</idno>
               <idno type="URL" subtype="wikidata">http://www.wikidata.org/entity/Q34628</idno>
               <idno type="URL" subtype="wikipedia">https://de.wikipedia.org/wiki/Gotthold_Ephraim_Lessing</idno>
               <idno type="URL" subtype="thun-korrespondenz">https://thun-korrespondenz.acdh.oeaw.ac.at/lessing-gotthold-ephraim.html</idno>
               <idno type="URL" subtype="schnitzler-interviews">https://schnitzler-interviews.acdh.oeaw.ac.at/pmb12053.html</idno>
               <idno type="URL" subtype="pmb">https://pmb.acdh.oeaw.ac.at/entity/161051/</idno>
               <idno type="URL" subtype="bahr-tsn">https://bahr-textverzeichnis.acdh.oeaw.ac.at/TSN-listperson.html#pmb12053</idno>
               <idno type="URL" subtype="hanslick-online">https://hanslick.acdh.oeaw.ac.at/hsl_person_id_697.html</idno>
               <listBibl>
                  <bibl type="collections" n="5">legalkraus</bibl>
                  <bibl type="collections" n="12">Fackel</bibl>
                  <bibl type="collections" n="16">Bahr Textverzeichnis</bibl>
               </listBibl>
               <note type="references"> </note>
               <figure>
                  <graphic url="https://commons.wikimedia.org/w/index.php?title=Special:Redirect/file/Gotthold%20Ephraim%20Lessing%20Kunstsammlung%20Uni%20Leipzig.jpg"/>
               </figure>
            </person>
         </listPerson>
      </back>
   </text>
</TEI>
