<?xml version="1.0" encoding="UTF-8"?>
<TEI xmlns="http://www.tei-c.org/ns/1.0"
     xmlns:tei="http://www.tei-c.org/ns/1.0"
     xml:id="pmb122707.xml"
     prev="pmb122709"
     next="pmb122705">
   <teiHeader>
      <fileDesc>
         <titleStmt>
            <title level="s">Hermann Bahr – Textverzeichnis</title>
            <title level="a">Theater, Kunst und Literatur. Deutsches
                     Volkstheater</title>
            <title type="iso-date">1904-06-12</title>
            <respStmt>
               <resp>providing the content</resp>
               <name>Martin Anton Müller</name>
            </respStmt>
            <respStmt>
               <resp>converted to XML encoding</resp>
               <name>Martin Anton Müller</name>
            </respStmt>
         </titleStmt>
         <publicationStmt>
            <publisher>Austrian Centre for Digital Humanities and Cultural
                                    Heritage (ACDH-CH)</publisher>
            <date>2024-03-19+01:00</date>
            <idno type="URI">https://id.acdh.oeaw.ac.at/bahr-textverzeichnis/pmb122707.xml</idno>
         </publicationStmt>
         <sourceDesc>
            <p>Bibliografische Angaben eines in Druck erschienen Texts von
                                    Bahr</p>
         </sourceDesc>
      </fileDesc>
   </teiHeader>
   <text>
      <body>
         <div type="bibliografische-angabe">
            <biblStruct xml:id="pmb122707"
                        type="Journal-Article"
                        subtype="Nachtkritik"
                        status="checked"
                        prev="pmb122709"
                        next="pmb122705">
               <analytic>
                  <author ref="pmb10815">H. B.</author>
                  <title level="a" ref="pmb122707">Theater, Kunst und Literatur. Deutsches
                     Volkstheater</title>
               </analytic>
               <monogr>
                  <title level="j" ref="pmb41321">Neues Wiener Tagblatt</title>
                  <imprint>
                     <biblScope unit="jg">38</biblScope>
                     <biblScope unit="issue">162</biblScope>
                     <biblScope unit="page">10</biblScope>
                     <date when="1904-06-12">12.6.1904</date>
                  </imprint>
               </monogr>
               <note type="review-of">
                  <bibl>
                     <title level="m">Johannisfeuer</title>
                     <author>Hermann Sudermann</author>
                  </bibl>
               </note>
               <note type="incipit">Die Marikke im »Johannisfeuer«, die Fräulein Galafres gestern
                  gab, war besser als ihre Haubenlerche oder gar neulich die Germaine in
                  »Verliebt«</note>
               <ref type="personenindex">
                  <listRef>
                     <ptr type="pmb" target="pmb12899"/>
                     <ptr type="pmb" target="pmb22824"/>
                     <ptr type="pmb" target="pmb13118"/>
                     <ptr type="pmb" target="pmb18595"/>
                     <ptr type="pmb" target="pmb22098"/>
                     <ptr type="pmb" target="pmb12618"/>
                     <ptr type="pmb" target="pmb10752"/>
                     <ptr type="pmb" target="pmb11441"/>
                     <ptr type="pmb" target="pmb26531"/>
                     <ptr type="pmb" target="pmb12355"/>
                     <ptr type="pmb" target="pmb153972"/>
                     <ptr type="pmb" target="pmb114810"/>
                     <ptr type="pmb" target="pmb154033"/>
                     <ptr type="pmb" target="pmb2847"/>
                  </listRef>
               </ref>
               <ref type="URL">https://anno.onb.ac.at/cgi-content/anno?aid=nwg&amp;datum=19040612&amp;seite=10</ref>
               <noteGrp type="keywords">
                  <note type="Journal-Article">Artikel in einem Periodikum</note>
                  <note subtype="Nachtkritik">Nachtkritik</note>
               </noteGrp>
               <note type="bibliographical-statement">H. B.: Theater, Kunst und Literatur. Deutsches
                  Volkstheater. In: Neues Wiener Tagblatt, Jg. 38, Nr. 162, 12.6.1904, S. 10.</note>
            </biblStruct>
         </div>
      </body>
      <back>
         <listPerson>
            <person xml:id="pmb12899">
               <persName>
                  <forename>Hermann</forename>
                  <surname>Sudermann</surname>
               </persName>
               <persName type="legacy-name-merge">Sudermann, Hermann</persName>
               <birth>
                  <date when-iso="1857-09-30">30.09.1857</date>
                  <settlement key="58616">
                     <placeName type="pref">Macikai</placeName>
                     <location>
                        <geo>55,35468 21,52004</geo>
                     </location>
                  </settlement>
               </birth>
               <death>
                  <date when-iso="1928-11-21">21.11.1928</date>
                  <settlement key="168">
                     <placeName type="pref">Berlin</placeName>
                     <location>
                        <geo>52,52437 13,41053</geo>
                     </location>
                  </settlement>
               </death>
               <sex value="male"/>
               <occupation key="90">Schriftsteller/Schriftstellerin</occupation>
               <idno type="URL" subtype="gnd">https://d-nb.info/gnd/118619853</idno>
               <idno type="URL" subtype="schnitzler-tagebuch">https://schnitzler-tagebuch.acdh.oeaw.ac.at/person_20563.html</idno>
               <idno type="URL" subtype="schnitzler-bahr">https://schnitzler-bahr.acdh.oeaw.ac.at/pmb12899.html</idno>
               <idno type="URL" subtype="pmb">https://pmb.acdh.oeaw.ac.at/entity/12899/</idno>
               <idno type="URL" subtype="schnitzler-briefe">https://schnitzler-briefe.acdh.oeaw.ac.at/pmb12899.html</idno>
               <idno type="URL" subtype="schnitzler-lektueren">https://schnitzler-lektueren.acdh.oeaw.ac.at/pmb12899.html</idno>
               <idno type="URL" subtype="bahr-textverzeichnis">https://bahr-textverzeichnis.acdh.oeaw.ac.at/pmb12899.html</idno>
               <idno type="URL" subtype="fackel">https://fackel.oeaw.ac.at/?p=fackelp45949</idno>
               <idno type="URL" subtype="wikidata">http://www.wikidata.org/entity/Q65448</idno>
               <idno type="URL" subtype="wikipedia">https://de.wikipedia.org/wiki/Hermann_Sudermann</idno>
               <idno type="URL" subtype="schnitzler-kino">https://schnitzler-kino.acdh.oeaw.ac.at/pmb12899.html</idno>
               <idno type="URL" subtype="schnitzler-interviews">https://schnitzler-interviews.acdh.oeaw.ac.at/pmb12899.html</idno>
               <idno type="URL" subtype="pmb">https://pmb.acdh.oeaw.ac.at/entity/162450/</idno>
               <idno type="URL" subtype="bahr-tsn">https://bahr-textverzeichnis.acdh.oeaw.ac.at/TSN-listperson.html#pmb12899</idno>
               <idno type="URL" subtype="hanslick-online">https://hanslick.acdh.oeaw.ac.at/hsl_person_id_3855.html</idno>
               <affiliation>
                  <term key="1182">arbeitet für</term>
                  <orgName key="29329">Berliner Tageblatt</orgName>
                  <idno type="URL" subtype="schnitzler-bahr">https://schnitzler-bahr.acdh.oeaw.ac.at/pmb29329.html</idno>
                  <idno type="URL" subtype="pmb">https://pmb.acdh.oeaw.ac.at/entity/29329/</idno>
                  <idno type="URL" subtype="schnitzler-briefe">https://schnitzler-briefe.acdh.oeaw.ac.at/pmb29329.html</idno>
                  <idno type="URL" subtype="legalkraus">https://kraus.wienbibliothek.at/register/institutionen/pmb29329</idno>
                  <idno type="URL" subtype="wikidata">http://www.wikidata.org/entity/Q455014</idno>
                  <idno type="URL" subtype="wikipedia">https://de.wikipedia.org/wiki/Berliner_Tageblatt</idno>
                  <idno type="URL" subtype="schnitzler-interviews">https://schnitzler-interviews.acdh.oeaw.ac.at/pmb29329.html</idno>
               </affiliation>
               <listEvent>
                  <event key="42992" when-iso="1893-01-10">
                     <desc n="1370">teilgenommen an</desc>
                     <label>Privataufführung von Frage an das Schicksal, 10.1.1893</label>
                     <idno type="URL" subtype="pmb">https://pmb.acdh.oeaw.ac.at/entity/42992/</idno>
                  </event>
               </listEvent>
               <listBibl>
                  <bibl type="collections" n="12">Fackel</bibl>
                  <bibl type="collections" n="16">Bahr Textverzeichnis</bibl>
               </listBibl>
               <note type="references"> </note>
               <figure>
                  <graphic url="https://commons.wikimedia.org/w/index.php?title=Special:Redirect/file/Nicola%20Perscheid%20-%20Hermann%20Sudermann%20nach%201925.jpg"/>
               </figure>
            </person>
            <person xml:id="pmb22824">
               <persName>
                  <forename>Georges de</forename>
                  <surname>Porto-Riche</surname>
               </persName>
               <persName type="legacy-name-merge">Porto-Riche, Georges de</persName>
               <birth>
                  <date when-iso="1849-05-20">20.05.1849</date>
                  <settlement key="4870">
                     <placeName type="pref">Bordeaux</placeName>
                  </settlement>
               </birth>
               <death>
                  <date when-iso="1930-09-05">05.09.1930</date>
                  <settlement key="182">
                     <placeName type="pref">Paris</placeName>
                     <location>
                        <geo>48,85341 2,3488</geo>
                     </location>
                  </settlement>
               </death>
               <sex value="male"/>
               <occupation key="90">Schriftsteller/Schriftstellerin</occupation>
               <idno type="URL" subtype="schnitzler-tagebuch">https://schnitzler-tagebuch.acdh.oeaw.ac.at/person_18928.html</idno>
               <idno type="URL" subtype="schnitzler-bahr">https://schnitzler-bahr.acdh.oeaw.ac.at/pmb22824.html</idno>
               <idno type="URL" subtype="pmb">https://pmb.acdh.oeaw.ac.at/entity/22824/</idno>
               <idno type="URL" subtype="gnd">https://d-nb.info/gnd/118792946</idno>
               <idno type="URL" subtype="schnitzler-lektueren">https://schnitzler-lektueren.acdh.oeaw.ac.at/pmb22824.html</idno>
               <idno type="URL" subtype="bahr-textverzeichnis">https://bahr-textverzeichnis.acdh.oeaw.ac.at/pmb22824.html</idno>
               <idno type="URL" subtype="wikidata">http://www.wikidata.org/entity/Q1509108</idno>
               <idno type="URL" subtype="wikipedia">https://de.wikipedia.org/wiki/Georges_de_Porto-Riche</idno>
               <idno type="URL" subtype="pmb">https://pmb.acdh.oeaw.ac.at/entity/161733/</idno>
               <idno type="URL" subtype="bahr-tsn">https://bahr-textverzeichnis.acdh.oeaw.ac.at/TSN-listperson.html#pmb22824</idno>
               <listBibl>
                  <bibl type="collections" n="16">Bahr Textverzeichnis</bibl>
               </listBibl>
               <note type="references"> </note>
               <figure>
                  <graphic url="https://commons.wikimedia.org/w/index.php?title=Special:Redirect/file/Georges%20de%20Porto-Riche%201895.jpg"/>
               </figure>
            </person>
            <person xml:id="pmb13118">
               <persName>
                  <forename>Ernst von</forename>
                  <surname>Wildenbruch</surname>
               </persName>
               <persName type="legacy-name-merge">Wildenbruch, Ernst von</persName>
               <birth>
                  <date when-iso="1845-02-03">03.02.1845</date>
                  <settlement key="46759">
                     <placeName type="pref">Beirut</placeName>
                     <location>
                        <geo>33,89332 35,50157</geo>
                     </location>
                  </settlement>
               </birth>
               <death>
                  <date when-iso="1909-01-15">15.01.1909</date>
                  <settlement key="168">
                     <placeName type="pref">Berlin</placeName>
                     <location>
                        <geo>52,52437 13,41053</geo>
                     </location>
                  </settlement>
               </death>
               <sex value="male"/>
               <occupation key="90">Schriftsteller/Schriftstellerin</occupation>
               <idno type="URL" subtype="gnd">https://d-nb.info/gnd/118771760</idno>
               <idno type="URL" subtype="schnitzler-tagebuch">https://schnitzler-tagebuch.acdh.oeaw.ac.at/person_21326.html</idno>
               <idno type="URL" subtype="schnitzler-bahr">https://schnitzler-bahr.acdh.oeaw.ac.at/pmb13118.html</idno>
               <idno type="URL" subtype="pmb">https://pmb.acdh.oeaw.ac.at/entity/13118/</idno>
               <idno type="URL" subtype="schnitzler-briefe">https://schnitzler-briefe.acdh.oeaw.ac.at/pmb13118.html</idno>
               <idno type="URL" subtype="schnitzler-lektueren">https://schnitzler-lektueren.acdh.oeaw.ac.at/pmb13118.html</idno>
               <idno type="URL" subtype="fackel">https://fackel.oeaw.ac.at/?p=fackelp42859</idno>
               <idno type="URL" subtype="wikidata">http://www.wikidata.org/entity/Q45337</idno>
               <idno type="URL" subtype="wikipedia">https://de.wikipedia.org/wiki/Ernst_von_Wildenbruch</idno>
               <idno type="URL" subtype="schnitzler-interviews">https://schnitzler-interviews.acdh.oeaw.ac.at/pmb13118.html</idno>
               <idno type="URL" subtype="pmb">https://pmb.acdh.oeaw.ac.at/entity/162827/</idno>
               <idno type="URL" subtype="bahr-tsn">https://bahr-textverzeichnis.acdh.oeaw.ac.at/TSN-listperson.html#pmb13118</idno>
               <idno type="URL" subtype="bahr-textverzeichnis">https://bahr-textverzeichnis.acdh.oeaw.ac.at/pmb13118.html</idno>
               <listBibl>
                  <bibl type="collections" n="12">Fackel</bibl>
                  <bibl type="collections" n="16">Bahr Textverzeichnis</bibl>
               </listBibl>
               <note type="references"> </note>
               <figure>
                  <graphic url="https://commons.wikimedia.org/w/index.php?title=Special:Redirect/file/Ernst%20von%20Wildenbruch%2C%20c.%201904%20-%20Louis%20Held.jpg"/>
               </figure>
            </person>
            <person xml:id="pmb18595">
               <persName>
                  <forename>Elisabeth</forename>
                  <surname>Hruby</surname>
               </persName>
               <birth>
                  <date when-iso="1868-06-30">30.06.1868</date>
                  <settlement key="62033">
                     <placeName type="pref">Legnica</placeName>
                     <location>
                        <geo>51,21006 16,1619</geo>
                     </location>
                  </settlement>
               </birth>
               <sex value="female"/>
               <occupation key="105">Schauspieler/Schauspielerin</occupation>
               <occupation key="107">Sänger/Sängerin</occupation>
               <idno type="URL" subtype="schnitzler-tagebuch">https://schnitzler-tagebuch.acdh.oeaw.ac.at/person_16398.html</idno>
               <idno type="URL" subtype="pmb">https://pmb.acdh.oeaw.ac.at/entity/18595/</idno>
               <idno type="URL" subtype="bahr-textverzeichnis">https://bahr-textverzeichnis.acdh.oeaw.ac.at/pmb18595.html</idno>
               <idno type="URL" subtype="fackel">https://fackel.oeaw.ac.at/?p=fackelp56331</idno>
               <listEvent>
                  <event key="94377" when-iso="1895-05-07">
                     <desc n="1256">ist Arbeitskraft bei</desc>
                     <label>Aufführung von Tabarin, Die Wespe, 7.5.1895</label>
                     <idno type="URL" subtype="pmb">https://pmb.acdh.oeaw.ac.at/entity/94377/</idno>
                  </event>
               </listEvent>
            </person>
            <person xml:id="pmb22098">
               <persName>
                  <forename>Helene</forename>
                  <surname>Odilon</surname>
               </persName>
               <persName type="person_geburtsname_nachname">Petermann</persName>
               <persName type="person_geschieden">Girardi</persName>
               <persName type="legacy-name-merge">Odilon, Helene</persName>
               <persName type="legacy-name-merge">Odilon, Helene</persName>
               <birth>
                  <date when-iso="1863-07-31">31.07.1863</date>
                  <settlement key="866">
                     <placeName type="pref">Dresden</placeName>
                     <location>
                        <geo>51,0833 13,7666</geo>
                     </location>
                  </settlement>
               </birth>
               <death>
                  <date when-iso="1939-02-09">09.02.1939</date>
                  <settlement key="662">
                     <placeName type="pref">Baden bei Wien</placeName>
                     <location>
                        <geo>48,00543 16,23264</geo>
                     </location>
                  </settlement>
               </death>
               <sex value="female"/>
               <occupation key="105">Schauspieler/Schauspielerin</occupation>
               <idno type="URL" subtype="schnitzler-tagebuch">https://schnitzler-tagebuch.acdh.oeaw.ac.at/person_18518.html</idno>
               <idno type="URL" subtype="schnitzler-bahr">https://schnitzler-bahr.acdh.oeaw.ac.at/pmb22098.html</idno>
               <idno type="URL" subtype="pmb">https://pmb.acdh.oeaw.ac.at/entity/22098/</idno>
               <idno type="URL" subtype="bahr-textverzeichnis">https://bahr-textverzeichnis.acdh.oeaw.ac.at/pmb22098.html</idno>
               <idno type="URL" subtype="fackel">https://fackel.oeaw.ac.at/?p=fackelp50784</idno>
               <idno type="URL" subtype="pmb">https://pmb.acdh.oeaw.ac.at/entity/101305/</idno>
               <idno type="URL" subtype="gnd">https://d-nb.info/gnd/116444533</idno>
               <idno type="URL" subtype="oebl">https://doi.org/10.1553/0x00283ce6</idno>
               <idno type="URL" subtype="wikidata">http://www.wikidata.org/entity/Q1602007</idno>
               <idno type="URL" subtype="wikipedia">https://de.wikipedia.org/wiki/Helene_Odilon</idno>
               <idno type="URL" subtype="schnitzler-interviews">https://schnitzler-interviews.acdh.oeaw.ac.at/pmb22098.html</idno>
               <listEvent>
                  <event key="143045" when-iso="1898-10-08">
                     <desc n="1256">ist Arbeitskraft bei</desc>
                     <label>Premiere von Mutter Erde, 8.10.1898</label>
                     <idno type="URL" subtype="pmb">https://pmb.acdh.oeaw.ac.at/entity/143045/</idno>
                  </event>
               </listEvent>
               <listBibl>
                  <bibl type="collections" n="11">ÖBL nach 1850 geboren</bibl>
                  <bibl type="collections" n="12">Fackel</bibl>
               </listBibl>
               <figure>
                  <graphic url="https://commons.wikimedia.org/w/index.php?title=Special:Redirect/file/Helene%20Odilon-2.jpg"/>
               </figure>
            </person>
            <person xml:id="pmb12618">
               <persName>
                  <forename>Adele</forename>
                  <surname>Sandrock</surname>
               </persName>
               <persName type="person_rufname">Dilly</persName>
               <persName type="legacy-name-merge">Sandrock, Adele (Dilly)</persName>
               <birth>
                  <date when-iso="1863-08-19">1863-08-19</date>
                  <settlement key="44303">
                     <placeName type="pref">Rotterdam</placeName>
                     <location>
                        <geo>51,9225 4,47917</geo>
                     </location>
                  </settlement>
               </birth>
               <death>
                  <date when-iso="1937-08-30">1937-08-30</date>
                  <settlement key="168">
                     <placeName type="pref">Berlin</placeName>
                     <location>
                        <geo>52,52437 13,41053</geo>
                     </location>
                  </settlement>
               </death>
               <sex value="female"/>
               <occupation key="105">Schauspieler/Schauspielerin</occupation>
               <idno type="URL" subtype="gnd">https://d-nb.info/gnd/118605429</idno>
               <idno type="URL" subtype="schnitzler-tagebuch">https://schnitzler-tagebuch.acdh.oeaw.ac.at/person_19564.html</idno>
               <idno type="URL" subtype="schnitzler-bahr">https://schnitzler-bahr.acdh.oeaw.ac.at/pmb12618.html</idno>
               <idno type="URL" subtype="pmb">https://pmb.acdh.oeaw.ac.at/entity/12618/</idno>
               <idno type="URL" subtype="schnitzler-briefe">https://schnitzler-briefe.acdh.oeaw.ac.at/pmb12618.html</idno>
               <idno type="URL" subtype="bahr-textverzeichnis">https://bahr-textverzeichnis.acdh.oeaw.ac.at/pmb12618.html</idno>
               <idno type="URL" subtype="fackel">https://fackel.oeaw.ac.at/?p=fackelp37789</idno>
               <idno type="URL" subtype="oebl">https://doi.org/10.1553/0x00284783</idno>
               <idno type="URL" subtype="wikidata">http://www.wikidata.org/entity/Q75157</idno>
               <idno type="URL" subtype="wikipedia">https://de.wikipedia.org/wiki/Adele_Sandrock</idno>
               <idno type="URL" subtype="schnitzler-kino">https://schnitzler-kino.acdh.oeaw.ac.at/pmb12618.html</idno>
               <idno type="URL" subtype="schnitzler-interviews">https://schnitzler-interviews.acdh.oeaw.ac.at/pmb12618.html</idno>
               <idno type="URL" subtype="pmb">https://pmb.acdh.oeaw.ac.at/entity/162030/</idno>
               <idno type="URL" subtype="bahr-tsn">https://bahr-textverzeichnis.acdh.oeaw.ac.at/TSN-listperson.html#pmb12618</idno>
               <affiliation when-iso="1895-02-01">
                  <term key="1182">arbeitet für</term>
                  <orgName key="36247">Burgtheater</orgName>
                  <idno type="URL" subtype="gnd">https://d-nb.info/gnd/38633-9</idno>
                  <idno type="URL" subtype="pmb">https://pmb.acdh.oeaw.ac.at/entity/36247/</idno>
                  <idno type="URL" subtype="schnitzler-briefe">https://schnitzler-briefe.acdh.oeaw.ac.at/pmb36247.html</idno>
                  <idno type="URL" subtype="legalkraus">https://kraus.wienbibliothek.at/register/institutionen/pmb36247</idno>
                  <idno type="URL" subtype="wikidata">http://www.wikidata.org/entity/Q308720</idno>
                  <idno type="URL" subtype="wikipedia">https://de.wikipedia.org/wiki/Burgtheater</idno>
                  <idno type="URL" subtype="schnitzler-interviews">https://schnitzler-interviews.acdh.oeaw.ac.at/pmb36247.html</idno>
               </affiliation>
               <affiliation>
                  <term key="1182">arbeitet für</term>
                  <orgName key="36430">Volkstheater</orgName>
                  <idno type="URL" subtype="gnd">https://d-nb.info/gnd/146313-5</idno>
                  <idno type="URL" subtype="pmb">https://pmb.acdh.oeaw.ac.at/entity/36430/</idno>
                  <idno type="URL" subtype="schnitzler-briefe">https://schnitzler-briefe.acdh.oeaw.ac.at/pmb36430.html</idno>
                  <idno type="URL" subtype="legalkraus">https://kraus.wienbibliothek.at/register/institutionen/pmb36430</idno>
                  <idno type="URL" subtype="wikidata">http://www.wikidata.org/entity/Q113044679</idno>
                  <idno type="URL" subtype="schnitzler-interviews">https://schnitzler-interviews.acdh.oeaw.ac.at/pmb36430.html</idno>
               </affiliation>
               <listEvent>
                  <event key="142819" when-iso="1892-05-21">
                     <desc n="1256">ist Arbeitskraft bei</desc>
                     <label>Aufführung von Thermidor, 21.5.1892</label>
                     <idno type="URL" subtype="pmb">https://pmb.acdh.oeaw.ac.at/entity/142819/</idno>
                  </event>
                  <event key="143021" when-iso="1893-02-15">
                     <desc n="1256">ist Arbeitskraft bei</desc>
                     <label>Premiere von Francillon, 15.2.1893</label>
                     <idno type="URL" subtype="pmb">https://pmb.acdh.oeaw.ac.at/entity/143021/</idno>
                  </event>
                  <event key="35068" when-iso="1893-12-01">
                     <desc n="1256">ist Arbeitskraft bei</desc>
                     <label>Uraufführung von Das Märchen, 1.12.1893</label>
                     <idno type="URL" subtype="pmb">https://pmb.acdh.oeaw.ac.at/entity/35068/</idno>
                  </event>
                  <event key="146985" when-iso="1894-03-31">
                     <desc n="1256">ist Arbeitskraft bei</desc>
                     <label>Uraufführung von Rausch, 31.3.1894</label>
                     <idno type="URL" subtype="pmb">https://pmb.acdh.oeaw.ac.at/entity/146985/</idno>
                  </event>
                  <event key="144628" when-iso="1894-06-16">
                     <desc n="1370">teilgenommen an</desc>
                     <label>Premiere von Therese Krones, 16.6.1894</label>
                     <idno type="URL" subtype="pmb">https://pmb.acdh.oeaw.ac.at/entity/144628/</idno>
                  </event>
                  <event key="143010" when-iso="1894-09-24">
                     <desc n="1256">ist Arbeitskraft bei</desc>
                     <label>Aufführung von Francillon, 24.9.1894</label>
                     <idno type="URL" subtype="pmb">https://pmb.acdh.oeaw.ac.at/entity/143010/</idno>
                  </event>
                  <event key="42170" when-iso="1894-10-20">
                     <desc n="1256">ist Arbeitskraft bei</desc>
                     <label>Premiere von Die Komödianten, 20.10.1894</label>
                     <idno type="URL" subtype="pmb">https://pmb.acdh.oeaw.ac.at/entity/42170/</idno>
                  </event>
                  <event key="42176" when-iso="1894-10-25">
                     <desc n="1256">ist Arbeitskraft bei</desc>
                     <label>Aufführung von Kabale und Liebe, 25.10.1894</label>
                     <idno type="URL" subtype="pmb">https://pmb.acdh.oeaw.ac.at/entity/42176/</idno>
                  </event>
                  <event key="88068" when-iso="1894-11-17">
                     <desc n="1370">teilgenommen an</desc>
                     <label>Uraufführung von Das neue Stück, 17.11.1894</label>
                     <idno type="URL" subtype="pmb">https://pmb.acdh.oeaw.ac.at/entity/88068/</idno>
                  </event>
                  <event key="94354" when-iso="1895-05-02">
                     <desc n="1256">ist Arbeitskraft bei</desc>
                     <label>Premiere von Tabarin und Verbotene Früchte, 2.5.1895</label>
                     <idno type="URL" subtype="pmb">https://pmb.acdh.oeaw.ac.at/entity/94354/</idno>
                  </event>
                  <event key="94377" when-iso="1895-05-07">
                     <desc n="1256">ist Arbeitskraft bei</desc>
                     <label>Aufführung von Tabarin, Die Wespe, 7.5.1895</label>
                     <idno type="URL" subtype="pmb">https://pmb.acdh.oeaw.ac.at/entity/94377/</idno>
                  </event>
                  <event key="48866" when-iso="1895-09-18">
                     <desc n="1256">ist Arbeitskraft bei</desc>
                     <label>Leseprobe von Liebelei, 18.9.1895</label>
                     <idno type="URL" subtype="pmb">https://pmb.acdh.oeaw.ac.at/entity/48866/</idno>
                  </event>
                  <event key="35203" when-iso="1895-10-09">
                     <desc n="1256">ist Arbeitskraft bei</desc>
                     <label>Uraufführung von Liebelei, Premiere von Rechte der Seele,
                           9.10.1895</label>
                     <idno type="URL" subtype="pmb">https://pmb.acdh.oeaw.ac.at/entity/35203/</idno>
                  </event>
                  <event key="42426" when-iso="1895-10-10">
                     <desc n="1256">ist Arbeitskraft bei</desc>
                     <label>2. Aufführung von Liebelei, 10.10.1895</label>
                     <idno type="URL" subtype="pmb">https://pmb.acdh.oeaw.ac.at/entity/42426/</idno>
                  </event>
                  <event key="42439" when-iso="1895-11-11">
                     <desc n="1256">ist Arbeitskraft bei</desc>
                     <label>Uraufführung von Das Glück im Winkel, 11.11.1895</label>
                     <idno type="URL" subtype="pmb">https://pmb.acdh.oeaw.ac.at/entity/42439/</idno>
                  </event>
                  <event key="45952" when-iso="1898-01-16">
                     <desc n="1256">ist Arbeitskraft bei</desc>
                     <label>Premiere von Abschiedssouper, Uraufführung Weihnachtseinkäufe,
                           16.1.1898</label>
                     <idno type="URL" subtype="pmb">https://pmb.acdh.oeaw.ac.at/entity/45952/</idno>
                  </event>
                  <event key="35406" when-iso="1898-11-18">
                     <desc n="1256">ist Arbeitskraft bei</desc>
                     <label>Premiere von Juana und Abschiedssouper, 18.11.1898</label>
                     <idno type="URL" subtype="pmb">https://pmb.acdh.oeaw.ac.at/entity/35406/</idno>
                  </event>
                  <event key="42714" when-iso="1905-05-29">
                     <desc n="1256">ist Arbeitskraft bei</desc>
                     <label>Geschlossene Aufführung Die Büchse der Pandora, 29.5.1905</label>
                     <idno type="URL" subtype="pmb">https://pmb.acdh.oeaw.ac.at/entity/42714/</idno>
                  </event>
                  <event key="46078" when-iso="1906-02-26">
                     <desc n="1256">ist Arbeitskraft bei</desc>
                     <label>Aufführung von Ödipus und die Sphinx, 26.2.1906</label>
                     <idno type="URL" subtype="pmb">https://pmb.acdh.oeaw.ac.at/entity/46078/</idno>
                  </event>
               </listEvent>
               <listBibl>
                  <bibl type="collections" n="11">ÖBL nach 1850 geboren</bibl>
                  <bibl type="collections" n="12">Fackel</bibl>
                  <bibl type="collections" n="16">Bahr Textverzeichnis</bibl>
               </listBibl>
               <figure>
                  <graphic url="https://commons.wikimedia.org/w/index.php?title=Special:Redirect/file/Adele%20Sandrock%20%28Sport%20und%20Salon%201900%29.png"/>
               </figure>
            </person>
            <person xml:id="pmb10752">
               <persName>
                  <forename>Rosa</forename>
                  <surname>Albach-Retty</surname>
               </persName>
               <persName type="person_ehename_nachname">Albach</persName>
               <persName type="legacy-name-merge">Retty, Rosa</persName>
               <birth>
                  <date when-iso="1874-12-26">26.12.1874</date>
                  <settlement key="63754">
                     <placeName type="pref">Hanau</placeName>
                     <location>
                        <geo>50,13423 8,91418</geo>
                     </location>
                  </settlement>
               </birth>
               <death>
                  <date when-iso="1980-08-26">26.08.1980</date>
                  <settlement key="662">
                     <placeName type="pref">Baden bei Wien</placeName>
                     <location>
                        <geo>48,00543 16,23264</geo>
                     </location>
                  </settlement>
               </death>
               <sex value="female"/>
               <occupation key="105">Schauspieler/Schauspielerin</occupation>
               <idno type="URL" subtype="gnd">https://d-nb.info/gnd/118501356</idno>
               <idno type="URL" subtype="schnitzler-tagebuch">https://schnitzler-tagebuch.acdh.oeaw.ac.at/person_13123.html</idno>
               <idno type="URL" subtype="schnitzler-bahr">https://schnitzler-bahr.acdh.oeaw.ac.at/pmb10752.html</idno>
               <idno type="URL" subtype="pmb">https://pmb.acdh.oeaw.ac.at/entity/10752/</idno>
               <idno type="URL" subtype="fackel">https://fackel.oeaw.ac.at/?p=fackelp52446</idno>
               <idno type="URL" subtype="wikidata">http://www.wikidata.org/entity/Q78870</idno>
               <idno type="URL" subtype="wikipedia">https://de.wikipedia.org/wiki/Rosa_Albach-Retty</idno>
               <idno type="URL" subtype="schnitzler-kino">https://schnitzler-kino.acdh.oeaw.ac.at/pmb10752.html</idno>
               <idno type="URL" subtype="bahr-textverzeichnis">https://bahr-textverzeichnis.acdh.oeaw.ac.at/pmb10752.html</idno>
               <idno type="URL" subtype="pmb">https://pmb.acdh.oeaw.ac.at/entity/161852/</idno>
               <idno type="URL" subtype="bahr-tsn">https://bahr-textverzeichnis.acdh.oeaw.ac.at/TSN-listperson.html#pmb161852</idno>
               <affiliation notBefore-iso="1895-01-01"
                            when-iso="1895-01-01"
                            notAfter-iso="1895-12-31">
                  <term key="1182">arbeitet für</term>
                  <orgName key="36430">Volkstheater</orgName>
                  <idno type="URL" subtype="gnd">https://d-nb.info/gnd/146313-5</idno>
                  <idno type="URL" subtype="pmb">https://pmb.acdh.oeaw.ac.at/entity/36430/</idno>
                  <idno type="URL" subtype="schnitzler-briefe">https://schnitzler-briefe.acdh.oeaw.ac.at/pmb36430.html</idno>
                  <idno type="URL" subtype="legalkraus">https://kraus.wienbibliothek.at/register/institutionen/pmb36430</idno>
                  <idno type="URL" subtype="wikidata">http://www.wikidata.org/entity/Q113044679</idno>
                  <idno type="URL" subtype="schnitzler-interviews">https://schnitzler-interviews.acdh.oeaw.ac.at/pmb36430.html</idno>
               </affiliation>
               <affiliation notBefore-iso="1903-01-01"
                            when-iso="1903-01-01"
                            notAfter-iso="1903-12-31">
                  <term key="1182">arbeitet für</term>
                  <orgName key="36247">Burgtheater</orgName>
                  <idno type="URL" subtype="gnd">https://d-nb.info/gnd/38633-9</idno>
                  <idno type="URL" subtype="pmb">https://pmb.acdh.oeaw.ac.at/entity/36247/</idno>
                  <idno type="URL" subtype="schnitzler-briefe">https://schnitzler-briefe.acdh.oeaw.ac.at/pmb36247.html</idno>
                  <idno type="URL" subtype="legalkraus">https://kraus.wienbibliothek.at/register/institutionen/pmb36247</idno>
                  <idno type="URL" subtype="wikidata">http://www.wikidata.org/entity/Q308720</idno>
                  <idno type="URL" subtype="wikipedia">https://de.wikipedia.org/wiki/Burgtheater</idno>
                  <idno type="URL" subtype="schnitzler-interviews">https://schnitzler-interviews.acdh.oeaw.ac.at/pmb36247.html</idno>
               </affiliation>
               <listEvent>
                  <event key="144876" when-iso="1896-02-03">
                     <desc n="1256">ist Arbeitskraft bei</desc>
                     <label>Matinee, 3.2.1896</label>
                     <idno type="URL" subtype="pmb">https://pmb.acdh.oeaw.ac.at/entity/144876/</idno>
                  </event>
                  <event key="35113" when-iso="1904-12-12">
                     <desc n="1256">ist Arbeitskraft bei</desc>
                     <label>Premiere von Literatur, Die letzten Masken, Der Puppenspieler,
                           12.12.1904</label>
                     <idno type="URL" subtype="pmb">https://pmb.acdh.oeaw.ac.at/entity/35113/</idno>
                  </event>
                  <event key="35361" when-iso="1924-10-11">
                     <desc n="1256">ist Arbeitskraft bei</desc>
                     <label>Uraufführung von Komödie der Verführung, 11.10.1924</label>
                     <idno type="URL" subtype="pmb">https://pmb.acdh.oeaw.ac.at/entity/35361/</idno>
                  </event>
               </listEvent>
               <listBibl>
                  <bibl type="collections" n="12">Fackel</bibl>
                  <bibl type="collections" n="16">Bahr Textverzeichnis</bibl>
               </listBibl>
               <note type="references"> </note>
               <figure>
                  <graphic url="https://commons.wikimedia.org/w/index.php?title=Special:Redirect/file/Rosa%20Albach-Retty.jpg"/>
               </figure>
            </person>
            <person xml:id="pmb11441">
               <persName>
                  <forename>Alexander</forename>
                  <surname>Girardi</surname>
               </persName>
               <persName type="legacy-name-merge">Girardi, Alexander</persName>
               <birth>
                  <date when-iso="1850-12-05">05.12.1850</date>
                  <settlement key="860">
                     <placeName type="pref">Graz</placeName>
                     <location>
                        <geo>47,06667 15,43333</geo>
                     </location>
                  </settlement>
               </birth>
               <death>
                  <date when-iso="1918-04-20">20.04.1918</date>
                  <settlement key="50">
                     <placeName type="pref">Wien</placeName>
                     <location>
                        <geo>48,2066 16,37341</geo>
                     </location>
                  </settlement>
               </death>
               <sex value="male"/>
               <occupation key="105">Schauspieler/Schauspielerin</occupation>
               <idno type="URL" subtype="schnitzler-tagebuch">https://schnitzler-tagebuch.acdh.oeaw.ac.at/person_15442.html</idno>
               <idno type="URL" subtype="schnitzler-bahr">https://schnitzler-bahr.acdh.oeaw.ac.at/pmb11441.html</idno>
               <idno type="URL" subtype="pmb">https://pmb.acdh.oeaw.ac.at/entity/11441/</idno>
               <idno type="URL" subtype="legalkraus">https://kraus.wienbibliothek.at/register/personen/pmb11441</idno>
               <idno type="URL" subtype="bahr-textverzeichnis">https://bahr-textverzeichnis.acdh.oeaw.ac.at/pmb11441.html</idno>
               <idno type="URL" subtype="fackel">https://fackel.oeaw.ac.at/?p=fackelp37978</idno>
               <idno type="URL" subtype="oebl">https://doi.org/10.1553/0x002817da</idno>
               <idno type="URL" subtype="wikidata">http://www.wikidata.org/entity/Q45302</idno>
               <idno type="URL" subtype="wikipedia">https://de.wikipedia.org/wiki/Alexander_Girardi</idno>
               <idno type="URL" subtype="oeml">https://dx.doi.org/10.1553/0x0001cf1f</idno>
               <idno type="URL" subtype="schnitzler-interviews">https://schnitzler-interviews.acdh.oeaw.ac.at/pmb11441.html</idno>
               <idno type="URL" subtype="gnd">https://d-nb.info/gnd/11869510X</idno>
               <idno type="URL" subtype="pmb">https://pmb.acdh.oeaw.ac.at/entity/160217/</idno>
               <idno type="URL" subtype="bahr-tsn">https://bahr-textverzeichnis.acdh.oeaw.ac.at/TSN-listperson.html#pmb11441</idno>
               <idno type="URL" subtype="hanslick-online">https://hanslick.acdh.oeaw.ac.at/hsl_person_id_3683.html</idno>
               <listEvent>
                  <event key="89234" when-iso="1888-01-28">
                     <desc n="1256">ist Arbeitskraft bei</desc>
                     <label>Premiere von Die Hochzeit des Reservisten, 28.1.1888</label>
                     <idno type="URL" subtype="pmb">https://pmb.acdh.oeaw.ac.at/entity/89234/</idno>
                  </event>
                  <event key="143042" when-iso="1898-11-11">
                     <desc n="1256">ist Arbeitskraft bei</desc>
                     <label>Aufführung von Im weißen Rössl, 11.11.1898</label>
                     <idno type="URL" subtype="pmb">https://pmb.acdh.oeaw.ac.at/entity/143042/</idno>
                  </event>
                  <event key="143820" when-iso="1900-04-15">
                     <desc n="1370">teilgenommen an</desc>
                     <label>Bankett für Ludwig Speidel, 15.4.1900</label>
                     <idno type="URL" subtype="pmb">https://pmb.acdh.oeaw.ac.at/entity/143820/</idno>
                  </event>
                  <event key="56931" when-iso="1910-12-23">
                     <desc n="1256">ist Arbeitskraft bei</desc>
                     <label>Uraufführung von Mein junger Herr, 23.12.1910</label>
                     <idno type="URL" subtype="pmb">https://pmb.acdh.oeaw.ac.at/entity/56931/</idno>
                  </event>
                  <event key="56915" when-iso="1912-03-17">
                     <desc n="1256">ist Arbeitskraft bei</desc>
                     <label>Premiere Der tapfere Kassian (Singspiel), 17.3.1912</label>
                     <idno type="URL" subtype="pmb">https://pmb.acdh.oeaw.ac.at/entity/56915/</idno>
                  </event>
                  <event key="47517" when-iso="1912-11-17">
                     <desc n="1256">ist Arbeitskraft bei</desc>
                     <label>Hauptmann-Bankett der Concordia, 17.11.1912</label>
                     <idno type="URL" subtype="pmb">https://pmb.acdh.oeaw.ac.at/entity/47517/</idno>
                  </event>
               </listEvent>
               <listBibl>
                  <bibl type="collections" n="5">legalkraus</bibl>
                  <bibl type="collections" n="11">ÖBL nach 1850 geboren</bibl>
                  <bibl type="collections" n="12">Fackel</bibl>
                  <bibl type="collections" n="16">Bahr Textverzeichnis</bibl>
               </listBibl>
               <figure>
                  <graphic url="https://commons.wikimedia.org/w/index.php?title=Special:Redirect/file/AlexanderGirardiJung.jpg"/>
               </figure>
            </person>
            <person xml:id="pmb26531">
               <persName>
                  <forename>Sophie</forename>
                  <surname>Wachner</surname>
               </persName>
               <persName type="legacy-name-merge">Wachner, Sophie</persName>
               <birth>
                  <date when-iso="1877-10-10">10.10.1877</date>
                  <settlement key="50">
                     <placeName type="pref">Wien</placeName>
                     <location>
                        <geo>48,2066 16,37341</geo>
                     </location>
                  </settlement>
               </birth>
               <death>
                  <date when-iso="1918-12-04">04.12.1918</date>
                  <settlement key="168">
                     <placeName type="pref">Berlin</placeName>
                     <location>
                        <geo>52,52437 13,41053</geo>
                     </location>
                  </settlement>
               </death>
               <sex value="female"/>
               <occupation key="105">Schauspieler/Schauspielerin</occupation>
               <idno type="URL" subtype="schnitzler-tagebuch">https://schnitzler-tagebuch.acdh.oeaw.ac.at/person_21003.html</idno>
               <idno type="URL" subtype="pmb">https://pmb.acdh.oeaw.ac.at/entity/26531/</idno>
               <idno type="URL" subtype="fackel">https://fackel.oeaw.ac.at/?p=fackelp55162</idno>
               <idno type="URL" subtype="bahr-textverzeichnis">https://bahr-textverzeichnis.acdh.oeaw.ac.at/pmb26531.html</idno>
               <idno type="URL" subtype="pmb">https://pmb.acdh.oeaw.ac.at/entity/162685/</idno>
               <idno type="URL" subtype="bahr-tsn">https://bahr-textverzeichnis.acdh.oeaw.ac.at/TSN-listperson.html#pmb26531</idno>
               <listBibl>
                  <bibl type="collections" n="16">Bahr Textverzeichnis</bibl>
               </listBibl>
               <note type="references">None </note>
            </person>
            <person xml:id="pmb12355">
               <persName>
                  <forename>Robert</forename>
                  <surname>Nhil</surname>
               </persName>
               <persName type="namensvariante">Stegmüller Reinhold</persName>
               <persName type="namensvariante">Nhilson</persName>
               <persName type="person_geburtsname_vorname">Gustav</persName>
               <persName type="person_geburtsname_nachname">Steegmüller</persName>
               <persName type="legacy-name-merge">Nhil, Robert</persName>
               <birth>
                  <date when-iso="1858-07-18">18.07.1858</date>
                  <settlement key="506">
                     <placeName type="pref">Hamburg</placeName>
                     <location>
                        <geo>53,57532 10,01534</geo>
                     </location>
                  </settlement>
               </birth>
               <death>
                  <date when-iso="1938-10-31">31.10.1938</date>
                  <settlement key="506">
                     <placeName type="pref">Hamburg</placeName>
                     <location>
                        <geo>53,57532 10,01534</geo>
                     </location>
                  </settlement>
               </death>
               <sex value="male"/>
               <occupation key="105">Schauspieler/Schauspielerin</occupation>
               <idno type="URL" subtype="gnd">https://d-nb.info/gnd/116993359</idno>
               <idno type="URL" subtype="schnitzler-tagebuch">https://schnitzler-tagebuch.acdh.oeaw.ac.at/person_18438.html</idno>
               <idno type="URL" subtype="schnitzler-bahr">https://schnitzler-bahr.acdh.oeaw.ac.at/pmb12355.html</idno>
               <idno type="URL" subtype="pmb">https://pmb.acdh.oeaw.ac.at/entity/12355/</idno>
               <idno type="URL" subtype="schnitzler-briefe">https://schnitzler-briefe.acdh.oeaw.ac.at/pmb12355.html</idno>
               <idno type="URL" subtype="bahr-textverzeichnis">https://bahr-textverzeichnis.acdh.oeaw.ac.at/pmb12355.html</idno>
               <idno type="URL" subtype="fackel">https://fackel.oeaw.ac.at/?p=fackelp52363</idno>
               <idno type="URL" subtype="wikidata">http://www.wikidata.org/entity/Q2158355</idno>
               <idno type="URL" subtype="wikipedia">https://de.wikipedia.org/wiki/Robert_Nhil</idno>
               <idno type="URL" subtype="pmb">https://pmb.acdh.oeaw.ac.at/entity/161491/</idno>
               <idno type="URL" subtype="bahr-tsn">https://bahr-textverzeichnis.acdh.oeaw.ac.at/TSN-listperson.html#pmb12355</idno>
               <listEvent>
                  <event key="35068" when-iso="1893-12-01">
                     <desc n="1256">ist Arbeitskraft bei</desc>
                     <label>Uraufführung von Das Märchen, 1.12.1893</label>
                     <idno type="URL" subtype="pmb">https://pmb.acdh.oeaw.ac.at/entity/35068/</idno>
                  </event>
                  <event key="43100" when-iso="1895-01-19">
                     <desc n="1256">ist Arbeitskraft bei</desc>
                     <label>Premiere von Die Kameraden, 19.1.1895</label>
                     <idno type="URL" subtype="pmb">https://pmb.acdh.oeaw.ac.at/entity/43100/</idno>
                  </event>
               </listEvent>
               <listBibl>
                  <bibl type="collections" n="12">Fackel</bibl>
                  <bibl type="collections" n="16">Bahr Textverzeichnis</bibl>
               </listBibl>
               <note type="references"> </note>
               <figure>
                  <graphic url="https://commons.wikimedia.org/w/index.php?title=Special:Redirect/file/Robert%20Nhil%201892%20Vilimek.jpg"/>
               </figure>
            </person>
            <person xml:id="pmb153972">
               <persName>
                  <forename>Elsa</forename>
                  <surname>Galafrés</surname>
               </persName>
               <birth>
                  <date notBefore-iso="1880-01-01"
                        when-iso="1880-01-01"
                        notAfter-iso="1880-12-31">1880</date>
               </birth>
               <death>
                  <date when-iso="1977-01-01" notAfter-iso="1977-12-31">1977</date>
               </death>
               <sex value="not-set"/>
               <occupation key="105">Schauspieler/Schauspielerin</occupation>
               <idno type="URL" subtype="pmb">https://pmb.acdh.oeaw.ac.at/entity/153972/</idno>
               <idno type="URL" subtype="bahr-textverzeichnis">https://bahr-textverzeichnis.acdh.oeaw.ac.at/pmb153972.html</idno>
               <listBibl>
                  <bibl type="collections" n="16">Bahr Textverzeichnis</bibl>
               </listBibl>
            </person>
            <person xml:id="pmb114810">
               <persName>
                  <forename>Julius</forename>
                  <surname>Brandt</surname>
               </persName>
               <birth>
                  <date when-iso="1873-03-05">1873-03-05</date>
               </birth>
               <death>
                  <date when-iso="1949-12-26">1949-12-26</date>
               </death>
               <sex value="male"/>
               <occupation key="105">Schauspieler/Schauspielerin</occupation>
               <occupation key="391">Drehbuchautor/Drehbuchautorin</occupation>
               <occupation key="396">Filmschauspieler/Filmschauspielerin</occupation>
               <occupation key="1304">Theaterregisseur/Theaterregisseurin</occupation>
               <occupation key="1839">Filmregisseur/Filmregisseurin</occupation>
               <idno type="URL" subtype="pmb">https://pmb.acdh.oeaw.ac.at/entity/114810/</idno>
               <idno type="URL" subtype="gnd">https://d-nb.info/gnd/116406100</idno>
               <idno type="URL" subtype="fackel">https://fackel.oeaw.ac.at/?p=fackelp47241</idno>
               <idno type="URL" subtype="wikidata">http://www.wikidata.org/entity/Q89928</idno>
               <idno type="URL" subtype="wikipedia">https://de.wikipedia.org/wiki/Julius_Brandt</idno>
               <idno type="URL" subtype="schnitzler-kino">https://schnitzler-kino.acdh.oeaw.ac.at/pmb114810.html</idno>
               <idno type="URL" subtype="bahr-textverzeichnis">https://bahr-textverzeichnis.acdh.oeaw.ac.at/pmb114810.html</idno>
               <listEvent>
                  <event key="143134" when-iso="1901-01-15">
                     <desc n="1256">ist Arbeitskraft bei</desc>
                     <label>Aufführung von Liebelei, 15.1.1901</label>
                     <idno type="URL" subtype="pmb">https://pmb.acdh.oeaw.ac.at/entity/143134/</idno>
                  </event>
               </listEvent>
               <listBibl>
                  <bibl type="collections" n="12">Fackel</bibl>
                  <bibl type="collections" n="16">Bahr Textverzeichnis</bibl>
               </listBibl>
            </person>
            <person xml:id="pmb154033">
               <persName>
                  <forename>Willy</forename>
                  <surname>Thaller</surname>
               </persName>
               <birth>
                  <date notBefore-iso="1854-01-01"
                        when-iso="1854-01-01"
                        notAfter-iso="1854-12-31">1854</date>
               </birth>
               <death>
                  <date>1941?</date>
               </death>
               <sex value="not-set"/>
               <idno type="URL" subtype="bahr-textverzeichnis">https://bahr-textverzeichnis.acdh.oeaw.ac.at/pmb154033.html</idno>
               <idno type="URL" subtype="pmb">https://pmb.acdh.oeaw.ac.at/entity/154033/</idno>
               <listBibl>
                  <bibl type="collections" n="16">Bahr Textverzeichnis</bibl>
               </listBibl>
            </person>
            <person xml:id="pmb2847">
               <persName>
                  <forename>Josef</forename>
                  <surname>Giampietro</surname>
               </persName>
               <persName type="legacy-name-merge">Giampietro, Joseph</persName>
               <birth>
                  <date when-iso="1866-06-21">21.06.1866</date>
                  <settlement key="50">
                     <placeName type="pref">Wien</placeName>
                     <location>
                        <geo>48,2066 16,37341</geo>
                     </location>
                  </settlement>
               </birth>
               <death>
                  <date when-iso="1913-12-29">29.12.1913</date>
                  <settlement key="168">
                     <placeName type="pref">Berlin</placeName>
                     <location>
                        <geo>52,52437 13,41053</geo>
                     </location>
                  </settlement>
               </death>
               <sex value="male"/>
               <occupation key="105">Schauspieler/Schauspielerin</occupation>
               <occupation key="396">Filmschauspieler/Filmschauspielerin</occupation>
               <occupation key="2197">Komiker/Komikerin</occupation>
               <idno type="URL" subtype="gnd">https://d-nb.info/gnd/1061563561</idno>
               <idno type="URL" subtype="schnitzler-tagebuch">https://schnitzler-tagebuch.acdh.oeaw.ac.at/person_15422.html</idno>
               <idno type="URL" subtype="schnitzler-bahr">https://schnitzler-bahr.acdh.oeaw.ac.at/pmb2847.html</idno>
               <idno type="URL" subtype="pmb">https://pmb.acdh.oeaw.ac.at/entity/2847/</idno>
               <idno type="URL" subtype="schnitzler-briefe">https://schnitzler-briefe.acdh.oeaw.ac.at/pmb2847.html</idno>
               <idno type="URL" subtype="bahr-textverzeichnis">https://bahr-textverzeichnis.acdh.oeaw.ac.at/pmb2847.html</idno>
               <idno type="URL" subtype="fackel">https://fackel.oeaw.ac.at/?p=fackelp44420</idno>
               <idno type="URL" subtype="pmb">https://pmb.acdh.oeaw.ac.at/entity/114152/</idno>
               <idno type="URL" subtype="gnd">https://d-nb.info/gnd/116616164</idno>
               <idno type="URL" subtype="wikidata">http://www.wikidata.org/entity/Q1707099</idno>
               <idno type="URL" subtype="wikipedia">https://de.wikipedia.org/wiki/Joseph_Giampietro</idno>
               <idno type="URL" subtype="bahr-tsn">https://bahr-textverzeichnis.acdh.oeaw.ac.at/TSN-listperson.html#pmb2847</idno>
               <idno type="URL" subtype="schnitzler-interviews">https://schnitzler-interviews.acdh.oeaw.ac.at/pmb2847.html</idno>
               <listEvent>
                  <event key="143021" when-iso="1893-02-15">
                     <desc n="1256">ist Arbeitskraft bei</desc>
                     <label>Premiere von Francillon, 15.2.1893</label>
                     <idno type="URL" subtype="pmb">https://pmb.acdh.oeaw.ac.at/entity/143021/</idno>
                  </event>
                  <event key="35068" when-iso="1893-12-01">
                     <desc n="1256">ist Arbeitskraft bei</desc>
                     <label>Uraufführung von Das Märchen, 1.12.1893</label>
                     <idno type="URL" subtype="pmb">https://pmb.acdh.oeaw.ac.at/entity/35068/</idno>
                  </event>
                  <event key="43100" when-iso="1895-01-19">
                     <desc n="1256">ist Arbeitskraft bei</desc>
                     <label>Premiere von Die Kameraden, 19.1.1895</label>
                     <idno type="URL" subtype="pmb">https://pmb.acdh.oeaw.ac.at/entity/43100/</idno>
                  </event>
                  <event key="46600" when-iso="1897-11-20">
                     <desc n="1256">ist Arbeitskraft bei</desc>
                     <label>Uraufführung von Die Bürgermeisterwahl, 20.11.1897</label>
                     <idno type="URL" subtype="pmb">https://pmb.acdh.oeaw.ac.at/entity/46600/</idno>
                  </event>
                  <event key="58459" when-iso="1905-11-22">
                     <desc n="1256">ist Arbeitskraft bei</desc>
                     <label>Lesung im geschlossenen Kreis von Reigen, 22.11.1905</label>
                     <idno type="URL" subtype="pmb">https://pmb.acdh.oeaw.ac.at/entity/58459/</idno>
                  </event>
               </listEvent>
               <listBibl>
                  <bibl type="collections" n="12">Fackel</bibl>
                  <bibl type="collections" n="16">Bahr Textverzeichnis</bibl>
               </listBibl>
               <figure>
                  <graphic url="https://commons.wikimedia.org/w/index.php?title=Special:Redirect/file/WP%20Joseph%20Giampietro.jpg"/>
               </figure>
            </person>
         </listPerson>
      </back>
   </text>
</TEI>
