<?xml version="1.0" encoding="UTF-8"?>
<TEI xmlns="http://www.tei-c.org/ns/1.0"
     xmlns:tei="http://www.tei-c.org/ns/1.0"
     xml:id="pmb122423.xml"
     prev="pmb134231"
     next="pmb134047">
   <teiHeader>
      <fileDesc>
         <titleStmt>
            <title level="s">Hermann Bahr – Textverzeichnis</title>
            <title level="a">Mepherl beim Grafen</title>
            <title type="iso-date">1893-01-08</title>
            <respStmt>
               <resp>providing the content</resp>
               <name>Martin Anton Müller</name>
            </respStmt>
            <respStmt>
               <resp>converted to XML encoding</resp>
               <name>Martin Anton Müller</name>
            </respStmt>
         </titleStmt>
         <publicationStmt>
            <publisher>Austrian Centre for Digital Humanities and Cultural
                                    Heritage (ACDH-CH)</publisher>
            <date>2024-03-19+01:00</date>
            <idno type="URI">https://id.acdh.oeaw.ac.at/bahr-textverzeichnis/pmb122423.xml</idno>
         </publicationStmt>
         <sourceDesc>
            <p>Bibliografische Angaben eines in Druck erschienen Texts von
                                    Bahr</p>
         </sourceDesc>
      </fileDesc>
   </teiHeader>
   <text>
      <body>
         <div type="bibliografische-angabe">
            <biblStruct xml:id="pmb122423"
                        type="Journal-Article"
                        subtype="Glosse"
                        status="checked"
                        prev="pmb134231"
                        next="pmb134047">
               <analytic>
                  <author ref="pmb10815">Mepherl</author>
                  <title level="a" ref="pmb122423">Mepherl beim Grafen</title>
               </analytic>
               <monogr>
                  <title level="j" ref="pmb41471">Deutsche Zeitung</title>
                  <imprint>
                     <biblScope unit="jg">23</biblScope>
                     <biblScope unit="issue">7554, Morgen-Ausgabe</biblScope>
                     <biblScope unit="page">4–5</biblScope>
                     <date when="1893-01-08">8.1.1893</date>
                  </imprint>
               </monogr>
               <note type="incipit">Anmerkung der Redaction: Unserem geschätzten Correspondenten ist
                  es gelungen, den Grafen</note>
               <ref type="URL">https://bahr.univie.ac.at/sites/all/txt/deutsche-zeitung/75544.pdf</ref>
               <ref type="URL">https://bahr.univie.ac.at/sites/all/txt/deutsche-zeitung/75545.pdf</ref>
               <noteGrp type="keywords">
                  <note type="Journal-Article">Artikel in einem Periodikum</note>
                  <note subtype="Glosse">Glosse</note>
               </noteGrp>
               <note type="bibliographical-statement">Mepherl: Mepherl beim Grafen. In: Deutsche
                  Zeitung, Jg. 23, Nr. 7554, Morgen-Ausgabe, 8.1.1893, S. 4–5.</note>
            </biblStruct>
         </div>
      </body>
      <back/>
   </text>
</TEI>
