<?xml version="1.0" encoding="UTF-8"?>
<TEI xmlns="http://www.tei-c.org/ns/1.0"
     xmlns:tei="http://www.tei-c.org/ns/1.0"
     xml:id="pmb122505.xml"
     prev="pmb122507"
     next="pmb134811">
   <teiHeader>
      <fileDesc>
         <titleStmt>
            <title level="s">Hermann Bahr – Textverzeichnis</title>
            <title level="a">Freie Gedanken. [V]</title>
            <title type="iso-date">1882-10-29</title>
            <respStmt>
               <resp>providing the content</resp>
               <name>Martin Anton Müller</name>
            </respStmt>
            <respStmt>
               <resp>converted to XML encoding</resp>
               <name>Martin Anton Müller</name>
            </respStmt>
         </titleStmt>
         <publicationStmt>
            <publisher>Austrian Centre for Digital Humanities and Cultural
                                    Heritage (ACDH-CH)</publisher>
            <date>2024-03-19+01:00</date>
            <idno type="URI">https://id.acdh.oeaw.ac.at/bahr-textverzeichnis/pmb122505.xml</idno>
         </publicationStmt>
         <sourceDesc>
            <p>Bibliografische Angaben eines in Druck erschienen Texts von
                                    Bahr</p>
         </sourceDesc>
      </fileDesc>
   </teiHeader>
   <text>
      <body>
         <div type="bibliografische-angabe">
            <biblStruct xml:id="pmb122505"
                        type="Journal-Article"
                        status="checked"
                        prev="pmb122507"
                        next="pmb134811">
               <analytic>
                  <author ref="pmb10815">Kieselak</author>
                  <title level="a" ref="pmb122505">Freie Gedanken. [V]</title>
               </analytic>
               <monogr>
                  <title level="j" ref="pmb122066">Linzer Sonntagsblatt</title>
                  <imprint>
                     <biblScope unit="jg">3</biblScope>
                     <biblScope unit="issue">44</biblScope>
                     <biblScope unit="page">2</biblScope>
                     <date when="1882-10-29">29.10.1882</date>
                  </imprint>
               </monogr>
               <note type="incipit">Wir haben jüngst durch ziffermäßige Darthat den stetigen
                  Anwuchs</note>
               <note type="summary">Bahr führt seine antisemitschen Ausfälle fort, sich in der Summe
                  der bisherigen zwei Artikel nunmehr einzig auf ein Argumentum ad auctoritatem
                  beschränkend.</note>
               <ref type="personenindex">
                  <listRef>
                     <ptr type="pmb" target="pmb38345"/>
                     <ptr type="pmb" target="pmb7134"/>
                     <ptr type="pmb" target="pmb11461"/>
                     <ptr type="pmb" target="pmb4996"/>
                     <ptr type="pmb" target="pmb11871"/>
                     <ptr type="pmb" target="pmb5787"/>
                     <ptr type="pmb" target="pmb10943"/>
                     <ptr type="pmb" target="pmb3641"/>
                     <ptr type="pmb" target="pmb13024"/>
                     <ptr type="pmb" target="pmb113780"/>
                     <ptr type="pmb" target="pmb153930"/>
                     <ptr type="pmb" target="pmb153931"/>
                     <ptr type="pmb" target="pmb3124"/>
                  </listRef>
               </ref>
               <noteGrp type="keywords">
                  <note type="Journal-Article">Artikel in einem Periodikum</note>
               </noteGrp>
               <note type="bibliographical-statement">Kieselak: Freie Gedanken. [V]. In: Linzer
                  Sonntagsblatt, Jg. 3, Nr. 44, 29.10.1882, S. 2.</note>
            </biblStruct>
         </div>
      </body>
      <back>
         <listPerson>
            <person xml:id="pmb38345">
               <persName>
                  <forename>Publius Cornelius</forename>
                  <surname>Tacitus</surname>
               </persName>
               <persName type="legacy-name-merge">Tacitus</persName>
               <birth>
                  <date>54</date>
               </birth>
               <death>
                  <date when-iso="0120-01-01" notAfter-iso="0120-12-31">0120</date>
               </death>
               <sex value="male"/>
               <occupation key="134">Historiker/Historikerin</occupation>
               <occupation key="380">Geschichtsschreiber/Geschichtsschreiberin</occupation>
               <occupation key="1290">Senator/Senatorin</occupation>
               <idno type="URL" subtype="schnitzler-tagebuch">https://schnitzler-tagebuch.acdh.oeaw.ac.at/person_20615.html</idno>
               <idno type="URL" subtype="pmb">https://pmb.acdh.oeaw.ac.at/entity/25829/</idno>
               <idno type="URL" subtype="pmb">https://pmb.acdh.oeaw.ac.at/entity/38345/</idno>
               <idno type="URL" subtype="gnd">https://d-nb.info/gnd/118620452</idno>
               <idno type="URL" subtype="schnitzler-lektueren">https://schnitzler-lektueren.acdh.oeaw.ac.at/pmb38345.html</idno>
               <idno type="URL" subtype="legalkraus">https://kraus.wienbibliothek.at/register/personen/pmb38345</idno>
               <idno type="URL" subtype="fackel">https://fackel.oeaw.ac.at/?p=fackelp53900</idno>
               <idno type="URL" subtype="wikidata">http://www.wikidata.org/entity/Q2161</idno>
               <idno type="URL" subtype="wikipedia">https://de.wikipedia.org/wiki/Tacitus</idno>
               <idno type="URL" subtype="thun-korrespondenz">https://thun-korrespondenz.acdh.oeaw.ac.at/tacitus.html</idno>
               <idno type="URL" subtype="bahr-textverzeichnis">https://bahr-textverzeichnis.acdh.oeaw.ac.at/pmb38345.html</idno>
               <listBibl>
                  <bibl type="collections" n="5">legalkraus</bibl>
                  <bibl type="collections" n="12">Fackel</bibl>
               </listBibl>
               <figure>
                  <graphic url="https://commons.wikimedia.org/w/index.php?title=Special:Redirect/file/Gaius%20Cornelius%20Tacitus%20mirror.jpg"/>
               </figure>
            </person>
            <person xml:id="pmb7134">
               <persName>
                  <forename>Johann Gottlieb</forename>
                  <surname>Fichte</surname>
               </persName>
               <persName type="legacy-name-merge">Fichte, Johann Gottlieb</persName>
               <birth>
                  <date when-iso="1762-05-19">19.05.1762</date>
                  <settlement key="48510">
                     <placeName type="pref">Rammenau</placeName>
                     <location>
                        <geo>51,15 14,13333</geo>
                     </location>
                  </settlement>
               </birth>
               <death>
                  <date when-iso="1814-01-02">02.01.1814</date>
                  <settlement key="168">
                     <placeName type="pref">Berlin</placeName>
                     <location>
                        <geo>52,52437 13,41053</geo>
                     </location>
                  </settlement>
               </death>
               <sex value="male"/>
               <occupation key="154">Philosoph/Philosophin</occupation>
               <idno type="URL" subtype="gnd">https://d-nb.info/gnd/118532847</idno>
               <idno type="URL" subtype="schnitzler-tagebuch">https://schnitzler-tagebuch.acdh.oeaw.ac.at/person_14975.html</idno>
               <idno type="URL" subtype="pmb">https://pmb.acdh.oeaw.ac.at/entity/7134/</idno>
               <idno type="URL" subtype="fackel">https://fackel.oeaw.ac.at/?p=fackelp43260</idno>
               <idno type="URL" subtype="dritte-walpurgisnacht">https://kraus1933.ace.oeaw.ac.at/Gesamt.xml?template=register_personen.html&amp;letter=F#DWpers0058</idno>
               <idno type="URL" subtype="wikidata">http://www.wikidata.org/entity/Q102585</idno>
               <idno type="URL" subtype="wikipedia">https://de.wikipedia.org/wiki/Johann_Gottlieb_Fichte</idno>
               <idno type="URL" subtype="thun-korrespondenz">https://thun-korrespondenz.acdh.oeaw.ac.at/fichte-johann-gottlieb.html</idno>
               <idno type="URL" subtype="pmb">https://pmb.acdh.oeaw.ac.at/entity/160020/</idno>
               <idno type="URL" subtype="bahr-tsn">https://bahr-textverzeichnis.acdh.oeaw.ac.at/TSN-listperson.html#pmb7134</idno>
               <idno type="URL" subtype="bahr-textverzeichnis">https://bahr-textverzeichnis.acdh.oeaw.ac.at/pmb7134.html</idno>
               <listBibl>
                  <bibl type="collections" n="10">Karl Kraus 1933: Dritte Walpurgisnacht</bibl>
                  <bibl type="collections" n="12">Fackel</bibl>
                  <bibl type="collections" n="16">Bahr Textverzeichnis</bibl>
               </listBibl>
               <note type="references">None </note>
               <figure>
                  <graphic url="https://commons.wikimedia.org/w/index.php?title=Special:Redirect/file/Johann%20Gottlieb%20Fichte%20by%20Friedrich%20Bury.jpg"/>
               </figure>
            </person>
            <person xml:id="pmb11461">
               <persName>
                  <forename>Johann Wolfgang von</forename>
                  <surname>Goethe</surname>
               </persName>
               <persName type="legacy-name-merge">Goethe, Johann Wolfgang von</persName>
               <birth>
                  <date when-iso="1749-08-28">1749-08-28</date>
                  <settlement key="146">
                     <placeName type="pref">Frankfurt am Main</placeName>
                     <location>
                        <geo>50,11552 8,68417</geo>
                     </location>
                  </settlement>
               </birth>
               <death>
                  <date when-iso="1832-03-22">1832-03-22</date>
                  <settlement key="197">
                     <placeName type="pref">Weimar</placeName>
                     <location>
                        <geo>50,97361 11,33806</geo>
                     </location>
                  </settlement>
               </death>
               <sex value="male"/>
               <occupation key="90">Schriftsteller/Schriftstellerin</occupation>
               <idno type="URL" subtype="gnd">https://d-nb.info/gnd/118540238</idno>
               <idno type="URL" subtype="schnitzler-tagebuch">https://schnitzler-tagebuch.acdh.oeaw.ac.at/person_15499.html</idno>
               <idno type="URL" subtype="bahr-textverzeichnis">https://bahr-textverzeichnis.acdh.oeaw.ac.at/pmb11461.html</idno>
               <idno type="URL" subtype="schnitzler-bahr">https://schnitzler-bahr.acdh.oeaw.ac.at/pmb11461.html</idno>
               <idno type="URL" subtype="pmb">https://pmb.acdh.oeaw.ac.at/entity/11461/</idno>
               <idno type="URL" subtype="schnitzler-briefe">https://schnitzler-briefe.acdh.oeaw.ac.at/pmb11461.html</idno>
               <idno type="URL" subtype="schnitzler-lektueren">https://schnitzler-lektueren.acdh.oeaw.ac.at/pmb11461.html</idno>
               <idno type="URL" subtype="legalkraus">https://kraus.wienbibliothek.at/register/personen/pmb11461</idno>
               <idno type="URL" subtype="fackel">https://fackel.oeaw.ac.at/?p=fackelp46960</idno>
               <idno type="URL" subtype="dritte-walpurgisnacht">https://kraus1933.ace.oeaw.ac.at/Gesamt.xml?template=register_personen.html&amp;letter=G#DWpers0080</idno>
               <idno type="URL" subtype="wikidata">http://www.wikidata.org/entity/Q5879</idno>
               <idno type="URL" subtype="wikipedia">https://de.wikipedia.org/wiki/Johann_Wolfgang_von_Goethe</idno>
               <idno type="URL" subtype="thun-korrespondenz">https://thun-korrespondenz.acdh.oeaw.ac.at/goethe-johann-wolfgang.html</idno>
               <idno type="URL" subtype="freud">https://freud.acdh-dev.oeaw.ac.at/frd_person_24.html</idno>
               <idno type="URL" subtype="schnitzler-kino">https://schnitzler-kino.acdh.oeaw.ac.at/pmb11461.html</idno>
               <idno type="URL" subtype="schnitzler-interviews">https://schnitzler-interviews.acdh.oeaw.ac.at/pmb11461.html</idno>
               <idno type="URL" subtype="pmb">https://pmb.acdh.oeaw.ac.at/entity/160235/</idno>
               <idno type="URL" subtype="bahr-tsn">https://bahr-textverzeichnis.acdh.oeaw.ac.at/TSN-listperson.html#pmb11461</idno>
               <idno type="URL" subtype="hanslick-online">https://hanslick.acdh.oeaw.ac.at/hsl_person_id_100.html</idno>
               <idno type="URL" subtype="auden-musulin-papers">https://amp.acdh.oeaw.ac.at/amp_person_11.html</idno>
               <listBibl>
                  <bibl type="collections" n="5">legalkraus</bibl>
                  <bibl type="collections" n="10">Karl Kraus 1933: Dritte Walpurgisnacht</bibl>
                  <bibl type="collections" n="12">Fackel</bibl>
                  <bibl type="collections" n="16">Bahr Textverzeichnis</bibl>
               </listBibl>
               <figure>
                  <graphic url="https://commons.wikimedia.org/w/index.php?title=Special:Redirect/file/Goethe%20%28Stieler%201828%29.jpg"/>
               </figure>
            </person>
            <person xml:id="pmb4996">
               <persName>
                  <forename>Johann Gottfried von</forename>
                  <surname>Herder</surname>
               </persName>
               <persName type="legacy-name-merge">Herder, Johann Gottfried</persName>
               <birth>
                  <date when-iso="1744-08-25">25.8.1744</date>
                  <settlement key="56118">
                     <placeName type="pref">Morąg</placeName>
                     <location>
                        <geo>53,91711 19,92602</geo>
                     </location>
                  </settlement>
               </birth>
               <death>
                  <date when-iso="1803-12-18">18.12.1803</date>
                  <settlement key="197">
                     <placeName type="pref">Weimar</placeName>
                     <location>
                        <geo>50,97361 11,33806</geo>
                     </location>
                  </settlement>
               </death>
               <sex value="male"/>
               <occupation key="90">Schriftsteller/Schriftstellerin</occupation>
               <idno type="URL" subtype="gnd">https://d-nb.info/gnd/118549553</idno>
               <idno type="URL" subtype="schnitzler-bahr">https://schnitzler-bahr.acdh.oeaw.ac.at/pmb4996.html</idno>
               <idno type="URL" subtype="pmb">https://pmb.acdh.oeaw.ac.at/entity/4996/</idno>
               <idno type="URL" subtype="schnitzler-briefe">https://schnitzler-briefe.acdh.oeaw.ac.at/pmb4996.html</idno>
               <idno type="URL" subtype="legalkraus">https://kraus.wienbibliothek.at/register/personen/pmb4996</idno>
               <idno type="URL" subtype="fackel">https://fackel.oeaw.ac.at/?p=fackelp46893</idno>
               <idno type="URL" subtype="wikidata">http://www.wikidata.org/entity/Q155547</idno>
               <idno type="URL" subtype="wikipedia">https://de.wikipedia.org/wiki/Johann_Gottfried_Herder</idno>
               <idno type="URL" subtype="thun-korrespondenz">https://thun-korrespondenz.acdh.oeaw.ac.at/herder-johann-gottfried.html</idno>
               <idno type="URL" subtype="pmb">https://pmb.acdh.oeaw.ac.at/entity/160485/</idno>
               <idno type="URL" subtype="bahr-tsn">https://bahr-textverzeichnis.acdh.oeaw.ac.at/TSN-listperson.html#pmb160485</idno>
               <idno type="URL" subtype="bahr-textverzeichnis">https://bahr-textverzeichnis.acdh.oeaw.ac.at/pmb4996.html</idno>
               <idno type="URL" subtype="hanslick-online">https://hanslick.acdh.oeaw.ac.at/hsl_person_id_1253.html</idno>
               <listBibl>
                  <bibl type="collections" n="5">legalkraus</bibl>
                  <bibl type="collections" n="12">Fackel</bibl>
                  <bibl type="collections" n="16">Bahr Textverzeichnis</bibl>
               </listBibl>
               <note type="references"> </note>
               <figure>
                  <graphic url="https://commons.wikimedia.org/w/index.php?title=Special:Redirect/file/Johann%20Gottfried%20Herder.jpg"/>
               </figure>
            </person>
            <person xml:id="pmb11871">
               <persName>
                  <forename>Immanuel</forename>
                  <surname>Kant</surname>
               </persName>
               <persName type="legacy-name-merge">Kant, Immanuel</persName>
               <birth>
                  <date when-iso="1724-04-22">22.04.1724</date>
                  <settlement key="42605">
                     <placeName type="pref">Kaliningrad</placeName>
                     <location>
                        <geo>54,70649 20,51095</geo>
                     </location>
                  </settlement>
               </birth>
               <death>
                  <date when-iso="1804-04-12">12.04.1804</date>
                  <settlement key="42605">
                     <placeName type="pref">Kaliningrad</placeName>
                     <location>
                        <geo>54,70649 20,51095</geo>
                     </location>
                  </settlement>
               </death>
               <sex value="male"/>
               <occupation key="154">Philosoph/Philosophin</occupation>
               <idno type="URL" subtype="gnd">https://d-nb.info/gnd/118559796</idno>
               <idno type="URL" subtype="schnitzler-tagebuch">https://schnitzler-tagebuch.acdh.oeaw.ac.at/person_16688.html</idno>
               <idno type="URL" subtype="schnitzler-bahr">https://schnitzler-bahr.acdh.oeaw.ac.at/pmb11871.html</idno>
               <idno type="URL" subtype="pmb">https://pmb.acdh.oeaw.ac.at/entity/11871/</idno>
               <idno type="URL" subtype="schnitzler-briefe">https://schnitzler-briefe.acdh.oeaw.ac.at/pmb11871.html</idno>
               <idno type="URL" subtype="legalkraus">https://kraus.wienbibliothek.at/register/personen/pmb11871</idno>
               <idno type="URL" subtype="fackel">https://fackel.oeaw.ac.at/?p=fackelp46454</idno>
               <idno type="URL" subtype="dritte-walpurgisnacht">https://kraus1933.ace.oeaw.ac.at/Gesamt.xml?template=register_personen.html&amp;letter=K#DWpers0124</idno>
               <idno type="URL" subtype="wikidata">http://www.wikidata.org/entity/Q9312</idno>
               <idno type="URL" subtype="wikipedia">https://de.wikipedia.org/wiki/Immanuel_Kant</idno>
               <idno type="URL" subtype="thun-korrespondenz">https://thun-korrespondenz.acdh.oeaw.ac.at/kant-immanuel.html</idno>
               <idno type="URL" subtype="pmb">https://pmb.acdh.oeaw.ac.at/entity/160740/</idno>
               <idno type="URL" subtype="bahr-tsn">https://bahr-textverzeichnis.acdh.oeaw.ac.at/TSN-listperson.html#pmb11871</idno>
               <idno type="URL" subtype="bahr-textverzeichnis">https://bahr-textverzeichnis.acdh.oeaw.ac.at/pmb11871.html</idno>
               <idno type="URL" subtype="hanslick-online">https://hanslick.acdh.oeaw.ac.at/hsl_person_id_142.html</idno>
               <listBibl>
                  <bibl type="collections" n="5">legalkraus</bibl>
                  <bibl type="collections" n="10">Karl Kraus 1933: Dritte Walpurgisnacht</bibl>
                  <bibl type="collections" n="12">Fackel</bibl>
                  <bibl type="collections" n="16">Bahr Textverzeichnis</bibl>
               </listBibl>
               <note type="references"> </note>
               <figure>
                  <graphic url="https://commons.wikimedia.org/w/index.php?title=Special:Redirect/file/Kant%20foto.jpg"/>
               </figure>
            </person>
            <person xml:id="pmb5787">
               <persName>
                  <forename>Arthur</forename>
                  <surname>Schopenhauer</surname>
               </persName>
               <persName type="legacy-name-merge">Schopenhauer, Arthur</persName>
               <birth>
                  <date when-iso="1788-02-22">22.02.1788</date>
                  <settlement key="42763">
                     <placeName type="pref">Danzig</placeName>
                     <location>
                        <geo>54,3611 18,6897</geo>
                     </location>
                  </settlement>
               </birth>
               <death>
                  <date when-iso="1860-09-21">21.09.1860</date>
                  <settlement key="146">
                     <placeName type="pref">Frankfurt am Main</placeName>
                     <location>
                        <geo>50,11552 8,68417</geo>
                     </location>
                  </settlement>
               </death>
               <sex value="male"/>
               <occupation key="154">Philosoph/Philosophin</occupation>
               <idno type="URL" subtype="gnd">https://d-nb.info/gnd/118610465</idno>
               <idno type="URL" subtype="schnitzler-tagebuch">https://schnitzler-tagebuch.acdh.oeaw.ac.at/person_19866.html</idno>
               <idno type="URL" subtype="pmb">https://pmb.acdh.oeaw.ac.at/entity/5787/</idno>
               <idno type="URL" subtype="schnitzler-briefe">https://schnitzler-briefe.acdh.oeaw.ac.at/pmb5787.html</idno>
               <idno type="URL" subtype="schnitzler-lektueren">https://schnitzler-lektueren.acdh.oeaw.ac.at/pmb5787.html</idno>
               <idno type="URL" subtype="legalkraus">https://kraus.wienbibliothek.at/register/personen/pmb5787</idno>
               <idno type="URL" subtype="fackel">https://fackel.oeaw.ac.at/?p=fackelp38501</idno>
               <idno type="URL" subtype="dritte-walpurgisnacht">https://kraus1933.ace.oeaw.ac.at/Gesamt.xml?template=register_personen.html&amp;letter=S#DWpers0214</idno>
               <idno type="URL" subtype="wikidata">http://www.wikidata.org/entity/Q38193</idno>
               <idno type="URL" subtype="wikipedia">https://de.wikipedia.org/wiki/Arthur_Schopenhauer</idno>
               <idno type="URL" subtype="oeml">https://dx.doi.org/10.1553/0x000254a1</idno>
               <idno type="URL" subtype="schnitzler-kino">https://schnitzler-kino.acdh.oeaw.ac.at/pmb5787.html</idno>
               <idno type="URL" subtype="pmb">https://pmb.acdh.oeaw.ac.at/entity/162159/</idno>
               <idno type="URL" subtype="bahr-tsn">https://bahr-textverzeichnis.acdh.oeaw.ac.at/TSN-listperson.html#pmb5787</idno>
               <idno type="URL" subtype="bahr-textverzeichnis">https://bahr-textverzeichnis.acdh.oeaw.ac.at/pmb5787.html</idno>
               <idno type="URL" subtype="hanslick-online">https://hanslick.acdh.oeaw.ac.at/hsl_person_id_2456.html</idno>
               <listBibl>
                  <bibl type="collections" n="5">legalkraus</bibl>
                  <bibl type="collections" n="10">Karl Kraus 1933: Dritte Walpurgisnacht</bibl>
                  <bibl type="collections" n="12">Fackel</bibl>
                  <bibl type="collections" n="16">Bahr Textverzeichnis</bibl>
               </listBibl>
               <note type="references"> </note>
               <figure>
                  <graphic url="https://commons.wikimedia.org/w/index.php?title=Special:Redirect/file/Arthur%20Schopenhauer%20by%20J%20Sch%C3%A4fer%2C%201859b.jpg"/>
               </figure>
            </person>
            <person xml:id="pmb10943">
               <persName>
                  <forename>Otto von</forename>
                  <surname>Bismarck</surname>
               </persName>
               <birth>
                  <date when-iso="1815-04-01">01.04.1815</date>
                  <settlement key="63752">
                     <placeName type="pref">Schönhausen</placeName>
                     <location>
                        <geo>52,58076 12,03923</geo>
                     </location>
                  </settlement>
               </birth>
               <death>
                  <date when-iso="1898-07-30">30.07.1898</date>
                  <settlement key="62121">
                     <placeName type="pref">Friedrichsruh</placeName>
                     <location>
                        <geo>53,53043 10,33971</geo>
                     </location>
                  </settlement>
               </death>
               <sex value="male"/>
               <occupation key="95">Politiker/Politikerin</occupation>
               <idno type="URL" subtype="gnd">https://d-nb.info/gnd/11851136X</idno>
               <idno type="URL" subtype="schnitzler-tagebuch">https://schnitzler-tagebuch.acdh.oeaw.ac.at/person_13749.html</idno>
               <idno type="URL" subtype="bahr-textverzeichnis">https://bahr-textverzeichnis.acdh.oeaw.ac.at/pmb10943.html</idno>
               <idno type="URL" subtype="schnitzler-bahr">https://schnitzler-bahr.acdh.oeaw.ac.at/pmb10943.html</idno>
               <idno type="URL" subtype="pmb">https://pmb.acdh.oeaw.ac.at/entity/10943/</idno>
               <idno type="URL" subtype="legalkraus">https://kraus.wienbibliothek.at/register/personen/pmb10943</idno>
               <idno type="URL" subtype="dritte-walpurgisnacht">https://kraus1933.ace.oeaw.ac.at/Gesamt.xml?template=register_personen.html&amp;letter=B#DWpers0021</idno>
               <idno type="URL" subtype="fackel">https://fackel.oeaw.ac.at/?p=fackelp39266</idno>
               <idno type="URL" subtype="wikidata">http://www.wikidata.org/entity/Q8442</idno>
               <idno type="URL" subtype="wikipedia">https://de.wikipedia.org/wiki/Otto_von_Bismarck</idno>
               <idno type="URL" subtype="hanslick-online">https://hanslick.acdh.oeaw.ac.at/hsl_person_id_1114.html</idno>
               <listBibl>
                  <bibl type="collections" n="5">legalkraus</bibl>
                  <bibl type="collections" n="10">Karl Kraus 1933: Dritte Walpurgisnacht</bibl>
                  <bibl type="collections" n="12">Fackel</bibl>
               </listBibl>
               <figure>
                  <graphic url="https://commons.wikimedia.org/w/index.php?title=Special:Redirect/file/BismarckArbeitszimmer1886.jpg"/>
               </figure>
            </person>
            <person xml:id="pmb3641">
               <persName>
                  <forename>Paul Anton de</forename>
                  <surname>Lagarde</surname>
               </persName>
               <persName type="person_geburtsname_vorname">Paul Anton</persName>
               <persName type="person_geburtsname_nachname">Bötticher</persName>
               <persName type="legacy-name-merge">Lagarde, Paul Anton de</persName>
               <birth>
                  <date when-iso="1827-11-02">1827-11-02</date>
                  <settlement key="168">
                     <placeName type="pref">Berlin</placeName>
                     <location>
                        <geo>52,52437 13,41053</geo>
                     </location>
                  </settlement>
               </birth>
               <death>
                  <date when-iso="1891-12-22">1891-12-22</date>
                  <settlement key="42325">
                     <placeName type="pref">Göttingen</placeName>
                     <location>
                        <geo>51,53443 9,93228</geo>
                     </location>
                  </settlement>
               </death>
               <sex value="male"/>
               <occupation key="195">Kulturphilosoph/Kulturphilosophin</occupation>
               <idno type="URL" subtype="gnd">https://d-nb.info/gnd/118725971</idno>
               <idno type="URL" subtype="schnitzler-bahr">https://schnitzler-bahr.acdh.oeaw.ac.at/pmb3641.html</idno>
               <idno type="URL" subtype="pmb">https://pmb.acdh.oeaw.ac.at/entity/3641/</idno>
               <idno type="URL" subtype="fackel">https://fackel.oeaw.ac.at/?p=fackelp48536</idno>
               <idno type="URL" subtype="wikidata">http://www.wikidata.org/entity/Q61310</idno>
               <idno type="URL" subtype="wikipedia">https://de.wikipedia.org/wiki/Paul_de_Lagarde</idno>
               <idno type="URL" subtype="pmb">https://pmb.acdh.oeaw.ac.at/entity/160945/</idno>
               <idno type="URL" subtype="bahr-tsn">https://bahr-textverzeichnis.acdh.oeaw.ac.at/TSN-listperson.html#pmb3641</idno>
               <idno type="URL" subtype="bahr-textverzeichnis">https://bahr-textverzeichnis.acdh.oeaw.ac.at/pmb3641.html</idno>
               <listBibl>
                  <bibl type="collections" n="12">Fackel</bibl>
                  <bibl type="collections" n="16">Bahr Textverzeichnis</bibl>
               </listBibl>
               <note type="references"> </note>
               <figure>
                  <graphic url="https://commons.wikimedia.org/w/index.php?title=Special:Redirect/file/Paul%20Anton%20de%20Lagarde.png"/>
               </figure>
            </person>
            <person xml:id="pmb13024">
               <persName>
                  <forename>Richard</forename>
                  <surname>Wagner</surname>
               </persName>
               <persName type="legacy-name-merge">Wagner, Richard</persName>
               <birth>
                  <date when-iso="1813-05-22">22.05.1813</date>
                  <settlement key="864">
                     <placeName type="pref">Leipzig</placeName>
                     <location>
                        <geo>51,33962 12,37129</geo>
                     </location>
                  </settlement>
               </birth>
               <death>
                  <date when-iso="1883-02-13">13.02.1883</date>
                  <settlement key="462">
                     <placeName type="pref">Venedig</placeName>
                     <location>
                        <geo>45,43713 12,33265</geo>
                     </location>
                  </settlement>
               </death>
               <sex value="male"/>
               <occupation key="129">Komponist/Komponistin</occupation>
               <idno type="URL" subtype="gnd">https://d-nb.info/gnd/118594117</idno>
               <idno type="URL" subtype="schnitzler-tagebuch">https://schnitzler-tagebuch.acdh.oeaw.ac.at/person_21034.html</idno>
               <idno type="URL" subtype="schnitzler-bahr">https://schnitzler-bahr.acdh.oeaw.ac.at/pmb13024.html</idno>
               <idno type="URL" subtype="pmb">https://pmb.acdh.oeaw.ac.at/entity/13024/</idno>
               <idno type="URL" subtype="schnitzler-briefe">https://schnitzler-briefe.acdh.oeaw.ac.at/pmb13024.html</idno>
               <idno type="URL" subtype="legalkraus">https://kraus.wienbibliothek.at/register/personen/pmb13024</idno>
               <idno type="URL" subtype="fackel">https://fackel.oeaw.ac.at/?p=fackelp52212</idno>
               <idno type="URL" subtype="dritte-walpurgisnacht">https://kraus1933.ace.oeaw.ac.at/Gesamt.xml?template=register_personen.html&amp;letter=W#DWpers0247</idno>
               <idno type="URL" subtype="wikidata">http://www.wikidata.org/entity/Q1511</idno>
               <idno type="URL" subtype="wikipedia">https://de.wikipedia.org/wiki/Richard_Wagner</idno>
               <idno type="URL" subtype="schnitzler-interviews">https://schnitzler-interviews.acdh.oeaw.ac.at/pmb13024.html</idno>
               <idno type="URL" subtype="pmb">https://pmb.acdh.oeaw.ac.at/entity/162701/</idno>
               <idno type="URL" subtype="bahr-tsn">https://bahr-textverzeichnis.acdh.oeaw.ac.at/TSN-listperson.html#pmb13024</idno>
               <idno type="URL" subtype="bahr-textverzeichnis">https://bahr-textverzeichnis.acdh.oeaw.ac.at/pmb13024.html</idno>
               <idno type="URL" subtype="hanslick-online">https://hanslick.acdh.oeaw.ac.at/hsl_person_id_319.html</idno>
               <idno type="URL" subtype="auden-musulin-papers">https://amp.acdh.oeaw.ac.at/amp_person_18.html</idno>
               <affiliation notBefore-iso="1889-01-01"
                            when-iso="1889-01-01"
                            notAfter-iso="1889-12-31">
                  <term key="1153">in Bezug zu</term>
                  <orgName key="140860">Richard-Wagner-Verein</orgName>
                  <idno type="URL" subtype="pmb">https://pmb.acdh.oeaw.ac.at/entity/140860/</idno>
                  <idno type="URL" subtype="gnd">http://d-nb.info/gnd/10088364-3</idno>
               </affiliation>
               <listBibl>
                  <bibl type="collections" n="5">legalkraus</bibl>
                  <bibl type="collections" n="10">Karl Kraus 1933: Dritte Walpurgisnacht</bibl>
                  <bibl type="collections" n="12">Fackel</bibl>
                  <bibl type="collections" n="16">Bahr Textverzeichnis</bibl>
               </listBibl>
               <note type="references"> </note>
               <figure>
                  <graphic url="https://commons.wikimedia.org/w/index.php?title=Special:Redirect/file/RichardWagner.jpg"/>
               </figure>
            </person>
            <person xml:id="pmb113780">
               <persName>
                  <forename>Eugen</forename>
                  <surname>Dühring</surname>
               </persName>
               <persName type="legacy-name-merge">Dühring, Eugen</persName>
               <birth>
                  <date when-iso="1833-01-12">1833-01-12</date>
               </birth>
               <death>
                  <date when-iso="1921-09-21">1921-09-21</date>
               </death>
               <sex value="male"/>
               <occupation key="154">Philosoph/Philosophin</occupation>
               <occupation key="1473">Privatdozent/Privatdozentin</occupation>
               <occupation key="1639">Jurist/Juristin</occupation>
               <occupation key="1892">Volkswirt/Volkswirtin</occupation>
               <idno type="URL" subtype="pmb">https://pmb.acdh.oeaw.ac.at/entity/113780/</idno>
               <idno type="URL" subtype="gnd">https://d-nb.info/gnd/118527797</idno>
               <idno type="URL" subtype="fackel">https://fackel.oeaw.ac.at/?p=fackelp42971</idno>
               <idno type="URL" subtype="wikidata">http://www.wikidata.org/entity/Q76583</idno>
               <idno type="URL" subtype="wikipedia">https://de.wikipedia.org/wiki/Eugen_D%C3%BChring</idno>
               <idno type="URL" subtype="pmb">https://pmb.acdh.oeaw.ac.at/entity/159862/</idno>
               <idno type="URL" subtype="bahr-textverzeichnis">https://bahr-textverzeichnis.acdh.oeaw.ac.at/pmb113780.html</idno>
               <idno type="URL" subtype="bahr-tsn">https://bahr-textverzeichnis.acdh.oeaw.ac.at/TSN-listperson.html#pmb113780</idno>
               <listBibl>
                  <bibl type="collections" n="12">Fackel</bibl>
                  <bibl type="collections" n="16">Bahr Textverzeichnis</bibl>
               </listBibl>
               <note type="references">None </note>
            </person>
            <person xml:id="pmb153930">
               <persName>
                  <forename>jüdische FIgur eines Skandals</forename>
                  <surname>Osenheim</surname>
               </persName>
               <sex value="not-set"/>
               <idno type="URL" subtype="pmb">https://pmb.acdh.oeaw.ac.at/entity/153930/</idno>
               <idno type="URL" subtype="bahr-textverzeichnis">https://bahr-textverzeichnis.acdh.oeaw.ac.at/pmb153930.html</idno>
               <listBibl>
                  <bibl type="collections" n="16">Bahr Textverzeichnis</bibl>
               </listBibl>
            </person>
            <person xml:id="pmb153931">
               <persName>
                  <surname>Seneca</surname>
               </persName>
               <birth>
                  <date>um 1</date>
               </birth>
               <death>
                  <date>65</date>
               </death>
               <sex value="not-set"/>
               <idno type="URL" subtype="pmb">https://pmb.acdh.oeaw.ac.at/entity/153931/</idno>
               <idno type="URL" subtype="bahr-textverzeichnis">https://bahr-textverzeichnis.acdh.oeaw.ac.at/pmb153931.html</idno>
               <listBibl>
                  <bibl type="collections" n="16">Bahr Textverzeichnis</bibl>
               </listBibl>
            </person>
            <person xml:id="pmb3124">
               <persName>
                  <surname>Voltaire</surname>
               </persName>
               <persName type="person_geburtsname_vorname">François-Marie</persName>
               <persName type="person_geburtsname_nachname">Arouet</persName>
               <persName type="person_pseudonym">Voltaire</persName>
               <persName type="legacy-name-merge">Voltaire, Francois-Marie</persName>
               <birth>
                  <date when-iso="1694-11-21">21.11.1694</date>
                  <settlement key="182">
                     <placeName type="pref">Paris</placeName>
                     <location>
                        <geo>48,85341 2,3488</geo>
                     </location>
                  </settlement>
               </birth>
               <death>
                  <date when-iso="1778-05-30">30.05.1778</date>
                  <settlement key="182">
                     <placeName type="pref">Paris</placeName>
                     <location>
                        <geo>48,85341 2,3488</geo>
                     </location>
                  </settlement>
               </death>
               <sex value="male"/>
               <occupation key="90">Schriftsteller/Schriftstellerin</occupation>
               <occupation key="154">Philosoph/Philosophin</occupation>
               <idno type="URL" subtype="gnd">https://d-nb.info/gnd/118627813</idno>
               <idno type="URL" subtype="schnitzler-bahr">https://schnitzler-bahr.acdh.oeaw.ac.at/pmb3124.html</idno>
               <idno type="URL" subtype="pmb">https://pmb.acdh.oeaw.ac.at/entity/3124/</idno>
               <idno type="URL" subtype="schnitzler-tagebuch">https://schnitzler-tagebuch.acdh.oeaw.ac.at/person_20987.html</idno>
               <idno type="URL" subtype="schnitzler-briefe">https://schnitzler-briefe.acdh.oeaw.ac.at/pmb3124.html</idno>
               <idno type="URL" subtype="schnitzler-lektueren">https://schnitzler-lektueren.acdh.oeaw.ac.at/pmb3124.html</idno>
               <idno type="URL" subtype="fackel">https://fackel.oeaw.ac.at/?p=fackelp54982</idno>
               <idno type="URL" subtype="wikidata">http://www.wikidata.org/entity/Q9068</idno>
               <idno type="URL" subtype="wikipedia">https://de.wikipedia.org/wiki/Voltaire</idno>
               <idno type="URL" subtype="schnitzler-interviews">https://schnitzler-interviews.acdh.oeaw.ac.at/pmb3124.html</idno>
               <idno type="URL" subtype="bahr-textverzeichnis">https://bahr-textverzeichnis.acdh.oeaw.ac.at/pmb3124.html</idno>
               <idno type="URL" subtype="hanslick-online">https://hanslick.acdh.oeaw.ac.at/hsl_person_id_1391.html</idno>
               <listBibl>
                  <bibl type="collections" n="12">Fackel</bibl>
                  <bibl type="collections" n="16">Bahr Textverzeichnis</bibl>
               </listBibl>
               <figure>
                  <graphic url="https://commons.wikimedia.org/w/index.php?title=Special:Redirect/file/Nicolas%20de%20Largilli%C3%A8re%20-%20Portrait%20de%20Voltaire%20%281694-1778%29%20en%201718%20-%20P208%20-%20Mus%C3%A9e%20Carnavalet%20-%202.jpg"/>
               </figure>
            </person>
         </listPerson>
      </back>
   </text>
</TEI>
