<?xml version="1.0" encoding="UTF-8"?>
<TEI xmlns="http://www.tei-c.org/ns/1.0"
     xmlns:tei="http://www.tei-c.org/ns/1.0"
     xml:id="pmb123083.xml"
     prev="pmb29959"
     next="pmb132729">
   <teiHeader>
      <fileDesc>
         <titleStmt>
            <title level="s">Hermann Bahr – Textverzeichnis</title>
            <title level="a">Theater und Kunst. Burgtheater</title>
            <title type="iso-date">1901-06-23</title>
            <respStmt>
               <resp>providing the content</resp>
               <name>Martin Anton Müller</name>
            </respStmt>
            <respStmt>
               <resp>converted to XML encoding</resp>
               <name>Martin Anton Müller</name>
            </respStmt>
         </titleStmt>
         <publicationStmt>
            <publisher>Austrian Centre for Digital Humanities and Cultural
                                    Heritage (ACDH-CH)</publisher>
            <date>2024-03-19+01:00</date>
            <idno type="URI">https://id.acdh.oeaw.ac.at/bahr-textverzeichnis/pmb123083.xml</idno>
         </publicationStmt>
         <sourceDesc>
            <p>Bibliografische Angaben eines in Druck erschienen Texts von
                                    Bahr</p>
         </sourceDesc>
      </fileDesc>
   </teiHeader>
   <text>
      <body>
         <div type="bibliografische-angabe">
            <biblStruct xml:id="pmb123083"
                        type="Journal-Article"
                        subtype="Nachtkritik"
                        status="checked"
                        prev="pmb29959"
                        next="pmb132729">
               <analytic>
                  <author ref="pmb10815">H. B.</author>
                  <title level="a" ref="pmb123083">Theater und Kunst. Burgtheater</title>
               </analytic>
               <monogr>
                  <title level="j" ref="pmb41552">Österreichische Volks-Zeitung</title>
                  <imprint>
                     <biblScope unit="jg">47</biblScope>
                     <biblScope unit="issue">170</biblScope>
                     <biblScope unit="page">15 (2 Kreuzer–Ausgabe: 17)</biblScope>
                     <date when="1901-06-23">23.6.1901</date>
                  </imprint>
               </monogr>
               <note type="review-of">
                  <bibl>
                     <title level="m">Maria Stuart</title>
                     <author>Friedrich Schiller</author>
                  </bibl>
               </note>
               <note type="incipit">Über Fräulein Rabitow ist auch nach ihrer Maria Stuart nichts
                  Neues mehr zu sagen</note>
               <ref type="personenindex">
                  <listRef>
                     <ptr type="pmb" target="pmb12654"/>
                     <ptr type="pmb" target="pmb2748"/>
                     <ptr type="pmb" target="pmb10959"/>
                     <ptr type="pmb" target="pmb5150"/>
                     <ptr type="pmb" target="pmb11851"/>
                     <ptr type="pmb" target="pmb2743"/>
                  </listRef>
               </ref>
               <noteGrp type="keywords">
                  <note type="Journal-Article">Artikel in einem Periodikum</note>
                  <note subtype="Nachtkritik">Nachtkritik</note>
               </noteGrp>
               <note type="bibliographical-statement">H. B.: Theater und Kunst. Burgtheater. In:
                  Österreichische Volks-Zeitung, Jg. 47, Nr. 170, 23.6.1901, S. 15 (2
                  Kreuzer–Ausgabe: 17).</note>
            </biblStruct>
         </div>
      </body>
      <back>
         <listPerson>
            <person xml:id="pmb12654">
               <persName>
                  <forename>Friedrich von</forename>
                  <surname>Schiller</surname>
               </persName>
               <persName type="legacy-name-merge">Schiller, Friedrich von</persName>
               <birth>
                  <date when-iso="1759-11-10">10.11.1759</date>
                  <settlement key="39585">
                     <placeName type="pref">Marbach am Neckar</placeName>
                     <location>
                        <geo>48,93964 9,25995</geo>
                     </location>
                  </settlement>
               </birth>
               <death>
                  <date when-iso="1805-05-09">09.05.1805</date>
                  <settlement key="197">
                     <placeName type="pref">Weimar</placeName>
                     <location>
                        <geo>50,97361 11,33806</geo>
                     </location>
                  </settlement>
               </death>
               <sex value="male"/>
               <occupation key="90">Schriftsteller/Schriftstellerin</occupation>
               <occupation key="134">Historiker/Historikerin</occupation>
               <occupation key="154">Philosoph/Philosophin</occupation>
               <idno type="URL" subtype="gnd">https://d-nb.info/gnd/118607626</idno>
               <idno type="URL" subtype="schnitzler-tagebuch">https://schnitzler-tagebuch.acdh.oeaw.ac.at/person_19694.html</idno>
               <idno type="URL" subtype="bahr-textverzeichnis">https://bahr-textverzeichnis.acdh.oeaw.ac.at/pmb12654.html</idno>
               <idno type="URL" subtype="schnitzler-bahr">https://schnitzler-bahr.acdh.oeaw.ac.at/pmb12654.html</idno>
               <idno type="URL" subtype="pmb">https://pmb.acdh.oeaw.ac.at/entity/12654/</idno>
               <idno type="URL" subtype="schnitzler-briefe">https://schnitzler-briefe.acdh.oeaw.ac.at/pmb12654.html</idno>
               <idno type="URL" subtype="schnitzler-lektueren">https://schnitzler-lektueren.acdh.oeaw.ac.at/pmb12654.html</idno>
               <idno type="URL" subtype="legalkraus">https://kraus.wienbibliothek.at/register/personen/pmb12654</idno>
               <idno type="URL" subtype="fackel">https://fackel.oeaw.ac.at/?p=fackelp43876</idno>
               <idno type="URL" subtype="dritte-walpurgisnacht">https://kraus1933.ace.oeaw.ac.at/Gesamt.xml?template=register_personen.html&amp;letter=S#DWpers0207</idno>
               <idno type="URL" subtype="wikidata">http://www.wikidata.org/entity/Q22670</idno>
               <idno type="URL" subtype="wikipedia">https://de.wikipedia.org/wiki/Friedrich_Schiller</idno>
               <idno type="URL" subtype="thun-korrespondenz">https://thun-korrespondenz.acdh.oeaw.ac.at/schiller-friedrich.html</idno>
               <idno type="URL" subtype="pmb">https://pmb.acdh.oeaw.ac.at/entity/162088/</idno>
               <idno type="URL" subtype="bahr-tsn">https://bahr-textverzeichnis.acdh.oeaw.ac.at/TSN-listperson.html#pmb12654</idno>
               <idno type="URL" subtype="schnitzler-interviews">https://schnitzler-interviews.acdh.oeaw.ac.at/pmb12654.html</idno>
               <idno type="URL" subtype="hanslick-online">https://hanslick.acdh.oeaw.ac.at/hsl_person_id_248.html</idno>
               <listBibl>
                  <bibl type="collections" n="5">legalkraus</bibl>
                  <bibl type="collections" n="10">Karl Kraus 1933: Dritte Walpurgisnacht</bibl>
                  <bibl type="collections" n="12">Fackel</bibl>
                  <bibl type="collections" n="16">Bahr Textverzeichnis</bibl>
               </listBibl>
               <figure>
                  <graphic url="https://commons.wikimedia.org/w/index.php?title=Special:Redirect/file/Friedrich%20Schiller%20by%20Ludovike%20Simanowiz.jpg"/>
               </figure>
            </person>
            <person xml:id="pmb2748">
               <persName>
                  <forename>Clara</forename>
                  <surname>Heine</surname>
               </persName>
               <persName type="person_geburtsname_nachname">Rabitow</persName>
               <persName type="legacy-name-merge">Rabitow, Clara</persName>
               <birth>
                  <date when-iso="1879-11-28">1879-11-28</date>
                  <settlement key="168">
                     <placeName type="pref">Berlin</placeName>
                     <location>
                        <geo>52,52437 13,41053</geo>
                     </location>
                  </settlement>
               </birth>
               <death>
                  <date when-iso="1946-01-01" notAfter-iso="1946-12-31">1946</date>
               </death>
               <sex value="female"/>
               <occupation key="105">Schauspieler/Schauspielerin</occupation>
               <idno type="URL" subtype="gnd">https://d-nb.info/gnd/116321296</idno>
               <idno type="URL" subtype="schnitzler-tagebuch">https://schnitzler-tagebuch.acdh.oeaw.ac.at/person_19019.html</idno>
               <idno type="URL" subtype="schnitzler-bahr">https://schnitzler-bahr.acdh.oeaw.ac.at/pmb2748.html</idno>
               <idno type="URL" subtype="pmb">https://pmb.acdh.oeaw.ac.at/entity/2748/</idno>
               <idno type="URL" subtype="pmb">https://pmb.acdh.oeaw.ac.at/entity/22983/</idno>
               <idno type="URL" subtype="wikidata">http://www.wikidata.org/entity/Q94738514</idno>
               <idno type="URL" subtype="bahr-textverzeichnis">https://bahr-textverzeichnis.acdh.oeaw.ac.at/pmb2748.html</idno>
               <listBibl>
                  <bibl type="collections" n="14">Kein deutscher Wikipedia-Eintrag
                        gefunden</bibl>
                  <bibl type="collections" n="22">No german Wikipedia-Site found</bibl>
               </listBibl>
            </person>
            <person xml:id="pmb10959">
               <persName>
                  <forename>Hedwig</forename>
                  <surname>Bleibtreu</surname>
               </persName>
               <persName type="person_ehename_nachname">Römpler</persName>
               <persName type="person_ehename_nachname">Paulsen</persName>
               <persName type="legacy-name-merge">Bleibtreu, Hedwig</persName>
               <birth>
                  <date when-iso="1868-12-23">23.12.1868</date>
                  <settlement key="332">
                     <placeName type="pref">Linz</placeName>
                     <location>
                        <geo>48,3 14,28333</geo>
                     </location>
                  </settlement>
               </birth>
               <death>
                  <date when-iso="1958-01-24">24.01.1958</date>
                  <settlement key="50">
                     <placeName type="pref">Wien</placeName>
                     <location>
                        <geo>48,2066 16,37341</geo>
                     </location>
                  </settlement>
               </death>
               <sex value="female"/>
               <occupation key="105">Schauspieler/Schauspielerin</occupation>
               <idno type="URL" subtype="gnd">https://d-nb.info/gnd/116201304</idno>
               <idno type="URL" subtype="schnitzler-bahr">https://schnitzler-bahr.acdh.oeaw.ac.at/pmb10959.html</idno>
               <idno type="URL" subtype="pmb">https://pmb.acdh.oeaw.ac.at/entity/10959/</idno>
               <idno type="URL" subtype="schnitzler-briefe">https://schnitzler-briefe.acdh.oeaw.ac.at/pmb10959.html</idno>
               <idno type="URL" subtype="fackel">https://fackel.oeaw.ac.at/?p=fackelp39304</idno>
               <idno type="URL" subtype="wikidata">http://www.wikidata.org/entity/Q94505</idno>
               <idno type="URL" subtype="wikipedia">https://de.wikipedia.org/wiki/Hedwig_Bleibtreu</idno>
               <idno type="URL" subtype="schnitzler-kino">https://schnitzler-kino.acdh.oeaw.ac.at/pmb10959.html</idno>
               <idno type="URL" subtype="schnitzler-interviews">https://schnitzler-interviews.acdh.oeaw.ac.at/pmb10959.html</idno>
               <idno type="URL" subtype="pmb">https://pmb.acdh.oeaw.ac.at/entity/159418/</idno>
               <idno type="URL" subtype="schnitzler-tagebuch">https://schnitzler-tagebuch.acdh.oeaw.ac.at/person_13776.html</idno>
               <idno type="URL" subtype="bahr-tsn">https://bahr-textverzeichnis.acdh.oeaw.ac.at/TSN-listperson.html#pmb10959</idno>
               <idno type="URL" subtype="bahr-textverzeichnis">https://bahr-textverzeichnis.acdh.oeaw.ac.at/pmb10959.html</idno>
               <affiliation notBefore-iso="1893-01-01"
                            when-iso="1893-01-01"
                            notAfter-iso="1893-12-31">
                  <term key="1182">arbeitet für</term>
                  <orgName key="36246">Kaiserlich-Königliches Hof-Burgtheater</orgName>
                  <idno type="URL" subtype="gnd">https://d-nb.info/gnd/122950-3</idno>
                  <idno type="URL" subtype="pmb">https://pmb.acdh.oeaw.ac.at/entity/36246/</idno>
                  <idno type="URL" subtype="schnitzler-briefe">https://schnitzler-briefe.acdh.oeaw.ac.at/pmb36246.html</idno>
               </affiliation>
               <listEvent>
                  <event key="35385" when-iso="1898-11-30">
                     <desc n="1256">ist Arbeitskraft bei</desc>
                     <label>Premiere von Das Vermächtnis, 30.11.1898</label>
                     <idno type="URL" subtype="pmb">https://pmb.acdh.oeaw.ac.at/entity/35385/</idno>
                  </event>
                  <event key="35479" when-iso="1899-03-01">
                     <desc n="1256">ist Arbeitskraft bei</desc>
                     <label>Uraufführung von Der grüne Kakadu – Paracelsus – Die Gefährtin. Drei
                           Einakter, 1.3.1899</label>
                     <idno type="URL" subtype="pmb">https://pmb.acdh.oeaw.ac.at/entity/35479/</idno>
                  </event>
                  <event key="141446" when-iso="1899-12-01">
                     <desc n="1256">ist Arbeitskraft bei</desc>
                     <label>Aufführung Prinz Friedrich von Homburg, 1.12.1899</label>
                     <idno type="URL" subtype="pmb">https://pmb.acdh.oeaw.ac.at/entity/141446/</idno>
                  </event>
                  <event key="63372" when-iso="1904-02-11">
                     <desc n="1256">ist Arbeitskraft bei</desc>
                     <label>Premiere von Rose Bernd, 11.2.1904</label>
                     <idno type="URL" subtype="pmb">https://pmb.acdh.oeaw.ac.at/entity/63372/</idno>
                  </event>
                  <event key="53022" when-iso="1908-11-18">
                     <desc n="1256">ist Arbeitskraft bei</desc>
                     <label>Generalprobe von Tantris, 18.11.1908</label>
                     <idno type="URL" subtype="pmb">https://pmb.acdh.oeaw.ac.at/entity/53022/</idno>
                  </event>
                  <event key="46933" when-iso="1910-09-15">
                     <desc n="1256">ist Arbeitskraft bei</desc>
                     <label>Premiere von Die Tochter der Semiramis, Liebelei, 15.9.1910</label>
                     <idno type="URL" subtype="pmb">https://pmb.acdh.oeaw.ac.at/entity/46933/</idno>
                  </event>
                  <event key="35251" when-iso="1910-11-24">
                     <desc n="1256">ist Arbeitskraft bei</desc>
                     <label>Uraufführung von Der junge Medardus, 24.11.1910</label>
                     <idno type="URL" subtype="pmb">https://pmb.acdh.oeaw.ac.at/entity/35251/</idno>
                  </event>
                  <event key="88534" when-iso="1911-10-14">
                     <desc n="1256">ist Arbeitskraft bei</desc>
                     <label>Premiere von Das weite Land, 14.10.1911 [I.]</label>
                     <idno type="URL" subtype="pmb">https://pmb.acdh.oeaw.ac.at/entity/35364/</idno>
                     <idno type="URL" subtype="pmb">https://pmb.acdh.oeaw.ac.at/entity/88534/</idno>
                  </event>
                  <event key="59607" when-iso="1914-02-19">
                     <desc n="1256">ist Arbeitskraft bei</desc>
                     <label>Premiere von Der einsame Weg, 19.2.1914</label>
                     <idno type="URL" subtype="pmb">https://pmb.acdh.oeaw.ac.at/entity/59607/</idno>
                  </event>
               </listEvent>
               <listBibl>
                  <bibl type="collections" n="12">Fackel</bibl>
                  <bibl type="collections" n="16">Bahr Textverzeichnis</bibl>
               </listBibl>
               <figure>
                  <graphic url="https://commons.wikimedia.org/w/index.php?title=Special:Redirect/file/Hedwig%20Bleibtreu-Roempler%2C%20c.%201905.jpg"/>
               </figure>
            </person>
            <person xml:id="pmb5150">
               <persName>
                  <forename>Eduard</forename>
                  <surname>Devrient</surname>
               </persName>
               <persName type="legacy-name-merge">Devrient, Eduard</persName>
               <birth>
                  <date when-iso="1801-08-11">11.08.1801</date>
                  <settlement key="168">
                     <placeName type="pref">Berlin</placeName>
                     <location>
                        <geo>52,52437 13,41053</geo>
                     </location>
                  </settlement>
               </birth>
               <death>
                  <date when-iso="1877-10-04">04.10.1877</date>
                  <settlement key="871">
                     <placeName type="pref">Karlsruhe</placeName>
                     <location>
                        <geo>49,00937 8,40444</geo>
                     </location>
                  </settlement>
               </death>
               <sex value="male"/>
               <occupation key="103">Theaterleiter/Theaterleiterin</occupation>
               <occupation key="105">Schauspieler/Schauspielerin</occupation>
               <idno type="URL" subtype="gnd">https://d-nb.info/gnd/118525042</idno>
               <idno type="URL" subtype="pmb">https://pmb.acdh.oeaw.ac.at/entity/5150/</idno>
               <idno type="URL" subtype="wikidata">http://www.wikidata.org/entity/Q67901</idno>
               <idno type="URL" subtype="wikipedia">https://de.wikipedia.org/wiki/Eduard_Devrient</idno>
               <idno type="URL" subtype="bahr-textverzeichnis">https://bahr-textverzeichnis.acdh.oeaw.ac.at/pmb5150.html</idno>
               <idno type="URL" subtype="pmb">https://pmb.acdh.oeaw.ac.at/entity/159773/</idno>
               <idno type="URL" subtype="bahr-tsn">https://bahr-textverzeichnis.acdh.oeaw.ac.at/TSN-listperson.html#pmb5150</idno>
               <idno type="URL" subtype="schnitzler-interviews">https://schnitzler-interviews.acdh.oeaw.ac.at/pmb5150.html</idno>
               <idno type="URL" subtype="hanslick-online">https://hanslick.acdh.oeaw.ac.at/hsl_person_id_58.html</idno>
               <listEvent>
                  <event key="141446" when-iso="1899-12-01">
                     <desc n="1256">ist Arbeitskraft bei</desc>
                     <label>Aufführung Prinz Friedrich von Homburg, 1.12.1899</label>
                     <idno type="URL" subtype="pmb">https://pmb.acdh.oeaw.ac.at/entity/141446/</idno>
                  </event>
               </listEvent>
               <listBibl>
                  <bibl type="collections" n="16">Bahr Textverzeichnis</bibl>
               </listBibl>
               <note type="references">None </note>
               <figure>
                  <graphic url="https://commons.wikimedia.org/w/index.php?title=Special:Redirect/file/Eduard%20Devrient.jpg"/>
               </figure>
            </person>
            <person xml:id="pmb11851">
               <persName>
                  <forename>Josef</forename>
                  <surname>Kainz</surname>
               </persName>
               <persName type="legacy-name-merge">Kainz, Josef</persName>
               <birth>
                  <date when-iso="1858-01-02">02.01.1858</date>
                  <settlement key="43475">
                     <placeName type="pref">Mosonmagyaróvár</placeName>
                     <location>
                        <geo>47,86789 17,26994</geo>
                     </location>
                  </settlement>
               </birth>
               <death>
                  <date when-iso="1910-09-20">20.09.1910</date>
                  <settlement key="50">
                     <placeName type="pref">Wien</placeName>
                     <location>
                        <geo>48,2066 16,37341</geo>
                     </location>
                  </settlement>
               </death>
               <sex value="male"/>
               <occupation key="105">Schauspieler/Schauspielerin</occupation>
               <idno type="URL" subtype="gnd">https://d-nb.info/gnd/118559389</idno>
               <idno type="URL" subtype="schnitzler-tagebuch">https://schnitzler-tagebuch.acdh.oeaw.ac.at/person_16646.html</idno>
               <idno type="URL" subtype="schnitzler-bahr">https://schnitzler-bahr.acdh.oeaw.ac.at/pmb11851.html</idno>
               <idno type="URL" subtype="pmb">https://pmb.acdh.oeaw.ac.at/entity/11851/</idno>
               <idno type="URL" subtype="schnitzler-briefe">https://schnitzler-briefe.acdh.oeaw.ac.at/pmb11851.html</idno>
               <idno type="URL" subtype="bahr-textverzeichnis">https://bahr-textverzeichnis.acdh.oeaw.ac.at/pmb11851.html</idno>
               <idno type="URL" subtype="fackel">https://fackel.oeaw.ac.at/?p=fackelp47103</idno>
               <idno type="URL" subtype="oebl">https://doi.org/10.1553/0x002820f2</idno>
               <idno type="URL" subtype="wikidata">http://www.wikidata.org/entity/Q697592</idno>
               <idno type="URL" subtype="wikipedia">https://de.wikipedia.org/wiki/Josef_Kainz</idno>
               <idno type="URL" subtype="schnitzler-kino">https://schnitzler-kino.acdh.oeaw.ac.at/pmb11851.html</idno>
               <idno type="URL" subtype="pmb">https://pmb.acdh.oeaw.ac.at/entity/160718/</idno>
               <idno type="URL" subtype="bahr-tsn">https://bahr-textverzeichnis.acdh.oeaw.ac.at/TSN-listperson.html#pmb11851</idno>
               <idno type="URL" subtype="schnitzler-interviews">https://schnitzler-interviews.acdh.oeaw.ac.at/pmb11851.html</idno>
               <listEvent>
                  <event key="35482" when-iso="1899-04-29">
                     <desc n="1256">ist Arbeitskraft bei</desc>
                     <label>Premiere von Der grüne Kakadu – Paracelsus – Die Gefährtin. Drei
                           Einakter, 29.4.1899</label>
                     <idno type="URL" subtype="pmb">https://pmb.acdh.oeaw.ac.at/entity/35482/</idno>
                  </event>
                  <event key="141446" when-iso="1899-12-01">
                     <desc n="1256">ist Arbeitskraft bei</desc>
                     <label>Aufführung Prinz Friedrich von Homburg, 1.12.1899</label>
                     <idno type="URL" subtype="pmb">https://pmb.acdh.oeaw.ac.at/entity/141446/</idno>
                  </event>
                  <event key="141417" when-iso="1899-12-17">
                     <desc n="1256">ist Arbeitskraft bei</desc>
                     <label>Aufführung von Der Verschwender, 17.12.1899</label>
                     <idno type="URL" subtype="pmb">https://pmb.acdh.oeaw.ac.at/entity/141417/</idno>
                  </event>
                  <event key="43208" when-iso="1899-12-19">
                     <desc n="1256">ist Arbeitskraft bei</desc>
                     <label>Aufführung von Esther, Gefährtin, Paracelsus, 19.12.1899</label>
                     <idno type="URL" subtype="pmb">https://pmb.acdh.oeaw.ac.at/entity/43208/</idno>
                  </event>
                  <event key="35173" when-iso="1905-10-12">
                     <desc n="1256">ist Arbeitskraft bei</desc>
                     <label>Uraufführung von Zwischenspiel, 12.10.1905</label>
                     <idno type="URL" subtype="pmb">https://pmb.acdh.oeaw.ac.at/entity/35173/</idno>
                  </event>
                  <event key="59624" when-iso="1906-05-15">
                     <desc n="1370">teilgenommen an</desc>
                     <label>Aufführung von Der einsame Weg, 15.5.1906</label>
                     <idno type="URL" subtype="pmb">https://pmb.acdh.oeaw.ac.at/entity/59624/</idno>
                  </event>
                  <event key="53022" when-iso="1908-11-18">
                     <desc n="1256">ist Arbeitskraft bei</desc>
                     <label>Generalprobe von Tantris, 18.11.1908</label>
                     <idno type="URL" subtype="pmb">https://pmb.acdh.oeaw.ac.at/entity/53022/</idno>
                  </event>
                  <event key="47592" when-iso="1908-11-29">
                     <desc n="1256">ist Arbeitskraft bei</desc>
                     <label>Heine-Feier des Vereins für Kunst und Kultur, 29.11.1908</label>
                     <idno type="URL" subtype="pmb">https://pmb.acdh.oeaw.ac.at/entity/47592/</idno>
                  </event>
               </listEvent>
               <listBibl>
                  <bibl type="collections" n="11">ÖBL nach 1850 geboren</bibl>
                  <bibl type="collections" n="12">Fackel</bibl>
                  <bibl type="collections" n="16">Bahr Textverzeichnis</bibl>
               </listBibl>
               <figure>
                  <graphic url="https://commons.wikimedia.org/w/index.php?title=Special:Redirect/file/Josef%20Kainz%20by%20Erwin%20Raupp.jpg"/>
               </figure>
            </person>
            <person xml:id="pmb2743">
               <persName>
                  <forename>Albert</forename>
                  <surname>Heine</surname>
               </persName>
               <persName type="legacy-name-merge">Heine, Albert</persName>
               <persName type="legacy-name-merge">Heine, Albert</persName>
               <birth>
                  <date when-iso="1867-11-16">16.11.1867</date>
                  <settlement key="35572">
                     <placeName type="pref">Braunschweig</placeName>
                     <location>
                        <geo>52,26594 10,52673</geo>
                     </location>
                  </settlement>
               </birth>
               <death>
                  <date when-iso="1949-04-13">13.4.1949</date>
                  <settlement key="47646">
                     <placeName type="pref">Westerland</placeName>
                     <location>
                        <geo>54,9079 8,30326</geo>
                     </location>
                  </settlement>
               </death>
               <sex value="male"/>
               <occupation key="103">Theaterleiter/Theaterleiterin</occupation>
               <occupation key="105">Schauspieler/Schauspielerin</occupation>
               <idno type="URL" subtype="gnd">https://d-nb.info/gnd/116659068</idno>
               <idno type="URL" subtype="schnitzler-bahr">https://schnitzler-bahr.acdh.oeaw.ac.at/pmb2743.html</idno>
               <idno type="URL" subtype="pmb">https://pmb.acdh.oeaw.ac.at/entity/2743/</idno>
               <idno type="URL" subtype="schnitzler-tagebuch">https://schnitzler-tagebuch.acdh.oeaw.ac.at/person_16046.html</idno>
               <idno type="URL" subtype="schnitzler-briefe">https://schnitzler-briefe.acdh.oeaw.ac.at/pmb2743.html</idno>
               <idno type="URL" subtype="fackel">https://fackel.oeaw.ac.at/?p=fackelp37919</idno>
               <idno type="URL" subtype="oebl">https://doi.org/10.1553/0x00281d1c</idno>
               <idno type="URL" subtype="wikidata">http://www.wikidata.org/entity/Q107583</idno>
               <idno type="URL" subtype="wikipedia">https://de.wikipedia.org/wiki/Albert_Heine</idno>
               <idno type="URL" subtype="schnitzler-kino">https://schnitzler-kino.acdh.oeaw.ac.at/pmb2743.html</idno>
               <idno type="URL" subtype="bahr-textverzeichnis">https://bahr-textverzeichnis.acdh.oeaw.ac.at/pmb2743.html</idno>
               <idno type="URL" subtype="pmb">https://pmb.acdh.oeaw.ac.at/entity/160445/</idno>
               <idno type="URL" subtype="bahr-tsn">https://bahr-textverzeichnis.acdh.oeaw.ac.at/TSN-listperson.html#pmb2743</idno>
               <affiliation>
                  <term key="1182">arbeitet für</term>
                  <orgName key="36247">Burgtheater</orgName>
                  <idno type="URL" subtype="gnd">https://d-nb.info/gnd/38633-9</idno>
                  <idno type="URL" subtype="pmb">https://pmb.acdh.oeaw.ac.at/entity/36247/</idno>
                  <idno type="URL" subtype="schnitzler-briefe">https://schnitzler-briefe.acdh.oeaw.ac.at/pmb36247.html</idno>
                  <idno type="URL" subtype="legalkraus">https://kraus.wienbibliothek.at/register/institutionen/pmb36247</idno>
                  <idno type="URL" subtype="wikidata">http://www.wikidata.org/entity/Q308720</idno>
                  <idno type="URL" subtype="wikipedia">https://de.wikipedia.org/wiki/Burgtheater</idno>
                  <idno type="URL" subtype="schnitzler-interviews">https://schnitzler-interviews.acdh.oeaw.ac.at/pmb36247.html</idno>
               </affiliation>
               <listEvent>
                  <event key="35113" when-iso="1904-12-12">
                     <desc n="1256">ist Arbeitskraft bei</desc>
                     <label>Premiere von Literatur, Die letzten Masken, Der Puppenspieler,
                           12.12.1904</label>
                     <idno type="URL" subtype="pmb">https://pmb.acdh.oeaw.ac.at/entity/35113/</idno>
                  </event>
                  <event key="42714" when-iso="1905-05-29">
                     <desc n="1256">ist Arbeitskraft bei</desc>
                     <label>Geschlossene Aufführung Die Büchse der Pandora, 29.5.1905</label>
                     <idno type="URL" subtype="pmb">https://pmb.acdh.oeaw.ac.at/entity/42714/</idno>
                  </event>
                  <event key="47603" when-iso="1908-09-12">
                     <desc n="1256">ist Arbeitskraft bei</desc>
                     <label>Aufführung von Faust, 12.9.1908</label>
                     <idno type="URL" subtype="pmb">https://pmb.acdh.oeaw.ac.at/entity/47603/</idno>
                  </event>
                  <event key="43911" when-iso="1910-10-22">
                     <desc n="1256">ist Arbeitskraft bei</desc>
                     <label>Generalprobe zur Trauerfeier für Josef Kainz, 22.10.1910</label>
                     <idno type="URL" subtype="pmb">https://pmb.acdh.oeaw.ac.at/entity/43911/</idno>
                  </event>
                  <event key="39987" when-iso="1910-10-23">
                     <desc n="1256">ist Arbeitskraft bei</desc>
                     <label>Trauerfeier für Josef Kainz am 23.10.1910</label>
                     <idno type="URL" subtype="pmb">https://pmb.acdh.oeaw.ac.at/entity/39987/</idno>
                  </event>
                  <event key="88534" when-iso="1911-10-14">
                     <desc n="1256">ist Arbeitskraft bei</desc>
                     <label>Premiere von Das weite Land, 14.10.1911 [I.]</label>
                     <idno type="URL" subtype="pmb">https://pmb.acdh.oeaw.ac.at/entity/35364/</idno>
                     <idno type="URL" subtype="pmb">https://pmb.acdh.oeaw.ac.at/entity/88534/</idno>
                  </event>
                  <event key="35424" when-iso="1920-03-26">
                     <desc n="1256">ist Arbeitskraft bei</desc>
                     <label>Uraufführung von Die Schwestern oder Casanova in Spa,
                           26.3.1920</label>
                     <idno type="URL" subtype="pmb">https://pmb.acdh.oeaw.ac.at/entity/35424/</idno>
                  </event>
                  <event key="143957" when-iso="1925-05-23">
                     <desc n="1256">ist Arbeitskraft bei</desc>
                     <label>Premiere von Der Schleier der Beatrice, 23.5.1925</label>
                     <idno type="URL" subtype="pmb">https://pmb.acdh.oeaw.ac.at/entity/143957/</idno>
                  </event>
                  <event key="35418" when-iso="1931-02-14">
                     <desc n="1256">ist Arbeitskraft bei</desc>
                     <label>Uraufführung von Der Gang zum Weiher, 14.2.1931</label>
                     <idno type="URL" subtype="pmb">https://pmb.acdh.oeaw.ac.at/entity/35418/</idno>
                  </event>
               </listEvent>
               <listBibl>
                  <bibl type="collections" n="11">ÖBL nach 1850 geboren</bibl>
                  <bibl type="collections" n="12">Fackel</bibl>
                  <bibl type="collections" n="16">Bahr Textverzeichnis</bibl>
               </listBibl>
               <figure>
                  <graphic url="https://commons.wikimedia.org/w/index.php?title=Special:Redirect/file/Albert%20Heine%201918%20Franz%20X.%20Setzer%20%28cropped%29.png"/>
               </figure>
            </person>
         </listPerson>
      </back>
   </text>
</TEI>
