<?xml version="1.0" encoding="UTF-8"?>
<TEI xmlns="http://www.tei-c.org/ns/1.0"
     xmlns:tei="http://www.tei-c.org/ns/1.0"
     xml:id="pmb122391.xml"
     prev="pmb124339"
     next="pmb124335">
   <teiHeader>
      <fileDesc>
         <titleStmt>
            <title level="s">Hermann Bahr – Textverzeichnis</title>
            <title level="a">Wien und die Wiener</title>
            <title type="iso-date">1930-04-27</title>
            <respStmt>
               <resp>providing the content</resp>
               <name>Martin Anton Müller</name>
            </respStmt>
            <respStmt>
               <resp>converted to XML encoding</resp>
               <name>Martin Anton Müller</name>
            </respStmt>
         </titleStmt>
         <publicationStmt>
            <publisher>Austrian Centre for Digital Humanities and Cultural
                                    Heritage (ACDH-CH)</publisher>
            <date>2024-03-19+01:00</date>
            <idno type="URI">https://id.acdh.oeaw.ac.at/bahr-textverzeichnis/pmb122391.xml</idno>
         </publicationStmt>
         <sourceDesc>
            <p>Bibliografische Angaben eines in Druck erschienen Texts von
                                    Bahr</p>
         </sourceDesc>
      </fileDesc>
   </teiHeader>
   <text>
      <body>
         <div type="bibliografische-angabe">
            <biblStruct xml:id="pmb122391"
                        type="Journal-Article"
                        subtype="Zitat"
                        status="checked"
                        prev="pmb124339"
                        next="pmb124335">
               <analytic>
                  <author ref="pmb42949">Paracelsus, Theophrastus</author>
                  <author ref="pmb43742">Forster, Georg</author>
                  <author ref="pmb11518">Grillparzer, Franz</author>
                  <author ref="pmb10815">Bahr, Hermann</author>
                  <author ref="pmb2229">Handl, Willi</author>
                  <author ref="pmb19980">Kürnberger, Ferdinand</author>
                  <author ref="pmb11740">Hofmannsthal, Hugo von</author>
                  <author ref="pmb11816">Jannings, Emil</author>
                  <author ref="pmb12654">Schiller, Friedrich</author>
                  <author ref="pmb21736">Müller, Robert</author>
                  <author ref="pmb11988">Kraus, Karl</author>
                  <author ref="pmb2404">Hebbel, Friedrich</author>
                  <author ref="pmb10293">Uhland, Ludwig</author>
                  <title level="a" ref="pmb122391">Wien und die Wiener</title>
               </analytic>
               <monogr>
                  <title level="j" ref="pmb36344">Frankfurter Zeitung</title>
                  <imprint>
                     <biblScope unit="jg">73</biblScope>
                     <biblScope unit="issue">311, Reiseblatt</biblScope>
                     <biblScope unit="page">8</biblScope>
                     <date when="1930-04-27">27.4.1930</date>
                  </imprint>
               </monogr>
               <note>
                  <p>Sammlung von Äußerungen über Wien. Mit drei Zeichnungen.</p>
               </note>
               <note type="incipit">Man kann nie sicher sein, wie der Wiener in irgend einem Falle
                  handeln wird.</note>
               <ref type="URL">https://bahr.univie.ac.at/sites/all/txt/frankfurter-zeitung/1930-4-27_wien.pdf</ref>
               <noteGrp type="keywords">
                  <note type="Journal-Article">Artikel in einem Periodikum</note>
                  <note subtype="Zitat">Zitat</note>
               </noteGrp>
               <note type="bibliographical-statement">Theophrastus Paracelsus, Georg Forster, Franz
                  Grillparzer, Hermann Bahr, Willi Handl, Ferdinand Kürnberger, Hugo von
                  Hofmannsthal, Emil Jannings, Friedrich Schiller, Robert Müller, Karl Kraus,
                  Friedrich Hebbel, Ludwig Uhland: Wien und die Wiener. In: Frankfurter Zeitung,
                  Jg. 73, Nr. 311, Reiseblatt, 27.4.1930, S. 8.</note>
            </biblStruct>
         </div>
      </body>
      <back/>
   </text>
</TEI>
