<?xml version="1.0" encoding="UTF-8"?>
<TEI xmlns="http://www.tei-c.org/ns/1.0"
     xmlns:tei="http://www.tei-c.org/ns/1.0"
     xml:id="pmb123047.xml"
     prev="pmb123065"
     next="pmb132737">
   <teiHeader>
      <fileDesc>
         <titleStmt>
            <title level="s">Hermann Bahr – Textverzeichnis</title>
            <title level="a">Theater, Kunst und Literatur. Theater in der
                     Josephstadt</title>
            <title type="iso-date">1901-02-08</title>
            <respStmt>
               <resp>providing the content</resp>
               <name>Martin Anton Müller</name>
            </respStmt>
            <respStmt>
               <resp>converted to XML encoding</resp>
               <name>Martin Anton Müller</name>
            </respStmt>
         </titleStmt>
         <publicationStmt>
            <publisher>Austrian Centre for Digital Humanities and Cultural
                                    Heritage (ACDH-CH)</publisher>
            <date>2024-03-19+01:00</date>
            <idno type="URI">https://id.acdh.oeaw.ac.at/bahr-textverzeichnis/pmb123047.xml</idno>
         </publicationStmt>
         <sourceDesc>
            <p>Bibliografische Angaben eines in Druck erschienen Texts von
                                    Bahr</p>
         </sourceDesc>
      </fileDesc>
   </teiHeader>
   <text>
      <body>
         <div type="bibliografische-angabe">
            <biblStruct xml:id="pmb123047"
                        type="Journal-Article"
                        subtype="Nachtkritik"
                        status="checked"
                        prev="pmb123065"
                        next="pmb132737">
               <analytic>
                  <author ref="pmb10815">H. B.</author>
                  <title level="a" ref="pmb123047">Theater, Kunst und Literatur. Theater in der
                     Josephstadt</title>
               </analytic>
               <monogr>
                  <title level="j" ref="pmb41321">Neues Wiener Tagblatt</title>
                  <imprint>
                     <biblScope unit="jg">35</biblScope>
                     <biblScope unit="issue">38</biblScope>
                     <biblScope unit="page">8</biblScope>
                     <date when="1901-02-08">8.2.1901</date>
                  </imprint>
               </monogr>
               <note type="review-of">
                  <bibl>
                     <title level="m">Monsieur chasse (Die Trüffel-Pastete)</title>
                     <author>Georges Feydeau</author>
                  </bibl>
               </note>
               <note type="incipit">»Die Trüffel-Pastete«, von Georges Feydeau, heißt im Original
                  »Monsieur chasse« und ist im Pariser Palais Royal 1892 mit einem ganz unsinnigen
                  Erfolge gegeben worden.</note>
               <ref type="personenindex">
                  <listRef>
                     <ptr type="pmb" target="pmb2931"/>
                     <ptr type="pmb" target="pmb12179"/>
                     <ptr type="pmb" target="pmb115115"/>
                     <ptr type="pmb" target="pmb22666"/>
                     <ptr type="pmb" target="pmb154194"/>
                  </listRef>
               </ref>
               <ref type="URL">https://anno.onb.ac.at/cgi-content/anno?aid=nwg&amp;datum=19010208&amp;seite=8</ref>
               <noteGrp type="keywords">
                  <note type="Journal-Article">Artikel in einem Periodikum</note>
                  <note subtype="Nachtkritik">Nachtkritik</note>
               </noteGrp>
               <note type="bibliographical-statement">H. B.: Theater, Kunst und Literatur. Theater
                  in der Josephstadt. In: Neues Wiener Tagblatt, Jg. 35, Nr. 38, 8.2.1901,
                  S. 8.</note>
            </biblStruct>
         </div>
      </body>
      <back>
         <listPerson>
            <person xml:id="pmb2931">
               <persName>
                  <forename>Georges</forename>
                  <surname>Feydeau</surname>
               </persName>
               <persName type="legacy-name-merge">Feydeau, Georges Léon</persName>
               <birth>
                  <date when-iso="1862-12-08">08.12.1862</date>
                  <settlement key="182">
                     <placeName type="pref">Paris</placeName>
                     <location>
                        <geo>48,85341 2,3488</geo>
                     </location>
                  </settlement>
               </birth>
               <death>
                  <date when-iso="1921-06-05">05.06.1921</date>
                  <settlement key="54909">
                     <placeName type="pref">Rueil-Malmaison</placeName>
                     <location>
                        <geo>48,8765 2,18967</geo>
                     </location>
                  </settlement>
               </death>
               <sex value="male"/>
               <occupation key="90">Schriftsteller/Schriftstellerin</occupation>
               <idno type="URL" subtype="gnd">https://d-nb.info/gnd/118988093</idno>
               <idno type="URL" subtype="schnitzler-tagebuch">https://schnitzler-tagebuch.acdh.oeaw.ac.at/person_14972.html</idno>
               <idno type="URL" subtype="schnitzler-bahr">https://schnitzler-bahr.acdh.oeaw.ac.at/pmb2931.html</idno>
               <idno type="URL" subtype="pmb">https://pmb.acdh.oeaw.ac.at/entity/2931/</idno>
               <idno type="URL" subtype="schnitzler-briefe">https://schnitzler-briefe.acdh.oeaw.ac.at/pmb2931.html</idno>
               <idno type="URL" subtype="fackel">https://fackel.oeaw.ac.at/?p=fackelp44329</idno>
               <idno type="URL" subtype="wikidata">http://www.wikidata.org/entity/Q49465</idno>
               <idno type="URL" subtype="wikipedia">https://de.wikipedia.org/wiki/Georges_Feydeau</idno>
               <idno type="URL" subtype="bahr-textverzeichnis">https://bahr-textverzeichnis.acdh.oeaw.ac.at/pmb2931.html</idno>
               <idno type="URL" subtype="pmb">https://pmb.acdh.oeaw.ac.at/entity/160017/</idno>
               <idno type="URL" subtype="bahr-tsn">https://bahr-textverzeichnis.acdh.oeaw.ac.at/TSN-listperson.html#pmb2931</idno>
               <listBibl>
                  <bibl type="collections" n="12">Fackel</bibl>
                  <bibl type="collections" n="16">Bahr Textverzeichnis</bibl>
               </listBibl>
               <note type="references">None </note>
               <figure>
                  <graphic url="https://commons.wikimedia.org/w/index.php?title=Special:Redirect/file/G%20Feydeau%20Carolus-Duran%20Lille%202918.jpg"/>
               </figure>
            </person>
            <person xml:id="pmb12179">
               <persName>
                  <forename>Gustav</forename>
                  <surname>Maran</surname>
               </persName>
               <persName type="namensvariante">Dolezal</persName>
               <persName type="legacy-name-merge">Maran, Gustav</persName>
               <birth>
                  <date when-iso="1854-01-08">08.01.1854</date>
                  <settlement key="50">
                     <placeName type="pref">Wien</placeName>
                     <location>
                        <geo>48,2066 16,37341</geo>
                     </location>
                  </settlement>
               </birth>
               <death>
                  <date when-iso="1917-05-18">18.05.1917</date>
                  <settlement key="19055">
                     <placeName type="pref">Sulz im Wienerwald</placeName>
                     <location>
                        <geo>48,1008317 16,1374028</geo>
                     </location>
                  </settlement>
               </death>
               <sex value="male"/>
               <occupation key="105">Schauspieler/Schauspielerin</occupation>
               <idno type="URL" subtype="gnd">https://d-nb.info/gnd/130141283</idno>
               <idno type="URL" subtype="schnitzler-tagebuch">https://schnitzler-tagebuch.acdh.oeaw.ac.at/person_17849.html</idno>
               <idno type="URL" subtype="schnitzler-bahr">https://schnitzler-bahr.acdh.oeaw.ac.at/pmb12179.html</idno>
               <idno type="URL" subtype="pmb">https://pmb.acdh.oeaw.ac.at/entity/12179/</idno>
               <idno type="URL" subtype="fackel">https://fackel.oeaw.ac.at/?p=fackelp49591</idno>
               <idno type="URL" subtype="wikidata">http://www.wikidata.org/entity/Q1556180</idno>
               <idno type="URL" subtype="wikipedia">https://de.wikipedia.org/wiki/Gustav_Maran</idno>
               <idno type="URL" subtype="bahr-textverzeichnis">https://bahr-textverzeichnis.acdh.oeaw.ac.at/pmb12179.html</idno>
               <idno type="URL" subtype="pmb">https://pmb.acdh.oeaw.ac.at/entity/161182/</idno>
               <idno type="URL" subtype="bahr-tsn">https://bahr-textverzeichnis.acdh.oeaw.ac.at/TSN-listperson.html#pmb12179</idno>
               <listEvent>
                  <event key="45067" when-iso="1904-10-05">
                     <desc n="1256">ist Arbeitskraft bei</desc>
                     <label>Aufführung von Herzogin Crevette, 5.10.1904</label>
                     <idno type="URL" subtype="pmb">https://pmb.acdh.oeaw.ac.at/entity/45067/</idno>
                  </event>
               </listEvent>
               <listBibl>
                  <bibl type="collections" n="12">Fackel</bibl>
                  <bibl type="collections" n="16">Bahr Textverzeichnis</bibl>
               </listBibl>
               <note type="references">None </note>
               <figure>
                  <graphic url="https://commons.wikimedia.org/w/index.php?title=Special:Redirect/file/Gustav%20Maran%20wenige%20Wochen%20vor%20seinem%20Tode%201917%20Charles%20Scolik.png"/>
               </figure>
            </person>
            <person xml:id="pmb115115">
               <persName>
                  <forename>Frédérick</forename>
                  <surname>Lemaître</surname>
               </persName>
               <birth>
                  <date when-iso="1800-07-28">1800-07-28</date>
               </birth>
               <death>
                  <date when-iso="1876-01-01" notAfter-iso="1876-12-31">1876</date>
               </death>
               <sex value="male"/>
               <occupation key="105">Schauspieler/Schauspielerin</occupation>
               <idno type="URL" subtype="pmb">https://pmb.acdh.oeaw.ac.at/entity/115115/</idno>
               <idno type="URL" subtype="gnd">https://d-nb.info/gnd/119056135</idno>
               <idno type="URL" subtype="fackel">https://fackel.oeaw.ac.at/?p=fackelp48712</idno>
               <idno type="URL" subtype="wikidata">http://www.wikidata.org/entity/Q654231</idno>
               <idno type="URL" subtype="wikipedia">https://de.wikipedia.org/wiki/Fr%C3%A9d%C3%A9rick_Lema%C3%AEtre</idno>
               <idno type="URL" subtype="bahr-textverzeichnis">https://bahr-textverzeichnis.acdh.oeaw.ac.at/pmb115115.html</idno>
               <listBibl>
                  <bibl type="collections" n="12">Fackel</bibl>
                  <bibl type="collections" n="16">Bahr Textverzeichnis</bibl>
               </listBibl>
            </person>
            <person xml:id="pmb22666">
               <persName>
                  <forename>Victoria</forename>
                  <surname>Pohl-Meiser</surname>
               </persName>
               <persName type="person_geburtsname_nachname">Meiser</persName>
               <persName type="legacy-name-merge">Pohl-Meiser, Viktoria</persName>
               <persName type="legacy-name-merge">Pohl-Meiser, Victoria</persName>
               <birth>
                  <date when-iso="1858-11-28">28.11.1858</date>
                  <settlement key="45258">
                     <placeName type="pref">München</placeName>
                     <location>
                        <geo>48,13743 11,57549</geo>
                     </location>
                  </settlement>
               </birth>
               <death>
                  <date when-iso="1936-06-16">16.06.1936</date>
                  <settlement key="968">
                     <placeName type="pref">Mödling</placeName>
                     <location>
                        <geo>48,08605 16,28921</geo>
                     </location>
                  </settlement>
               </death>
               <sex value="female"/>
               <occupation key="105">Schauspieler/Schauspielerin</occupation>
               <occupation key="107">Sänger/Sängerin</occupation>
               <idno type="URL" subtype="schnitzler-tagebuch">https://schnitzler-tagebuch.acdh.oeaw.ac.at/person_18850.html</idno>
               <idno type="URL" subtype="schnitzler-bahr">https://schnitzler-bahr.acdh.oeaw.ac.at/pmb22666.html</idno>
               <idno type="URL" subtype="pmb">https://pmb.acdh.oeaw.ac.at/entity/22666/</idno>
               <idno type="URL" subtype="fackel">https://fackel.oeaw.ac.at/?p=fackelp51573</idno>
               <idno type="URL" subtype="pmb">https://pmb.acdh.oeaw.ac.at/entity/101692/</idno>
               <idno type="URL" subtype="gnd">https://d-nb.info/gnd/116260653</idno>
               <idno type="URL" subtype="oebl">https://doi.org/10.1553/0x0028390a</idno>
               <idno type="URL" subtype="wikidata">http://www.wikidata.org/entity/Q58011561</idno>
               <idno type="URL" subtype="wikipedia">https://de.wikipedia.org/wiki/Viktoria_Pohl-Meiser</idno>
               <idno type="URL" subtype="oeml">https://dx.doi.org/10.1553/0x0001dd5c</idno>
               <idno type="URL" subtype="pmb">https://pmb.acdh.oeaw.ac.at/entity/161713/</idno>
               <idno type="URL" subtype="bahr-tsn">https://bahr-textverzeichnis.acdh.oeaw.ac.at/TSN-listperson.html#pmb22666</idno>
               <idno type="URL" subtype="bahr-textverzeichnis">https://bahr-textverzeichnis.acdh.oeaw.ac.at/pmb22666.html</idno>
               <listEvent>
                  <event key="45952" when-iso="1898-01-16">
                     <desc n="1256">ist Arbeitskraft bei</desc>
                     <label>Premiere von Abschiedssouper, Uraufführung Weihnachtseinkäufe,
                           16.1.1898</label>
                     <idno type="URL" subtype="pmb">https://pmb.acdh.oeaw.ac.at/entity/45952/</idno>
                  </event>
               </listEvent>
               <listBibl>
                  <bibl type="collections" n="11">ÖBL nach 1850 geboren</bibl>
                  <bibl type="collections" n="12">Fackel</bibl>
                  <bibl type="collections" n="16">Bahr Textverzeichnis</bibl>
               </listBibl>
               <note type="references"> </note>
            </person>
            <person xml:id="pmb154194">
               <persName>
                  <forename>Paula</forename>
                  <surname>Worm</surname>
               </persName>
               <sex value="not-set"/>
               <occupation key="105">Schauspieler/Schauspielerin</occupation>
               <idno type="URL" subtype="pmb">https://pmb.acdh.oeaw.ac.at/entity/154194/</idno>
               <idno type="URL" subtype="bahr-textverzeichnis">https://bahr-textverzeichnis.acdh.oeaw.ac.at/pmb154194.html</idno>
               <listBibl>
                  <bibl type="collections" n="16">Bahr Textverzeichnis</bibl>
               </listBibl>
            </person>
         </listPerson>
      </back>
   </text>
</TEI>
