<?xml version="1.0" encoding="UTF-8"?>
<TEI xmlns="http://www.tei-c.org/ns/1.0"
     xmlns:tei="http://www.tei-c.org/ns/1.0"
     xml:id="pmb123169.xml"
     prev="pmb123013"
     next="pmb31359">
   <teiHeader>
      <fileDesc>
         <titleStmt>
            <title level="s">Hermann Bahr – Textverzeichnis</title>
            <title level="a">Theater und Kunst. Burgtheater</title>
            <title type="iso-date">1901-01-15</title>
            <respStmt>
               <resp>providing the content</resp>
               <name>Martin Anton Müller</name>
            </respStmt>
            <respStmt>
               <resp>converted to XML encoding</resp>
               <name>Martin Anton Müller</name>
            </respStmt>
         </titleStmt>
         <publicationStmt>
            <publisher>Austrian Centre for Digital Humanities and Cultural
                                    Heritage (ACDH-CH)</publisher>
            <date>2024-03-19+01:00</date>
            <idno type="URI">https://id.acdh.oeaw.ac.at/bahr-textverzeichnis/pmb123169.xml</idno>
         </publicationStmt>
         <sourceDesc>
            <p>Bibliografische Angaben eines in Druck erschienen Texts von
                                    Bahr</p>
         </sourceDesc>
      </fileDesc>
   </teiHeader>
   <text>
      <body>
         <div type="bibliografische-angabe">
            <biblStruct xml:id="pmb123169"
                        type="Journal-Article"
                        subtype="Nachtkritik"
                        status="checked"
                        prev="pmb123013"
                        next="pmb31359">
               <analytic>
                  <author ref="pmb10815">H. B.</author>
                  <title level="a" ref="pmb123169">Theater und Kunst. Burgtheater</title>
               </analytic>
               <monogr>
                  <title level="j" ref="pmb41552">Österreichische Volks-Zeitung</title>
                  <imprint>
                     <biblScope unit="jg">47</biblScope>
                     <biblScope unit="issue">15</biblScope>
                     <biblScope unit="page">7 (2 Kreuzer–Ausgabe: 9)</biblScope>
                     <date when="1901-01-15">15.1.1901</date>
                  </imprint>
               </monogr>
               <note type="review-of">
                  <bibl>
                     <title level="m">King Henry IV (König Heinrich IV)</title>
                     <author>William Shakespeare</author>
                  </bibl>
               </note>
               <note type="incipit">Reprise von »König Heinrich IV.« mit Kainz als Prinz
                  Heinrich.</note>
               <ref type="personenindex">
                  <listRef>
                     <ptr type="pmb" target="pmb2412"/>
                     <ptr type="pmb" target="pmb11851"/>
                     <ptr type="pmb" target="pmb11518"/>
                     <ptr type="pmb" target="pmb11461"/>
                     <ptr type="pmb" target="pmb6173"/>
                     <ptr type="pmb" target="pmb12809"/>
                     <ptr type="pmb" target="pmb11438"/>
                     <ptr type="pmb" target="pmb12948"/>
                  </listRef>
               </ref>
               <noteGrp type="keywords">
                  <note type="Journal-Article">Artikel in einem Periodikum</note>
                  <note subtype="Nachtkritik">Nachtkritik</note>
               </noteGrp>
               <note type="bibliographical-statement">H. B.: Theater und Kunst. Burgtheater. In:
                  Österreichische Volks-Zeitung, Jg. 47, Nr. 15, 15.1.1901, S. 7 (2 Kreuzer–Ausgabe:
                  9).</note>
            </biblStruct>
         </div>
      </body>
      <back>
         <listPerson>
            <person xml:id="pmb2412">
               <persName>
                  <forename>William</forename>
                  <surname>Shakespeare</surname>
               </persName>
               <persName type="legacy-name-merge">Shakespeare, William</persName>
               <birth>
                  <date when-iso="1564-04-23">23.4.1564?</date>
                  <settlement key="49870">
                     <placeName type="pref">Stratford-upon-Avon</placeName>
                     <location>
                        <geo>52,19166 -1,70734</geo>
                     </location>
                  </settlement>
               </birth>
               <death>
                  <date when-iso="1616-05-03">03.05.1616</date>
                  <settlement key="49870">
                     <placeName type="pref">Stratford-upon-Avon</placeName>
                     <location>
                        <geo>52,19166 -1,70734</geo>
                     </location>
                  </settlement>
               </death>
               <sex value="male"/>
               <occupation key="105">Schauspieler/Schauspielerin</occupation>
               <occupation key="727">Dramatiker/Dramatikerin</occupation>
               <idno type="URL" subtype="gnd">https://d-nb.info/gnd/118613723</idno>
               <idno type="URL" subtype="bahr-textverzeichnis">https://bahr-textverzeichnis.acdh.oeaw.ac.at/pmb2412.html</idno>
               <idno type="URL" subtype="schnitzler-bahr">https://schnitzler-bahr.acdh.oeaw.ac.at/pmb2412.html</idno>
               <idno type="URL" subtype="pmb">https://pmb.acdh.oeaw.ac.at/entity/2412/</idno>
               <idno type="URL" subtype="schnitzler-briefe">https://schnitzler-briefe.acdh.oeaw.ac.at/pmb2412.html</idno>
               <idno type="URL" subtype="schnitzler-lektueren">https://schnitzler-lektueren.acdh.oeaw.ac.at/pmb2412.html</idno>
               <idno type="URL" subtype="legalkraus">https://kraus.wienbibliothek.at/register/personen/pmb2412</idno>
               <idno type="URL" subtype="fackel">https://fackel.oeaw.ac.at/?p=fackelp55589</idno>
               <idno type="URL" subtype="dritte-walpurgisnacht">https://kraus1933.ace.oeaw.ac.at/Gesamt.xml?template=register_personen.html&amp;letter=S#DWpers0220</idno>
               <idno type="URL" subtype="wikidata">http://www.wikidata.org/entity/Q692</idno>
               <idno type="URL" subtype="wikipedia">https://de.wikipedia.org/wiki/William_Shakespeare</idno>
               <idno type="URL" subtype="thun-korrespondenz">https://thun-korrespondenz.acdh.oeaw.ac.at/shakespeare-william.html</idno>
               <idno type="URL" subtype="schnitzler-interviews">https://schnitzler-interviews.acdh.oeaw.ac.at/pmb2412.html</idno>
               <idno type="URL" subtype="pmb">https://pmb.acdh.oeaw.ac.at/entity/162255/</idno>
               <idno type="URL" subtype="schnitzler-tagebuch">https://schnitzler-tagebuch.acdh.oeaw.ac.at/person_20078.html</idno>
               <idno type="URL" subtype="bahr-tsn">https://bahr-textverzeichnis.acdh.oeaw.ac.at/TSN-listperson.html#pmb2412</idno>
               <idno type="URL" subtype="hanslick-online">https://hanslick.acdh.oeaw.ac.at/hsl_person_id_287.html</idno>
               <idno type="URL" subtype="auden-musulin-papers">https://amp.acdh.oeaw.ac.at/amp_person_10.html</idno>
               <listBibl>
                  <bibl type="collections" n="5">legalkraus</bibl>
                  <bibl type="collections" n="10">Karl Kraus 1933: Dritte Walpurgisnacht</bibl>
                  <bibl type="collections" n="12">Fackel</bibl>
                  <bibl type="collections" n="16">Bahr Textverzeichnis</bibl>
               </listBibl>
               <note type="references"> </note>
               <figure>
                  <graphic url="https://commons.wikimedia.org/w/index.php?title=Special:Redirect/file/Shakespeare.jpg"/>
               </figure>
            </person>
            <person xml:id="pmb11851">
               <persName>
                  <forename>Josef</forename>
                  <surname>Kainz</surname>
               </persName>
               <persName type="legacy-name-merge">Kainz, Josef</persName>
               <birth>
                  <date when-iso="1858-01-02">02.01.1858</date>
                  <settlement key="43475">
                     <placeName type="pref">Mosonmagyaróvár</placeName>
                     <location>
                        <geo>47,86789 17,26994</geo>
                     </location>
                  </settlement>
               </birth>
               <death>
                  <date when-iso="1910-09-20">20.09.1910</date>
                  <settlement key="50">
                     <placeName type="pref">Wien</placeName>
                     <location>
                        <geo>48,2066 16,37341</geo>
                     </location>
                  </settlement>
               </death>
               <sex value="male"/>
               <occupation key="105">Schauspieler/Schauspielerin</occupation>
               <idno type="URL" subtype="gnd">https://d-nb.info/gnd/118559389</idno>
               <idno type="URL" subtype="schnitzler-tagebuch">https://schnitzler-tagebuch.acdh.oeaw.ac.at/person_16646.html</idno>
               <idno type="URL" subtype="schnitzler-bahr">https://schnitzler-bahr.acdh.oeaw.ac.at/pmb11851.html</idno>
               <idno type="URL" subtype="pmb">https://pmb.acdh.oeaw.ac.at/entity/11851/</idno>
               <idno type="URL" subtype="schnitzler-briefe">https://schnitzler-briefe.acdh.oeaw.ac.at/pmb11851.html</idno>
               <idno type="URL" subtype="bahr-textverzeichnis">https://bahr-textverzeichnis.acdh.oeaw.ac.at/pmb11851.html</idno>
               <idno type="URL" subtype="fackel">https://fackel.oeaw.ac.at/?p=fackelp47103</idno>
               <idno type="URL" subtype="oebl">https://doi.org/10.1553/0x002820f2</idno>
               <idno type="URL" subtype="wikidata">http://www.wikidata.org/entity/Q697592</idno>
               <idno type="URL" subtype="wikipedia">https://de.wikipedia.org/wiki/Josef_Kainz</idno>
               <idno type="URL" subtype="schnitzler-kino">https://schnitzler-kino.acdh.oeaw.ac.at/pmb11851.html</idno>
               <idno type="URL" subtype="pmb">https://pmb.acdh.oeaw.ac.at/entity/160718/</idno>
               <idno type="URL" subtype="bahr-tsn">https://bahr-textverzeichnis.acdh.oeaw.ac.at/TSN-listperson.html#pmb11851</idno>
               <idno type="URL" subtype="schnitzler-interviews">https://schnitzler-interviews.acdh.oeaw.ac.at/pmb11851.html</idno>
               <listEvent>
                  <event key="35482" when-iso="1899-04-29">
                     <desc n="1256">ist Arbeitskraft bei</desc>
                     <label>Premiere von Der grüne Kakadu – Paracelsus – Die Gefährtin. Drei
                           Einakter, 29.4.1899</label>
                     <idno type="URL" subtype="pmb">https://pmb.acdh.oeaw.ac.at/entity/35482/</idno>
                  </event>
                  <event key="141446" when-iso="1899-12-01">
                     <desc n="1256">ist Arbeitskraft bei</desc>
                     <label>Aufführung Prinz Friedrich von Homburg, 1.12.1899</label>
                     <idno type="URL" subtype="pmb">https://pmb.acdh.oeaw.ac.at/entity/141446/</idno>
                  </event>
                  <event key="141417" when-iso="1899-12-17">
                     <desc n="1256">ist Arbeitskraft bei</desc>
                     <label>Aufführung von Der Verschwender, 17.12.1899</label>
                     <idno type="URL" subtype="pmb">https://pmb.acdh.oeaw.ac.at/entity/141417/</idno>
                  </event>
                  <event key="43208" when-iso="1899-12-19">
                     <desc n="1256">ist Arbeitskraft bei</desc>
                     <label>Aufführung von Esther, Gefährtin, Paracelsus, 19.12.1899</label>
                     <idno type="URL" subtype="pmb">https://pmb.acdh.oeaw.ac.at/entity/43208/</idno>
                  </event>
                  <event key="35173" when-iso="1905-10-12">
                     <desc n="1256">ist Arbeitskraft bei</desc>
                     <label>Uraufführung von Zwischenspiel, 12.10.1905</label>
                     <idno type="URL" subtype="pmb">https://pmb.acdh.oeaw.ac.at/entity/35173/</idno>
                  </event>
                  <event key="59624" when-iso="1906-05-15">
                     <desc n="1370">teilgenommen an</desc>
                     <label>Aufführung von Der einsame Weg, 15.5.1906</label>
                     <idno type="URL" subtype="pmb">https://pmb.acdh.oeaw.ac.at/entity/59624/</idno>
                  </event>
                  <event key="53022" when-iso="1908-11-18">
                     <desc n="1256">ist Arbeitskraft bei</desc>
                     <label>Generalprobe von Tantris, 18.11.1908</label>
                     <idno type="URL" subtype="pmb">https://pmb.acdh.oeaw.ac.at/entity/53022/</idno>
                  </event>
                  <event key="47592" when-iso="1908-11-29">
                     <desc n="1256">ist Arbeitskraft bei</desc>
                     <label>Heine-Feier des Vereins für Kunst und Kultur, 29.11.1908</label>
                     <idno type="URL" subtype="pmb">https://pmb.acdh.oeaw.ac.at/entity/47592/</idno>
                  </event>
               </listEvent>
               <listBibl>
                  <bibl type="collections" n="11">ÖBL nach 1850 geboren</bibl>
                  <bibl type="collections" n="12">Fackel</bibl>
                  <bibl type="collections" n="16">Bahr Textverzeichnis</bibl>
               </listBibl>
               <figure>
                  <graphic url="https://commons.wikimedia.org/w/index.php?title=Special:Redirect/file/Josef%20Kainz%20by%20Erwin%20Raupp.jpg"/>
               </figure>
            </person>
            <person xml:id="pmb11518">
               <persName>
                  <forename>Franz</forename>
                  <surname>Grillparzer</surname>
               </persName>
               <persName type="legacy-name-merge">Grillparzer, Franz</persName>
               <birth>
                  <date when-iso="1791-01-15">15.01.1791</date>
                  <settlement key="50">
                     <placeName type="pref">Wien</placeName>
                     <location>
                        <geo>48,2066 16,37341</geo>
                     </location>
                  </settlement>
               </birth>
               <death>
                  <date when-iso="1872-01-21">21.01.1872</date>
                  <settlement key="50">
                     <placeName type="pref">Wien</placeName>
                     <location>
                        <geo>48,2066 16,37341</geo>
                     </location>
                  </settlement>
               </death>
               <sex value="male"/>
               <occupation key="90">Schriftsteller/Schriftstellerin</occupation>
               <occupation key="1472">Beamter/Beamte</occupation>
               <idno type="URL" subtype="gnd">https://d-nb.info/gnd/118542192</idno>
               <idno type="URL" subtype="schnitzler-tagebuch">https://schnitzler-tagebuch.acdh.oeaw.ac.at/person_15661.html</idno>
               <idno type="URL" subtype="schnitzler-bahr">https://schnitzler-bahr.acdh.oeaw.ac.at/pmb11518.html</idno>
               <idno type="URL" subtype="pmb">https://pmb.acdh.oeaw.ac.at/entity/11518/</idno>
               <idno type="URL" subtype="schnitzler-briefe">https://schnitzler-briefe.acdh.oeaw.ac.at/pmb11518.html</idno>
               <idno type="URL" subtype="schnitzler-lektueren">https://schnitzler-lektueren.acdh.oeaw.ac.at/pmb11518.html</idno>
               <idno type="URL" subtype="legalkraus">https://kraus.wienbibliothek.at/register/personen/pmb11518</idno>
               <idno type="URL" subtype="fackel">https://fackel.oeaw.ac.at/?p=fackelp43482</idno>
               <idno type="URL" subtype="dritte-walpurgisnacht">https://kraus1933.ace.oeaw.ac.at/Gesamt.xml?template=register_personen.html&amp;letter=G#DWpers1208</idno>
               <idno type="URL" subtype="wikidata">http://www.wikidata.org/entity/Q154438</idno>
               <idno type="URL" subtype="wikipedia">https://de.wikipedia.org/wiki/Franz_Grillparzer</idno>
               <idno type="URL" subtype="oeml">https://dx.doi.org/10.1553/0x0001cfa1</idno>
               <idno type="URL" subtype="thun-korrespondenz">https://thun-korrespondenz.acdh.oeaw.ac.at/grillparzer-franz.html</idno>
               <idno type="URL" subtype="oebl">https://doi.org/10.1553/0x002818d2</idno>
               <idno type="URL" subtype="schnitzler-interviews">https://schnitzler-interviews.acdh.oeaw.ac.at/pmb11518.html</idno>
               <idno type="URL" subtype="pmb">https://pmb.acdh.oeaw.ac.at/entity/160293/</idno>
               <idno type="URL" subtype="bahr-tsn">https://bahr-textverzeichnis.acdh.oeaw.ac.at/TSN-listperson.html#pmb11518</idno>
               <idno type="URL" subtype="bahr-textverzeichnis">https://bahr-textverzeichnis.acdh.oeaw.ac.at/pmb11518.html</idno>
               <idno type="URL" subtype="hanslick-online">https://hanslick.acdh.oeaw.ac.at/hsl_person_id_721.html</idno>
               <idno type="URL" subtype="auden-musulin-papers">https://amp.acdh.oeaw.ac.at/amp_person_65.html</idno>
               <listBibl>
                  <bibl type="collections" n="5">legalkraus</bibl>
                  <bibl type="collections" n="10">Karl Kraus 1933: Dritte Walpurgisnacht</bibl>
                  <bibl type="collections" n="12">Fackel</bibl>
                  <bibl type="collections" n="16">Bahr Textverzeichnis</bibl>
               </listBibl>
               <note type="references"> </note>
               <figure>
                  <graphic url="https://commons.wikimedia.org/w/index.php?title=Special:Redirect/file/Grillparzer%20cropped.jpg"/>
               </figure>
            </person>
            <person xml:id="pmb11461">
               <persName>
                  <forename>Johann Wolfgang von</forename>
                  <surname>Goethe</surname>
               </persName>
               <persName type="legacy-name-merge">Goethe, Johann Wolfgang von</persName>
               <birth>
                  <date when-iso="1749-08-28">1749-08-28</date>
                  <settlement key="146">
                     <placeName type="pref">Frankfurt am Main</placeName>
                     <location>
                        <geo>50,11552 8,68417</geo>
                     </location>
                  </settlement>
               </birth>
               <death>
                  <date when-iso="1832-03-22">1832-03-22</date>
                  <settlement key="197">
                     <placeName type="pref">Weimar</placeName>
                     <location>
                        <geo>50,97361 11,33806</geo>
                     </location>
                  </settlement>
               </death>
               <sex value="male"/>
               <occupation key="90">Schriftsteller/Schriftstellerin</occupation>
               <idno type="URL" subtype="gnd">https://d-nb.info/gnd/118540238</idno>
               <idno type="URL" subtype="schnitzler-tagebuch">https://schnitzler-tagebuch.acdh.oeaw.ac.at/person_15499.html</idno>
               <idno type="URL" subtype="bahr-textverzeichnis">https://bahr-textverzeichnis.acdh.oeaw.ac.at/pmb11461.html</idno>
               <idno type="URL" subtype="schnitzler-bahr">https://schnitzler-bahr.acdh.oeaw.ac.at/pmb11461.html</idno>
               <idno type="URL" subtype="pmb">https://pmb.acdh.oeaw.ac.at/entity/11461/</idno>
               <idno type="URL" subtype="schnitzler-briefe">https://schnitzler-briefe.acdh.oeaw.ac.at/pmb11461.html</idno>
               <idno type="URL" subtype="schnitzler-lektueren">https://schnitzler-lektueren.acdh.oeaw.ac.at/pmb11461.html</idno>
               <idno type="URL" subtype="legalkraus">https://kraus.wienbibliothek.at/register/personen/pmb11461</idno>
               <idno type="URL" subtype="fackel">https://fackel.oeaw.ac.at/?p=fackelp46960</idno>
               <idno type="URL" subtype="dritte-walpurgisnacht">https://kraus1933.ace.oeaw.ac.at/Gesamt.xml?template=register_personen.html&amp;letter=G#DWpers0080</idno>
               <idno type="URL" subtype="wikidata">http://www.wikidata.org/entity/Q5879</idno>
               <idno type="URL" subtype="wikipedia">https://de.wikipedia.org/wiki/Johann_Wolfgang_von_Goethe</idno>
               <idno type="URL" subtype="thun-korrespondenz">https://thun-korrespondenz.acdh.oeaw.ac.at/goethe-johann-wolfgang.html</idno>
               <idno type="URL" subtype="freud">https://freud.acdh-dev.oeaw.ac.at/frd_person_24.html</idno>
               <idno type="URL" subtype="schnitzler-kino">https://schnitzler-kino.acdh.oeaw.ac.at/pmb11461.html</idno>
               <idno type="URL" subtype="schnitzler-interviews">https://schnitzler-interviews.acdh.oeaw.ac.at/pmb11461.html</idno>
               <idno type="URL" subtype="pmb">https://pmb.acdh.oeaw.ac.at/entity/160235/</idno>
               <idno type="URL" subtype="bahr-tsn">https://bahr-textverzeichnis.acdh.oeaw.ac.at/TSN-listperson.html#pmb11461</idno>
               <idno type="URL" subtype="hanslick-online">https://hanslick.acdh.oeaw.ac.at/hsl_person_id_100.html</idno>
               <idno type="URL" subtype="auden-musulin-papers">https://amp.acdh.oeaw.ac.at/amp_person_11.html</idno>
               <listBibl>
                  <bibl type="collections" n="5">legalkraus</bibl>
                  <bibl type="collections" n="10">Karl Kraus 1933: Dritte Walpurgisnacht</bibl>
                  <bibl type="collections" n="12">Fackel</bibl>
                  <bibl type="collections" n="16">Bahr Textverzeichnis</bibl>
               </listBibl>
               <figure>
                  <graphic url="https://commons.wikimedia.org/w/index.php?title=Special:Redirect/file/Goethe%20%28Stieler%201828%29.jpg"/>
               </figure>
            </person>
            <person xml:id="pmb6173">
               <persName>
                  <forename>Bernhard</forename>
                  <surname>Baumeister</surname>
               </persName>
               <persName type="person_geburtsname_nachname">Baumüller</persName>
               <persName type="legacy-name-merge">Baumeister, Bernhard</persName>
               <persName type="legacy-name-merge">Baumeister, Bernhard</persName>
               <birth>
                  <date when-iso="1827-09-28">28.09.1827</date>
                  <settlement key="44282">
                     <placeName type="pref">Poznan</placeName>
                     <location>
                        <geo>52,40692 16,92993</geo>
                     </location>
                  </settlement>
               </birth>
               <death>
                  <date when-iso="1917-10-25">25.10.1917</date>
                  <settlement key="662">
                     <placeName type="pref">Baden bei Wien</placeName>
                     <location>
                        <geo>48,00543 16,23264</geo>
                     </location>
                  </settlement>
               </death>
               <sex value="male"/>
               <occupation key="105">Schauspieler/Schauspielerin</occupation>
               <idno type="URL" subtype="gnd">https://d-nb.info/gnd/118869272</idno>
               <idno type="URL" subtype="schnitzler-tagebuch">https://schnitzler-tagebuch.acdh.oeaw.ac.at/person_13489.html</idno>
               <idno type="URL" subtype="schnitzler-bahr">https://schnitzler-bahr.acdh.oeaw.ac.at/pmb28476.html</idno>
               <idno type="URL" subtype="pmb">https://pmb.acdh.oeaw.ac.at/entity/6173/</idno>
               <idno type="URL" subtype="pmb">https://pmb.acdh.oeaw.ac.at/entity/28476/</idno>
               <idno type="URL" subtype="schnitzler-briefe">https://schnitzler-briefe.acdh.oeaw.ac.at/pmb6173.html</idno>
               <idno type="URL" subtype="fackel">https://fackel.oeaw.ac.at/?p=fackelp39121</idno>
               <idno type="URL" subtype="wikidata">http://www.wikidata.org/entity/Q111326</idno>
               <idno type="URL" subtype="wikipedia">https://de.wikipedia.org/wiki/Bernhard_Baumeister</idno>
               <idno type="URL" subtype="oebl">https://doi.org/10.1553/0x00280f6d</idno>
               <idno type="URL" subtype="schnitzler-interviews">https://schnitzler-interviews.acdh.oeaw.ac.at/pmb6173.html</idno>
               <idno type="URL" subtype="pmb">https://pmb.acdh.oeaw.ac.at/entity/159277/</idno>
               <idno type="URL" subtype="bahr-textverzeichnis">https://bahr-textverzeichnis.acdh.oeaw.ac.at/pmb6173.html</idno>
               <idno type="URL" subtype="bahr-tsn">https://bahr-textverzeichnis.acdh.oeaw.ac.at/TSN-listperson.html#pmb6173</idno>
               <idno type="URL" subtype="bahr-textverzeichnis">https://bahr-textverzeichnis.acdh.oeaw.ac.at/pmb28476.html</idno>
               <idno type="URL" subtype="hanslick-online">https://hanslick.acdh.oeaw.ac.at/hsl_person_id_1956.html</idno>
               <listEvent>
                  <event key="88011" when-iso="1894-10-22">
                     <desc n="1256">ist Arbeitskraft bei</desc>
                     <label>Aufführung von Minna von Barnhelm, 22.10.1894</label>
                     <idno type="URL" subtype="pmb">https://pmb.acdh.oeaw.ac.at/entity/88011/</idno>
                  </event>
                  <event key="141446" when-iso="1899-12-01">
                     <desc n="1256">ist Arbeitskraft bei</desc>
                     <label>Aufführung Prinz Friedrich von Homburg, 1.12.1899</label>
                     <idno type="URL" subtype="pmb">https://pmb.acdh.oeaw.ac.at/entity/141446/</idno>
                  </event>
               </listEvent>
               <listBibl>
                  <bibl type="collections" n="12">Fackel</bibl>
                  <bibl type="collections" n="16">Bahr Textverzeichnis</bibl>
               </listBibl>
               <note type="references"> </note>
               <figure>
                  <graphic url="https://commons.wikimedia.org/w/index.php?title=Special:Redirect/file/Bernhard%20baumeister.jpg"/>
               </figure>
            </person>
            <person xml:id="pmb12809">
               <persName>
                  <forename>Adolf von</forename>
                  <surname>Sonnenthal</surname>
               </persName>
               <persName type="legacy-name-merge">Sonnenthal, Adolf von</persName>
               <birth>
                  <date when-iso="1834-12-21">1834-12-21</date>
                  <settlement key="43471">
                     <placeName type="pref">Budapest</placeName>
                     <location>
                        <geo>47,49835 19,04045</geo>
                     </location>
                  </settlement>
               </birth>
               <death>
                  <date when-iso="1909-04-04">1909-04-04</date>
               </death>
               <sex value="male"/>
               <occupation key="105">Schauspieler/Schauspielerin</occupation>
               <idno type="URL" subtype="gnd">https://d-nb.info/gnd/119343207</idno>
               <idno type="URL" subtype="schnitzler-tagebuch">https://schnitzler-tagebuch.acdh.oeaw.ac.at/person_20204.html</idno>
               <idno type="URL" subtype="schnitzler-bahr">https://schnitzler-bahr.acdh.oeaw.ac.at/pmb12809.html</idno>
               <idno type="URL" subtype="pmb">https://pmb.acdh.oeaw.ac.at/entity/12809/</idno>
               <idno type="URL" subtype="schnitzler-briefe">https://schnitzler-briefe.acdh.oeaw.ac.at/pmb12809.html</idno>
               <idno type="URL" subtype="legalkraus">https://kraus.wienbibliothek.at/register/personen/pmb12809</idno>
               <idno type="URL" subtype="bahr-textverzeichnis">https://bahr-textverzeichnis.acdh.oeaw.ac.at/pmb12809.html</idno>
               <idno type="URL" subtype="fackel">https://fackel.oeaw.ac.at/?p=fackelp37842</idno>
               <idno type="URL" subtype="wikidata">http://www.wikidata.org/entity/Q84769</idno>
               <idno type="URL" subtype="wikipedia">https://de.wikipedia.org/wiki/Adolf_von_Sonnenthal</idno>
               <idno type="URL" subtype="oebl">https://doi.org/10.1553/0x00284c4e</idno>
               <idno type="URL" subtype="schnitzler-interviews">https://schnitzler-interviews.acdh.oeaw.ac.at/pmb12809.html</idno>
               <idno type="URL" subtype="pmb">https://pmb.acdh.oeaw.ac.at/entity/162314/</idno>
               <idno type="URL" subtype="bahr-tsn">https://bahr-textverzeichnis.acdh.oeaw.ac.at/TSN-listperson.html#pmb12809</idno>
               <idno type="URL" subtype="hanslick-online">https://hanslick.acdh.oeaw.ac.at/hsl_person_id_1955.html</idno>
               <affiliation notBefore-iso="1856-01-01"
                            when-iso="1856-01-01"
                            notAfter-iso="1856-12-31">
                  <term key="1182">arbeitet für</term>
                  <orgName key="36247">Burgtheater</orgName>
                  <idno type="URL" subtype="gnd">https://d-nb.info/gnd/38633-9</idno>
                  <idno type="URL" subtype="pmb">https://pmb.acdh.oeaw.ac.at/entity/36247/</idno>
                  <idno type="URL" subtype="schnitzler-briefe">https://schnitzler-briefe.acdh.oeaw.ac.at/pmb36247.html</idno>
                  <idno type="URL" subtype="legalkraus">https://kraus.wienbibliothek.at/register/institutionen/pmb36247</idno>
                  <idno type="URL" subtype="wikidata">http://www.wikidata.org/entity/Q308720</idno>
                  <idno type="URL" subtype="wikipedia">https://de.wikipedia.org/wiki/Burgtheater</idno>
                  <idno type="URL" subtype="schnitzler-interviews">https://schnitzler-interviews.acdh.oeaw.ac.at/pmb36247.html</idno>
               </affiliation>
               <listEvent>
                  <event key="88011" when-iso="1894-10-22">
                     <desc n="1256">ist Arbeitskraft bei</desc>
                     <label>Aufführung von Minna von Barnhelm, 22.10.1894</label>
                     <idno type="URL" subtype="pmb">https://pmb.acdh.oeaw.ac.at/entity/88011/</idno>
                  </event>
                  <event key="48866" when-iso="1895-09-18">
                     <desc n="1256">ist Arbeitskraft bei</desc>
                     <label>Leseprobe von Liebelei, 18.9.1895</label>
                     <idno type="URL" subtype="pmb">https://pmb.acdh.oeaw.ac.at/entity/48866/</idno>
                  </event>
                  <event key="42439" when-iso="1895-11-11">
                     <desc n="1256">ist Arbeitskraft bei</desc>
                     <label>Uraufführung von Das Glück im Winkel, 11.11.1895</label>
                     <idno type="URL" subtype="pmb">https://pmb.acdh.oeaw.ac.at/entity/42439/</idno>
                  </event>
                  <event key="35479" when-iso="1899-03-01">
                     <desc n="1256">ist Arbeitskraft bei</desc>
                     <label>Uraufführung von Der grüne Kakadu – Paracelsus – Die Gefährtin. Drei
                           Einakter, 1.3.1899</label>
                     <idno type="URL" subtype="pmb">https://pmb.acdh.oeaw.ac.at/entity/35479/</idno>
                  </event>
                  <event key="45154" when-iso="1899-03-18">
                     <desc n="1256">ist Arbeitskraft bei</desc>
                     <label>Wiener Uraufführung Der Abenteurer und die Sängerin und Die Hochzeit
                           der Sobeide, 18.3.1899</label>
                     <idno type="URL" subtype="pmb">https://pmb.acdh.oeaw.ac.at/entity/45154/</idno>
                  </event>
                  <event key="141446" when-iso="1899-12-01">
                     <desc n="1256">ist Arbeitskraft bei</desc>
                     <label>Aufführung Prinz Friedrich von Homburg, 1.12.1899</label>
                     <idno type="URL" subtype="pmb">https://pmb.acdh.oeaw.ac.at/entity/141446/</idno>
                  </event>
                  <event key="53252" when-iso="1904-06-09">
                     <desc n="1256">ist Arbeitskraft bei</desc>
                     <label>Aufführung von Vater und Sohn, 9.6.1904</label>
                     <idno type="URL" subtype="pmb">https://pmb.acdh.oeaw.ac.at/entity/53252/</idno>
                  </event>
               </listEvent>
               <listBibl>
                  <bibl type="collections" n="5">legalkraus</bibl>
                  <bibl type="collections" n="12">Fackel</bibl>
                  <bibl type="collections" n="16">Bahr Textverzeichnis</bibl>
               </listBibl>
               <note type="references"> </note>
               <figure>
                  <graphic url="https://commons.wikimedia.org/w/index.php?title=Special:Redirect/file/Adolf%20von%20Sonnenthal.jpg"/>
               </figure>
            </person>
            <person xml:id="pmb11438">
               <persName>
                  <forename>Oskar</forename>
                  <surname>Gimnig</surname>
               </persName>
               <persName type="namensvariante">Buttlar-Frandenfels Oskar Freiherr von</persName>
               <birth>
                  <date when-iso="1856-12-07">07.12.1856</date>
                  <settlement key="42605">
                     <placeName type="pref">Kaliningrad</placeName>
                     <location>
                        <geo>54,70649 20,51095</geo>
                     </location>
                  </settlement>
               </birth>
               <death>
                  <date when-iso="1920-01-20">20.01.1920</date>
                  <settlement key="50">
                     <placeName type="pref">Wien</placeName>
                     <location>
                        <geo>48,2066 16,37341</geo>
                     </location>
                  </settlement>
               </death>
               <sex value="male"/>
               <occupation key="105">Schauspieler/Schauspielerin</occupation>
               <idno type="URL" subtype="schnitzler-tagebuch">https://schnitzler-tagebuch.acdh.oeaw.ac.at/person_15433.html</idno>
               <idno type="URL" subtype="schnitzler-bahr">https://schnitzler-bahr.acdh.oeaw.ac.at/pmb11438.html</idno>
               <idno type="URL" subtype="pmb">https://pmb.acdh.oeaw.ac.at/entity/11438/</idno>
               <idno type="URL" subtype="bahr-textverzeichnis">https://bahr-textverzeichnis.acdh.oeaw.ac.at/pmb11438.html</idno>
               <idno type="URL" subtype="fackel">https://fackel.oeaw.ac.at/?p=fackelp44440</idno>
               <idno type="URL" subtype="oebl">https://doi.org/10.1553/0x00326f03</idno>
               <idno type="URL" subtype="wikidata">http://www.wikidata.org/entity/Q1793010</idno>
               <idno type="URL" subtype="wikipedia">https://de.wikipedia.org/wiki/Oskar_Gimnig</idno>
               <idno type="URL" subtype="gnd">https://d-nb.info/gnd/117732265</idno>
               <listEvent>
                  <event key="88011" when-iso="1894-10-22">
                     <desc n="1256">ist Arbeitskraft bei</desc>
                     <label>Aufführung von Minna von Barnhelm, 22.10.1894</label>
                     <idno type="URL" subtype="pmb">https://pmb.acdh.oeaw.ac.at/entity/88011/</idno>
                  </event>
                  <event key="143176" when-iso="1896-09-15">
                     <desc n="1256">ist Arbeitskraft bei</desc>
                     <label>Aufführung von Liebelei, 15.9.1896</label>
                     <idno type="URL" subtype="pmb">https://pmb.acdh.oeaw.ac.at/entity/143176/</idno>
                  </event>
                  <event key="35479" when-iso="1899-03-01">
                     <desc n="1256">ist Arbeitskraft bei</desc>
                     <label>Uraufführung von Der grüne Kakadu – Paracelsus – Die Gefährtin. Drei
                           Einakter, 1.3.1899</label>
                     <idno type="URL" subtype="pmb">https://pmb.acdh.oeaw.ac.at/entity/35479/</idno>
                  </event>
                  <event key="141446" when-iso="1899-12-01">
                     <desc n="1256">ist Arbeitskraft bei</desc>
                     <label>Aufführung Prinz Friedrich von Homburg, 1.12.1899</label>
                     <idno type="URL" subtype="pmb">https://pmb.acdh.oeaw.ac.at/entity/141446/</idno>
                  </event>
                  <event key="35251" when-iso="1910-11-24">
                     <desc n="1256">ist Arbeitskraft bei</desc>
                     <label>Uraufführung von Der junge Medardus, 24.11.1910</label>
                     <idno type="URL" subtype="pmb">https://pmb.acdh.oeaw.ac.at/entity/35251/</idno>
                  </event>
               </listEvent>
               <listBibl>
                  <bibl type="collections" n="11">ÖBL nach 1850 geboren</bibl>
                  <bibl type="collections" n="12">Fackel</bibl>
               </listBibl>
            </person>
            <person xml:id="pmb12948">
               <persName>
                  <forename>Hugo</forename>
                  <surname>Thimig</surname>
               </persName>
               <persName type="legacy-name-merge">Thimig, Hugo</persName>
               <birth>
                  <date when-iso="1854-06-16">16.06.1854</date>
                  <settlement key="866">
                     <placeName type="pref">Dresden</placeName>
                     <location>
                        <geo>51,0833 13,7666</geo>
                     </location>
                  </settlement>
               </birth>
               <death>
                  <date when-iso="1944-09-24">24.09.1944</date>
                  <settlement key="50">
                     <placeName type="pref">Wien</placeName>
                     <location>
                        <geo>48,2066 16,37341</geo>
                     </location>
                  </settlement>
               </death>
               <sex value="male"/>
               <occupation key="103">Theaterleiter/Theaterleiterin</occupation>
               <occupation key="105">Schauspieler/Schauspielerin</occupation>
               <idno type="URL" subtype="gnd">https://d-nb.info/gnd/11875713X</idno>
               <idno type="URL" subtype="schnitzler-tagebuch">https://schnitzler-tagebuch.acdh.oeaw.ac.at/person_20714.html</idno>
               <idno type="URL" subtype="schnitzler-bahr">https://schnitzler-bahr.acdh.oeaw.ac.at/pmb12948.html</idno>
               <idno type="URL" subtype="pmb">https://pmb.acdh.oeaw.ac.at/entity/12948/</idno>
               <idno type="URL" subtype="schnitzler-briefe">https://schnitzler-briefe.acdh.oeaw.ac.at/pmb12948.html</idno>
               <idno type="URL" subtype="fackel">https://fackel.oeaw.ac.at/?p=fackelp46351</idno>
               <idno type="URL" subtype="oebl">https://doi.org/10.1553/0x0031110b</idno>
               <idno type="URL" subtype="wikidata">http://www.wikidata.org/entity/Q73355</idno>
               <idno type="URL" subtype="wikipedia">https://de.wikipedia.org/wiki/Hugo_Thimig</idno>
               <idno type="URL" subtype="schnitzler-kino">https://schnitzler-kino.acdh.oeaw.ac.at/pmb12948.html</idno>
               <idno type="URL" subtype="schnitzler-interviews">https://schnitzler-interviews.acdh.oeaw.ac.at/pmb12948.html</idno>
               <idno type="URL" subtype="pmb">https://pmb.acdh.oeaw.ac.at/entity/162515/</idno>
               <idno type="URL" subtype="bahr-tsn">https://bahr-textverzeichnis.acdh.oeaw.ac.at/TSN-listperson.html#pmb12948</idno>
               <idno type="URL" subtype="bahr-textverzeichnis">https://bahr-textverzeichnis.acdh.oeaw.ac.at/pmb12948.html</idno>
               <affiliation notBefore-iso="1918-01-01"
                            when-iso="1918-01-01"
                            notAfter-iso="1918-12-31">
                  <term key="1182">arbeitet für</term>
                  <orgName key="60307">Freiwillige Schutzwache des 18. und 19. Bezirks</orgName>
                  <idno type="URL" subtype="pmb">https://pmb.acdh.oeaw.ac.at/entity/60307/</idno>
                  <idno type="URL" subtype="schnitzler-interviews">https://schnitzler-interviews.acdh.oeaw.ac.at/pmb60307.html</idno>
               </affiliation>
               <affiliation>
                  <term key="1182">arbeitet für</term>
                  <orgName key="36247">Burgtheater</orgName>
                  <idno type="URL" subtype="gnd">https://d-nb.info/gnd/38633-9</idno>
                  <idno type="URL" subtype="pmb">https://pmb.acdh.oeaw.ac.at/entity/36247/</idno>
                  <idno type="URL" subtype="schnitzler-briefe">https://schnitzler-briefe.acdh.oeaw.ac.at/pmb36247.html</idno>
                  <idno type="URL" subtype="legalkraus">https://kraus.wienbibliothek.at/register/institutionen/pmb36247</idno>
                  <idno type="URL" subtype="wikidata">http://www.wikidata.org/entity/Q308720</idno>
                  <idno type="URL" subtype="wikipedia">https://de.wikipedia.org/wiki/Burgtheater</idno>
                  <idno type="URL" subtype="schnitzler-interviews">https://schnitzler-interviews.acdh.oeaw.ac.at/pmb36247.html</idno>
               </affiliation>
               <listEvent>
                  <event key="94354" when-iso="1895-05-02">
                     <desc n="1256">ist Arbeitskraft bei</desc>
                     <label>Premiere von Tabarin und Verbotene Früchte, 2.5.1895</label>
                     <idno type="URL" subtype="pmb">https://pmb.acdh.oeaw.ac.at/entity/94354/</idno>
                  </event>
                  <event key="41414" when-iso="1896-05-23">
                     <desc n="1370">teilgenommen an</desc>
                     <label>Premiere von Der Zerrissene, 23.5.1896</label>
                     <idno type="URL" subtype="pmb">https://pmb.acdh.oeaw.ac.at/entity/41414/</idno>
                  </event>
                  <event key="35479" when-iso="1899-03-01">
                     <desc n="1256">ist Arbeitskraft bei</desc>
                     <label>Uraufführung von Der grüne Kakadu – Paracelsus – Die Gefährtin. Drei
                           Einakter, 1.3.1899</label>
                     <idno type="URL" subtype="pmb">https://pmb.acdh.oeaw.ac.at/entity/35479/</idno>
                  </event>
                  <event key="63372" when-iso="1904-02-11">
                     <desc n="1256">ist Arbeitskraft bei</desc>
                     <label>Premiere von Rose Bernd, 11.2.1904</label>
                     <idno type="URL" subtype="pmb">https://pmb.acdh.oeaw.ac.at/entity/63372/</idno>
                  </event>
                  <event key="43911" when-iso="1910-10-22">
                     <desc n="1370">teilgenommen an</desc>
                     <label>Generalprobe zur Trauerfeier für Josef Kainz, 22.10.1910</label>
                     <idno type="URL" subtype="pmb">https://pmb.acdh.oeaw.ac.at/entity/43911/</idno>
                  </event>
                  <event key="35251" when-iso="1910-11-24">
                     <desc n="1256">ist Arbeitskraft bei</desc>
                     <label>Uraufführung von Der junge Medardus, 24.11.1910</label>
                     <idno type="URL" subtype="pmb">https://pmb.acdh.oeaw.ac.at/entity/35251/</idno>
                  </event>
                  <event key="88534" when-iso="1911-10-14">
                     <desc n="1256">ist Arbeitskraft bei</desc>
                     <label>Premiere von Das weite Land, 14.10.1911 [I.]</label>
                     <idno type="URL" subtype="pmb">https://pmb.acdh.oeaw.ac.at/entity/35364/</idno>
                     <idno type="URL" subtype="pmb">https://pmb.acdh.oeaw.ac.at/entity/88534/</idno>
                  </event>
                  <event key="88534" when-iso="1911-10-14">
                     <desc n="1256">ist Arbeitskraft bei</desc>
                     <label>Premiere von Das weite Land, 14.10.1911 [I.]</label>
                     <idno type="URL" subtype="pmb">https://pmb.acdh.oeaw.ac.at/entity/35364/</idno>
                     <idno type="URL" subtype="pmb">https://pmb.acdh.oeaw.ac.at/entity/88534/</idno>
                  </event>
                  <event key="47517" when-iso="1912-11-17">
                     <desc n="1370">teilgenommen an</desc>
                     <label>Hauptmann-Bankett der Concordia, 17.11.1912</label>
                     <idno type="URL" subtype="pmb">https://pmb.acdh.oeaw.ac.at/entity/47517/</idno>
                  </event>
                  <event key="35424" when-iso="1920-03-26">
                     <desc n="1256">ist Arbeitskraft bei</desc>
                     <label>Uraufführung von Die Schwestern oder Casanova in Spa,
                           26.3.1920</label>
                     <idno type="URL" subtype="pmb">https://pmb.acdh.oeaw.ac.at/entity/35424/</idno>
                  </event>
               </listEvent>
               <listBibl>
                  <bibl type="collections" n="11">ÖBL nach 1850 geboren</bibl>
                  <bibl type="collections" n="12">Fackel</bibl>
                  <bibl type="collections" n="16">Bahr Textverzeichnis</bibl>
               </listBibl>
               <note type="references"> </note>
               <figure>
                  <graphic url="https://commons.wikimedia.org/w/index.php?title=Special:Redirect/file/Hugo%20Thimig%20by%20Wenzl%20Weis%201912.jpg"/>
               </figure>
            </person>
         </listPerson>
      </back>
   </text>
</TEI>
