<?xml version="1.0" encoding="UTF-8"?>
<TEI xmlns="http://www.tei-c.org/ns/1.0"
     xmlns:tei="http://www.tei-c.org/ns/1.0"
     xml:id="pmb122545.xml"
     prev="pmb122543"
     next="pmb122547">
   <teiHeader>
      <fileDesc>
         <titleStmt>
            <title level="s">Hermann Bahr – Textverzeichnis</title>
            <title level="a">Die Jubelausstellung im Wiener Künstlerhause. II.
                     Österreich, Italien, Norwegen</title>
            <title type="iso-date">1888</title>
            <respStmt>
               <resp>providing the content</resp>
               <name>Martin Anton Müller</name>
            </respStmt>
            <respStmt>
               <resp>converted to XML encoding</resp>
               <name>Martin Anton Müller</name>
            </respStmt>
         </titleStmt>
         <publicationStmt>
            <publisher>Austrian Centre for Digital Humanities and Cultural
                                    Heritage (ACDH-CH)</publisher>
            <date>2024-03-19+01:00</date>
            <idno type="URI">https://id.acdh.oeaw.ac.at/bahr-textverzeichnis/pmb122545.xml</idno>
         </publicationStmt>
         <sourceDesc>
            <p>Bibliografische Angaben eines in Druck erschienen Texts von
                                    Bahr</p>
         </sourceDesc>
      </fileDesc>
   </teiHeader>
   <text>
      <body>
         <div type="bibliografische-angabe">
            <biblStruct xml:id="pmb122545"
                        type="Journal-Article"
                        status="checked"
                        prev="pmb122543"
                        next="pmb122547">
               <analytic>
                  <author ref="pmb10815">hr</author>
                  <title level="a" ref="pmb122545">Die Jubelausstellung im Wiener Künstlerhause. II.
                     Österreich, Italien, Norwegen</title>
               </analytic>
               <monogr>
                  <title level="j" ref="pmb122067">Deutsche Wochenschrift</title>
                  <imprint>
                     <biblScope unit="jg">6</biblScope>
                     <biblScope unit="issue">13</biblScope>
                     <biblScope unit="page">2–4</biblScope>
                     <date when="1888">1888</date>
                  </imprint>
               </monogr>
               <note type="incipit">Das von aller Umgebung losgelöste</note>
               <ref type="URL">https://bahr.univie.ac.at/sites/all/txt/deutsche-wochenschrift/1888_deutschte-wochenschrift.pdf</ref>
               <noteGrp type="keywords">
                  <note type="Journal-Article">Artikel in einem Periodikum</note>
               </noteGrp>
               <note type="bibliographical-statement">hr: Die Jubelausstellung im Wiener
                  Künstlerhause. II. Österreich, Italien, Norwegen. In: Deutsche Wochenschrift,
                  Jg. 6 (1888) Nr. 13, S. 2–4.</note>
               <ref type="abdrucke">
                  <listRef>
                     <ptr type="textref" target="pmb134533"/>
                  </listRef>
               </ref>
            </biblStruct>
         </div>
      </body>
      <back/>
   </text>
</TEI>
