<?xml version="1.0" encoding="UTF-8"?>
<TEI xmlns="http://www.tei-c.org/ns/1.0"
     xmlns:tei="http://www.tei-c.org/ns/1.0"
     xml:id="pmb123051.xml"
     prev="pmb123129"
     next="pmb132773">
   <teiHeader>
      <fileDesc>
         <titleStmt>
            <title level="s">Hermann Bahr – Textverzeichnis</title>
            <title level="a">Theater, Kunst und Literatur.
                     Carl-Theater</title>
            <title type="iso-date">1901-07-02</title>
            <respStmt>
               <resp>providing the content</resp>
               <name>Martin Anton Müller</name>
            </respStmt>
            <respStmt>
               <resp>converted to XML encoding</resp>
               <name>Martin Anton Müller</name>
            </respStmt>
         </titleStmt>
         <publicationStmt>
            <publisher>Austrian Centre for Digital Humanities and Cultural
                                    Heritage (ACDH-CH)</publisher>
            <date>2024-03-19+01:00</date>
            <idno type="URI">https://id.acdh.oeaw.ac.at/bahr-textverzeichnis/pmb123051.xml</idno>
         </publicationStmt>
         <sourceDesc>
            <p>Bibliografische Angaben eines in Druck erschienen Texts von
                                    Bahr</p>
         </sourceDesc>
      </fileDesc>
   </teiHeader>
   <text>
      <body>
         <div type="bibliografische-angabe">
            <biblStruct xml:id="pmb123051"
                        type="Journal-Article"
                        subtype="Nachtkritik"
                        status="checked"
                        prev="pmb123129"
                        next="pmb132773">
               <analytic>
                  <author ref="pmb10815">H. B.</author>
                  <title level="a" ref="pmb123051">Theater, Kunst und Literatur.
                     Carl-Theater</title>
               </analytic>
               <monogr>
                  <title level="j" ref="pmb41321">Neues Wiener Tagblatt</title>
                  <imprint>
                     <biblScope unit="jg">35</biblScope>
                     <biblScope unit="issue">178</biblScope>
                     <biblScope unit="page">7</biblScope>
                     <date when="1901-07-02">2.7.1901</date>
                  </imprint>
               </monogr>
               <note type="review-of">
                  <bibl>
                     <title level="m">Aus der Gemäldegalerie Parquetreihe Tetralogie der
                        Stylarten</title>
                     <note>Parodien der Theatergruppe »Schall und Rauch«</note>
                  </bibl>
               </note>
               <note type="incipit">»Schall und Rauch« nennt sich ein Verein, in dem Berliner
                  Schauspieler, die meisten vom Deutschen Theater, Unsinn treiben.</note>
               <ref type="personenindex">
                  <listRef>
                     <ptr type="pmb" target="pmb6596"/>
                     <ptr type="pmb" target="pmb4076"/>
                     <ptr type="pmb" target="pmb64773"/>
                     <ptr type="pmb" target="pmb20456"/>
                     <ptr type="pmb" target="pmb154201"/>
                  </listRef>
               </ref>
               <ref type="URL">https://anno.onb.ac.at/cgi-content/anno?aid=nwg&amp;datum=19010702&amp;seite=7</ref>
               <noteGrp type="keywords">
                  <note type="Journal-Article">Artikel in einem Periodikum</note>
                  <note subtype="Nachtkritik">Nachtkritik</note>
               </noteGrp>
               <note type="bibliographical-statement">H. B.: Theater, Kunst und Literatur.
                  Carl-Theater. In: Neues Wiener Tagblatt, Jg. 35, Nr. 178, 2.7.1901, S. 7.</note>
            </biblStruct>
         </div>
      </body>
      <back>
         <listPerson>
            <person xml:id="pmb6596">
               <persName>
                  <forename>Ignaz Franz</forename>
                  <surname>Castelli</surname>
               </persName>
               <persName type="legacy-name-merge">Castelli, Ignaz Franz</persName>
               <birth>
                  <date when-iso="1781-03-06">06.03.1781</date>
                  <settlement key="50">
                     <placeName type="pref">Wien</placeName>
                     <location>
                        <geo>48,2066 16,37341</geo>
                     </location>
                  </settlement>
               </birth>
               <death>
                  <date when-iso="1862-02-05">05.02.1862</date>
                  <settlement key="50">
                     <placeName type="pref">Wien</placeName>
                     <location>
                        <geo>48,2066 16,37341</geo>
                     </location>
                  </settlement>
               </death>
               <sex value="male"/>
               <occupation key="90">Schriftsteller/Schriftstellerin</occupation>
               <occupation key="1472">Beamter/Beamte</occupation>
               <idno type="URL" subtype="gnd">https://d-nb.info/gnd/118667424</idno>
               <idno type="URL" subtype="schnitzler-tagebuch">https://schnitzler-tagebuch.acdh.oeaw.ac.at/person_14156.html</idno>
               <idno type="URL" subtype="pmb">https://pmb.acdh.oeaw.ac.at/entity/6596/</idno>
               <idno type="URL" subtype="schnitzler-briefe">https://schnitzler-briefe.acdh.oeaw.ac.at/pmb6596.html</idno>
               <idno type="URL" subtype="fackel">https://fackel.oeaw.ac.at/?p=fackelp39824</idno>
               <idno type="URL" subtype="wikidata">http://www.wikidata.org/entity/Q78813</idno>
               <idno type="URL" subtype="wikipedia">https://de.wikipedia.org/wiki/Ignaz_Franz_Castelli</idno>
               <idno type="URL" subtype="oeml">https://dx.doi.org/10.1553/0x0001caaf</idno>
               <idno type="URL" subtype="oebl">https://doi.org/10.1553/0x002811ab</idno>
               <idno type="URL" subtype="bahr-textverzeichnis">https://bahr-textverzeichnis.acdh.oeaw.ac.at/pmb6596.html</idno>
               <idno type="URL" subtype="pmb">https://pmb.acdh.oeaw.ac.at/entity/159590/</idno>
               <idno type="URL" subtype="bahr-tsn">https://bahr-textverzeichnis.acdh.oeaw.ac.at/TSN-listperson.html#pmb6596</idno>
               <idno type="URL" subtype="hanslick-online">https://hanslick.acdh.oeaw.ac.at/hsl_person_id_376.html</idno>
               <listBibl>
                  <bibl type="collections" n="12">Fackel</bibl>
                  <bibl type="collections" n="16">Bahr Textverzeichnis</bibl>
               </listBibl>
               <note type="references">None </note>
               <figure>
                  <graphic url="https://commons.wikimedia.org/w/index.php?title=Special:Redirect/file/Friedrich%20von%20Amerling%20Portrait%20Iganz%20Franz%20Castelli.jpg"/>
               </figure>
            </person>
            <person xml:id="pmb4076">
               <persName>
                  <forename>Otto</forename>
                  <surname>Eisenschitz</surname>
               </persName>
               <persName type="person_geburtsname_nachname">Eisenschütz</persName>
               <persName type="legacy-name-merge">Eisenschitz, Otto</persName>
               <birth>
                  <date when-iso="1863-02-22">22.02.1863</date>
                  <settlement key="50">
                     <placeName type="pref">Wien</placeName>
                     <location>
                        <geo>48,2066 16,37341</geo>
                     </location>
                  </settlement>
               </birth>
               <death>
                  <date when-iso="1942-09-11">11.09.1942</date>
                  <settlement key="2258">
                     <placeName type="pref">Konzentrationslager Theresienstadt</placeName>
                     <location>
                        <geo>50,513639 14,164694</geo>
                     </location>
                  </settlement>
               </death>
               <sex value="male"/>
               <occupation key="90">Schriftsteller/Schriftstellerin</occupation>
               <occupation key="99">Journalist/Journalistin</occupation>
               <occupation key="115">Dramaturg/Dramaturgin</occupation>
               <occupation key="116">Übersetzer/Übersetzerin</occupation>
               <idno type="URL" subtype="gnd">https://d-nb.info/gnd/116434716</idno>
               <idno type="URL" subtype="schnitzler-tagebuch">https://schnitzler-tagebuch.acdh.oeaw.ac.at/person_14686.html</idno>
               <idno type="URL" subtype="schnitzler-bahr">https://schnitzler-bahr.acdh.oeaw.ac.at/pmb4076.html</idno>
               <idno type="URL" subtype="pmb">https://pmb.acdh.oeaw.ac.at/entity/4076/</idno>
               <idno type="URL" subtype="schnitzler-briefe">https://schnitzler-briefe.acdh.oeaw.ac.at/pmb4076.html</idno>
               <idno type="URL" subtype="fackel">https://fackel.oeaw.ac.at/?p=fackelp42473</idno>
               <idno type="URL" subtype="wikidata">http://www.wikidata.org/entity/Q55674469</idno>
               <idno type="URL" subtype="bahr-textverzeichnis">https://bahr-textverzeichnis.acdh.oeaw.ac.at/pmb4076.html</idno>
               <idno type="URL" subtype="pmb">https://pmb.acdh.oeaw.ac.at/entity/159909/</idno>
               <idno type="URL" subtype="bahr-tsn">https://bahr-textverzeichnis.acdh.oeaw.ac.at/TSN-listperson.html#pmb4076</idno>
               <idno type="URL" subtype="schnitzler-interviews">https://schnitzler-interviews.acdh.oeaw.ac.at/pmb4076.html</idno>
               <listBibl>
                  <bibl type="collections" n="12">Fackel</bibl>
                  <bibl type="collections" n="14">Kein deutscher Wikipedia-Eintrag
                        gefunden</bibl>
                  <bibl type="collections" n="16">Bahr Textverzeichnis</bibl>
                  <bibl type="collections" n="22">No german Wikipedia-Site found</bibl>
               </listBibl>
               <note type="references">None </note>
            </person>
            <person xml:id="pmb64773">
               <persName>
                  <forename>Heinrich Johann Immanuel</forename>
                  <surname>Anschütz</surname>
               </persName>
               <persName type="legacy-name-merge">Anschütz, Heinrich</persName>
               <birth>
                  <date when-iso="1785-02-08">1785-02-08</date>
               </birth>
               <death>
                  <date when-iso="1865-12-29">1865-12-29</date>
               </death>
               <sex value="male"/>
               <occupation key="104">Regisseur/Regisseurin</occupation>
               <occupation key="105">Schauspieler/Schauspielerin</occupation>
               <occupation key="116">Übersetzer/Übersetzerin</occupation>
               <idno type="URL" subtype="pmb">https://pmb.acdh.oeaw.ac.at/entity/64773/</idno>
               <idno type="URL" subtype="schnitzler-lektueren">https://schnitzler-lektueren.acdh.oeaw.ac.at/pmb64773.html</idno>
               <idno type="URL" subtype="bahr-textverzeichnis">https://bahr-textverzeichnis.acdh.oeaw.ac.at/pmb114418.html</idno>
               <idno type="URL" subtype="pmb">https://pmb.acdh.oeaw.ac.at/entity/114418/</idno>
               <idno type="URL" subtype="gnd">https://d-nb.info/gnd/116014180</idno>
               <idno type="URL" subtype="fackel">https://fackel.oeaw.ac.at/?p=fackelp45693</idno>
               <idno type="URL" subtype="wikidata">http://www.wikidata.org/entity/Q70516</idno>
               <idno type="URL" subtype="oeml">https://dx.doi.org/10.1553/0x0001f701</idno>
               <idno type="URL" subtype="oebl">https://doi.org/10.1553/0x00280e59</idno>
               <idno type="URL" subtype="wikipedia">https://de.wikipedia.org/wiki/Heinrich_Ansch%C3%BCtz</idno>
               <idno type="URL" subtype="hanslick-online">https://hanslick.acdh.oeaw.ac.at/hsl_person_id_1286.html</idno>
               <listBibl>
                  <bibl type="collections" n="12">Fackel</bibl>
                  <bibl type="collections" n="16">Bahr Textverzeichnis</bibl>
               </listBibl>
            </person>
            <person xml:id="pmb20456">
               <persName>
                  <forename>Karl Borromäus</forename>
                  <surname>Lindau</surname>
               </persName>
               <persName type="person_geburtsname_nachname">Gemperle</persName>
               <persName type="legacy-name-merge">Lindau, Karl</persName>
               <persName type="legacy-name-merge">Lindau, Karl</persName>
               <birth>
                  <date when-iso="1853-11-26">26.11.1853</date>
                  <settlement key="50">
                     <placeName type="pref">Wien</placeName>
                     <location>
                        <geo>48,2066 16,37341</geo>
                     </location>
                  </settlement>
               </birth>
               <death>
                  <date when-iso="1934-01-15">15.01.1934</date>
                  <settlement key="50">
                     <placeName type="pref">Wien</placeName>
                     <location>
                        <geo>48,2066 16,37341</geo>
                     </location>
                  </settlement>
               </death>
               <sex value="male"/>
               <occupation key="90">Schriftsteller/Schriftstellerin</occupation>
               <occupation key="105">Schauspieler/Schauspielerin</occupation>
               <occupation key="1535">Librettist/Librettistin</occupation>
               <idno type="URL" subtype="schnitzler-tagebuch">https://schnitzler-tagebuch.acdh.oeaw.ac.at/person_17557.html</idno>
               <idno type="URL" subtype="pmb">https://pmb.acdh.oeaw.ac.at/entity/20456/</idno>
               <idno type="URL" subtype="fackel">https://fackel.oeaw.ac.at/?p=fackelp47580</idno>
               <idno type="URL" subtype="pmb">https://pmb.acdh.oeaw.ac.at/entity/99252/</idno>
               <idno type="URL" subtype="gnd">https://d-nb.info/gnd/12106428X</idno>
               <idno type="URL" subtype="oebl">https://doi.org/10.1553/0x00282eec</idno>
               <idno type="URL" subtype="wikidata">http://www.wikidata.org/entity/Q1554967</idno>
               <idno type="URL" subtype="wikipedia">https://de.wikipedia.org/wiki/Karl_Lindau</idno>
               <idno type="URL" subtype="oeml">https://dx.doi.org/10.1553/0x0001d7cf</idno>
               <idno type="URL" subtype="schnitzler-interviews">https://schnitzler-interviews.acdh.oeaw.ac.at/pmb20456.html</idno>
               <idno type="URL" subtype="bahr-textverzeichnis">https://bahr-textverzeichnis.acdh.oeaw.ac.at/pmb20456.html</idno>
               <idno type="URL" subtype="hanslick-online">https://hanslick.acdh.oeaw.ac.at/hsl_person_id_3632.html</idno>
               <listBibl>
                  <bibl type="collections" n="11">ÖBL nach 1850 geboren</bibl>
                  <bibl type="collections" n="12">Fackel</bibl>
                  <bibl type="collections" n="16">Bahr Textverzeichnis</bibl>
               </listBibl>
               <figure>
                  <graphic url="https://commons.wikimedia.org/w/index.php?title=Special:Redirect/file/Karl%20Lindau%201886%20Eigner.jpg"/>
               </figure>
            </person>
            <person xml:id="pmb154201">
               <persName>
                  <forename>Gustav</forename>
                  <surname>Pohl</surname>
               </persName>
               <sex value="not-set"/>
               <occupation key="105">Schauspieler/Schauspielerin</occupation>
               <idno type="URL" subtype="pmb">https://pmb.acdh.oeaw.ac.at/entity/154201/</idno>
               <idno type="URL" subtype="bahr-textverzeichnis">https://bahr-textverzeichnis.acdh.oeaw.ac.at/pmb154201.html</idno>
               <listBibl>
                  <bibl type="collections" n="16">Bahr Textverzeichnis</bibl>
               </listBibl>
            </person>
         </listPerson>
      </back>
   </text>
</TEI>
