<?xml version="1.0" encoding="UTF-8"?>
<TEI xmlns="http://www.tei-c.org/ns/1.0"
     xmlns:tei="http://www.tei-c.org/ns/1.0"
     xml:id="pmb122881.xml"
     prev="pmb122877"
     next="pmb122879">
   <teiHeader>
      <fileDesc>
         <titleStmt>
            <title level="s">Hermann Bahr – Textverzeichnis</title>
            <title level="a">Theater, Kunst und Literatur. Theater in der
                     Josephstadt</title>
            <title type="iso-date">1902-09-17</title>
            <respStmt>
               <resp>providing the content</resp>
               <name>Martin Anton Müller</name>
            </respStmt>
            <respStmt>
               <resp>converted to XML encoding</resp>
               <name>Martin Anton Müller</name>
            </respStmt>
         </titleStmt>
         <publicationStmt>
            <publisher>Austrian Centre for Digital Humanities and Cultural
                                    Heritage (ACDH-CH)</publisher>
            <date>2024-03-19+01:00</date>
            <idno type="URI">https://id.acdh.oeaw.ac.at/bahr-textverzeichnis/pmb122881.xml</idno>
         </publicationStmt>
         <sourceDesc>
            <p>Bibliografische Angaben eines in Druck erschienen Texts von
                                    Bahr</p>
         </sourceDesc>
      </fileDesc>
   </teiHeader>
   <text>
      <body>
         <div type="bibliografische-angabe">
            <biblStruct xml:id="pmb122881"
                        type="Journal-Article"
                        subtype="Nachtkritik"
                        status="checked"
                        prev="pmb122877"
                        next="pmb122879">
               <analytic>
                  <author ref="pmb10815">H. B.</author>
                  <title level="a" ref="pmb122881">Theater, Kunst und Literatur. Theater in der
                     Josephstadt</title>
               </analytic>
               <monogr>
                  <title level="j" ref="pmb41321">Neues Wiener Tagblatt</title>
                  <imprint>
                     <biblScope unit="jg">36</biblScope>
                     <biblScope unit="issue">256</biblScope>
                     <biblScope unit="page">9</biblScope>
                     <date when="1902-09-17">17.9.1902</date>
                  </imprint>
               </monogr>
               <note type="review-of">
                  <bibl>
                     <title level="m">Le Billet de logement (Einquartierung)</title>
                     <author>Antony Mars</author>
                     <author>Henry Kéroul</author>
                     <author>deutsch von Benno Jacobson</author>
                  </bibl>
               </note>
               <note type="incipit">Das war gestern kein Lachen mehr, es war ein Wiehern durch das
                  ganze Haus, daß man manchmal minutenlang gar nicht mehr hören konnte, was die
                  Schauspieler sprachen</note>
               <ref type="personenindex">
                  <listRef>
                     <ptr type="pmb" target="pmb21076"/>
                     <ptr type="pmb" target="pmb12179"/>
                     <ptr type="pmb" target="pmb4179"/>
                     <ptr type="pmb" target="pmb154102"/>
                     <ptr type="pmb" target="pmb154103"/>
                     <ptr type="pmb" target="pmb22666"/>
                     <ptr type="pmb" target="pmb154104"/>
                     <ptr type="pmb" target="pmb154105"/>
                     <ptr type="pmb" target="pmb153616"/>
                     <ptr type="pmb" target="pmb154106"/>
                     <ptr type="pmb" target="pmb113667"/>
                     <ptr type="pmb" target="pmb148802"/>
                     <ptr type="pmb" target="pmb154108"/>
                  </listRef>
               </ref>
               <ref type="URL">https://anno.onb.ac.at/cgi-content/anno?aid=nwg&amp;datum=19020917&amp;seite=9</ref>
               <noteGrp type="keywords">
                  <note type="Journal-Article">Artikel in einem Periodikum</note>
                  <note subtype="Nachtkritik">Nachtkritik</note>
               </noteGrp>
               <note type="bibliographical-statement">H. B.: Theater, Kunst und Literatur. Theater
                  in der Josephstadt. In: Neues Wiener Tagblatt, Jg. 36, Nr. 256, 17.9.1902,
                  S. 9.</note>
            </biblStruct>
         </div>
      </body>
      <back>
         <listPerson>
            <person xml:id="pmb21076">
               <persName>
                  <forename>Antony</forename>
                  <surname>Mars</surname>
               </persName>
               <persName type="legacy-name-merge">Mars, Antony</persName>
               <persName type="legacy-name-merge">Mars, Antony</persName>
               <birth>
                  <date when-iso="1861-10-23">23.10.1861</date>
                  <settlement key="49600">
                     <placeName type="pref">Vence</placeName>
                     <location>
                        <geo>43,72254 7,11183</geo>
                     </location>
                  </settlement>
               </birth>
               <death>
                  <date when-iso="1915-02-17">1915-02-17</date>
                  <settlement key="182">
                     <placeName type="pref">Paris</placeName>
                     <location>
                        <geo>48,85341 2,3488</geo>
                     </location>
                  </settlement>
               </death>
               <sex value="male"/>
               <occupation key="90">Schriftsteller/Schriftstellerin</occupation>
               <occupation key="727">Dramatiker/Dramatikerin</occupation>
               <occupation key="1535">Librettist/Librettistin</occupation>
               <idno type="URL" subtype="schnitzler-tagebuch">https://schnitzler-tagebuch.acdh.oeaw.ac.at/person_17927.html</idno>
               <idno type="URL" subtype="pmb">https://pmb.acdh.oeaw.ac.at/entity/21076/</idno>
               <idno type="URL" subtype="fackel">https://fackel.oeaw.ac.at/?p=fackelp49587</idno>
               <idno type="URL" subtype="pmb">https://pmb.acdh.oeaw.ac.at/entity/117598/</idno>
               <idno type="URL" subtype="gnd">https://d-nb.info/gnd/116790571</idno>
               <idno type="URL" subtype="wikidata">http://www.wikidata.org/entity/Q16766447</idno>
               <idno type="URL" subtype="pmb">https://pmb.acdh.oeaw.ac.at/entity/161208/</idno>
               <idno type="URL" subtype="bahr-tsn">https://bahr-textverzeichnis.acdh.oeaw.ac.at/TSN-listperson.html#pmb21076</idno>
               <idno type="URL" subtype="bahr-textverzeichnis">https://bahr-textverzeichnis.acdh.oeaw.ac.at/pmb21076.html</idno>
               <listBibl>
                  <bibl type="collections" n="12">Fackel</bibl>
                  <bibl type="collections" n="14">Kein deutscher Wikipedia-Eintrag
                        gefunden</bibl>
                  <bibl type="collections" n="16">Bahr Textverzeichnis</bibl>
                  <bibl type="collections" n="22">No german Wikipedia-Site found</bibl>
               </listBibl>
               <note type="references"> </note>
               <figure>
                  <graphic url="https://commons.wikimedia.org/w/index.php?title=Special:Redirect/file/Anthony%20Mars.jpg"/>
               </figure>
            </person>
            <person xml:id="pmb12179">
               <persName>
                  <forename>Gustav</forename>
                  <surname>Maran</surname>
               </persName>
               <persName type="namensvariante">Dolezal</persName>
               <persName type="legacy-name-merge">Maran, Gustav</persName>
               <birth>
                  <date when-iso="1854-01-08">08.01.1854</date>
                  <settlement key="50">
                     <placeName type="pref">Wien</placeName>
                     <location>
                        <geo>48,2066 16,37341</geo>
                     </location>
                  </settlement>
               </birth>
               <death>
                  <date when-iso="1917-05-18">18.05.1917</date>
                  <settlement key="19055">
                     <placeName type="pref">Sulz im Wienerwald</placeName>
                     <location>
                        <geo>48,1008317 16,1374028</geo>
                     </location>
                  </settlement>
               </death>
               <sex value="male"/>
               <occupation key="105">Schauspieler/Schauspielerin</occupation>
               <idno type="URL" subtype="gnd">https://d-nb.info/gnd/130141283</idno>
               <idno type="URL" subtype="schnitzler-tagebuch">https://schnitzler-tagebuch.acdh.oeaw.ac.at/person_17849.html</idno>
               <idno type="URL" subtype="schnitzler-bahr">https://schnitzler-bahr.acdh.oeaw.ac.at/pmb12179.html</idno>
               <idno type="URL" subtype="pmb">https://pmb.acdh.oeaw.ac.at/entity/12179/</idno>
               <idno type="URL" subtype="fackel">https://fackel.oeaw.ac.at/?p=fackelp49591</idno>
               <idno type="URL" subtype="wikidata">http://www.wikidata.org/entity/Q1556180</idno>
               <idno type="URL" subtype="wikipedia">https://de.wikipedia.org/wiki/Gustav_Maran</idno>
               <idno type="URL" subtype="bahr-textverzeichnis">https://bahr-textverzeichnis.acdh.oeaw.ac.at/pmb12179.html</idno>
               <idno type="URL" subtype="pmb">https://pmb.acdh.oeaw.ac.at/entity/161182/</idno>
               <idno type="URL" subtype="bahr-tsn">https://bahr-textverzeichnis.acdh.oeaw.ac.at/TSN-listperson.html#pmb12179</idno>
               <listEvent>
                  <event key="45067" when-iso="1904-10-05">
                     <desc n="1256">ist Arbeitskraft bei</desc>
                     <label>Aufführung von Herzogin Crevette, 5.10.1904</label>
                     <idno type="URL" subtype="pmb">https://pmb.acdh.oeaw.ac.at/entity/45067/</idno>
                  </event>
               </listEvent>
               <listBibl>
                  <bibl type="collections" n="12">Fackel</bibl>
                  <bibl type="collections" n="16">Bahr Textverzeichnis</bibl>
               </listBibl>
               <note type="references">None </note>
               <figure>
                  <graphic url="https://commons.wikimedia.org/w/index.php?title=Special:Redirect/file/Gustav%20Maran%20wenige%20Wochen%20vor%20seinem%20Tode%201917%20Charles%20Scolik.png"/>
               </figure>
            </person>
            <person xml:id="pmb4179">
               <persName>
                  <forename>Eugen</forename>
                  <surname>Jensen</surname>
               </persName>
               <persName type="namensvariante">Jacobsen</persName>
               <persName type="legacy-name-merge">Jensen, Eugen</persName>
               <birth>
                  <date when-iso="1871-01-26">26.1.1871</date>
                  <settlement key="50">
                     <placeName type="pref">Wien</placeName>
                     <location>
                        <geo>48,2066 16,37341</geo>
                     </location>
                  </settlement>
               </birth>
               <death>
                  <date when-iso="1957-11-23">23.11.1957</date>
                  <settlement key="45258">
                     <placeName type="pref">München</placeName>
                     <location>
                        <geo>48,13743 11,57549</geo>
                     </location>
                  </settlement>
               </death>
               <sex value="male"/>
               <occupation key="105">Schauspieler/Schauspielerin</occupation>
               <idno type="URL" subtype="schnitzler-bahr">https://schnitzler-bahr.acdh.oeaw.ac.at/pmb4179.html</idno>
               <idno type="URL" subtype="pmb">https://pmb.acdh.oeaw.ac.at/entity/4179/</idno>
               <idno type="URL" subtype="legalkraus">https://kraus.wienbibliothek.at/register/personen/pmb4179</idno>
               <idno type="URL" subtype="fackel">https://fackel.oeaw.ac.at/?p=fackelp42978</idno>
               <idno type="URL" subtype="wikidata">http://www.wikidata.org/entity/Q1372641</idno>
               <idno type="URL" subtype="wikipedia">https://de.wikipedia.org/wiki/Eugen_Jensen</idno>
               <idno type="URL" subtype="gnd">https://d-nb.info/gnd/137455666</idno>
               <idno type="URL" subtype="schnitzler-tagebuch">https://schnitzler-tagebuch.acdh.oeaw.ac.at/person_16537.html</idno>
               <idno type="URL" subtype="bahr-textverzeichnis">https://bahr-textverzeichnis.acdh.oeaw.ac.at/pmb4179.html</idno>
               <listEvent>
                  <event key="35406" when-iso="1898-11-18">
                     <desc n="1256">ist Arbeitskraft bei</desc>
                     <label>Premiere von Juana und Abschiedssouper, 18.11.1898</label>
                     <idno type="URL" subtype="pmb">https://pmb.acdh.oeaw.ac.at/entity/35406/</idno>
                  </event>
               </listEvent>
               <listBibl>
                  <bibl type="collections" n="5">legalkraus</bibl>
                  <bibl type="collections" n="12">Fackel</bibl>
               </listBibl>
               <figure>
                  <graphic url="https://commons.wikimedia.org/w/index.php?title=Special:Redirect/file/Eugen%20Jensen%201898.jpg"/>
               </figure>
            </person>
            <person xml:id="pmb154102">
               <persName>
                  <forename>Henri</forename>
                  <surname>Kéroul</surname>
               </persName>
               <persName type="legacy-name-merge">Kéroul, Henri</persName>
               <birth>
                  <date notBefore-iso="1857-01-01"
                        when-iso="1857-01-01"
                        notAfter-iso="1857-12-31">1857</date>
               </birth>
               <death>
                  <date when-iso="1921-01-01" notAfter-iso="1921-12-31">1921</date>
               </death>
               <sex value="not-set"/>
               <idno type="URL" subtype="pmb">https://pmb.acdh.oeaw.ac.at/entity/154102/</idno>
               <idno type="URL" subtype="bahr-textverzeichnis">https://bahr-textverzeichnis.acdh.oeaw.ac.at/pmb154102.html</idno>
               <idno type="URL" subtype="pmb">https://pmb.acdh.oeaw.ac.at/entity/160920/</idno>
               <idno type="URL" subtype="bahr-tsn">https://bahr-textverzeichnis.acdh.oeaw.ac.at/TSN-listperson.html#pmb154102</idno>
               <listBibl>
                  <bibl type="collections" n="16">Bahr Textverzeichnis</bibl>
               </listBibl>
               <note type="references">None </note>
            </person>
            <person xml:id="pmb154103">
               <persName>
                  <forename>Benno</forename>
                  <surname>Jacobson</surname>
               </persName>
               <birth>
                  <date>(1859</date>
               </birth>
               <death>
                  <date when-iso="1912-01-01" notAfter-iso="1912-12-31">1912</date>
               </death>
               <sex value="not-set"/>
               <idno type="URL" subtype="pmb">https://pmb.acdh.oeaw.ac.at/entity/154103/</idno>
               <idno type="URL" subtype="bahr-textverzeichnis">https://bahr-textverzeichnis.acdh.oeaw.ac.at/pmb154103.html</idno>
               <listBibl>
                  <bibl type="collections" n="16">Bahr Textverzeichnis</bibl>
               </listBibl>
            </person>
            <person xml:id="pmb22666">
               <persName>
                  <forename>Victoria</forename>
                  <surname>Pohl-Meiser</surname>
               </persName>
               <persName type="person_geburtsname_nachname">Meiser</persName>
               <persName type="legacy-name-merge">Pohl-Meiser, Viktoria</persName>
               <persName type="legacy-name-merge">Pohl-Meiser, Victoria</persName>
               <birth>
                  <date when-iso="1858-11-28">28.11.1858</date>
                  <settlement key="45258">
                     <placeName type="pref">München</placeName>
                     <location>
                        <geo>48,13743 11,57549</geo>
                     </location>
                  </settlement>
               </birth>
               <death>
                  <date when-iso="1936-06-16">16.06.1936</date>
                  <settlement key="968">
                     <placeName type="pref">Mödling</placeName>
                     <location>
                        <geo>48,08605 16,28921</geo>
                     </location>
                  </settlement>
               </death>
               <sex value="female"/>
               <occupation key="105">Schauspieler/Schauspielerin</occupation>
               <occupation key="107">Sänger/Sängerin</occupation>
               <idno type="URL" subtype="schnitzler-tagebuch">https://schnitzler-tagebuch.acdh.oeaw.ac.at/person_18850.html</idno>
               <idno type="URL" subtype="schnitzler-bahr">https://schnitzler-bahr.acdh.oeaw.ac.at/pmb22666.html</idno>
               <idno type="URL" subtype="pmb">https://pmb.acdh.oeaw.ac.at/entity/22666/</idno>
               <idno type="URL" subtype="fackel">https://fackel.oeaw.ac.at/?p=fackelp51573</idno>
               <idno type="URL" subtype="pmb">https://pmb.acdh.oeaw.ac.at/entity/101692/</idno>
               <idno type="URL" subtype="gnd">https://d-nb.info/gnd/116260653</idno>
               <idno type="URL" subtype="oebl">https://doi.org/10.1553/0x0028390a</idno>
               <idno type="URL" subtype="wikidata">http://www.wikidata.org/entity/Q58011561</idno>
               <idno type="URL" subtype="wikipedia">https://de.wikipedia.org/wiki/Viktoria_Pohl-Meiser</idno>
               <idno type="URL" subtype="oeml">https://dx.doi.org/10.1553/0x0001dd5c</idno>
               <idno type="URL" subtype="pmb">https://pmb.acdh.oeaw.ac.at/entity/161713/</idno>
               <idno type="URL" subtype="bahr-tsn">https://bahr-textverzeichnis.acdh.oeaw.ac.at/TSN-listperson.html#pmb22666</idno>
               <idno type="URL" subtype="bahr-textverzeichnis">https://bahr-textverzeichnis.acdh.oeaw.ac.at/pmb22666.html</idno>
               <listEvent>
                  <event key="45952" when-iso="1898-01-16">
                     <desc n="1256">ist Arbeitskraft bei</desc>
                     <label>Premiere von Abschiedssouper, Uraufführung Weihnachtseinkäufe,
                           16.1.1898</label>
                     <idno type="URL" subtype="pmb">https://pmb.acdh.oeaw.ac.at/entity/45952/</idno>
                  </event>
               </listEvent>
               <listBibl>
                  <bibl type="collections" n="11">ÖBL nach 1850 geboren</bibl>
                  <bibl type="collections" n="12">Fackel</bibl>
                  <bibl type="collections" n="16">Bahr Textverzeichnis</bibl>
               </listBibl>
               <note type="references"> </note>
            </person>
            <person xml:id="pmb154104">
               <persName>
                  <forename>Käthe</forename>
                  <surname>Krenn</surname>
               </persName>
               <sex value="not-set"/>
               <occupation key="105">Schauspieler/Schauspielerin</occupation>
               <idno type="URL" subtype="pmb">https://pmb.acdh.oeaw.ac.at/entity/154104/</idno>
               <idno type="URL" subtype="bahr-textverzeichnis">https://bahr-textverzeichnis.acdh.oeaw.ac.at/pmb154104.html</idno>
               <listBibl>
                  <bibl type="collections" n="16">Bahr Textverzeichnis</bibl>
               </listBibl>
            </person>
            <person xml:id="pmb154105">
               <persName>
                  <surname>Wagen</surname>
               </persName>
               <sex value="not-set"/>
               <occupation key="105">Schauspieler/Schauspielerin</occupation>
               <idno type="URL" subtype="pmb">https://pmb.acdh.oeaw.ac.at/entity/154105/</idno>
               <idno type="URL" subtype="bahr-textverzeichnis">https://bahr-textverzeichnis.acdh.oeaw.ac.at/pmb154105.html</idno>
               <listBibl>
                  <bibl type="collections" n="16">Bahr Textverzeichnis</bibl>
               </listBibl>
            </person>
            <person xml:id="pmb153616">
               <persName>
                  <surname>Luella Williams</surname>
               </persName>
               <sex value="female"/>
               <occupation key="105">Schauspieler/Schauspielerin</occupation>
               <idno type="URL" subtype="pmb">https://pmb.acdh.oeaw.ac.at/entity/153616/</idno>
               <idno type="URL" subtype="wikidata">http://www.wikidata.org/entity/Q113467532</idno>
               <idno type="URL" subtype="bahr-textverzeichnis">https://bahr-textverzeichnis.acdh.oeaw.ac.at/pmb153616.html</idno>
               <listBibl>
                  <bibl type="collections" n="16">Bahr Textverzeichnis</bibl>
                  <bibl type="collections" n="22">No german Wikipedia-Site found</bibl>
               </listBibl>
            </person>
            <person xml:id="pmb154106">
               <persName>
                  <surname>Gartner</surname>
               </persName>
               <sex value="not-set"/>
               <occupation key="105">Schauspieler/Schauspielerin</occupation>
               <idno type="URL" subtype="pmb">https://pmb.acdh.oeaw.ac.at/entity/154106/</idno>
               <idno type="URL" subtype="bahr-textverzeichnis">https://bahr-textverzeichnis.acdh.oeaw.ac.at/pmb154106.html</idno>
               <listBibl>
                  <bibl type="collections" n="16">Bahr Textverzeichnis</bibl>
               </listBibl>
            </person>
            <person xml:id="pmb113667">
               <persName>
                  <forename>Emil</forename>
                  <surname>Guttmann</surname>
               </persName>
               <persName type="legacy-name-merge">Guttmann, Emil</persName>
               <birth>
                  <date when-iso="1879-09-23">1879-09-23</date>
               </birth>
               <death>
                  <date when-iso="1934-03-26">1934-03-26</date>
                  <settlement key="50">
                     <placeName type="pref">Wien</placeName>
                     <location>
                        <geo>48,2066 16,37341</geo>
                     </location>
                  </settlement>
               </death>
               <sex value="male"/>
               <occupation key="104">Regisseur/Regisseurin</occupation>
               <occupation key="105">Schauspieler/Schauspielerin</occupation>
               <occupation key="107">Sänger/Sängerin</occupation>
               <idno type="URL" subtype="pmb">https://pmb.acdh.oeaw.ac.at/entity/113667/</idno>
               <idno type="URL" subtype="gnd">https://d-nb.info/gnd/142373877</idno>
               <idno type="URL" subtype="fackel">https://fackel.oeaw.ac.at/?p=fackelp42617</idno>
               <idno type="URL" subtype="wikidata">http://www.wikidata.org/entity/Q1336148</idno>
               <idno type="URL" subtype="wikipedia">https://de.wikipedia.org/wiki/Emil_Guttmann</idno>
               <idno type="URL" subtype="pmb">https://pmb.acdh.oeaw.ac.at/entity/154107/</idno>
               <idno type="URL" subtype="bahr-textverzeichnis">https://bahr-textverzeichnis.acdh.oeaw.ac.at/pmb113667.html</idno>
               <listBibl>
                  <bibl type="collections" n="12">Fackel</bibl>
                  <bibl type="collections" n="16">Bahr Textverzeichnis</bibl>
               </listBibl>
            </person>
            <person xml:id="pmb148802">
               <persName>
                  <forename>Laurence</forename>
                  <surname>Dorr</surname>
               </persName>
               <birth>
                  <date when-iso="1953-09-18">1953-09-18</date>
                  <settlement key="114051">
                     <placeName type="pref">Boston, Mass.</placeName>
                     <location>
                        <geo>42,358333 -71,059722</geo>
                     </location>
                  </settlement>
               </birth>
               <sex value="male"/>
               <occupation key="105">Schauspieler/Schauspielerin</occupation>
               <idno type="URL" subtype="pmb">https://pmb.acdh.oeaw.ac.at/entity/148802/</idno>
               <idno type="URL" subtype="wikidata">http://www.wikidata.org/entity/Q2024617</idno>
               <idno type="URL" subtype="gnd">https://d-nb.info/gnd/105642527X</idno>
               <idno type="URL" subtype="bahr-textverzeichnis">https://bahr-textverzeichnis.acdh.oeaw.ac.at/pmb148802.html</idno>
               <idno type="URL" subtype="wikipedia">https://de.wikipedia.org/wiki/Laurence_J._Dorr</idno>
               <listBibl>
                  <bibl type="collections" n="16">Bahr Textverzeichnis</bibl>
               </listBibl>
            </person>
            <person xml:id="pmb154108">
               <persName>
                  <forename>Fritz</forename>
                  <surname>Straßny</surname>
               </persName>
               <sex value="not-set"/>
               <occupation key="105">Schauspieler/Schauspielerin</occupation>
               <idno type="URL" subtype="pmb">https://pmb.acdh.oeaw.ac.at/entity/154108/</idno>
               <idno type="URL" subtype="bahr-textverzeichnis">https://bahr-textverzeichnis.acdh.oeaw.ac.at/pmb154108.html</idno>
               <listBibl>
                  <bibl type="collections" n="16">Bahr Textverzeichnis</bibl>
               </listBibl>
            </person>
         </listPerson>
      </back>
   </text>
</TEI>
