<?xml version="1.0" encoding="UTF-8"?>
<TEI xmlns="http://www.tei-c.org/ns/1.0"
     xmlns:tei="http://www.tei-c.org/ns/1.0"
     xml:id="pmb122511.xml"
     prev="pmb122513"
     next="pmb123933">
   <teiHeader>
      <fileDesc>
         <titleStmt>
            <title level="s">Hermann Bahr – Textverzeichnis</title>
            <title level="a">Freie Gedanken. [II]</title>
            <title type="iso-date">1882-10-01</title>
            <respStmt>
               <resp>providing the content</resp>
               <name>Martin Anton Müller</name>
            </respStmt>
            <respStmt>
               <resp>converted to XML encoding</resp>
               <name>Martin Anton Müller</name>
            </respStmt>
         </titleStmt>
         <publicationStmt>
            <publisher>Austrian Centre for Digital Humanities and Cultural
                                    Heritage (ACDH-CH)</publisher>
            <date>2024-03-19+01:00</date>
            <idno type="URI">https://id.acdh.oeaw.ac.at/bahr-textverzeichnis/pmb122511.xml</idno>
         </publicationStmt>
         <sourceDesc>
            <p>Bibliografische Angaben eines in Druck erschienen Texts von
                                    Bahr</p>
         </sourceDesc>
      </fileDesc>
   </teiHeader>
   <text>
      <body>
         <div type="bibliografische-angabe">
            <biblStruct xml:id="pmb122511"
                        type="Journal-Article"
                        status="checked"
                        prev="pmb122513"
                        next="pmb123933">
               <analytic>
                  <author ref="pmb10815">Kieselak</author>
                  <title level="a" ref="pmb122511">Freie Gedanken. [II]</title>
               </analytic>
               <monogr>
                  <title level="j" ref="pmb122066">Linzer Sonntagsblatt</title>
                  <imprint>
                     <biblScope unit="jg">3</biblScope>
                     <biblScope unit="issue">40</biblScope>
                     <biblScope unit="page">1–2</biblScope>
                     <date when="1882-10-01">1.10.1882</date>
                  </imprint>
               </monogr>
               <note type="incipit">Daß unsere Partei weder mit den windbeuteligen Schnorrern,
                  Mäklern, Jobbern</note>
               <note type="summary">In seiner zweiten Kolumne als Kieselak schießt sich Bahr auf die
                  Demokraten und vor allem die Sozialisten ein, denn gerade im Umgang mit letzteren
                  zeigt es sich ihm, dass die Deutschnationalen die »eigentlichen« Sozialisten
                  sind.</note>
               <ref type="personenindex">
                  <listRef>
                     <ptr type="pmb" target="pmb2412"/>
                     <ptr type="pmb" target="pmb11461"/>
                     <ptr type="pmb" target="pmb5329"/>
                     <ptr type="pmb" target="pmb3471"/>
                     <ptr type="pmb" target="pmb12195"/>
                     <ptr type="pmb" target="pmb10943"/>
                     <ptr type="pmb" target="pmb10966"/>
                     <ptr type="pmb" target="pmb112759"/>
                     <ptr type="pmb" target="pmb148619"/>
                     <ptr type="pmb" target="pmb148611"/>
                     <ptr type="pmb" target="pmb114358"/>
                  </listRef>
               </ref>
               <noteGrp type="keywords">
                  <note type="Journal-Article">Artikel in einem Periodikum</note>
               </noteGrp>
               <note type="bibliographical-statement">Kieselak: Freie Gedanken. [II]. In: Linzer
                  Sonntagsblatt, Jg. 3, Nr. 40, 1.10.1882, S. 1–2.</note>
            </biblStruct>
         </div>
      </body>
      <back>
         <listPerson>
            <person xml:id="pmb2412">
               <persName>
                  <forename>William</forename>
                  <surname>Shakespeare</surname>
               </persName>
               <persName type="legacy-name-merge">Shakespeare, William</persName>
               <birth>
                  <date when-iso="1564-04-23">23.4.1564?</date>
                  <settlement key="49870">
                     <placeName type="pref">Stratford-upon-Avon</placeName>
                     <location>
                        <geo>52,19166 -1,70734</geo>
                     </location>
                  </settlement>
               </birth>
               <death>
                  <date when-iso="1616-05-03">03.05.1616</date>
                  <settlement key="49870">
                     <placeName type="pref">Stratford-upon-Avon</placeName>
                     <location>
                        <geo>52,19166 -1,70734</geo>
                     </location>
                  </settlement>
               </death>
               <sex value="male"/>
               <occupation key="105">Schauspieler/Schauspielerin</occupation>
               <occupation key="727">Dramatiker/Dramatikerin</occupation>
               <idno type="URL" subtype="gnd">https://d-nb.info/gnd/118613723</idno>
               <idno type="URL" subtype="bahr-textverzeichnis">https://bahr-textverzeichnis.acdh.oeaw.ac.at/pmb2412.html</idno>
               <idno type="URL" subtype="schnitzler-bahr">https://schnitzler-bahr.acdh.oeaw.ac.at/pmb2412.html</idno>
               <idno type="URL" subtype="pmb">https://pmb.acdh.oeaw.ac.at/entity/2412/</idno>
               <idno type="URL" subtype="schnitzler-briefe">https://schnitzler-briefe.acdh.oeaw.ac.at/pmb2412.html</idno>
               <idno type="URL" subtype="schnitzler-lektueren">https://schnitzler-lektueren.acdh.oeaw.ac.at/pmb2412.html</idno>
               <idno type="URL" subtype="legalkraus">https://kraus.wienbibliothek.at/register/personen/pmb2412</idno>
               <idno type="URL" subtype="fackel">https://fackel.oeaw.ac.at/?p=fackelp55589</idno>
               <idno type="URL" subtype="dritte-walpurgisnacht">https://kraus1933.ace.oeaw.ac.at/Gesamt.xml?template=register_personen.html&amp;letter=S#DWpers0220</idno>
               <idno type="URL" subtype="wikidata">http://www.wikidata.org/entity/Q692</idno>
               <idno type="URL" subtype="wikipedia">https://de.wikipedia.org/wiki/William_Shakespeare</idno>
               <idno type="URL" subtype="thun-korrespondenz">https://thun-korrespondenz.acdh.oeaw.ac.at/shakespeare-william.html</idno>
               <idno type="URL" subtype="schnitzler-interviews">https://schnitzler-interviews.acdh.oeaw.ac.at/pmb2412.html</idno>
               <idno type="URL" subtype="pmb">https://pmb.acdh.oeaw.ac.at/entity/162255/</idno>
               <idno type="URL" subtype="schnitzler-tagebuch">https://schnitzler-tagebuch.acdh.oeaw.ac.at/person_20078.html</idno>
               <idno type="URL" subtype="bahr-tsn">https://bahr-textverzeichnis.acdh.oeaw.ac.at/TSN-listperson.html#pmb2412</idno>
               <idno type="URL" subtype="hanslick-online">https://hanslick.acdh.oeaw.ac.at/hsl_person_id_287.html</idno>
               <idno type="URL" subtype="auden-musulin-papers">https://amp.acdh.oeaw.ac.at/amp_person_10.html</idno>
               <listBibl>
                  <bibl type="collections" n="5">legalkraus</bibl>
                  <bibl type="collections" n="10">Karl Kraus 1933: Dritte Walpurgisnacht</bibl>
                  <bibl type="collections" n="12">Fackel</bibl>
                  <bibl type="collections" n="16">Bahr Textverzeichnis</bibl>
               </listBibl>
               <note type="references"> </note>
               <figure>
                  <graphic url="https://commons.wikimedia.org/w/index.php?title=Special:Redirect/file/Shakespeare.jpg"/>
               </figure>
            </person>
            <person xml:id="pmb11461">
               <persName>
                  <forename>Johann Wolfgang von</forename>
                  <surname>Goethe</surname>
               </persName>
               <persName type="legacy-name-merge">Goethe, Johann Wolfgang von</persName>
               <birth>
                  <date when-iso="1749-08-28">1749-08-28</date>
                  <settlement key="146">
                     <placeName type="pref">Frankfurt am Main</placeName>
                     <location>
                        <geo>50,11552 8,68417</geo>
                     </location>
                  </settlement>
               </birth>
               <death>
                  <date when-iso="1832-03-22">1832-03-22</date>
                  <settlement key="197">
                     <placeName type="pref">Weimar</placeName>
                     <location>
                        <geo>50,97361 11,33806</geo>
                     </location>
                  </settlement>
               </death>
               <sex value="male"/>
               <occupation key="90">Schriftsteller/Schriftstellerin</occupation>
               <idno type="URL" subtype="gnd">https://d-nb.info/gnd/118540238</idno>
               <idno type="URL" subtype="schnitzler-tagebuch">https://schnitzler-tagebuch.acdh.oeaw.ac.at/person_15499.html</idno>
               <idno type="URL" subtype="bahr-textverzeichnis">https://bahr-textverzeichnis.acdh.oeaw.ac.at/pmb11461.html</idno>
               <idno type="URL" subtype="schnitzler-bahr">https://schnitzler-bahr.acdh.oeaw.ac.at/pmb11461.html</idno>
               <idno type="URL" subtype="pmb">https://pmb.acdh.oeaw.ac.at/entity/11461/</idno>
               <idno type="URL" subtype="schnitzler-briefe">https://schnitzler-briefe.acdh.oeaw.ac.at/pmb11461.html</idno>
               <idno type="URL" subtype="schnitzler-lektueren">https://schnitzler-lektueren.acdh.oeaw.ac.at/pmb11461.html</idno>
               <idno type="URL" subtype="legalkraus">https://kraus.wienbibliothek.at/register/personen/pmb11461</idno>
               <idno type="URL" subtype="fackel">https://fackel.oeaw.ac.at/?p=fackelp46960</idno>
               <idno type="URL" subtype="dritte-walpurgisnacht">https://kraus1933.ace.oeaw.ac.at/Gesamt.xml?template=register_personen.html&amp;letter=G#DWpers0080</idno>
               <idno type="URL" subtype="wikidata">http://www.wikidata.org/entity/Q5879</idno>
               <idno type="URL" subtype="wikipedia">https://de.wikipedia.org/wiki/Johann_Wolfgang_von_Goethe</idno>
               <idno type="URL" subtype="thun-korrespondenz">https://thun-korrespondenz.acdh.oeaw.ac.at/goethe-johann-wolfgang.html</idno>
               <idno type="URL" subtype="freud">https://freud.acdh-dev.oeaw.ac.at/frd_person_24.html</idno>
               <idno type="URL" subtype="schnitzler-kino">https://schnitzler-kino.acdh.oeaw.ac.at/pmb11461.html</idno>
               <idno type="URL" subtype="schnitzler-interviews">https://schnitzler-interviews.acdh.oeaw.ac.at/pmb11461.html</idno>
               <idno type="URL" subtype="pmb">https://pmb.acdh.oeaw.ac.at/entity/160235/</idno>
               <idno type="URL" subtype="bahr-tsn">https://bahr-textverzeichnis.acdh.oeaw.ac.at/TSN-listperson.html#pmb11461</idno>
               <idno type="URL" subtype="hanslick-online">https://hanslick.acdh.oeaw.ac.at/hsl_person_id_100.html</idno>
               <idno type="URL" subtype="auden-musulin-papers">https://amp.acdh.oeaw.ac.at/amp_person_11.html</idno>
               <listBibl>
                  <bibl type="collections" n="5">legalkraus</bibl>
                  <bibl type="collections" n="10">Karl Kraus 1933: Dritte Walpurgisnacht</bibl>
                  <bibl type="collections" n="12">Fackel</bibl>
                  <bibl type="collections" n="16">Bahr Textverzeichnis</bibl>
               </listBibl>
               <figure>
                  <graphic url="https://commons.wikimedia.org/w/index.php?title=Special:Redirect/file/Goethe%20%28Stieler%201828%29.jpg"/>
               </figure>
            </person>
            <person xml:id="pmb5329">
               <persName>
                  <forename>Ferdinand</forename>
                  <surname>Kronawetter</surname>
               </persName>
               <birth>
                  <date when-iso="1838-02-26">26.02.1838</date>
                  <settlement key="50">
                     <placeName type="pref">Wien</placeName>
                     <location>
                        <geo>48,2066 16,37341</geo>
                     </location>
                  </settlement>
               </birth>
               <death>
                  <date when-iso="1913-01-20">20.01.1913</date>
                  <settlement key="49316">
                     <placeName type="pref">Pottschach</placeName>
                     <location>
                        <geo>47,69856 16,00725</geo>
                     </location>
                  </settlement>
               </death>
               <sex value="male"/>
               <occupation key="95">Politiker/Politikerin</occupation>
               <idno type="URL" subtype="gnd">https://d-nb.info/gnd/134206649</idno>
               <idno type="URL" subtype="pmb">https://pmb.acdh.oeaw.ac.at/entity/5329/</idno>
               <idno type="URL" subtype="fackel">https://fackel.oeaw.ac.at/?p=fackelp41410</idno>
               <idno type="URL" subtype="wikidata">http://www.wikidata.org/entity/Q896167</idno>
               <idno type="URL" subtype="wikipedia">https://de.wikipedia.org/wiki/Ferdinand_Kronawetter</idno>
               <idno type="URL" subtype="oebl">https://doi.org/10.1553/0x002825b2</idno>
               <idno type="URL" subtype="schnitzler-interviews">https://schnitzler-interviews.acdh.oeaw.ac.at/pmb5329.html</idno>
               <idno type="URL" subtype="bahr-textverzeichnis">https://bahr-textverzeichnis.acdh.oeaw.ac.at/pmb5329.html</idno>
               <listBibl>
                  <bibl type="collections" n="12">Fackel</bibl>
               </listBibl>
               <figure>
                  <graphic url="https://commons.wikimedia.org/w/index.php?title=Special:Redirect/file/Ferdinand%20Kronawetter.jpg"/>
               </figure>
            </person>
            <person xml:id="pmb3471">
               <persName>
                  <forename>Ferdinand</forename>
                  <surname>Lassalle</surname>
               </persName>
               <persName type="person_geburtsname_nachname">Lassal</persName>
               <persName type="legacy-name-merge">Lassalle, Ferdinand</persName>
               <birth>
                  <date when-iso="1825-04-11">11.04.1825</date>
                  <settlement key="677">
                     <placeName type="pref">Breslau</placeName>
                     <location>
                        <geo>51,10773 17,03533</geo>
                     </location>
                  </settlement>
               </birth>
               <death>
                  <date when-iso="1864-08-31">31.08.1864</date>
                  <settlement key="58876">
                     <placeName type="pref">Carouge</placeName>
                     <location>
                        <geo>46,18096 6,13921</geo>
                     </location>
                  </settlement>
               </death>
               <sex value="male"/>
               <occupation key="90">Schriftsteller/Schriftstellerin</occupation>
               <occupation key="95">Politiker/Politikerin</occupation>
               <occupation key="237">Publizist/Publizistin</occupation>
               <idno type="URL" subtype="gnd">https://d-nb.info/gnd/118569910</idno>
               <idno type="URL" subtype="schnitzler-tagebuch">https://schnitzler-tagebuch.acdh.oeaw.ac.at/person_17340.html</idno>
               <idno type="URL" subtype="schnitzler-bahr">https://schnitzler-bahr.acdh.oeaw.ac.at/pmb3471.html</idno>
               <idno type="URL" subtype="pmb">https://pmb.acdh.oeaw.ac.at/entity/3471/</idno>
               <idno type="URL" subtype="schnitzler-briefe">https://schnitzler-briefe.acdh.oeaw.ac.at/pmb3471.html</idno>
               <idno type="URL" subtype="schnitzler-lektueren">https://schnitzler-lektueren.acdh.oeaw.ac.at/pmb3471.html</idno>
               <idno type="URL" subtype="legalkraus">https://kraus.wienbibliothek.at/register/personen/pmb3471</idno>
               <idno type="URL" subtype="fackel">https://fackel.oeaw.ac.at/?p=fackelp43221</idno>
               <idno type="URL" subtype="dritte-walpurgisnacht">https://kraus1933.ace.oeaw.ac.at/Gesamt.xml?template=register_personen.html&amp;letter=L#DWpers0147</idno>
               <idno type="URL" subtype="wikidata">http://www.wikidata.org/entity/Q75784</idno>
               <idno type="URL" subtype="wikipedia">https://de.wikipedia.org/wiki/Ferdinand_Lassalle</idno>
               <idno type="URL" subtype="pmb">https://pmb.acdh.oeaw.ac.at/entity/160982/</idno>
               <idno type="URL" subtype="bahr-tsn">https://bahr-textverzeichnis.acdh.oeaw.ac.at/TSN-listperson.html#pmb3471</idno>
               <idno type="URL" subtype="bahr-textverzeichnis">https://bahr-textverzeichnis.acdh.oeaw.ac.at/pmb3471.html</idno>
               <listBibl>
                  <bibl type="collections" n="5">legalkraus</bibl>
                  <bibl type="collections" n="10">Karl Kraus 1933: Dritte Walpurgisnacht</bibl>
                  <bibl type="collections" n="12">Fackel</bibl>
                  <bibl type="collections" n="16">Bahr Textverzeichnis</bibl>
               </listBibl>
               <note type="references"> </note>
               <figure>
                  <graphic url="https://commons.wikimedia.org/w/index.php?title=Special:Redirect/file/Ferdinandlasalle.jpg"/>
               </figure>
            </person>
            <person xml:id="pmb12195">
               <persName>
                  <forename>Karl</forename>
                  <surname>Marx</surname>
               </persName>
               <persName type="legacy-name-merge">Marx, Karl</persName>
               <birth>
                  <date when-iso="1818-05-05">05.05.1818</date>
                  <settlement key="62079">
                     <placeName type="pref">Trier</placeName>
                     <location>
                        <geo>49,75565 6,63935</geo>
                     </location>
                  </settlement>
               </birth>
               <death>
                  <date when-iso="1883-03-14">14.03.1883</date>
                  <settlement key="224">
                     <placeName type="pref">London</placeName>
                     <location>
                        <geo>51,50853 -0,12574</geo>
                     </location>
                  </settlement>
               </death>
               <sex value="male"/>
               <occupation key="154">Philosoph/Philosophin</occupation>
               <occupation key="286">Nationalökonom/Nationalökonomin</occupation>
               <idno type="URL" subtype="gnd">https://d-nb.info/gnd/118578537</idno>
               <idno type="URL" subtype="schnitzler-tagebuch">https://schnitzler-tagebuch.acdh.oeaw.ac.at/person_17957.html</idno>
               <idno type="URL" subtype="schnitzler-bahr">https://schnitzler-bahr.acdh.oeaw.ac.at/pmb12195.html</idno>
               <idno type="URL" subtype="pmb">https://pmb.acdh.oeaw.ac.at/entity/12195/</idno>
               <idno type="URL" subtype="fackel">https://fackel.oeaw.ac.at/?p=fackelp47587</idno>
               <idno type="URL" subtype="dritte-walpurgisnacht">https://kraus1933.ace.oeaw.ac.at/Gesamt.xml?template=register_personen.html&amp;letter=M#DWpers0163</idno>
               <idno type="URL" subtype="wikidata">http://www.wikidata.org/entity/Q9061</idno>
               <idno type="URL" subtype="wikipedia">https://de.wikipedia.org/wiki/Karl_Marx</idno>
               <idno type="URL" subtype="pmb">https://pmb.acdh.oeaw.ac.at/entity/161221/</idno>
               <idno type="URL" subtype="bahr-tsn">https://bahr-textverzeichnis.acdh.oeaw.ac.at/TSN-listperson.html#pmb12195</idno>
               <idno type="URL" subtype="bahr-textverzeichnis">https://bahr-textverzeichnis.acdh.oeaw.ac.at/pmb12195.html</idno>
               <listBibl>
                  <bibl type="collections" n="10">Karl Kraus 1933: Dritte Walpurgisnacht</bibl>
                  <bibl type="collections" n="12">Fackel</bibl>
                  <bibl type="collections" n="16">Bahr Textverzeichnis</bibl>
               </listBibl>
               <note type="references">None </note>
               <figure>
                  <graphic url="https://commons.wikimedia.org/w/index.php?title=Special:Redirect/file/Karl%20Marx%20001.jpg"/>
               </figure>
            </person>
            <person xml:id="pmb10943">
               <persName>
                  <forename>Otto von</forename>
                  <surname>Bismarck</surname>
               </persName>
               <birth>
                  <date when-iso="1815-04-01">01.04.1815</date>
                  <settlement key="63752">
                     <placeName type="pref">Schönhausen</placeName>
                     <location>
                        <geo>52,58076 12,03923</geo>
                     </location>
                  </settlement>
               </birth>
               <death>
                  <date when-iso="1898-07-30">30.07.1898</date>
                  <settlement key="62121">
                     <placeName type="pref">Friedrichsruh</placeName>
                     <location>
                        <geo>53,53043 10,33971</geo>
                     </location>
                  </settlement>
               </death>
               <sex value="male"/>
               <occupation key="95">Politiker/Politikerin</occupation>
               <idno type="URL" subtype="gnd">https://d-nb.info/gnd/11851136X</idno>
               <idno type="URL" subtype="schnitzler-tagebuch">https://schnitzler-tagebuch.acdh.oeaw.ac.at/person_13749.html</idno>
               <idno type="URL" subtype="bahr-textverzeichnis">https://bahr-textverzeichnis.acdh.oeaw.ac.at/pmb10943.html</idno>
               <idno type="URL" subtype="schnitzler-bahr">https://schnitzler-bahr.acdh.oeaw.ac.at/pmb10943.html</idno>
               <idno type="URL" subtype="pmb">https://pmb.acdh.oeaw.ac.at/entity/10943/</idno>
               <idno type="URL" subtype="legalkraus">https://kraus.wienbibliothek.at/register/personen/pmb10943</idno>
               <idno type="URL" subtype="dritte-walpurgisnacht">https://kraus1933.ace.oeaw.ac.at/Gesamt.xml?template=register_personen.html&amp;letter=B#DWpers0021</idno>
               <idno type="URL" subtype="fackel">https://fackel.oeaw.ac.at/?p=fackelp39266</idno>
               <idno type="URL" subtype="wikidata">http://www.wikidata.org/entity/Q8442</idno>
               <idno type="URL" subtype="wikipedia">https://de.wikipedia.org/wiki/Otto_von_Bismarck</idno>
               <idno type="URL" subtype="hanslick-online">https://hanslick.acdh.oeaw.ac.at/hsl_person_id_1114.html</idno>
               <listBibl>
                  <bibl type="collections" n="5">legalkraus</bibl>
                  <bibl type="collections" n="10">Karl Kraus 1933: Dritte Walpurgisnacht</bibl>
                  <bibl type="collections" n="12">Fackel</bibl>
               </listBibl>
               <figure>
                  <graphic url="https://commons.wikimedia.org/w/index.php?title=Special:Redirect/file/BismarckArbeitszimmer1886.jpg"/>
               </figure>
            </person>
            <person xml:id="pmb10966">
               <persName>
                  <forename>Robert</forename>
                  <surname>Blum</surname>
               </persName>
               <birth>
                  <date when-iso="1881-04-17">17.04.1881</date>
                  <settlement key="50">
                     <placeName type="pref">Wien</placeName>
                     <location>
                        <geo>48,2066 16,37341</geo>
                     </location>
                  </settlement>
               </birth>
               <death>
                  <date when-iso="1952-07-03">03.07.1952</date>
                  <settlement key="182">
                     <placeName type="pref">Paris</placeName>
                     <location>
                        <geo>48,85341 2,3488</geo>
                     </location>
                  </settlement>
               </death>
               <sex value="male"/>
               <occupation key="90">Schriftsteller/Schriftstellerin</occupation>
               <occupation key="99">Journalist/Journalistin</occupation>
               <occupation key="103">Theaterleiter/Theaterleiterin</occupation>
               <occupation key="116">Übersetzer/Übersetzerin</occupation>
               <idno type="URL" subtype="gnd">https://d-nb.info/gnd/122937082</idno>
               <idno type="URL" subtype="schnitzler-tagebuch">https://schnitzler-tagebuch.acdh.oeaw.ac.at/person_13803.html</idno>
               <idno type="URL" subtype="schnitzler-bahr">https://schnitzler-bahr.acdh.oeaw.ac.at/pmb10966.html</idno>
               <idno type="URL" subtype="pmb">https://pmb.acdh.oeaw.ac.at/entity/10966/</idno>
               <idno type="URL" subtype="fackel">https://fackel.oeaw.ac.at/?p=fackelp52326</idno>
               <idno type="URL" subtype="wikidata">http://www.wikidata.org/entity/Q94868600</idno>
               <idno type="URL" subtype="oeml">https://dx.doi.org/10.1553/0x001d4f37</idno>
               <idno type="URL" subtype="bahr-textverzeichnis">https://bahr-textverzeichnis.acdh.oeaw.ac.at/pmb10966.html</idno>
               <listBibl>
                  <bibl type="collections" n="12">Fackel</bibl>
                  <bibl type="collections" n="14">Kein deutscher Wikipedia-Eintrag
                        gefunden</bibl>
                  <bibl type="collections" n="22">No german Wikipedia-Site found</bibl>
               </listBibl>
            </person>
            <person xml:id="pmb112759">
               <persName>
                  <forename>August</forename>
                  <surname>Bebel</surname>
               </persName>
               <persName type="legacy-name-merge">Bebel, August</persName>
               <birth>
                  <date when-iso="1840-02-22">1840-02-22</date>
               </birth>
               <death>
                  <date when-iso="1913-08-13">1913-08-13</date>
               </death>
               <sex value="male"/>
               <occupation key="95">Politiker/Politikerin</occupation>
               <occupation key="1271">Sozialdemokrat/Sozialdemokratin</occupation>
               <occupation key="2105">Abgeordneter/Abgeordnete</occupation>
               <occupation key="2876">Drechsler/Drechslerin</occupation>
               <occupation key="2967">Parteivorsitzender/Parteivorsitzende</occupation>
               <idno type="URL" subtype="pmb">https://pmb.acdh.oeaw.ac.at/entity/112759/</idno>
               <idno type="URL" subtype="gnd">https://d-nb.info/gnd/118507893</idno>
               <idno type="URL" subtype="fackel">https://fackel.oeaw.ac.at/?p=fackelp38566</idno>
               <idno type="URL" subtype="wikidata">http://www.wikidata.org/entity/Q76520</idno>
               <idno type="URL" subtype="wikipedia">https://de.wikipedia.org/wiki/August_Bebel</idno>
               <idno type="URL" subtype="pmb">https://pmb.acdh.oeaw.ac.at/entity/159293/</idno>
               <idno type="URL" subtype="bahr-tsn">https://bahr-textverzeichnis.acdh.oeaw.ac.at/TSN-listperson.html#pmb112759</idno>
               <idno type="URL" subtype="bahr-textverzeichnis">https://bahr-textverzeichnis.acdh.oeaw.ac.at/pmb112759.html</idno>
               <listBibl>
                  <bibl type="collections" n="12">Fackel</bibl>
                  <bibl type="collections" n="16">Bahr Textverzeichnis</bibl>
               </listBibl>
               <note type="references">None </note>
            </person>
            <person xml:id="pmb148619">
               <persName>
                  <forename>Wilhelm</forename>
                  <surname>Hasenclever</surname>
               </persName>
               <birth>
                  <date when-iso="1837-04-19">1837-04-19</date>
                  <settlement key="148620">
                     <placeName type="pref">Arnsberg</placeName>
                     <location>
                        <geo>51,396666666667 8,0644444444444</geo>
                     </location>
                  </settlement>
               </birth>
               <death>
                  <date when-iso="1889-07-03">1889-07-03</date>
                  <settlement key="113618">
                     <placeName type="pref">Schöneberg (Berlin)</placeName>
                     <location>
                        <geo>52,483879 13,347699</geo>
                     </location>
                  </settlement>
               </death>
               <sex value="male"/>
               <idno type="URL" subtype="pmb">https://pmb.acdh.oeaw.ac.at/entity/148619/</idno>
               <idno type="URL" subtype="wikidata">http://www.wikidata.org/entity/Q73184</idno>
               <idno type="URL" subtype="gnd">https://d-nb.info/gnd/119099411</idno>
               <idno type="URL" subtype="wikipedia">https://de.wikipedia.org/wiki/Wilhelm_Hasenclever</idno>
               <idno type="URL" subtype="bahr-textverzeichnis">https://bahr-textverzeichnis.acdh.oeaw.ac.at/pmb148619.html</idno>
               <listBibl>
                  <bibl type="collections" n="16">Bahr Textverzeichnis</bibl>
               </listBibl>
            </person>
            <person xml:id="pmb148611">
               <persName>
                  <forename>Mikhail</forename>
                  <surname>Bakunin</surname>
               </persName>
               <birth>
                  <date when-iso="1814-05-30">1814-05-30</date>
                  <settlement key="148612">
                     <placeName type="pref">Priamukhino</placeName>
                     <location>
                        <geo>56,937777777778 34,452777777778</geo>
                     </location>
                  </settlement>
               </birth>
               <death>
                  <date when-iso="1876-07-01">1876-07-01</date>
                  <settlement key="1223">
                     <placeName type="pref">Bern</placeName>
                     <location>
                        <geo>46,9489 7,4638</geo>
                     </location>
                  </settlement>
               </death>
               <sex value="male"/>
               <idno type="URL" subtype="pmb">https://pmb.acdh.oeaw.ac.at/entity/148611/</idno>
               <idno type="URL" subtype="wikidata">http://www.wikidata.org/entity/Q27645</idno>
               <idno type="URL" subtype="gnd">https://d-nb.info/gnd/118506102</idno>
               <idno type="URL" subtype="wikipedia">https://de.wikipedia.org/wiki/Michail_Alexandrowitsch_Bakunin</idno>
               <idno type="URL" subtype="bahr-tsn">https://bahr-textverzeichnis.acdh.oeaw.ac.at/TSN-listperson.html#pmb148611</idno>
               <idno type="URL" subtype="bahr-textverzeichnis">https://bahr-textverzeichnis.acdh.oeaw.ac.at/pmb148611.html</idno>
               <listBibl>
                  <bibl type="collections" n="16">Bahr Textverzeichnis</bibl>
               </listBibl>
            </person>
            <person xml:id="pmb114358">
               <persName>
                  <forename>Hans</forename>
                  <surname>Blum</surname>
               </persName>
               <birth>
                  <date when-iso="1841-06-08">1841-06-08</date>
               </birth>
               <death>
                  <date when-iso="1910-02-01">1910-02-01</date>
               </death>
               <sex value="male"/>
               <occupation key="90">Schriftsteller/Schriftstellerin</occupation>
               <occupation key="95">Politiker/Politikerin</occupation>
               <occupation key="99">Journalist/Journalistin</occupation>
               <occupation key="106">Rechtsanwalt/Rechtsanwältin</occupation>
               <occupation key="1316">Autor/Autorin</occupation>
               <occupation key="1639">Jurist/Juristin</occupation>
               <idno type="URL" subtype="pmb">https://pmb.acdh.oeaw.ac.at/entity/114358/</idno>
               <idno type="URL" subtype="gnd">https://d-nb.info/gnd/116207388</idno>
               <idno type="URL" subtype="fackel">https://fackel.oeaw.ac.at/?p=fackelp45404</idno>
               <idno type="URL" subtype="wikidata">http://www.wikidata.org/entity/Q73975</idno>
               <idno type="URL" subtype="wikipedia">https://de.wikipedia.org/wiki/Hans_Blum_(Autor)</idno>
               <idno type="URL" subtype="bahr-textverzeichnis">https://bahr-textverzeichnis.acdh.oeaw.ac.at/pmb114358.html</idno>
               <listBibl>
                  <bibl type="collections" n="12">Fackel</bibl>
                  <bibl type="collections" n="16">Bahr Textverzeichnis</bibl>
               </listBibl>
            </person>
         </listPerson>
      </back>
   </text>
</TEI>
