<?xml version="1.0" encoding="UTF-8"?>
<TEI xmlns="http://www.tei-c.org/ns/1.0"
     xmlns:tei="http://www.tei-c.org/ns/1.0"
     xml:id="pmb122577.xml"
     prev="pmb122599"
     next="pmb131871">
   <teiHeader>
      <fileDesc>
         <titleStmt>
            <title level="s">Hermann Bahr – Textverzeichnis</title>
            <title level="a">Der verlorene Vater. (Komödie in vier Akten von
                     Bernard Shaw. Deutsch von Siegfried Trebitsch. Zum erstenmal aufgeführt im
                     Burgtheater am 17. März 1906)</title>
            <title type="iso-date">1906-03-18</title>
            <respStmt>
               <resp>providing the content</resp>
               <name>Martin Anton Müller</name>
            </respStmt>
            <respStmt>
               <resp>converted to XML encoding</resp>
               <name>Martin Anton Müller</name>
            </respStmt>
         </titleStmt>
         <publicationStmt>
            <publisher>Austrian Centre for Digital Humanities and Cultural
                                    Heritage (ACDH-CH)</publisher>
            <date>2024-03-19+01:00</date>
            <idno type="URI">https://id.acdh.oeaw.ac.at/bahr-textverzeichnis/pmb122577.xml</idno>
         </publicationStmt>
         <sourceDesc>
            <p>Bibliografische Angaben eines in Druck erschienen Texts von
                                    Bahr</p>
         </sourceDesc>
      </fileDesc>
   </teiHeader>
   <text>
      <body>
         <div type="bibliografische-angabe">
            <biblStruct xml:id="pmb122577"
                        type="Journal-Article"
                        subtype="Gekürzt_Nachdruck"
                        status="checked"
                        prev="pmb122599"
                        next="pmb131871">
               <analytic>
                  <author ref="pmb10815">H. B.</author>
                  <title level="a" ref="pmb122577">Der verlorene Vater. (Komödie in vier Akten von
                     Bernard Shaw. Deutsch von Siegfried Trebitsch. Zum erstenmal aufgeführt im
                     Burgtheater am 17. März 1906)</title>
               </analytic>
               <monogr>
                  <title level="j" ref="pmb122069">Kleine Österreichische Volks-Zeitung</title>
                  <imprint>
                     <biblScope unit="jg">52</biblScope>
                     <biblScope unit="issue">76</biblScope>
                     <biblScope unit="page">8 und 25</biblScope>
                     <date when="1906-03-18">18.3.1906</date>
                  </imprint>
               </monogr>
               <note>
                  <p>Um den Anfang gekürzt aus der »großen« Ausgabe.</p>
               </note>
               <note type="monographies">
                  <bibl type="obsolete">
                     <note>vollständig</note>
                     <title level="m" ref="pmb30685">Glossen. Zum Wiener Theater (1903 bis 1906)</title>
                     <biblScope unit="page">112–116</biblScope>
                     <title level="a" ref="pmb131583">Der verlorene Vater.
                        (Komödie in vier Akten von Bernard Shaw. Deutsch von Siegfried Trebitsch.
                        Zum ersten Mal aufgeführt im Burgtheater am 17. März 1906)</title>
                  </bibl>
               </note>
               <note type="incipit">Ein Mann ist seiner unausstehlichen Frau weggelaufen.</note>
               <ref type="personenindex">
                  <listRef>
                     <ptr type="pmb" target="pmb2381"/>
                     <ptr type="pmb" target="pmb12195"/>
                     <ptr type="pmb" target="pmb13024"/>
                     <ptr type="pmb" target="pmb12756"/>
                     <ptr type="pmb" target="pmb12624"/>
                     <ptr type="pmb" target="pmb12595"/>
                     <ptr type="pmb" target="pmb10959"/>
                     <ptr type="pmb" target="pmb27259"/>
                     <ptr type="pmb" target="pmb12948"/>
                     <ptr type="pmb" target="pmb11438"/>
                     <ptr type="pmb" target="pmb4712"/>
                     <ptr type="pmb" target="pmb2249"/>
                     <ptr type="pmb" target="pmb24838"/>
                     <ptr type="pmb" target="pmb12971"/>
                  </listRef>
               </ref>
               <noteGrp type="keywords">
                  <note type="Journal-Article">Artikel in einem Periodikum</note>
                  <note subtype="Gekürzt">Gekürzt</note>
                  <note subtype="Nachdruck">Nachdruck</note>
               </noteGrp>
               <note type="bibliographical-statement">H. B.: Der verlorene Vater. (Komödie in vier
                  Akten von Bernard Shaw. Deutsch von Siegfried Trebitsch. Zum erstenmal aufgeführt
                  im Burgtheater am 17. März 1906). In: Kleine Österreichische Volks-Zeitung,
                  Jg. 52, Nr. 76, 18.3.1906, S. 8 und 25.</note>
               <note type="periodica">
                  <bibl type="obsolete">
                     <note>vollständig</note>
                     <title level="j" ref="pmb41552">Österreichische Volks-Zeitung</title>
                     <biblScope unit="jg">52</biblScope>
                     <date type="year">1906</date>
                     <biblScope unit="issue">76</biblScope>
                     <biblScope unit="page">2</biblScope>
                     <date when="1906-03-18">18.3.1906</date>
                     <title level="a" ref="pmb131871">Der verlorene Vater.
                        (Komödie in vier Akten von Bernard Shaw. Deutsch von Siegfried Trebitsch.
                        Zum erstenmal aufgeführt im Burgtheater am 17. März 1906)</title>
                  </bibl>
               </note>
               <ref type="abdrucke">
                  <listRef>
                     <ptr type="textref" target="pmb131871"/>
                     <ptr type="textref" target="pmb131583"/>
                  </listRef>
               </ref>
            </biblStruct>
         </div>
      </body>
      <back>
         <listPerson>
            <person xml:id="pmb2381">
               <persName>
                  <forename>George Bernard</forename>
                  <surname>Shaw</surname>
               </persName>
               <persName type="legacy-name-merge">Shaw, G. Bernard</persName>
               <persName type="legacy-name-merge">Shaw, George Bernard</persName>
               <birth>
                  <date when-iso="1856-07-26">26.07.1856</date>
                  <settlement key="1267">
                     <placeName type="pref">Dublin</placeName>
                     <location>
                        <geo>53,3469 -6,2794</geo>
                     </location>
                  </settlement>
               </birth>
               <death>
                  <date when-iso="1950-11-02">02.11.1950</date>
                  <settlement key="43686">
                     <placeName type="pref">Ayot Saint Lawrence</placeName>
                     <location>
                        <geo>51,8362 -0,26822</geo>
                     </location>
                  </settlement>
               </death>
               <sex value="male"/>
               <occupation key="90">Schriftsteller/Schriftstellerin</occupation>
               <idno type="URL" subtype="gnd">https://d-nb.info/gnd/118642375</idno>
               <idno type="URL" subtype="schnitzler-tagebuch">https://schnitzler-tagebuch.acdh.oeaw.ac.at/person_20080.html</idno>
               <idno type="URL" subtype="schnitzler-bahr">https://schnitzler-bahr.acdh.oeaw.ac.at/pmb2381.html</idno>
               <idno type="URL" subtype="pmb">https://pmb.acdh.oeaw.ac.at/entity/2381/</idno>
               <idno type="URL" subtype="schnitzler-lektueren">https://schnitzler-lektueren.acdh.oeaw.ac.at/pmb2381.html</idno>
               <idno type="URL" subtype="legalkraus">https://kraus.wienbibliothek.at/register/personen/pmb2381</idno>
               <idno type="URL" subtype="fackel">https://fackel.oeaw.ac.at/?p=fackelp39112</idno>
               <idno type="URL" subtype="dritte-walpurgisnacht">https://kraus1933.ace.oeaw.ac.at/Gesamt.xml?template=register_personen.html&amp;letter=S#DWpers0221</idno>
               <idno type="URL" subtype="wikidata">http://www.wikidata.org/entity/Q19185</idno>
               <idno type="URL" subtype="wikipedia">https://de.wikipedia.org/wiki/George_Bernard_Shaw</idno>
               <idno type="URL" subtype="schnitzler-interviews">https://schnitzler-interviews.acdh.oeaw.ac.at/pmb2381.html</idno>
               <idno type="URL" subtype="bahr-textverzeichnis">https://bahr-textverzeichnis.acdh.oeaw.ac.at/pmb2381.html</idno>
               <idno type="URL" subtype="pmb">https://pmb.acdh.oeaw.ac.at/entity/162257/</idno>
               <idno type="URL" subtype="bahr-tsn">https://bahr-textverzeichnis.acdh.oeaw.ac.at/TSN-listperson.html#pmb2381</idno>
               <listBibl>
                  <bibl type="collections" n="5">legalkraus</bibl>
                  <bibl type="collections" n="10">Karl Kraus 1933: Dritte Walpurgisnacht</bibl>
                  <bibl type="collections" n="12">Fackel</bibl>
                  <bibl type="collections" n="16">Bahr Textverzeichnis</bibl>
               </listBibl>
               <figure>
                  <graphic url="https://commons.wikimedia.org/w/index.php?title=Special:Redirect/file/George%20Bernard%20Shaw%201936.jpg"/>
               </figure>
            </person>
            <person xml:id="pmb12195">
               <persName>
                  <forename>Karl</forename>
                  <surname>Marx</surname>
               </persName>
               <persName type="legacy-name-merge">Marx, Karl</persName>
               <birth>
                  <date when-iso="1818-05-05">05.05.1818</date>
                  <settlement key="62079">
                     <placeName type="pref">Trier</placeName>
                     <location>
                        <geo>49,75565 6,63935</geo>
                     </location>
                  </settlement>
               </birth>
               <death>
                  <date when-iso="1883-03-14">14.03.1883</date>
                  <settlement key="224">
                     <placeName type="pref">London</placeName>
                     <location>
                        <geo>51,50853 -0,12574</geo>
                     </location>
                  </settlement>
               </death>
               <sex value="male"/>
               <occupation key="154">Philosoph/Philosophin</occupation>
               <occupation key="286">Nationalökonom/Nationalökonomin</occupation>
               <idno type="URL" subtype="gnd">https://d-nb.info/gnd/118578537</idno>
               <idno type="URL" subtype="schnitzler-tagebuch">https://schnitzler-tagebuch.acdh.oeaw.ac.at/person_17957.html</idno>
               <idno type="URL" subtype="schnitzler-bahr">https://schnitzler-bahr.acdh.oeaw.ac.at/pmb12195.html</idno>
               <idno type="URL" subtype="pmb">https://pmb.acdh.oeaw.ac.at/entity/12195/</idno>
               <idno type="URL" subtype="fackel">https://fackel.oeaw.ac.at/?p=fackelp47587</idno>
               <idno type="URL" subtype="dritte-walpurgisnacht">https://kraus1933.ace.oeaw.ac.at/Gesamt.xml?template=register_personen.html&amp;letter=M#DWpers0163</idno>
               <idno type="URL" subtype="wikidata">http://www.wikidata.org/entity/Q9061</idno>
               <idno type="URL" subtype="wikipedia">https://de.wikipedia.org/wiki/Karl_Marx</idno>
               <idno type="URL" subtype="pmb">https://pmb.acdh.oeaw.ac.at/entity/161221/</idno>
               <idno type="URL" subtype="bahr-tsn">https://bahr-textverzeichnis.acdh.oeaw.ac.at/TSN-listperson.html#pmb12195</idno>
               <idno type="URL" subtype="bahr-textverzeichnis">https://bahr-textverzeichnis.acdh.oeaw.ac.at/pmb12195.html</idno>
               <listBibl>
                  <bibl type="collections" n="10">Karl Kraus 1933: Dritte Walpurgisnacht</bibl>
                  <bibl type="collections" n="12">Fackel</bibl>
                  <bibl type="collections" n="16">Bahr Textverzeichnis</bibl>
               </listBibl>
               <note type="references">None </note>
               <figure>
                  <graphic url="https://commons.wikimedia.org/w/index.php?title=Special:Redirect/file/Karl%20Marx%20001.jpg"/>
               </figure>
            </person>
            <person xml:id="pmb13024">
               <persName>
                  <forename>Richard</forename>
                  <surname>Wagner</surname>
               </persName>
               <persName type="legacy-name-merge">Wagner, Richard</persName>
               <birth>
                  <date when-iso="1813-05-22">22.05.1813</date>
                  <settlement key="864">
                     <placeName type="pref">Leipzig</placeName>
                     <location>
                        <geo>51,33962 12,37129</geo>
                     </location>
                  </settlement>
               </birth>
               <death>
                  <date when-iso="1883-02-13">13.02.1883</date>
                  <settlement key="462">
                     <placeName type="pref">Venedig</placeName>
                     <location>
                        <geo>45,43713 12,33265</geo>
                     </location>
                  </settlement>
               </death>
               <sex value="male"/>
               <occupation key="129">Komponist/Komponistin</occupation>
               <idno type="URL" subtype="gnd">https://d-nb.info/gnd/118594117</idno>
               <idno type="URL" subtype="schnitzler-tagebuch">https://schnitzler-tagebuch.acdh.oeaw.ac.at/person_21034.html</idno>
               <idno type="URL" subtype="schnitzler-bahr">https://schnitzler-bahr.acdh.oeaw.ac.at/pmb13024.html</idno>
               <idno type="URL" subtype="pmb">https://pmb.acdh.oeaw.ac.at/entity/13024/</idno>
               <idno type="URL" subtype="schnitzler-briefe">https://schnitzler-briefe.acdh.oeaw.ac.at/pmb13024.html</idno>
               <idno type="URL" subtype="legalkraus">https://kraus.wienbibliothek.at/register/personen/pmb13024</idno>
               <idno type="URL" subtype="fackel">https://fackel.oeaw.ac.at/?p=fackelp52212</idno>
               <idno type="URL" subtype="dritte-walpurgisnacht">https://kraus1933.ace.oeaw.ac.at/Gesamt.xml?template=register_personen.html&amp;letter=W#DWpers0247</idno>
               <idno type="URL" subtype="wikidata">http://www.wikidata.org/entity/Q1511</idno>
               <idno type="URL" subtype="wikipedia">https://de.wikipedia.org/wiki/Richard_Wagner</idno>
               <idno type="URL" subtype="schnitzler-interviews">https://schnitzler-interviews.acdh.oeaw.ac.at/pmb13024.html</idno>
               <idno type="URL" subtype="pmb">https://pmb.acdh.oeaw.ac.at/entity/162701/</idno>
               <idno type="URL" subtype="bahr-tsn">https://bahr-textverzeichnis.acdh.oeaw.ac.at/TSN-listperson.html#pmb13024</idno>
               <idno type="URL" subtype="bahr-textverzeichnis">https://bahr-textverzeichnis.acdh.oeaw.ac.at/pmb13024.html</idno>
               <idno type="URL" subtype="hanslick-online">https://hanslick.acdh.oeaw.ac.at/hsl_person_id_319.html</idno>
               <idno type="URL" subtype="auden-musulin-papers">https://amp.acdh.oeaw.ac.at/amp_person_18.html</idno>
               <affiliation notBefore-iso="1889-01-01"
                            when-iso="1889-01-01"
                            notAfter-iso="1889-12-31">
                  <term key="1153">in Bezug zu</term>
                  <orgName key="140860">Richard-Wagner-Verein</orgName>
                  <idno type="URL" subtype="pmb">https://pmb.acdh.oeaw.ac.at/entity/140860/</idno>
                  <idno type="URL" subtype="gnd">http://d-nb.info/gnd/10088364-3</idno>
               </affiliation>
               <listBibl>
                  <bibl type="collections" n="5">legalkraus</bibl>
                  <bibl type="collections" n="10">Karl Kraus 1933: Dritte Walpurgisnacht</bibl>
                  <bibl type="collections" n="12">Fackel</bibl>
                  <bibl type="collections" n="16">Bahr Textverzeichnis</bibl>
               </listBibl>
               <note type="references"> </note>
               <figure>
                  <graphic url="https://commons.wikimedia.org/w/index.php?title=Special:Redirect/file/RichardWagner.jpg"/>
               </figure>
            </person>
            <person xml:id="pmb12756">
               <persName>
                  <forename>Eugène</forename>
                  <surname>Scribe</surname>
               </persName>
               <persName type="legacy-name-merge">Scribe, Augustin Eugène</persName>
               <birth>
                  <date when-iso="1791-12-24">24.12.1791</date>
                  <settlement key="182">
                     <placeName type="pref">Paris</placeName>
                     <location>
                        <geo>48,85341 2,3488</geo>
                     </location>
                  </settlement>
               </birth>
               <death>
                  <date when-iso="1861-02-20">20.02.1861</date>
                  <settlement key="182">
                     <placeName type="pref">Paris</placeName>
                     <location>
                        <geo>48,85341 2,3488</geo>
                     </location>
                  </settlement>
               </death>
               <sex value="male"/>
               <occupation key="90">Schriftsteller/Schriftstellerin</occupation>
               <idno type="URL" subtype="gnd">https://d-nb.info/gnd/118612425</idno>
               <idno type="URL" subtype="schnitzler-tagebuch">https://schnitzler-tagebuch.acdh.oeaw.ac.at/person_20004.html</idno>
               <idno type="URL" subtype="schnitzler-bahr">https://schnitzler-bahr.acdh.oeaw.ac.at/pmb12756.html</idno>
               <idno type="URL" subtype="pmb">https://pmb.acdh.oeaw.ac.at/entity/12756/</idno>
               <idno type="URL" subtype="schnitzler-lektueren">https://schnitzler-lektueren.acdh.oeaw.ac.at/pmb12756.html</idno>
               <idno type="URL" subtype="bahr-textverzeichnis">https://bahr-textverzeichnis.acdh.oeaw.ac.at/pmb12756.html</idno>
               <idno type="URL" subtype="fackel">https://fackel.oeaw.ac.at/?p=fackelp53140</idno>
               <idno type="URL" subtype="wikidata">http://www.wikidata.org/entity/Q319261</idno>
               <idno type="URL" subtype="wikipedia">https://de.wikipedia.org/wiki/Eug%C3%A8ne_Scribe</idno>
               <idno type="URL" subtype="schnitzler-kino">https://schnitzler-kino.acdh.oeaw.ac.at/pmb12756.html</idno>
               <idno type="URL" subtype="pmb">https://pmb.acdh.oeaw.ac.at/entity/162223/</idno>
               <idno type="URL" subtype="bahr-tsn">https://bahr-textverzeichnis.acdh.oeaw.ac.at/TSN-listperson.html#pmb12756</idno>
               <idno type="URL" subtype="hanslick-online">https://hanslick.acdh.oeaw.ac.at/hsl_person_id_284.html</idno>
               <listBibl>
                  <bibl type="collections" n="12">Fackel</bibl>
                  <bibl type="collections" n="15">Schnitzler-Kino</bibl>
                  <bibl type="collections" n="16">Bahr Textverzeichnis</bibl>
               </listBibl>
               <note type="references"> </note>
               <figure>
                  <graphic url="https://commons.wikimedia.org/w/index.php?title=Special:Redirect/file/Eug%C3%A8ne%20Scribe%20par%20Nadar.png"/>
               </figure>
            </person>
            <person xml:id="pmb12624">
               <persName>
                  <forename>Victorien</forename>
                  <surname>Sardou</surname>
               </persName>
               <persName type="legacy-name-merge">Sardou, Victorien</persName>
               <birth>
                  <date when-iso="1831-09-07">07.09.1831</date>
                  <settlement key="182">
                     <placeName type="pref">Paris</placeName>
                     <location>
                        <geo>48,85341 2,3488</geo>
                     </location>
                  </settlement>
               </birth>
               <death>
                  <date when-iso="1908-11-08">08.11.1908</date>
                  <settlement key="182">
                     <placeName type="pref">Paris</placeName>
                     <location>
                        <geo>48,85341 2,3488</geo>
                     </location>
                  </settlement>
               </death>
               <sex value="male"/>
               <occupation key="90">Schriftsteller/Schriftstellerin</occupation>
               <idno type="URL" subtype="gnd">https://d-nb.info/gnd/118794566</idno>
               <idno type="URL" subtype="schnitzler-tagebuch">https://schnitzler-tagebuch.acdh.oeaw.ac.at/person_19577.html</idno>
               <idno type="URL" subtype="schnitzler-bahr">https://schnitzler-bahr.acdh.oeaw.ac.at/pmb12624.html</idno>
               <idno type="URL" subtype="pmb">https://pmb.acdh.oeaw.ac.at/entity/12624/</idno>
               <idno type="URL" subtype="schnitzler-briefe">https://schnitzler-briefe.acdh.oeaw.ac.at/pmb12624.html</idno>
               <idno type="URL" subtype="schnitzler-lektueren">https://schnitzler-lektueren.acdh.oeaw.ac.at/pmb12624.html</idno>
               <idno type="URL" subtype="fackel">https://fackel.oeaw.ac.at/?p=fackelp52775</idno>
               <idno type="URL" subtype="wikidata">http://www.wikidata.org/entity/Q354828</idno>
               <idno type="URL" subtype="wikipedia">https://de.wikipedia.org/wiki/Victorien_Sardou</idno>
               <idno type="URL" subtype="schnitzler-kino">https://schnitzler-kino.acdh.oeaw.ac.at/pmb12624.html</idno>
               <idno type="URL" subtype="schnitzler-interviews">https://schnitzler-interviews.acdh.oeaw.ac.at/pmb12624.html</idno>
               <idno type="URL" subtype="pmb">https://pmb.acdh.oeaw.ac.at/entity/162039/</idno>
               <idno type="URL" subtype="bahr-tsn">https://bahr-textverzeichnis.acdh.oeaw.ac.at/TSN-listperson.html#pmb12624</idno>
               <idno type="URL" subtype="bahr-textverzeichnis">https://bahr-textverzeichnis.acdh.oeaw.ac.at/pmb12624.html</idno>
               <idno type="URL" subtype="hanslick-online">https://hanslick.acdh.oeaw.ac.at/hsl_person_id_3375.html</idno>
               <listBibl>
                  <bibl type="collections" n="12">Fackel</bibl>
                  <bibl type="collections" n="16">Bahr Textverzeichnis</bibl>
               </listBibl>
               <note type="references"> </note>
               <figure>
                  <graphic url="https://commons.wikimedia.org/w/index.php?title=Special:Redirect/file/Victorien%20Sardou%20%28before%201908%29%20-%20Archivio%20Storico%20Ricordi%20FOTO001650.jpg"/>
               </figure>
            </person>
            <person xml:id="pmb12595">
               <persName>
                  <forename>Alexander</forename>
                  <surname>Römpler</surname>
               </persName>
               <persName type="legacy-name-merge">Römpler, Alexander</persName>
               <birth>
                  <date when-iso="1860-03-12">12.03.1860</date>
                  <settlement key="168">
                     <placeName type="pref">Berlin</placeName>
                     <location>
                        <geo>52,52437 13,41053</geo>
                     </location>
                  </settlement>
               </birth>
               <death>
                  <date when-iso="1909-12-18">18.12.1909</date>
                  <settlement key="50">
                     <placeName type="pref">Wien</placeName>
                     <location>
                        <geo>48,2066 16,37341</geo>
                     </location>
                  </settlement>
               </death>
               <sex value="male"/>
               <occupation key="105">Schauspieler/Schauspielerin</occupation>
               <occupation key="433">Schauspiellehrer/Schauspiellehrerin</occupation>
               <idno type="URL" subtype="gnd">https://d-nb.info/gnd/1078379629</idno>
               <idno type="URL" subtype="schnitzler-tagebuch">https://schnitzler-tagebuch.acdh.oeaw.ac.at/person_19321.html</idno>
               <idno type="URL" subtype="schnitzler-bahr">https://schnitzler-bahr.acdh.oeaw.ac.at/pmb12595.html</idno>
               <idno type="URL" subtype="pmb">https://pmb.acdh.oeaw.ac.at/entity/12595/</idno>
               <idno type="URL" subtype="schnitzler-briefe">https://schnitzler-briefe.acdh.oeaw.ac.at/pmb12595.html</idno>
               <idno type="URL" subtype="bahr-textverzeichnis">https://bahr-textverzeichnis.acdh.oeaw.ac.at/pmb12595.html</idno>
               <idno type="URL" subtype="fackel">https://fackel.oeaw.ac.at/?p=fackelp52439</idno>
               <idno type="URL" subtype="wikidata">http://www.wikidata.org/entity/Q55683725</idno>
               <idno type="URL" subtype="wikipedia">https://de.wikipedia.org/wiki/Alexander_R%C3%B6mpler</idno>
               <idno type="URL" subtype="schnitzler-interviews">https://schnitzler-interviews.acdh.oeaw.ac.at/pmb12595.html</idno>
               <idno type="URL" subtype="pmb">https://pmb.acdh.oeaw.ac.at/entity/161981/</idno>
               <idno type="URL" subtype="bahr-tsn">https://bahr-textverzeichnis.acdh.oeaw.ac.at/TSN-listperson.html#pmb12595</idno>
               <listEvent>
                  <event key="94377" when-iso="1895-05-07">
                     <desc n="1256">ist Arbeitskraft bei</desc>
                     <label>Aufführung von Tabarin, Die Wespe, 7.5.1895</label>
                     <idno type="URL" subtype="pmb">https://pmb.acdh.oeaw.ac.at/entity/94377/</idno>
                  </event>
                  <event key="35385" when-iso="1898-11-30">
                     <desc n="1256">ist Arbeitskraft bei</desc>
                     <label>Premiere von Das Vermächtnis, 30.11.1898</label>
                     <idno type="URL" subtype="pmb">https://pmb.acdh.oeaw.ac.at/entity/35385/</idno>
                  </event>
                  <event key="35479" when-iso="1899-03-01">
                     <desc n="1256">ist Arbeitskraft bei</desc>
                     <label>Uraufführung von Der grüne Kakadu – Paracelsus – Die Gefährtin. Drei
                           Einakter, 1.3.1899</label>
                     <idno type="URL" subtype="pmb">https://pmb.acdh.oeaw.ac.at/entity/35479/</idno>
                  </event>
                  <event key="53022" when-iso="1908-11-18">
                     <desc n="1370">teilgenommen an</desc>
                     <label>Generalprobe von Tantris, 18.11.1908</label>
                     <idno type="URL" subtype="pmb">https://pmb.acdh.oeaw.ac.at/entity/53022/</idno>
                  </event>
               </listEvent>
               <listBibl>
                  <bibl type="collections" n="12">Fackel</bibl>
                  <bibl type="collections" n="16">Bahr Textverzeichnis</bibl>
               </listBibl>
               <note type="references"> </note>
            </person>
            <person xml:id="pmb10959">
               <persName>
                  <forename>Hedwig</forename>
                  <surname>Bleibtreu</surname>
               </persName>
               <persName type="person_ehename_nachname">Römpler</persName>
               <persName type="person_ehename_nachname">Paulsen</persName>
               <persName type="legacy-name-merge">Bleibtreu, Hedwig</persName>
               <birth>
                  <date when-iso="1868-12-23">23.12.1868</date>
                  <settlement key="332">
                     <placeName type="pref">Linz</placeName>
                     <location>
                        <geo>48,3 14,28333</geo>
                     </location>
                  </settlement>
               </birth>
               <death>
                  <date when-iso="1958-01-24">24.01.1958</date>
                  <settlement key="50">
                     <placeName type="pref">Wien</placeName>
                     <location>
                        <geo>48,2066 16,37341</geo>
                     </location>
                  </settlement>
               </death>
               <sex value="female"/>
               <occupation key="105">Schauspieler/Schauspielerin</occupation>
               <idno type="URL" subtype="gnd">https://d-nb.info/gnd/116201304</idno>
               <idno type="URL" subtype="schnitzler-bahr">https://schnitzler-bahr.acdh.oeaw.ac.at/pmb10959.html</idno>
               <idno type="URL" subtype="pmb">https://pmb.acdh.oeaw.ac.at/entity/10959/</idno>
               <idno type="URL" subtype="schnitzler-briefe">https://schnitzler-briefe.acdh.oeaw.ac.at/pmb10959.html</idno>
               <idno type="URL" subtype="fackel">https://fackel.oeaw.ac.at/?p=fackelp39304</idno>
               <idno type="URL" subtype="wikidata">http://www.wikidata.org/entity/Q94505</idno>
               <idno type="URL" subtype="wikipedia">https://de.wikipedia.org/wiki/Hedwig_Bleibtreu</idno>
               <idno type="URL" subtype="schnitzler-kino">https://schnitzler-kino.acdh.oeaw.ac.at/pmb10959.html</idno>
               <idno type="URL" subtype="schnitzler-interviews">https://schnitzler-interviews.acdh.oeaw.ac.at/pmb10959.html</idno>
               <idno type="URL" subtype="pmb">https://pmb.acdh.oeaw.ac.at/entity/159418/</idno>
               <idno type="URL" subtype="schnitzler-tagebuch">https://schnitzler-tagebuch.acdh.oeaw.ac.at/person_13776.html</idno>
               <idno type="URL" subtype="bahr-tsn">https://bahr-textverzeichnis.acdh.oeaw.ac.at/TSN-listperson.html#pmb10959</idno>
               <idno type="URL" subtype="bahr-textverzeichnis">https://bahr-textverzeichnis.acdh.oeaw.ac.at/pmb10959.html</idno>
               <affiliation notBefore-iso="1893-01-01"
                            when-iso="1893-01-01"
                            notAfter-iso="1893-12-31">
                  <term key="1182">arbeitet für</term>
                  <orgName key="36246">Kaiserlich-Königliches Hof-Burgtheater</orgName>
                  <idno type="URL" subtype="gnd">https://d-nb.info/gnd/122950-3</idno>
                  <idno type="URL" subtype="pmb">https://pmb.acdh.oeaw.ac.at/entity/36246/</idno>
                  <idno type="URL" subtype="schnitzler-briefe">https://schnitzler-briefe.acdh.oeaw.ac.at/pmb36246.html</idno>
               </affiliation>
               <listEvent>
                  <event key="35385" when-iso="1898-11-30">
                     <desc n="1256">ist Arbeitskraft bei</desc>
                     <label>Premiere von Das Vermächtnis, 30.11.1898</label>
                     <idno type="URL" subtype="pmb">https://pmb.acdh.oeaw.ac.at/entity/35385/</idno>
                  </event>
                  <event key="35479" when-iso="1899-03-01">
                     <desc n="1256">ist Arbeitskraft bei</desc>
                     <label>Uraufführung von Der grüne Kakadu – Paracelsus – Die Gefährtin. Drei
                           Einakter, 1.3.1899</label>
                     <idno type="URL" subtype="pmb">https://pmb.acdh.oeaw.ac.at/entity/35479/</idno>
                  </event>
                  <event key="141446" when-iso="1899-12-01">
                     <desc n="1256">ist Arbeitskraft bei</desc>
                     <label>Aufführung Prinz Friedrich von Homburg, 1.12.1899</label>
                     <idno type="URL" subtype="pmb">https://pmb.acdh.oeaw.ac.at/entity/141446/</idno>
                  </event>
                  <event key="63372" when-iso="1904-02-11">
                     <desc n="1256">ist Arbeitskraft bei</desc>
                     <label>Premiere von Rose Bernd, 11.2.1904</label>
                     <idno type="URL" subtype="pmb">https://pmb.acdh.oeaw.ac.at/entity/63372/</idno>
                  </event>
                  <event key="53022" when-iso="1908-11-18">
                     <desc n="1256">ist Arbeitskraft bei</desc>
                     <label>Generalprobe von Tantris, 18.11.1908</label>
                     <idno type="URL" subtype="pmb">https://pmb.acdh.oeaw.ac.at/entity/53022/</idno>
                  </event>
                  <event key="46933" when-iso="1910-09-15">
                     <desc n="1256">ist Arbeitskraft bei</desc>
                     <label>Premiere von Die Tochter der Semiramis, Liebelei, 15.9.1910</label>
                     <idno type="URL" subtype="pmb">https://pmb.acdh.oeaw.ac.at/entity/46933/</idno>
                  </event>
                  <event key="35251" when-iso="1910-11-24">
                     <desc n="1256">ist Arbeitskraft bei</desc>
                     <label>Uraufführung von Der junge Medardus, 24.11.1910</label>
                     <idno type="URL" subtype="pmb">https://pmb.acdh.oeaw.ac.at/entity/35251/</idno>
                  </event>
                  <event key="88534" when-iso="1911-10-14">
                     <desc n="1256">ist Arbeitskraft bei</desc>
                     <label>Premiere von Das weite Land, 14.10.1911 [I.]</label>
                     <idno type="URL" subtype="pmb">https://pmb.acdh.oeaw.ac.at/entity/35364/</idno>
                     <idno type="URL" subtype="pmb">https://pmb.acdh.oeaw.ac.at/entity/88534/</idno>
                  </event>
                  <event key="59607" when-iso="1914-02-19">
                     <desc n="1256">ist Arbeitskraft bei</desc>
                     <label>Premiere von Der einsame Weg, 19.2.1914</label>
                     <idno type="URL" subtype="pmb">https://pmb.acdh.oeaw.ac.at/entity/59607/</idno>
                  </event>
               </listEvent>
               <listBibl>
                  <bibl type="collections" n="12">Fackel</bibl>
                  <bibl type="collections" n="16">Bahr Textverzeichnis</bibl>
               </listBibl>
               <figure>
                  <graphic url="https://commons.wikimedia.org/w/index.php?title=Special:Redirect/file/Hedwig%20Bleibtreu-Roempler%2C%20c.%201905.jpg"/>
               </figure>
            </person>
            <person xml:id="pmb27259">
               <persName>
                  <forename>Lotte</forename>
                  <surname>Witt</surname>
               </persName>
               <persName type="person_ehename_nachname">Borotha</persName>
               <persName type="legacy-name-merge">Witt, Lotte</persName>
               <persName type="legacy-name-merge">Witt, Lotte</persName>
               <birth>
                  <date when-iso="1870-04-24">24.04.1870</date>
                  <settlement key="168">
                     <placeName type="pref">Berlin</placeName>
                     <location>
                        <geo>52,52437 13,41053</geo>
                     </location>
                  </settlement>
               </birth>
               <death>
                  <date when-iso="1938-12-28">28.12.1938</date>
                  <settlement key="50">
                     <placeName type="pref">Wien</placeName>
                     <location>
                        <geo>48,2066 16,37341</geo>
                     </location>
                  </settlement>
               </death>
               <sex value="female"/>
               <occupation key="105">Schauspieler/Schauspielerin</occupation>
               <idno type="URL" subtype="schnitzler-bahr">https://schnitzler-bahr.acdh.oeaw.ac.at/pmb27259.html</idno>
               <idno type="URL" subtype="pmb">https://pmb.acdh.oeaw.ac.at/entity/27259/</idno>
               <idno type="URL" subtype="schnitzler-briefe">https://schnitzler-briefe.acdh.oeaw.ac.at/pmb27259.html</idno>
               <idno type="URL" subtype="bahr-textverzeichnis">https://bahr-textverzeichnis.acdh.oeaw.ac.at/pmb27259.html</idno>
               <idno type="URL" subtype="fackel">https://fackel.oeaw.ac.at/?p=fackelp55651</idno>
               <idno type="URL" subtype="gnd">https://d-nb.info/gnd/117416363</idno>
               <idno type="URL" subtype="wikidata">http://www.wikidata.org/entity/Q59653357</idno>
               <idno type="URL" subtype="pmb">https://pmb.acdh.oeaw.ac.at/entity/116605/</idno>
               <idno type="URL" subtype="wikipedia">https://de.wikipedia.org/wiki/Lotte_Witt</idno>
               <idno type="URL" subtype="pmb">https://pmb.acdh.oeaw.ac.at/entity/162858/</idno>
               <idno type="URL" subtype="schnitzler-tagebuch">https://schnitzler-tagebuch.acdh.oeaw.ac.at/person_21403.html</idno>
               <idno type="URL" subtype="bahr-tsn">https://bahr-textverzeichnis.acdh.oeaw.ac.at/TSN-listperson.html#pmb27259</idno>
               <listEvent>
                  <event key="35479" when-iso="1899-03-01">
                     <desc n="1256">ist Arbeitskraft bei</desc>
                     <label>Uraufführung von Der grüne Kakadu – Paracelsus – Die Gefährtin. Drei
                           Einakter, 1.3.1899</label>
                     <idno type="URL" subtype="pmb">https://pmb.acdh.oeaw.ac.at/entity/35479/</idno>
                  </event>
                  <event key="35173" when-iso="1905-10-12">
                     <desc n="1256">ist Arbeitskraft bei</desc>
                     <label>Uraufführung von Zwischenspiel, 12.10.1905</label>
                     <idno type="URL" subtype="pmb">https://pmb.acdh.oeaw.ac.at/entity/35173/</idno>
                  </event>
                  <event key="35361" when-iso="1924-10-11">
                     <desc n="1256">ist Arbeitskraft bei</desc>
                     <label>Uraufführung von Komödie der Verführung, 11.10.1924</label>
                     <idno type="URL" subtype="pmb">https://pmb.acdh.oeaw.ac.at/entity/35361/</idno>
                  </event>
               </listEvent>
               <listBibl>
                  <bibl type="collections" n="12">Fackel</bibl>
                  <bibl type="collections" n="16">Bahr Textverzeichnis</bibl>
               </listBibl>
               <note type="references"> </note>
            </person>
            <person xml:id="pmb12948">
               <persName>
                  <forename>Hugo</forename>
                  <surname>Thimig</surname>
               </persName>
               <persName type="legacy-name-merge">Thimig, Hugo</persName>
               <birth>
                  <date when-iso="1854-06-16">16.06.1854</date>
                  <settlement key="866">
                     <placeName type="pref">Dresden</placeName>
                     <location>
                        <geo>51,0833 13,7666</geo>
                     </location>
                  </settlement>
               </birth>
               <death>
                  <date when-iso="1944-09-24">24.09.1944</date>
                  <settlement key="50">
                     <placeName type="pref">Wien</placeName>
                     <location>
                        <geo>48,2066 16,37341</geo>
                     </location>
                  </settlement>
               </death>
               <sex value="male"/>
               <occupation key="103">Theaterleiter/Theaterleiterin</occupation>
               <occupation key="105">Schauspieler/Schauspielerin</occupation>
               <idno type="URL" subtype="gnd">https://d-nb.info/gnd/11875713X</idno>
               <idno type="URL" subtype="schnitzler-tagebuch">https://schnitzler-tagebuch.acdh.oeaw.ac.at/person_20714.html</idno>
               <idno type="URL" subtype="schnitzler-bahr">https://schnitzler-bahr.acdh.oeaw.ac.at/pmb12948.html</idno>
               <idno type="URL" subtype="pmb">https://pmb.acdh.oeaw.ac.at/entity/12948/</idno>
               <idno type="URL" subtype="schnitzler-briefe">https://schnitzler-briefe.acdh.oeaw.ac.at/pmb12948.html</idno>
               <idno type="URL" subtype="fackel">https://fackel.oeaw.ac.at/?p=fackelp46351</idno>
               <idno type="URL" subtype="oebl">https://doi.org/10.1553/0x0031110b</idno>
               <idno type="URL" subtype="wikidata">http://www.wikidata.org/entity/Q73355</idno>
               <idno type="URL" subtype="wikipedia">https://de.wikipedia.org/wiki/Hugo_Thimig</idno>
               <idno type="URL" subtype="schnitzler-kino">https://schnitzler-kino.acdh.oeaw.ac.at/pmb12948.html</idno>
               <idno type="URL" subtype="schnitzler-interviews">https://schnitzler-interviews.acdh.oeaw.ac.at/pmb12948.html</idno>
               <idno type="URL" subtype="pmb">https://pmb.acdh.oeaw.ac.at/entity/162515/</idno>
               <idno type="URL" subtype="bahr-tsn">https://bahr-textverzeichnis.acdh.oeaw.ac.at/TSN-listperson.html#pmb12948</idno>
               <idno type="URL" subtype="bahr-textverzeichnis">https://bahr-textverzeichnis.acdh.oeaw.ac.at/pmb12948.html</idno>
               <affiliation notBefore-iso="1918-01-01"
                            when-iso="1918-01-01"
                            notAfter-iso="1918-12-31">
                  <term key="1182">arbeitet für</term>
                  <orgName key="60307">Freiwillige Schutzwache des 18. und 19. Bezirks</orgName>
                  <idno type="URL" subtype="pmb">https://pmb.acdh.oeaw.ac.at/entity/60307/</idno>
                  <idno type="URL" subtype="schnitzler-interviews">https://schnitzler-interviews.acdh.oeaw.ac.at/pmb60307.html</idno>
               </affiliation>
               <affiliation>
                  <term key="1182">arbeitet für</term>
                  <orgName key="36247">Burgtheater</orgName>
                  <idno type="URL" subtype="gnd">https://d-nb.info/gnd/38633-9</idno>
                  <idno type="URL" subtype="pmb">https://pmb.acdh.oeaw.ac.at/entity/36247/</idno>
                  <idno type="URL" subtype="schnitzler-briefe">https://schnitzler-briefe.acdh.oeaw.ac.at/pmb36247.html</idno>
                  <idno type="URL" subtype="legalkraus">https://kraus.wienbibliothek.at/register/institutionen/pmb36247</idno>
                  <idno type="URL" subtype="wikidata">http://www.wikidata.org/entity/Q308720</idno>
                  <idno type="URL" subtype="wikipedia">https://de.wikipedia.org/wiki/Burgtheater</idno>
                  <idno type="URL" subtype="schnitzler-interviews">https://schnitzler-interviews.acdh.oeaw.ac.at/pmb36247.html</idno>
               </affiliation>
               <listEvent>
                  <event key="94354" when-iso="1895-05-02">
                     <desc n="1256">ist Arbeitskraft bei</desc>
                     <label>Premiere von Tabarin und Verbotene Früchte, 2.5.1895</label>
                     <idno type="URL" subtype="pmb">https://pmb.acdh.oeaw.ac.at/entity/94354/</idno>
                  </event>
                  <event key="41414" when-iso="1896-05-23">
                     <desc n="1370">teilgenommen an</desc>
                     <label>Premiere von Der Zerrissene, 23.5.1896</label>
                     <idno type="URL" subtype="pmb">https://pmb.acdh.oeaw.ac.at/entity/41414/</idno>
                  </event>
                  <event key="35479" when-iso="1899-03-01">
                     <desc n="1256">ist Arbeitskraft bei</desc>
                     <label>Uraufführung von Der grüne Kakadu – Paracelsus – Die Gefährtin. Drei
                           Einakter, 1.3.1899</label>
                     <idno type="URL" subtype="pmb">https://pmb.acdh.oeaw.ac.at/entity/35479/</idno>
                  </event>
                  <event key="63372" when-iso="1904-02-11">
                     <desc n="1256">ist Arbeitskraft bei</desc>
                     <label>Premiere von Rose Bernd, 11.2.1904</label>
                     <idno type="URL" subtype="pmb">https://pmb.acdh.oeaw.ac.at/entity/63372/</idno>
                  </event>
                  <event key="43911" when-iso="1910-10-22">
                     <desc n="1370">teilgenommen an</desc>
                     <label>Generalprobe zur Trauerfeier für Josef Kainz, 22.10.1910</label>
                     <idno type="URL" subtype="pmb">https://pmb.acdh.oeaw.ac.at/entity/43911/</idno>
                  </event>
                  <event key="35251" when-iso="1910-11-24">
                     <desc n="1256">ist Arbeitskraft bei</desc>
                     <label>Uraufführung von Der junge Medardus, 24.11.1910</label>
                     <idno type="URL" subtype="pmb">https://pmb.acdh.oeaw.ac.at/entity/35251/</idno>
                  </event>
                  <event key="88534" when-iso="1911-10-14">
                     <desc n="1256">ist Arbeitskraft bei</desc>
                     <label>Premiere von Das weite Land, 14.10.1911 [I.]</label>
                     <idno type="URL" subtype="pmb">https://pmb.acdh.oeaw.ac.at/entity/35364/</idno>
                     <idno type="URL" subtype="pmb">https://pmb.acdh.oeaw.ac.at/entity/88534/</idno>
                  </event>
                  <event key="88534" when-iso="1911-10-14">
                     <desc n="1256">ist Arbeitskraft bei</desc>
                     <label>Premiere von Das weite Land, 14.10.1911 [I.]</label>
                     <idno type="URL" subtype="pmb">https://pmb.acdh.oeaw.ac.at/entity/35364/</idno>
                     <idno type="URL" subtype="pmb">https://pmb.acdh.oeaw.ac.at/entity/88534/</idno>
                  </event>
                  <event key="47517" when-iso="1912-11-17">
                     <desc n="1370">teilgenommen an</desc>
                     <label>Hauptmann-Bankett der Concordia, 17.11.1912</label>
                     <idno type="URL" subtype="pmb">https://pmb.acdh.oeaw.ac.at/entity/47517/</idno>
                  </event>
                  <event key="35424" when-iso="1920-03-26">
                     <desc n="1256">ist Arbeitskraft bei</desc>
                     <label>Uraufführung von Die Schwestern oder Casanova in Spa,
                           26.3.1920</label>
                     <idno type="URL" subtype="pmb">https://pmb.acdh.oeaw.ac.at/entity/35424/</idno>
                  </event>
               </listEvent>
               <listBibl>
                  <bibl type="collections" n="11">ÖBL nach 1850 geboren</bibl>
                  <bibl type="collections" n="12">Fackel</bibl>
                  <bibl type="collections" n="16">Bahr Textverzeichnis</bibl>
               </listBibl>
               <note type="references"> </note>
               <figure>
                  <graphic url="https://commons.wikimedia.org/w/index.php?title=Special:Redirect/file/Hugo%20Thimig%20by%20Wenzl%20Weis%201912.jpg"/>
               </figure>
            </person>
            <person xml:id="pmb11438">
               <persName>
                  <forename>Oskar</forename>
                  <surname>Gimnig</surname>
               </persName>
               <persName type="namensvariante">Buttlar-Frandenfels Oskar Freiherr von</persName>
               <birth>
                  <date when-iso="1856-12-07">07.12.1856</date>
                  <settlement key="42605">
                     <placeName type="pref">Kaliningrad</placeName>
                     <location>
                        <geo>54,70649 20,51095</geo>
                     </location>
                  </settlement>
               </birth>
               <death>
                  <date when-iso="1920-01-20">20.01.1920</date>
                  <settlement key="50">
                     <placeName type="pref">Wien</placeName>
                     <location>
                        <geo>48,2066 16,37341</geo>
                     </location>
                  </settlement>
               </death>
               <sex value="male"/>
               <occupation key="105">Schauspieler/Schauspielerin</occupation>
               <idno type="URL" subtype="schnitzler-tagebuch">https://schnitzler-tagebuch.acdh.oeaw.ac.at/person_15433.html</idno>
               <idno type="URL" subtype="schnitzler-bahr">https://schnitzler-bahr.acdh.oeaw.ac.at/pmb11438.html</idno>
               <idno type="URL" subtype="pmb">https://pmb.acdh.oeaw.ac.at/entity/11438/</idno>
               <idno type="URL" subtype="bahr-textverzeichnis">https://bahr-textverzeichnis.acdh.oeaw.ac.at/pmb11438.html</idno>
               <idno type="URL" subtype="fackel">https://fackel.oeaw.ac.at/?p=fackelp44440</idno>
               <idno type="URL" subtype="oebl">https://doi.org/10.1553/0x00326f03</idno>
               <idno type="URL" subtype="wikidata">http://www.wikidata.org/entity/Q1793010</idno>
               <idno type="URL" subtype="wikipedia">https://de.wikipedia.org/wiki/Oskar_Gimnig</idno>
               <idno type="URL" subtype="gnd">https://d-nb.info/gnd/117732265</idno>
               <listEvent>
                  <event key="88011" when-iso="1894-10-22">
                     <desc n="1256">ist Arbeitskraft bei</desc>
                     <label>Aufführung von Minna von Barnhelm, 22.10.1894</label>
                     <idno type="URL" subtype="pmb">https://pmb.acdh.oeaw.ac.at/entity/88011/</idno>
                  </event>
                  <event key="143176" when-iso="1896-09-15">
                     <desc n="1256">ist Arbeitskraft bei</desc>
                     <label>Aufführung von Liebelei, 15.9.1896</label>
                     <idno type="URL" subtype="pmb">https://pmb.acdh.oeaw.ac.at/entity/143176/</idno>
                  </event>
                  <event key="35479" when-iso="1899-03-01">
                     <desc n="1256">ist Arbeitskraft bei</desc>
                     <label>Uraufführung von Der grüne Kakadu – Paracelsus – Die Gefährtin. Drei
                           Einakter, 1.3.1899</label>
                     <idno type="URL" subtype="pmb">https://pmb.acdh.oeaw.ac.at/entity/35479/</idno>
                  </event>
                  <event key="141446" when-iso="1899-12-01">
                     <desc n="1256">ist Arbeitskraft bei</desc>
                     <label>Aufführung Prinz Friedrich von Homburg, 1.12.1899</label>
                     <idno type="URL" subtype="pmb">https://pmb.acdh.oeaw.ac.at/entity/141446/</idno>
                  </event>
                  <event key="35251" when-iso="1910-11-24">
                     <desc n="1256">ist Arbeitskraft bei</desc>
                     <label>Uraufführung von Der junge Medardus, 24.11.1910</label>
                     <idno type="URL" subtype="pmb">https://pmb.acdh.oeaw.ac.at/entity/35251/</idno>
                  </event>
               </listEvent>
               <listBibl>
                  <bibl type="collections" n="11">ÖBL nach 1850 geboren</bibl>
                  <bibl type="collections" n="12">Fackel</bibl>
               </listBibl>
            </person>
            <person xml:id="pmb4712">
               <persName>
                  <forename>Ernst</forename>
                  <surname>Pittschau</surname>
               </persName>
               <persName type="legacy-name-merge">Pittschau, Ernst</persName>
               <birth>
                  <date when-iso="1859-11-10">10.11.1859</date>
                  <settlement key="49385">
                     <placeName type="pref">Egeln</placeName>
                     <location>
                        <geo>51,94384 11,43265</geo>
                     </location>
                  </settlement>
               </birth>
               <death>
                  <date when-iso="1916-11-19">19.11.1916</date>
                  <settlement key="50">
                     <placeName type="pref">Wien</placeName>
                     <location>
                        <geo>48,2066 16,37341</geo>
                     </location>
                  </settlement>
               </death>
               <sex value="male"/>
               <occupation key="105">Schauspieler/Schauspielerin</occupation>
               <idno type="URL" subtype="gnd">https://d-nb.info/gnd/11620303X</idno>
               <idno type="URL" subtype="schnitzler-tagebuch">https://schnitzler-tagebuch.acdh.oeaw.ac.at/person_18819.html</idno>
               <idno type="URL" subtype="schnitzler-bahr">https://schnitzler-bahr.acdh.oeaw.ac.at/pmb4712.html</idno>
               <idno type="URL" subtype="pmb">https://pmb.acdh.oeaw.ac.at/entity/4712/</idno>
               <idno type="URL" subtype="fackel">https://fackel.oeaw.ac.at/?p=fackelp51516</idno>
               <idno type="URL" subtype="wikidata">http://www.wikidata.org/entity/Q57774351</idno>
               <idno type="URL" subtype="wikipedia">https://de.wikipedia.org/wiki/Ernst_Pittschau_(Schauspieler,_1859)</idno>
               <idno type="URL" subtype="bahr-textverzeichnis">https://bahr-textverzeichnis.acdh.oeaw.ac.at/pmb4712.html</idno>
               <idno type="URL" subtype="pmb">https://pmb.acdh.oeaw.ac.at/entity/161698/</idno>
               <idno type="URL" subtype="bahr-tsn">https://bahr-textverzeichnis.acdh.oeaw.ac.at/TSN-listperson.html#pmb4712</idno>
               <listBibl>
                  <bibl type="collections" n="12">Fackel</bibl>
                  <bibl type="collections" n="16">Bahr Textverzeichnis</bibl>
               </listBibl>
               <note type="references">None </note>
            </person>
            <person xml:id="pmb2249">
               <persName>
                  <forename>Arnold</forename>
                  <surname>Korff</surname>
               </persName>
               <persName type="person_geburtsname_nachname">Kirsch</persName>
               <persName type="legacy-name-merge">Korff, Arnold</persName>
               <birth>
                  <date when-iso="1868-08-02">02.08.1868</date>
                  <settlement key="50">
                     <placeName type="pref">Wien</placeName>
                     <location>
                        <geo>48,2066 16,37341</geo>
                     </location>
                  </settlement>
               </birth>
               <death>
                  <date when-iso="1944-06-02">02.06.1944</date>
                  <settlement key="44053">
                     <placeName type="pref">New York City</placeName>
                     <location>
                        <geo>40,71427 -74,00597</geo>
                     </location>
                  </settlement>
               </death>
               <sex value="male"/>
               <occupation key="105">Schauspieler/Schauspielerin</occupation>
               <idno type="URL" subtype="gnd">https://d-nb.info/gnd/101334071X</idno>
               <idno type="URL" subtype="schnitzler-tagebuch">https://schnitzler-tagebuch.acdh.oeaw.ac.at/person_17046.html</idno>
               <idno type="URL" subtype="schnitzler-bahr">https://schnitzler-bahr.acdh.oeaw.ac.at/pmb2249.html</idno>
               <idno type="URL" subtype="pmb">https://pmb.acdh.oeaw.ac.at/entity/2249/</idno>
               <idno type="URL" subtype="schnitzler-briefe">https://schnitzler-briefe.acdh.oeaw.ac.at/pmb2249.html</idno>
               <idno type="URL" subtype="fackel">https://fackel.oeaw.ac.at/?p=fackelp38449</idno>
               <idno type="URL" subtype="oebl">https://doi.org/10.1553/0x0028289a</idno>
               <idno type="URL" subtype="wikidata">http://www.wikidata.org/entity/Q89060</idno>
               <idno type="URL" subtype="wikipedia">https://de.wikipedia.org/wiki/Arnold_Korff</idno>
               <idno type="URL" subtype="schnitzler-kino">https://schnitzler-kino.acdh.oeaw.ac.at/pmb2249.html</idno>
               <idno type="URL" subtype="schnitzler-interviews">https://schnitzler-interviews.acdh.oeaw.ac.at/pmb2249.html</idno>
               <idno type="URL" subtype="pmb">https://pmb.acdh.oeaw.ac.at/entity/160858/</idno>
               <idno type="URL" subtype="bahr-tsn">https://bahr-textverzeichnis.acdh.oeaw.ac.at/TSN-listperson.html#pmb2249</idno>
               <idno type="URL" subtype="bahr-textverzeichnis">https://bahr-textverzeichnis.acdh.oeaw.ac.at/pmb2249.html</idno>
               <listEvent>
                  <event key="35161" when-iso="1898-02-04">
                     <desc n="1256">ist Arbeitskraft bei</desc>
                     <label>Premiere von Freiwild. Schauspiel in 3 Akten, 4.2.1898</label>
                     <idno type="URL" subtype="pmb">https://pmb.acdh.oeaw.ac.at/entity/35161/</idno>
                  </event>
                  <event key="43248" when-iso="1899-11-25">
                     <desc n="1256">ist Arbeitskraft bei</desc>
                     <label>Aufführung von Liebelei, 25.11.1899</label>
                     <idno type="URL" subtype="pmb">https://pmb.acdh.oeaw.ac.at/entity/43248/</idno>
                  </event>
                  <event key="42714" when-iso="1905-05-29">
                     <desc n="1256">ist Arbeitskraft bei</desc>
                     <label>Geschlossene Aufführung Die Büchse der Pandora, 29.5.1905</label>
                     <idno type="URL" subtype="pmb">https://pmb.acdh.oeaw.ac.at/entity/42714/</idno>
                  </event>
                  <event key="143145" when-iso="1905-09-29">
                     <desc n="1256">ist Arbeitskraft bei</desc>
                     <label>Aufführung von Liebelei, 29.9.1905</label>
                     <idno type="URL" subtype="pmb">https://pmb.acdh.oeaw.ac.at/entity/143145/</idno>
                  </event>
                  <event key="35173" when-iso="1905-10-12">
                     <desc n="1256">ist Arbeitskraft bei</desc>
                     <label>Uraufführung von Zwischenspiel, 12.10.1905</label>
                     <idno type="URL" subtype="pmb">https://pmb.acdh.oeaw.ac.at/entity/35173/</idno>
                  </event>
                  <event key="88534" when-iso="1911-10-14">
                     <desc n="1256">ist Arbeitskraft bei</desc>
                     <label>Premiere von Das weite Land, 14.10.1911 [I.]</label>
                     <idno type="URL" subtype="pmb">https://pmb.acdh.oeaw.ac.at/entity/35364/</idno>
                     <idno type="URL" subtype="pmb">https://pmb.acdh.oeaw.ac.at/entity/88534/</idno>
                  </event>
                  <event key="62220" when-iso="1923-04-16">
                     <desc n="1256">ist Arbeitskraft bei</desc>
                     <label>Aufführung Das weite Land, 16.4.1923</label>
                     <idno type="URL" subtype="pmb">https://pmb.acdh.oeaw.ac.at/entity/62220/</idno>
                  </event>
               </listEvent>
               <listBibl>
                  <bibl type="collections" n="11">ÖBL nach 1850 geboren</bibl>
                  <bibl type="collections" n="12">Fackel</bibl>
                  <bibl type="collections" n="15">Schnitzler-Kino</bibl>
                  <bibl type="collections" n="16">Bahr Textverzeichnis</bibl>
               </listBibl>
               <note type="references">None </note>
               <figure>
                  <graphic url="https://commons.wikimedia.org/w/index.php?title=Special:Redirect/file/Arnold%20Korff%201897%20Vilimek.jpg"/>
               </figure>
            </person>
            <person xml:id="pmb24838">
               <persName>
                  <forename>Ernestine</forename>
                  <surname>Senders</surname>
               </persName>
               <persName type="person_rufname">Tini</persName>
               <persName type="person_ehename_nachname">Hollitzer</persName>
               <persName type="legacy-name-merge">Senders, Ernestine</persName>
               <persName type="legacy-name-merge">Senders, Ernestine</persName>
               <persName type="legacy-name-merge">Senders, Ernestine (Tini)</persName>
               <birth>
                  <date when-iso="1874-07-23">23.07.1874</date>
                  <settlement key="50">
                     <placeName type="pref">Wien</placeName>
                     <location>
                        <geo>48,2066 16,37341</geo>
                     </location>
                  </settlement>
               </birth>
               <death>
                  <date when-iso="1941-06-17">17.06.1941</date>
                  <settlement key="50">
                     <placeName type="pref">Wien</placeName>
                     <location>
                        <geo>48,2066 16,37341</geo>
                     </location>
                  </settlement>
               </death>
               <sex value="female"/>
               <occupation key="105">Schauspieler/Schauspielerin</occupation>
               <idno type="URL" subtype="schnitzler-tagebuch">https://schnitzler-tagebuch.acdh.oeaw.ac.at/person_20059.html</idno>
               <idno type="URL" subtype="schnitzler-bahr">https://schnitzler-bahr.acdh.oeaw.ac.at/pmb24838.html</idno>
               <idno type="URL" subtype="pmb">https://pmb.acdh.oeaw.ac.at/entity/24838/</idno>
               <idno type="URL" subtype="gnd">https://d-nb.info/gnd/117471844</idno>
               <idno type="URL" subtype="oebl">https://doi.org/10.1553/0x00284979</idno>
               <idno type="URL" subtype="wikipedia">https://de.wikipedia.org/wiki/Ernestine_Senders</idno>
               <idno type="URL" subtype="bahr-textverzeichnis">https://bahr-textverzeichnis.acdh.oeaw.ac.at/pmb24838.html</idno>
               <idno type="URL" subtype="pmb">https://pmb.acdh.oeaw.ac.at/entity/162237/</idno>
               <idno type="URL" subtype="fackel">https://fackel.oeaw.ac.at/?p=fackelp53189</idno>
               <idno type="URL" subtype="pmb">https://pmb.acdh.oeaw.ac.at/entity/104734/</idno>
               <idno type="URL" subtype="wikidata">http://www.wikidata.org/entity/Q15437209</idno>
               <idno type="URL" subtype="oeml">https://dx.doi.org/10.1553/0x0001e24a</idno>
               <idno type="URL" subtype="bahr-tsn">https://bahr-textverzeichnis.acdh.oeaw.ac.at/TSN-listperson.html#pmb24838</idno>
               <listEvent>
                  <event key="35251" when-iso="1910-11-24">
                     <desc n="1256">ist Arbeitskraft bei</desc>
                     <label>Uraufführung von Der junge Medardus, 24.11.1910</label>
                     <idno type="URL" subtype="pmb">https://pmb.acdh.oeaw.ac.at/entity/35251/</idno>
                  </event>
                  <event key="55542" when-iso="1928-01-08">
                     <desc n="1256">ist Arbeitskraft bei</desc>
                     <label>Aufführung von Amphitryon und Es ist mein Wille, 8.1.1928</label>
                     <idno type="URL" subtype="pmb">https://pmb.acdh.oeaw.ac.at/entity/55542/</idno>
                  </event>
               </listEvent>
               <listBibl>
                  <bibl type="collections" n="11">ÖBL nach 1850 geboren</bibl>
                  <bibl type="collections" n="12">Fackel</bibl>
                  <bibl type="collections" n="16">Bahr Textverzeichnis</bibl>
               </listBibl>
            </person>
            <person xml:id="pmb12971">
               <persName>
                  <forename>Otto</forename>
                  <surname>Tressler</surname>
               </persName>
               <persName type="namensvariante">Mayer</persName>
               <birth>
                  <date when-iso="1871-04-13">13.04.1871</date>
                  <settlement key="872">
                     <placeName type="pref">Stuttgart</placeName>
                     <location>
                        <geo>48,78232 9,17702</geo>
                     </location>
                  </settlement>
               </birth>
               <death>
                  <date when-iso="1965-04-27">27.04.1965</date>
                  <settlement key="50">
                     <placeName type="pref">Wien</placeName>
                     <location>
                        <geo>48,2066 16,37341</geo>
                     </location>
                  </settlement>
               </death>
               <sex value="male"/>
               <occupation key="105">Schauspieler/Schauspielerin</occupation>
               <occupation key="150">Bildhauer/Bildhauerin</occupation>
               <idno type="URL" subtype="gnd">https://d-nb.info/gnd/117414719</idno>
               <idno type="URL" subtype="schnitzler-tagebuch">https://schnitzler-tagebuch.acdh.oeaw.ac.at/person_20803.html</idno>
               <idno type="URL" subtype="schnitzler-bahr">https://schnitzler-bahr.acdh.oeaw.ac.at/pmb12971.html</idno>
               <idno type="URL" subtype="pmb">https://pmb.acdh.oeaw.ac.at/entity/12971/</idno>
               <idno type="URL" subtype="schnitzler-briefe">https://schnitzler-briefe.acdh.oeaw.ac.at/pmb12971.html</idno>
               <idno type="URL" subtype="fackel">https://fackel.oeaw.ac.at/?p=fackelp51003</idno>
               <idno type="URL" subtype="wikidata">http://www.wikidata.org/entity/Q86437</idno>
               <idno type="URL" subtype="wikipedia">https://de.wikipedia.org/wiki/Otto_Tressler</idno>
               <idno type="URL" subtype="schnitzler-kino">https://schnitzler-kino.acdh.oeaw.ac.at/pmb12971.html</idno>
               <idno type="URL" subtype="bahr-textverzeichnis">https://bahr-textverzeichnis.acdh.oeaw.ac.at/pmb12971.html</idno>
               <listEvent>
                  <event key="42893" when-iso="1898-05-16">
                     <desc n="1256">ist Arbeitskraft bei</desc>
                     <label>Uraufführung von Mädchentraum, 16.5.1898</label>
                     <idno type="URL" subtype="pmb">https://pmb.acdh.oeaw.ac.at/entity/42893/</idno>
                  </event>
                  <event key="35385" when-iso="1898-11-30">
                     <desc n="1256">ist Arbeitskraft bei</desc>
                     <label>Premiere von Das Vermächtnis, 30.11.1898</label>
                     <idno type="URL" subtype="pmb">https://pmb.acdh.oeaw.ac.at/entity/35385/</idno>
                  </event>
                  <event key="35479" when-iso="1899-03-01">
                     <desc n="1256">ist Arbeitskraft bei</desc>
                     <label>Uraufführung von Der grüne Kakadu – Paracelsus – Die Gefährtin. Drei
                           Einakter, 1.3.1899</label>
                     <idno type="URL" subtype="pmb">https://pmb.acdh.oeaw.ac.at/entity/35479/</idno>
                  </event>
                  <event key="141446" when-iso="1899-12-01">
                     <desc n="1256">ist Arbeitskraft bei</desc>
                     <label>Aufführung Prinz Friedrich von Homburg, 1.12.1899</label>
                     <idno type="URL" subtype="pmb">https://pmb.acdh.oeaw.ac.at/entity/141446/</idno>
                  </event>
                  <event key="141417" when-iso="1899-12-17">
                     <desc n="1256">ist Arbeitskraft bei</desc>
                     <label>Aufführung von Der Verschwender, 17.12.1899</label>
                     <idno type="URL" subtype="pmb">https://pmb.acdh.oeaw.ac.at/entity/141417/</idno>
                  </event>
                  <event key="35113" when-iso="1904-12-12">
                     <desc n="1256">ist Arbeitskraft bei</desc>
                     <label>Premiere von Literatur, Die letzten Masken, Der Puppenspieler,
                           12.12.1904</label>
                     <idno type="URL" subtype="pmb">https://pmb.acdh.oeaw.ac.at/entity/35113/</idno>
                  </event>
                  <event key="35173" when-iso="1905-10-12">
                     <desc n="1256">ist Arbeitskraft bei</desc>
                     <label>Uraufführung von Zwischenspiel, 12.10.1905</label>
                     <idno type="URL" subtype="pmb">https://pmb.acdh.oeaw.ac.at/entity/35173/</idno>
                  </event>
                  <event key="47592" when-iso="1908-11-29">
                     <desc n="1256">ist Arbeitskraft bei</desc>
                     <label>Heine-Feier des Vereins für Kunst und Kultur, 29.11.1908</label>
                     <idno type="URL" subtype="pmb">https://pmb.acdh.oeaw.ac.at/entity/47592/</idno>
                  </event>
                  <event key="35251" when-iso="1910-11-24">
                     <desc n="1256">ist Arbeitskraft bei</desc>
                     <label>Uraufführung von Der junge Medardus, 24.11.1910</label>
                     <idno type="URL" subtype="pmb">https://pmb.acdh.oeaw.ac.at/entity/35251/</idno>
                  </event>
                  <event key="88534" when-iso="1911-10-14">
                     <desc n="1256">ist Arbeitskraft bei</desc>
                     <label>Premiere von Das weite Land, 14.10.1911 [I.]</label>
                     <idno type="URL" subtype="pmb">https://pmb.acdh.oeaw.ac.at/entity/35364/</idno>
                     <idno type="URL" subtype="pmb">https://pmb.acdh.oeaw.ac.at/entity/88534/</idno>
                  </event>
                  <event key="35424" when-iso="1920-03-26">
                     <desc n="1256">ist Arbeitskraft bei</desc>
                     <label>Uraufführung von Die Schwestern oder Casanova in Spa,
                           26.3.1920</label>
                     <idno type="URL" subtype="pmb">https://pmb.acdh.oeaw.ac.at/entity/35424/</idno>
                  </event>
               </listEvent>
               <listBibl>
                  <bibl type="collections" n="12">Fackel</bibl>
                  <bibl type="collections" n="16">Bahr Textverzeichnis</bibl>
               </listBibl>
               <figure>
                  <graphic url="https://commons.wikimedia.org/w/index.php?title=Special:Redirect/file/Otto%20Tre%C3%9Fler%20by%20Carl%20Pietzner.jpg"/>
               </figure>
            </person>
         </listPerson>
      </back>
   </text>
</TEI>
