<?xml version="1.0" encoding="UTF-8"?>
<TEI xmlns="http://www.tei-c.org/ns/1.0"
     xmlns:tei="http://www.tei-c.org/ns/1.0"
     xml:id="pmb122521.xml"
     prev="pmb134591"
     next="pmb134587">
   <teiHeader>
      <fileDesc>
         <titleStmt>
            <title level="s">Hermann Bahr – Textverzeichnis</title>
            <title level="a">Um Logik wird gebeten. (Zum Falle
                     Fitger’s)</title>
            <title type="iso-date">1890-05-14</title>
            <respStmt>
               <resp>providing the content</resp>
               <name>Martin Anton Müller</name>
            </respStmt>
            <respStmt>
               <resp>converted to XML encoding</resp>
               <name>Martin Anton Müller</name>
            </respStmt>
         </titleStmt>
         <publicationStmt>
            <publisher>Austrian Centre for Digital Humanities and Cultural
                                    Heritage (ACDH-CH)</publisher>
            <date>2024-03-19+01:00</date>
            <idno type="URI">https://id.acdh.oeaw.ac.at/bahr-textverzeichnis/pmb122521.xml</idno>
         </publicationStmt>
         <sourceDesc>
            <p>Bibliografische Angaben eines in Druck erschienen Texts von
                                    Bahr</p>
         </sourceDesc>
      </fileDesc>
   </teiHeader>
   <text>
      <body>
         <div type="bibliografische-angabe">
            <biblStruct xml:id="pmb122521"
                        type="Journal-Article"
                        status="checked"
                        prev="pmb134591"
                        next="pmb134587">
               <analytic>
                  <author ref="pmb10815">Karl Linz</author>
                  <title level="a" ref="pmb122521">Um Logik wird gebeten. (Zum Falle
                     Fitger’s)</title>
               </analytic>
               <monogr>
                  <title level="j" ref="pmb36149">Freie Bühne für modernes Leben</title>
                  <imprint>
                     <biblScope unit="jg">1</biblScope>
                     <biblScope unit="issue">15</biblScope>
                     <biblScope unit="page">430–431</biblScope>
                     <date when="1890-05-14">14.5.1890</date>
                  </imprint>
               </monogr>
               <note type="incipit">Wir haben uns ja wahrhaftig der üppigen Verwegenheit des ersten
                  Wagnisses lange entwöhnt und schrauben ohne Laß unsere Forderungen in bald
                  phantastische Bescheidenheiten herunter.</note>
               <ref type="personenindex">
                  <listRef>
                     <ptr type="pmb" target="pmb63093"/>
                  </listRef>
               </ref>
               <ref type="URL">https://bahr.univie.ac.at/sites/all/txt/freie-buehne/1890-15_um-logik.pdf</ref>
               <noteGrp type="keywords">
                  <note type="Journal-Article">Artikel in einem Periodikum</note>
               </noteGrp>
               <note type="bibliographical-statement">Karl Linz: Um Logik wird gebeten. (Zum Falle
                  Fitger’s). In: Freie Bühne für modernes Leben, Jg. 1, Nr. 15, 14.5.1890,
                  S. 430–431.</note>
            </biblStruct>
         </div>
      </body>
      <back>
         <listPerson>
            <person xml:id="pmb63093">
               <persName>
                  <forename>Arthur</forename>
                  <surname>Fitger</surname>
               </persName>
               <persName type="legacy-name-merge">Fitger, Arthur</persName>
               <birth>
                  <date when-iso="1840-10-04">1840-10-04</date>
               </birth>
               <death>
                  <date when-iso="1909-06-28">1909-06-28</date>
               </death>
               <sex value="male"/>
               <occupation key="90">Schriftsteller/Schriftstellerin</occupation>
               <occupation key="110">Maler/Malerin</occupation>
               <idno type="URL" subtype="pmb">https://pmb.acdh.oeaw.ac.at/entity/63093/</idno>
               <idno type="URL" subtype="gnd">https://d-nb.info/gnd/118691511</idno>
               <idno type="URL" subtype="wikidata">http://www.wikidata.org/entity/Q317470</idno>
               <idno type="URL" subtype="wikipedia">https://de.wikipedia.org/wiki/Arthur_Fitger</idno>
               <idno type="URL" subtype="pmb">https://pmb.acdh.oeaw.ac.at/entity/160043/</idno>
               <idno type="URL" subtype="bahr-tsn">https://bahr-textverzeichnis.acdh.oeaw.ac.at/TSN-listperson.html#pmb63093</idno>
               <idno type="URL" subtype="bahr-textverzeichnis">https://bahr-textverzeichnis.acdh.oeaw.ac.at/pmb63093.html</idno>
               <listBibl>
                  <bibl type="collections" n="16">Bahr Textverzeichnis</bibl>
               </listBibl>
               <note type="references"> </note>
               <figure>
                  <graphic url="https://commons.wikimedia.org/w/index.php?title=Special:Redirect/file/Plate%2013%20Arthur%20Fitger%2C%20Photograph%20album%20of%20German%20and%20Austrian%20scientists%20%28cropped%29.png"/>
               </figure>
            </person>
         </listPerson>
      </back>
   </text>
</TEI>
