<?xml version="1.0" encoding="UTF-8"?>
<TEI xmlns="http://www.tei-c.org/ns/1.0"
     xmlns:tei="http://www.tei-c.org/ns/1.0"
     xml:id="pmb122949.xml"
     prev="pmb122947"
     next="pmb31379">
   <teiHeader>
      <fileDesc>
         <titleStmt>
            <title level="s">Hermann Bahr – Textverzeichnis</title>
            <title level="a">Theater, Kunst und Literatur. Theater an der
                     Wien</title>
            <title type="iso-date">1902-01-23</title>
            <respStmt>
               <resp>providing the content</resp>
               <name>Martin Anton Müller</name>
            </respStmt>
            <respStmt>
               <resp>converted to XML encoding</resp>
               <name>Martin Anton Müller</name>
            </respStmt>
         </titleStmt>
         <publicationStmt>
            <publisher>Austrian Centre for Digital Humanities and Cultural
                                    Heritage (ACDH-CH)</publisher>
            <date>2024-03-19+01:00</date>
            <idno type="URI">https://id.acdh.oeaw.ac.at/bahr-textverzeichnis/pmb122949.xml</idno>
         </publicationStmt>
         <sourceDesc>
            <p>Bibliografische Angaben eines in Druck erschienen Texts von
                                    Bahr</p>
         </sourceDesc>
      </fileDesc>
   </teiHeader>
   <text>
      <body>
         <div type="bibliografische-angabe">
            <biblStruct xml:id="pmb122949"
                        type="Journal-Article"
                        status="checked"
                        prev="pmb122947"
                        next="pmb31379">
               <analytic>
                  <author ref="pmb10815">H. B.</author>
                  <title level="a" ref="pmb122949">Theater, Kunst und Literatur. Theater an der
                     Wien</title>
               </analytic>
               <monogr>
                  <title level="j" ref="pmb41321">Neues Wiener Tagblatt</title>
                  <imprint>
                     <biblScope unit="jg">36</biblScope>
                     <biblScope unit="issue">22</biblScope>
                     <biblScope unit="page">9</biblScope>
                     <date when="1902-01-23">23.1.1902</date>
                  </imprint>
               </monogr>
               <note type="review-of">
                  <bibl>
                     <title level="m">L’Évasion</title>
                     <author>Philippe Auguste Villiers de l’Isle-Adam</author>
                  </bibl>
                  <bibl>
                     <title level="m">L’Innocent Criminel</title>
                     <author>René Dubreuil</author>
                     <author>Louis Latourette</author>
                  </bibl>
               </note>
               <note type="monographies"> </note>
               <note type="incipit">L’évasion von Villiers de l’Isle-Adam, die die Truppe der Frau
                  Guilbert gestern gab</note>
               <ref type="personenindex">
                  <listRef>
                     <ptr type="pmb" target="pmb7597"/>
                     <ptr type="pmb" target="pmb65007"/>
                  </listRef>
               </ref>
               <ref type="URL">https://anno.onb.ac.at/cgi-content/anno?aid=nwg&amp;datum=19020123&amp;seite=9</ref>
               <noteGrp type="keywords">
                  <note type="Journal-Article">Artikel in einem Periodikum</note>
               </noteGrp>
               <note type="bibliographical-statement">H. B.: Theater, Kunst und Literatur. Theater
                  an der Wien. In: Neues Wiener Tagblatt, Jg. 36, Nr. 22, 23.1.1902, S. 9.</note>
               <ref type="abdrucke">
                  <listRef>
                     <ptr type="textref" target="pmb132191"/>
                  </listRef>
               </ref>
            </biblStruct>
         </div>
      </body>
      <back>
         <listPerson>
            <person xml:id="pmb7597">
               <persName>
                  <forename>Yvette</forename>
                  <surname>Guilbert</surname>
               </persName>
               <birth>
                  <date when-iso="1865-01-20">20.01.1865</date>
                  <settlement key="182">
                     <placeName type="pref">Paris</placeName>
                     <location>
                        <geo>48,85341 2,3488</geo>
                     </location>
                  </settlement>
               </birth>
               <death>
                  <date when-iso="1944-02-03">03.02.1944</date>
                  <settlement key="49868">
                     <placeName type="pref">Aix-en-Provence</placeName>
                     <location>
                        <geo>43,5283 5,44973</geo>
                     </location>
                  </settlement>
               </death>
               <sex value="female"/>
               <occupation key="105">Schauspieler/Schauspielerin</occupation>
               <occupation key="107">Sänger/Sängerin</occupation>
               <idno type="URL" subtype="gnd">https://d-nb.info/gnd/118543466</idno>
               <idno type="URL" subtype="schnitzler-tagebuch">https://schnitzler-tagebuch.acdh.oeaw.ac.at/person_15741.html</idno>
               <idno type="URL" subtype="pmb">https://pmb.acdh.oeaw.ac.at/entity/7597/</idno>
               <idno type="URL" subtype="fackel">https://fackel.oeaw.ac.at/?p=fackelp55787</idno>
               <idno type="URL" subtype="wikidata">http://www.wikidata.org/entity/Q239838</idno>
               <idno type="URL" subtype="wikipedia">https://de.wikipedia.org/wiki/Yvette_Guilbert</idno>
               <idno type="URL" subtype="freud">https://freud.acdh-dev.oeaw.ac.at/frd_person_30.html</idno>
               <idno type="URL" subtype="schnitzler-kino">https://schnitzler-kino.acdh.oeaw.ac.at/pmb7597.html</idno>
               <idno type="URL" subtype="bahr-textverzeichnis">https://bahr-textverzeichnis.acdh.oeaw.ac.at/pmb7597.html</idno>
               <listBibl>
                  <bibl type="collections" n="12">Fackel</bibl>
               </listBibl>
               <figure>
                  <graphic url="https://commons.wikimedia.org/w/index.php?title=Special:Redirect/file/YvetteGuilbert.jpg"/>
               </figure>
            </person>
            <person xml:id="pmb65007">
               <persName>
                  <forename>Philippe-Auguste, Comte de</forename>
                  <surname>Villiers de l’Isle-Adam</surname>
               </persName>
               <persName type="legacy-name-merge">de Villiers, Auguste</persName>
               <birth>
                  <date when-iso="1838-11-07">1838-11-07</date>
                  <settlement key="148814">
                     <placeName type="pref">Saint-Brieuc</placeName>
                     <location>
                        <geo>48,513611111111 -2,7602777777778</geo>
                     </location>
                  </settlement>
               </birth>
               <death>
                  <date when-iso="1889-08-19">1889-08-19</date>
                  <settlement key="182">
                     <placeName type="pref">Paris</placeName>
                     <location>
                        <geo>48,85341 2,3488</geo>
                     </location>
                  </settlement>
               </death>
               <sex value="male"/>
               <occupation key="90">Schriftsteller/Schriftstellerin</occupation>
               <occupation key="727">Dramatiker/Dramatikerin</occupation>
               <idno type="URL" subtype="pmb">https://pmb.acdh.oeaw.ac.at/entity/65007/</idno>
               <idno type="URL" subtype="schnitzler-lektueren">https://schnitzler-lektueren.acdh.oeaw.ac.at/pmb65007.html</idno>
               <idno type="URL" subtype="bahr-textverzeichnis">https://bahr-textverzeichnis.acdh.oeaw.ac.at/pmb148813.html</idno>
               <idno type="URL" subtype="pmb">https://pmb.acdh.oeaw.ac.at/entity/148813/</idno>
               <idno type="URL" subtype="wikidata">http://www.wikidata.org/entity/Q366285</idno>
               <idno type="URL" subtype="gnd">https://d-nb.info/gnd/118627058</idno>
               <idno type="URL" subtype="wikipedia">https://de.wikipedia.org/wiki/Auguste_de_Villiers_de_L%E2%80%99Isle-Adam</idno>
               <listBibl>
                  <bibl type="collections" n="16">Bahr Textverzeichnis</bibl>
               </listBibl>
            </person>
         </listPerson>
      </back>
   </text>
</TEI>
