<?xml version="1.0" encoding="UTF-8"?>
<TEI xmlns="http://www.tei-c.org/ns/1.0"
     xmlns:tei="http://www.tei-c.org/ns/1.0"
     xml:id="pmb123155.xml"
     prev="pmb123157"
     next="pmb31361">
   <teiHeader>
      <fileDesc>
         <titleStmt>
            <title level="s">Hermann Bahr – Textverzeichnis</title>
            <title level="a">Theater, Kunst und Literatur.
                     Kaiserjubiläums-Stadttheater</title>
            <title type="iso-date">1901-03-19</title>
            <respStmt>
               <resp>providing the content</resp>
               <name>Martin Anton Müller</name>
            </respStmt>
            <respStmt>
               <resp>converted to XML encoding</resp>
               <name>Martin Anton Müller</name>
            </respStmt>
         </titleStmt>
         <publicationStmt>
            <publisher>Austrian Centre for Digital Humanities and Cultural
                                    Heritage (ACDH-CH)</publisher>
            <date>2024-03-19+01:00</date>
            <idno type="URI">https://id.acdh.oeaw.ac.at/bahr-textverzeichnis/pmb123155.xml</idno>
         </publicationStmt>
         <sourceDesc>
            <p>Bibliografische Angaben eines in Druck erschienen Texts von
                                    Bahr</p>
         </sourceDesc>
      </fileDesc>
   </teiHeader>
   <text>
      <body>
         <div type="bibliografische-angabe">
            <biblStruct xml:id="pmb123155"
                        type="Journal-Article"
                        status="checked"
                        prev="pmb123157"
                        next="pmb31361">
               <analytic>
                  <author ref="pmb10815">H. B.</author>
                  <title level="a" ref="pmb123155">Theater, Kunst und Literatur.
                     Kaiserjubiläums-Stadttheater</title>
               </analytic>
               <monogr>
                  <title level="j" ref="pmb41321">Neues Wiener Tagblatt</title>
                  <imprint>
                     <biblScope unit="jg">35</biblScope>
                     <biblScope unit="issue">77</biblScope>
                     <biblScope unit="page">6</biblScope>
                     <date when="1901-03-19">19.3.1901</date>
                  </imprint>
               </monogr>
               <note type="review-of">
                  <bibl>
                     <title level="m">Deutsche Treue</title>
                     <author>Felix Dahn</author>
                  </bibl>
               </note>
               <note type="incipit">»Deutsche Treue«, ein vaterländisches Schauspiel in fünf
                  Aufzügen von Felix Dahn; von Studenten dargestellt. Der Held ist jener erste
                  Heinrich, den man den Finkler oder Vogler nennt und der zuerst die deutsche
                  Wehrkraft im großen Style zu organisieren unternommen hat.</note>
               <ref type="personenindex">
                  <listRef>
                     <ptr type="pmb" target="pmb6751"/>
                     <ptr type="pmb" target="pmb154261"/>
                     <ptr type="pmb" target="pmb154262"/>
                     <ptr type="pmb" target="pmb154263"/>
                     <ptr type="pmb" target="pmb154264"/>
                     <ptr type="pmb" target="pmb154265"/>
                  </listRef>
               </ref>
               <ref type="URL">https://anno.onb.ac.at/cgi-content/anno?aid=nwg&amp;datum=19010319&amp;seite=6</ref>
               <noteGrp type="keywords">
                  <note type="Journal-Article">Artikel in einem Periodikum</note>
               </noteGrp>
               <note type="bibliographical-statement">H. B.: Theater, Kunst und Literatur.
                  Kaiserjubiläums-Stadttheater. In: Neues Wiener Tagblatt, Jg. 35, Nr. 77,
                  19.3.1901, S. 6.</note>
            </biblStruct>
         </div>
      </body>
      <back>
         <listPerson>
            <person xml:id="pmb6751">
               <persName>
                  <forename>Felix</forename>
                  <surname>Dahn</surname>
               </persName>
               <birth>
                  <date when-iso="1834-02-09">09.02.1834</date>
                  <settlement key="506">
                     <placeName type="pref">Hamburg</placeName>
                     <location>
                        <geo>53,57532 10,01534</geo>
                     </location>
                  </settlement>
               </birth>
               <death>
                  <date when-iso="1912-01-03">03.01.1912</date>
                  <settlement key="677">
                     <placeName type="pref">Breslau</placeName>
                     <location>
                        <geo>51,10773 17,03533</geo>
                     </location>
                  </settlement>
               </death>
               <sex value="male"/>
               <occupation key="90">Schriftsteller/Schriftstellerin</occupation>
               <idno type="URL" subtype="gnd">https://d-nb.info/gnd/118523392</idno>
               <idno type="URL" subtype="schnitzler-tagebuch">https://schnitzler-tagebuch.acdh.oeaw.ac.at/person_14346.html</idno>
               <idno type="URL" subtype="pmb">https://pmb.acdh.oeaw.ac.at/entity/6751/</idno>
               <idno type="URL" subtype="schnitzler-lektueren">https://schnitzler-lektueren.acdh.oeaw.ac.at/pmb6751.html</idno>
               <idno type="URL" subtype="fackel">https://fackel.oeaw.ac.at/?p=fackelp43157</idno>
               <idno type="URL" subtype="wikidata">http://www.wikidata.org/entity/Q61456</idno>
               <idno type="URL" subtype="wikipedia">https://de.wikipedia.org/wiki/Felix_Dahn</idno>
               <idno type="URL" subtype="bahr-tsn">https://bahr-textverzeichnis.acdh.oeaw.ac.at/TSN-listperson.html#pmb6751</idno>
               <idno type="URL" subtype="bahr-textverzeichnis">https://bahr-textverzeichnis.acdh.oeaw.ac.at/pmb6751.html</idno>
               <idno type="URL" subtype="hanslick-online">https://hanslick.acdh.oeaw.ac.at/hsl_person_id_1978.html</idno>
               <listBibl>
                  <bibl type="collections" n="12">Fackel</bibl>
                  <bibl type="collections" n="16">Bahr Textverzeichnis</bibl>
               </listBibl>
               <figure>
                  <graphic url="https://commons.wikimedia.org/w/index.php?title=Special:Redirect/file/Felix%20Dahn.jpg"/>
               </figure>
            </person>
            <person xml:id="pmb154261">
               <persName>
                  <forename>Elli</forename>
                  <surname>Staerk</surname>
               </persName>
               <sex value="not-set"/>
               <idno type="URL" subtype="pmb">https://pmb.acdh.oeaw.ac.at/entity/154261/</idno>
               <idno type="URL" subtype="bahr-textverzeichnis">https://bahr-textverzeichnis.acdh.oeaw.ac.at/pmb154261.html</idno>
               <listBibl>
                  <bibl type="collections" n="16">Bahr Textverzeichnis</bibl>
               </listBibl>
            </person>
            <person xml:id="pmb154262">
               <persName>
                  <surname>Petzl</surname>
               </persName>
               <sex value="not-set"/>
               <occupation key="105">Schauspieler/Schauspielerin</occupation>
               <idno type="URL" subtype="pmb">https://pmb.acdh.oeaw.ac.at/entity/154262/</idno>
               <idno type="URL" subtype="bahr-textverzeichnis">https://bahr-textverzeichnis.acdh.oeaw.ac.at/pmb154262.html</idno>
               <listBibl>
                  <bibl type="collections" n="16">Bahr Textverzeichnis</bibl>
               </listBibl>
            </person>
            <person xml:id="pmb154263">
               <persName>
                  <surname>Bergauer</surname>
               </persName>
               <sex value="not-set"/>
               <occupation key="105">Schauspieler/Schauspielerin</occupation>
               <idno type="URL" subtype="pmb">https://pmb.acdh.oeaw.ac.at/entity/154263/</idno>
               <idno type="URL" subtype="bahr-textverzeichnis">https://bahr-textverzeichnis.acdh.oeaw.ac.at/pmb154263.html</idno>
               <listBibl>
                  <bibl type="collections" n="16">Bahr Textverzeichnis</bibl>
               </listBibl>
            </person>
            <person xml:id="pmb154264">
               <persName>
                  <surname>Hütter</surname>
               </persName>
               <sex value="not-set"/>
               <occupation key="105">Schauspieler/Schauspielerin</occupation>
               <idno type="URL" subtype="pmb">https://pmb.acdh.oeaw.ac.at/entity/154264/</idno>
               <idno type="URL" subtype="bahr-textverzeichnis">https://bahr-textverzeichnis.acdh.oeaw.ac.at/pmb154264.html</idno>
               <listBibl>
                  <bibl type="collections" n="16">Bahr Textverzeichnis</bibl>
               </listBibl>
            </person>
            <person xml:id="pmb154265">
               <persName>
                  <surname>Preslicka</surname>
               </persName>
               <sex value="not-set"/>
               <occupation key="105">Schauspieler/Schauspielerin</occupation>
               <idno type="URL" subtype="pmb">https://pmb.acdh.oeaw.ac.at/entity/154265/</idno>
               <idno type="URL" subtype="bahr-textverzeichnis">https://bahr-textverzeichnis.acdh.oeaw.ac.at/pmb154265.html</idno>
               <listBibl>
                  <bibl type="collections" n="16">Bahr Textverzeichnis</bibl>
               </listBibl>
            </person>
         </listPerson>
      </back>
   </text>
</TEI>
