<?xml version="1.0" encoding="UTF-8"?>
<TEI xmlns="http://www.tei-c.org/ns/1.0"
     xmlns:tei="http://www.tei-c.org/ns/1.0"
     xml:id="pmb122483.xml"
     prev="pmb134267"
     next="pmb134253">
   <teiHeader>
      <fileDesc>
         <titleStmt>
            <title level="s">Hermann Bahr – Textverzeichnis</title>
            <title level="a">Mepherl auf Reisen</title>
            <title type="iso-date">1892-12-25</title>
            <respStmt>
               <resp>providing the content</resp>
               <name>Martin Anton Müller</name>
            </respStmt>
            <respStmt>
               <resp>converted to XML encoding</resp>
               <name>Martin Anton Müller</name>
            </respStmt>
         </titleStmt>
         <publicationStmt>
            <publisher>Austrian Centre for Digital Humanities and Cultural
                                    Heritage (ACDH-CH)</publisher>
            <date>2024-03-19+01:00</date>
            <idno type="URI">https://id.acdh.oeaw.ac.at/bahr-textverzeichnis/pmb122483.xml</idno>
         </publicationStmt>
         <sourceDesc>
            <p>Bibliografische Angaben eines in Druck erschienen Texts von
                                    Bahr</p>
         </sourceDesc>
      </fileDesc>
   </teiHeader>
   <text>
      <body>
         <div type="bibliografische-angabe">
            <biblStruct xml:id="pmb122483"
                        type="Journal-Article"
                        subtype="Glosse"
                        status="checked"
                        prev="pmb134267"
                        next="pmb134253">
               <analytic>
                  <author ref="pmb10815">Mepherl</author>
                  <title level="a" ref="pmb122483">Mepherl auf Reisen</title>
               </analytic>
               <monogr>
                  <title level="j" ref="pmb41471">Deutsche Zeitung</title>
                  <imprint>
                     <biblScope unit="jg">22</biblScope>
                     <biblScope unit="issue">7541, Sonntags-Ausgabe</biblScope>
                     <biblScope unit="page">6</biblScope>
                     <date when="1892-12-25">25.12.1892</date>
                  </imprint>
               </monogr>
               <note>
                  <p>Bahrs Reise nach Paris gibt ihm die Gelegenheit zu verschiedenen Themen, unter
                     anderem Weihnachtsgeschenke, die er nicht besorgen muss.</p>
               </note>
               <note type="incipit">Sehen Sie, so geht es. Plötzlich reise ich ab.</note>
               <ref type="personenindex">
                  <listRef>
                     <ptr type="pmb" target="pmb5329"/>
                     <ptr type="pmb" target="pmb14756"/>
                     <ptr type="pmb" target="pmb12408"/>
                     <ptr type="pmb" target="pmb3561"/>
                     <ptr type="pmb" target="pmb3904"/>
                     <ptr type="pmb" target="pmb114256"/>
                     <ptr type="pmb" target="pmb9712"/>
                     <ptr type="pmb" target="pmb153913"/>
                     <ptr type="pmb" target="pmb2154"/>
                     <ptr type="pmb" target="pmb148547"/>
                  </listRef>
               </ref>
               <ref type="URL">https://bahr.univie.ac.at/sites/all/txt/deutsche-zeitung/75416.pdf</ref>
               <noteGrp type="keywords">
                  <note type="Journal-Article">Artikel in einem Periodikum</note>
                  <note subtype="Glosse">Glosse</note>
               </noteGrp>
               <note type="bibliographical-statement">Mepherl: Mepherl auf Reisen. In: Deutsche
                  Zeitung, Jg. 22, Nr. 7541, Sonntags-Ausgabe, 25.12.1892, S. 6.</note>
            </biblStruct>
         </div>
      </body>
      <back>
         <listPerson>
            <person xml:id="pmb5329">
               <persName>
                  <forename>Ferdinand</forename>
                  <surname>Kronawetter</surname>
               </persName>
               <birth>
                  <date when-iso="1838-02-26">26.02.1838</date>
                  <settlement key="50">
                     <placeName type="pref">Wien</placeName>
                     <location>
                        <geo>48,2066 16,37341</geo>
                     </location>
                  </settlement>
               </birth>
               <death>
                  <date when-iso="1913-01-20">20.01.1913</date>
                  <settlement key="49316">
                     <placeName type="pref">Pottschach</placeName>
                     <location>
                        <geo>47,69856 16,00725</geo>
                     </location>
                  </settlement>
               </death>
               <sex value="male"/>
               <occupation key="95">Politiker/Politikerin</occupation>
               <idno type="URL" subtype="gnd">https://d-nb.info/gnd/134206649</idno>
               <idno type="URL" subtype="pmb">https://pmb.acdh.oeaw.ac.at/entity/5329/</idno>
               <idno type="URL" subtype="fackel">https://fackel.oeaw.ac.at/?p=fackelp41410</idno>
               <idno type="URL" subtype="wikidata">http://www.wikidata.org/entity/Q896167</idno>
               <idno type="URL" subtype="wikipedia">https://de.wikipedia.org/wiki/Ferdinand_Kronawetter</idno>
               <idno type="URL" subtype="oebl">https://doi.org/10.1553/0x002825b2</idno>
               <idno type="URL" subtype="schnitzler-interviews">https://schnitzler-interviews.acdh.oeaw.ac.at/pmb5329.html</idno>
               <idno type="URL" subtype="bahr-textverzeichnis">https://bahr-textverzeichnis.acdh.oeaw.ac.at/pmb5329.html</idno>
               <listBibl>
                  <bibl type="collections" n="12">Fackel</bibl>
               </listBibl>
               <figure>
                  <graphic url="https://commons.wikimedia.org/w/index.php?title=Special:Redirect/file/Ferdinand%20Kronawetter.jpg"/>
               </figure>
            </person>
            <person xml:id="pmb14756">
               <persName>
                  <forename>Ferry</forename>
                  <surname>Bératon</surname>
               </persName>
               <persName type="namensvariante">Perathoner Ferdinand</persName>
               <persName type="person_geburtsname_nachname">Peratoner</persName>
               <birth>
                  <date when-iso="1859-12-06">06.12.1859</date>
                  <settlement key="50">
                     <placeName type="pref">Wien</placeName>
                     <location>
                        <geo>48,2066 16,37341</geo>
                     </location>
                  </settlement>
               </birth>
               <death>
                  <date when-iso="1900-02-11">11.02.1900</date>
                  <settlement key="462">
                     <placeName type="pref">Venedig</placeName>
                     <location>
                        <geo>45,43713 12,33265</geo>
                     </location>
                  </settlement>
               </death>
               <sex value="male"/>
               <occupation key="90">Schriftsteller/Schriftstellerin</occupation>
               <occupation key="99">Journalist/Journalistin</occupation>
               <occupation key="110">Maler/Malerin</occupation>
               <idno type="URL" subtype="schnitzler-tagebuch">https://schnitzler-tagebuch.acdh.oeaw.ac.at/person_13611.html</idno>
               <idno type="URL" subtype="schnitzler-bahr">https://schnitzler-bahr.acdh.oeaw.ac.at/pmb14756.html</idno>
               <idno type="URL" subtype="pmb">https://pmb.acdh.oeaw.ac.at/entity/14756/</idno>
               <idno type="URL" subtype="schnitzler-briefe">https://schnitzler-briefe.acdh.oeaw.ac.at/pmb14756.html</idno>
               <idno type="URL" subtype="bahr-textverzeichnis">https://bahr-textverzeichnis.acdh.oeaw.ac.at/pmb14756.html</idno>
               <idno type="URL" subtype="wikidata">http://www.wikidata.org/entity/Q17538086</idno>
               <idno type="URL" subtype="wikipedia">https://de.wikipedia.org/wiki/Ferry_B%C3%A9raton</idno>
               <listEvent>
                  <event key="142757" when-iso="1892-01-31">
                     <desc n="1370">teilgenommen an</desc>
                     <label>Private Lesung von Die Braut, Das Himmelbett, 31.1.1892</label>
                     <idno type="URL" subtype="pmb">https://pmb.acdh.oeaw.ac.at/entity/142757/</idno>
                  </event>
                  <event key="59292" when-iso="1897-03-28">
                     <desc n="1370">teilgenommen an</desc>
                     <label>Lesung von Hirschfeld, Hofmannsthal, Schnitzler und Bahr,
                           28.3.1897</label>
                     <idno type="URL" subtype="pmb">https://pmb.acdh.oeaw.ac.at/entity/59292/</idno>
                  </event>
               </listEvent>
               <figure>
                  <graphic url="https://commons.wikimedia.org/w/index.php?title=Special:Redirect/file/Ferry%20B%C3%A9raton%201900%20Wiener%20Bilder.png"/>
               </figure>
            </person>
            <person xml:id="pmb12408">
               <persName>
                  <forename>Engelbert</forename>
                  <surname>Pernerstorfer</surname>
               </persName>
               <persName type="legacy-name-merge">Pernerstorfer, Engelbert</persName>
               <birth>
                  <date when-iso="1850-04-27">27.04.1850</date>
                  <settlement key="50">
                     <placeName type="pref">Wien</placeName>
                     <location>
                        <geo>48,2066 16,37341</geo>
                     </location>
                  </settlement>
               </birth>
               <death>
                  <date when-iso="1918-01-06">06.01.1918</date>
                  <settlement key="50">
                     <placeName type="pref">Wien</placeName>
                     <location>
                        <geo>48,2066 16,37341</geo>
                     </location>
                  </settlement>
               </death>
               <sex value="male"/>
               <occupation key="95">Politiker/Politikerin</occupation>
               <occupation key="99">Journalist/Journalistin</occupation>
               <idno type="URL" subtype="gnd">https://d-nb.info/gnd/119148331</idno>
               <idno type="URL" subtype="schnitzler-tagebuch">https://schnitzler-tagebuch.acdh.oeaw.ac.at/person_18717.html</idno>
               <idno type="URL" subtype="schnitzler-bahr">https://schnitzler-bahr.acdh.oeaw.ac.at/pmb12408.html</idno>
               <idno type="URL" subtype="pmb">https://pmb.acdh.oeaw.ac.at/entity/12408/</idno>
               <idno type="URL" subtype="schnitzler-briefe">https://schnitzler-briefe.acdh.oeaw.ac.at/pmb12408.html</idno>
               <idno type="URL" subtype="bahr-textverzeichnis">https://bahr-textverzeichnis.acdh.oeaw.ac.at/pmb12408.html</idno>
               <idno type="URL" subtype="fackel">https://fackel.oeaw.ac.at/?p=fackelp42701</idno>
               <idno type="URL" subtype="oebl">https://doi.org/10.1553/0x00283cac</idno>
               <idno type="URL" subtype="wikidata">http://www.wikidata.org/entity/Q875141</idno>
               <idno type="URL" subtype="wikipedia">https://de.wikipedia.org/wiki/Engelbert_Pernerstorfer</idno>
               <idno type="URL" subtype="pmb">https://pmb.acdh.oeaw.ac.at/entity/161632/</idno>
               <idno type="URL" subtype="bahr-tsn">https://bahr-textverzeichnis.acdh.oeaw.ac.at/TSN-listperson.html#pmb12408</idno>
               <affiliation>
                  <term key="1182">arbeitet für</term>
                  <orgName key="29569">Wiener Freie Volksbühne</orgName>
                  <idno type="URL" subtype="pmb">https://pmb.acdh.oeaw.ac.at/entity/29569/</idno>
                  <idno type="URL" subtype="schnitzler-briefe">https://schnitzler-briefe.acdh.oeaw.ac.at/pmb29569.html</idno>
               </affiliation>
               <affiliation>
                  <term key="1153">in Bezug zu</term>
                  <orgName key="29781">»Freie Bühne« Verein für moderne Literatur</orgName>
                  <idno type="URL" subtype="schnitzler-bahr">https://schnitzler-bahr.acdh.oeaw.ac.at/pmb29781.html</idno>
                  <idno type="URL" subtype="pmb">https://pmb.acdh.oeaw.ac.at/entity/29781/</idno>
                  <idno type="URL" subtype="schnitzler-briefe">https://schnitzler-briefe.acdh.oeaw.ac.at/pmb29781.html</idno>
               </affiliation>
               <listEvent>
                  <event key="61712" when-iso="1891-04-11">
                     <desc n="1370">teilgenommen an</desc>
                     <label>Ibsen-Bankett, 11.4.1891</label>
                     <idno type="URL" subtype="pmb">https://pmb.acdh.oeaw.ac.at/entity/61712/</idno>
                  </event>
                  <event key="40995" when-iso="1891-07-07">
                     <desc n="1370">teilgenommen an</desc>
                     <label>Gründungsveranstaltung Freie Bühne, Verein für moderne Literatur,
                           7.7.1891</label>
                     <idno type="URL" subtype="pmb">https://pmb.acdh.oeaw.ac.at/entity/40995/</idno>
                  </event>
                  <event key="46106" when-iso="1907-10-16">
                     <desc n="1256">ist Arbeitskraft bei</desc>
                     <label>Vorlesung von Lieutenant Gustl, Das neue Lied, 16.10.1907</label>
                     <idno type="URL" subtype="pmb">https://pmb.acdh.oeaw.ac.at/entity/46106/</idno>
                  </event>
               </listEvent>
               <listBibl>
                  <bibl type="collections" n="11">ÖBL nach 1850 geboren</bibl>
                  <bibl type="collections" n="12">Fackel</bibl>
                  <bibl type="collections" n="16">Bahr Textverzeichnis</bibl>
               </listBibl>
               <note type="references">None </note>
               <figure>
                  <graphic url="https://commons.wikimedia.org/w/index.php?title=Special:Redirect/file/Engelbert%20Pernerstorfer.jpg"/>
               </figure>
            </person>
            <person xml:id="pmb3561">
               <persName>
                  <forename>Karl</forename>
                  <surname>Lueger</surname>
               </persName>
               <persName type="legacy-name-merge">Lueger, Karl</persName>
               <birth>
                  <date when-iso="1844-10-24">24.10.1844</date>
                  <settlement key="50">
                     <placeName type="pref">Wien</placeName>
                     <location>
                        <geo>48,2066 16,37341</geo>
                     </location>
                  </settlement>
               </birth>
               <death>
                  <date when-iso="1910-03-10">10.03.1910</date>
                  <settlement key="50">
                     <placeName type="pref">Wien</placeName>
                     <location>
                        <geo>48,2066 16,37341</geo>
                     </location>
                  </settlement>
               </death>
               <sex value="male"/>
               <occupation key="95">Politiker/Politikerin</occupation>
               <idno type="URL" subtype="gnd">https://d-nb.info/gnd/118729578</idno>
               <idno type="URL" subtype="schnitzler-tagebuch">https://schnitzler-tagebuch.acdh.oeaw.ac.at/person_17731.html</idno>
               <idno type="URL" subtype="schnitzler-bahr">https://schnitzler-bahr.acdh.oeaw.ac.at/pmb3561.html</idno>
               <idno type="URL" subtype="pmb">https://pmb.acdh.oeaw.ac.at/entity/3561/</idno>
               <idno type="URL" subtype="schnitzler-briefe">https://schnitzler-briefe.acdh.oeaw.ac.at/pmb3561.html</idno>
               <idno type="URL" subtype="bahr-textverzeichnis">https://bahr-textverzeichnis.acdh.oeaw.ac.at/pmb3561.html</idno>
               <idno type="URL" subtype="fackel">https://fackel.oeaw.ac.at/?p=fackelp47583</idno>
               <idno type="URL" subtype="wikidata">http://www.wikidata.org/entity/Q78531</idno>
               <idno type="URL" subtype="wikipedia">https://de.wikipedia.org/wiki/Karl_Lueger</idno>
               <idno type="URL" subtype="oebl">https://doi.org/10.1553/0x00282b7e</idno>
               <idno type="URL" subtype="pmb">https://pmb.acdh.oeaw.ac.at/entity/161126/</idno>
               <idno type="URL" subtype="bahr-tsn">https://bahr-textverzeichnis.acdh.oeaw.ac.at/TSN-listperson.html#pmb3561</idno>
               <idno type="URL" subtype="schnitzler-interviews">https://schnitzler-interviews.acdh.oeaw.ac.at/pmb3561.html</idno>
               <idno type="URL" subtype="hanslick-online">https://hanslick.acdh.oeaw.ac.at/hsl_person_id_1140.html</idno>
               <affiliation notBefore-iso="1908-01-01"
                            when-iso="1908-01-01"
                            notAfter-iso="1908-12-31">
                  <term key="1534">unterstützt</term>
                  <orgName key="118210">Guido-von-List-Gesellschaft</orgName>
                  <idno type="URL" subtype="pmb">https://pmb.acdh.oeaw.ac.at/entity/118210/</idno>
                  <idno type="URL" subtype="wikidata">http://www.wikidata.org/entity/Q1553478</idno>
                  <idno type="URL" subtype="wikipedia">https://de.wikipedia.org/wiki/Guido-von-List-Gesellschaft</idno>
               </affiliation>
               <affiliation>
                  <term key="1182">arbeitet für</term>
                  <orgName key="62887">Landtag von Niederösterreich</orgName>
                  <idno type="URL" subtype="pmb">https://pmb.acdh.oeaw.ac.at/entity/62887/</idno>
                  <idno type="URL" subtype="schnitzler-interviews">https://schnitzler-interviews.acdh.oeaw.ac.at/pmb62887.html</idno>
               </affiliation>
               <listBibl>
                  <bibl type="collections" n="12">Fackel</bibl>
                  <bibl type="collections" n="16">Bahr Textverzeichnis</bibl>
               </listBibl>
               <figure>
                  <graphic url="https://commons.wikimedia.org/w/index.php?title=Special:Redirect/file/Ludwig%20Grillich7.jpg"/>
               </figure>
            </person>
            <person xml:id="pmb3904">
               <persName>
                  <forename>Franz von</forename>
                  <surname>Stuck</surname>
               </persName>
               <persName type="legacy-name-merge">Stuck, Franz von</persName>
               <birth>
                  <date when-iso="1863-02-23">1863-02-23</date>
                  <settlement key="51069">
                     <placeName type="pref">Tettenweis</placeName>
                     <location>
                        <geo>48,44281 13,26955</geo>
                     </location>
                  </settlement>
               </birth>
               <death>
                  <date when-iso="1928-08-30">1928-08-30</date>
                  <settlement key="45258">
                     <placeName type="pref">München</placeName>
                     <location>
                        <geo>48,13743 11,57549</geo>
                     </location>
                  </settlement>
               </death>
               <sex value="male"/>
               <occupation key="110">Maler/Malerin</occupation>
               <idno type="URL" subtype="gnd">https://d-nb.info/gnd/118619543</idno>
               <idno type="URL" subtype="schnitzler-bahr">https://schnitzler-bahr.acdh.oeaw.ac.at/pmb3904.html</idno>
               <idno type="URL" subtype="pmb">https://pmb.acdh.oeaw.ac.at/entity/3904/</idno>
               <idno type="URL" subtype="bahr-textverzeichnis">https://bahr-textverzeichnis.acdh.oeaw.ac.at/pmb3904.html</idno>
               <idno type="URL" subtype="fackel">https://fackel.oeaw.ac.at/?p=fackelp53769</idno>
               <idno type="URL" subtype="wikidata">http://www.wikidata.org/entity/Q45006</idno>
               <idno type="URL" subtype="wikipedia">https://de.wikipedia.org/wiki/Franz_von_Stuck</idno>
               <idno type="URL" subtype="pmb">https://pmb.acdh.oeaw.ac.at/entity/162443/</idno>
               <idno type="URL" subtype="bahr-tsn">https://bahr-textverzeichnis.acdh.oeaw.ac.at/TSN-listperson.html#pmb3904</idno>
               <listBibl>
                  <bibl type="collections" n="12">Fackel</bibl>
                  <bibl type="collections" n="16">Bahr Textverzeichnis</bibl>
               </listBibl>
               <figure>
                  <graphic url="https://commons.wikimedia.org/w/index.php?title=Special:Redirect/file/Franz%20von%20Stuck%2C%20by%20Franz%20von%20Stuck.jpg"/>
               </figure>
            </person>
            <person xml:id="pmb114256">
               <persName>
                  <forename>Eduard</forename>
                  <surname>Taaffe</surname>
               </persName>
               <birth>
                  <date when-iso="1833-02-24">1833-02-24</date>
               </birth>
               <death>
                  <date when-iso="1895-11-29">1895-11-29</date>
               </death>
               <sex value="male"/>
               <occupation key="95">Politiker/Politikerin</occupation>
               <occupation key="2109">Regierungschef/Regierungschefin</occupation>
               <idno type="URL" subtype="bahr-textverzeichnis">https://bahr-textverzeichnis.acdh.oeaw.ac.at/pmb114256.html</idno>
               <idno type="URL" subtype="pmb">https://pmb.acdh.oeaw.ac.at/entity/114256/</idno>
               <idno type="URL" subtype="gnd">https://d-nb.info/gnd/118620428</idno>
               <idno type="URL" subtype="fackel">https://fackel.oeaw.ac.at/?p=fackelp44822</idno>
               <idno type="URL" subtype="wikidata">http://www.wikidata.org/entity/Q550748</idno>
               <idno type="URL" subtype="wikipedia">https://de.wikipedia.org/wiki/Eduard_Taaffe</idno>
               <idno type="URL" subtype="oebl">https://doi.org/10.1553/0x002f7acc</idno>
               <listBibl>
                  <bibl type="collections" n="12">Fackel</bibl>
                  <bibl type="collections" n="16">Bahr Textverzeichnis</bibl>
               </listBibl>
            </person>
            <person xml:id="pmb9712">
               <persName>
                  <forename>Hans</forename>
                  <surname>Schliessmann</surname>
               </persName>
               <birth>
                  <date when-iso="1852-02-06">06.02.1852</date>
                  <settlement key="44119">
                     <placeName type="pref">Mainz</placeName>
                     <location>
                        <geo>49,98419 8,2791</geo>
                     </location>
                  </settlement>
               </birth>
               <death>
                  <date when-iso="1920-02-14">14.02.1920</date>
                  <settlement key="50">
                     <placeName type="pref">Wien</placeName>
                     <location>
                        <geo>48,2066 16,37341</geo>
                     </location>
                  </settlement>
               </death>
               <sex value="male"/>
               <occupation key="331">Zeichner/Zeichnerin</occupation>
               <idno type="URL" subtype="gnd">https://d-nb.info/gnd/117643742</idno>
               <idno type="URL" subtype="schnitzler-tagebuch">https://schnitzler-tagebuch.acdh.oeaw.ac.at/person_19742.html</idno>
               <idno type="URL" subtype="pmb">https://pmb.acdh.oeaw.ac.at/entity/9712/</idno>
               <idno type="URL" subtype="oebl">https://doi.org/10.1553/0x002851ee</idno>
               <idno type="URL" subtype="fackel">https://fackel.oeaw.ac.at/?p=fackelp45465</idno>
               <idno type="URL" subtype="wikidata">http://www.wikidata.org/entity/Q1582310</idno>
               <idno type="URL" subtype="wikipedia">https://de.wikipedia.org/wiki/Hans_Schlie%C3%9Fmann</idno>
               <idno type="URL" subtype="bahr-textverzeichnis">https://bahr-textverzeichnis.acdh.oeaw.ac.at/pmb9712.html</idno>
               <listBibl>
                  <bibl type="collections" n="11">ÖBL nach 1850 geboren</bibl>
                  <bibl type="collections" n="12">Fackel</bibl>
                  <bibl type="collections" n="16">Bahr Textverzeichnis</bibl>
               </listBibl>
               <figure>
                  <graphic url="https://commons.wikimedia.org/w/index.php?title=Special:Redirect/file/Hans%20Schlie%C3%9Fmann.jpg"/>
               </figure>
            </person>
            <person xml:id="pmb153913">
               <persName>
                  <surname>Bedecovich</surname>
               </persName>
               <sex value="not-set"/>
               <occupation key="105">Schauspieler/Schauspielerin</occupation>
               <idno type="URL" subtype="bahr-textverzeichnis">https://bahr-textverzeichnis.acdh.oeaw.ac.at/pmb153913.html</idno>
               <idno type="URL" subtype="pmb">https://pmb.acdh.oeaw.ac.at/entity/153913/</idno>
               <listBibl>
                  <bibl type="collections" n="16">Bahr Textverzeichnis</bibl>
               </listBibl>
            </person>
            <person xml:id="pmb2154">
               <persName>
                  <forename>Vincenz</forename>
                  <surname>Chiavacci</surname>
               </persName>
               <persName type="legacy-name-merge">Chiavacci, Vincenz</persName>
               <birth>
                  <date when-iso="1847-06-15">15.06.1847</date>
                  <settlement key="50">
                     <placeName type="pref">Wien</placeName>
                     <location>
                        <geo>48,2066 16,37341</geo>
                     </location>
                  </settlement>
               </birth>
               <death>
                  <date when-iso="1916-02-02">02.02.1916</date>
                  <settlement key="50">
                     <placeName type="pref">Wien</placeName>
                     <location>
                        <geo>48,2066 16,37341</geo>
                     </location>
                  </settlement>
               </death>
               <sex value="male"/>
               <occupation key="90">Schriftsteller/Schriftstellerin</occupation>
               <occupation key="99">Journalist/Journalistin</occupation>
               <occupation key="1472">Beamter/Beamte</occupation>
               <idno type="URL" subtype="gnd">https://d-nb.info/gnd/116504854</idno>
               <idno type="URL" subtype="schnitzler-tagebuch">https://schnitzler-tagebuch.acdh.oeaw.ac.at/person_14195.html</idno>
               <idno type="URL" subtype="schnitzler-bahr">https://schnitzler-bahr.acdh.oeaw.ac.at/pmb2154.html</idno>
               <idno type="URL" subtype="pmb">https://pmb.acdh.oeaw.ac.at/entity/2154/</idno>
               <idno type="URL" subtype="schnitzler-briefe">https://schnitzler-briefe.acdh.oeaw.ac.at/pmb2154.html</idno>
               <idno type="URL" subtype="bahr-textverzeichnis">https://bahr-textverzeichnis.acdh.oeaw.ac.at/pmb2154.html</idno>
               <idno type="URL" subtype="fackel">https://fackel.oeaw.ac.at/?p=fackelp54940</idno>
               <idno type="URL" subtype="wikidata">http://www.wikidata.org/entity/Q1585734</idno>
               <idno type="URL" subtype="wikipedia">https://de.wikipedia.org/wiki/Vinzenz_Chiavacci</idno>
               <idno type="URL" subtype="oebl">https://doi.org/10.1553/0x002811d2</idno>
               <idno type="URL" subtype="pmb">https://pmb.acdh.oeaw.ac.at/entity/159623/</idno>
               <idno type="URL" subtype="bahr-tsn">https://bahr-textverzeichnis.acdh.oeaw.ac.at/TSN-listperson.html#pmb2154</idno>
               <idno type="URL" subtype="schnitzler-interviews">https://schnitzler-interviews.acdh.oeaw.ac.at/pmb2154.html</idno>
               <affiliation notBefore-iso="1895-01-01"
                            when-iso="1895-01-01"
                            notAfter-iso="1895-12-31">
                  <term key="1182">arbeitet für</term>
                  <orgName key="167535">Das Bunte Blatt. Zeitschrift für die Familie</orgName>
                  <idno type="URL" subtype="pmb">https://pmb.acdh.oeaw.ac.at/entity/167535/</idno>
               </affiliation>
               <affiliation when-iso="1896-01-12">
                  <term key="1182">arbeitet für</term>
                  <orgName key="29724">Wiener Bilder. Illustrirtes Sonntagsblatt</orgName>
                  <idno type="URL" subtype="schnitzler-bahr">https://schnitzler-bahr.acdh.oeaw.ac.at/pmb29724.html</idno>
                  <idno type="URL" subtype="pmb">https://pmb.acdh.oeaw.ac.at/entity/29724/</idno>
               </affiliation>
               <affiliation>
                  <term key="1182">arbeitet für</term>
                  <orgName key="29634">Verein der Literaturfreunde</orgName>
                  <idno type="URL" subtype="schnitzler-bahr">https://schnitzler-bahr.acdh.oeaw.ac.at/pmb29634.html</idno>
                  <idno type="URL" subtype="pmb">https://pmb.acdh.oeaw.ac.at/entity/29634/</idno>
               </affiliation>
               <listEvent>
                  <event key="143820" when-iso="1900-04-15">
                     <desc n="1370">teilgenommen an</desc>
                     <label>Bankett für Ludwig Speidel, 15.4.1900</label>
                     <idno type="URL" subtype="pmb">https://pmb.acdh.oeaw.ac.at/entity/143820/</idno>
                  </event>
               </listEvent>
               <listBibl>
                  <bibl type="collections" n="12">Fackel</bibl>
                  <bibl type="collections" n="16">Bahr Textverzeichnis</bibl>
               </listBibl>
               <note type="references">None </note>
               <figure>
                  <graphic url="https://commons.wikimedia.org/w/index.php?title=Special:Redirect/file/Vinzenz%20Chiavacci%201892%20Vilimek.jpg"/>
               </figure>
            </person>
            <person xml:id="pmb148547">
               <persName>
                  <forename>Friedrich</forename>
                  <surname>Friedrich Kaltenegger von Riedhorst</surname>
               </persName>
               <birth>
                  <date when-iso="1820-10-22">1820-10-22</date>
                  <settlement key="873">
                     <placeName type="pref">Triest</placeName>
                     <location>
                        <geo>45,66667 13,76667</geo>
                     </location>
                  </settlement>
               </birth>
               <death>
                  <date when-iso="1892-10-28">1892-10-28</date>
                  <settlement key="50">
                     <placeName type="pref">Wien</placeName>
                     <location>
                        <geo>48,2066 16,37341</geo>
                     </location>
                  </settlement>
               </death>
               <sex value="male"/>
               <idno type="URL" subtype="bahr-textverzeichnis">https://bahr-textverzeichnis.acdh.oeaw.ac.at/pmb148547.html</idno>
               <idno type="URL" subtype="pmb">https://pmb.acdh.oeaw.ac.at/entity/148547/</idno>
               <idno type="URL" subtype="wikidata">http://www.wikidata.org/entity/Q55679261</idno>
               <idno type="URL" subtype="gnd">https://d-nb.info/gnd/1012956407</idno>
               <idno type="URL" subtype="wikipedia">https://de.wikipedia.org/wiki/Friedrich_Kaltenegger_von_Riedhorst</idno>
               <listBibl>
                  <bibl type="collections" n="16">Bahr Textverzeichnis</bibl>
               </listBibl>
            </person>
         </listPerson>
      </back>
   </text>
</TEI>
