<?xml version="1.0" encoding="UTF-8"?>
<TEI xmlns="http://www.tei-c.org/ns/1.0"
     xmlns:tei="http://www.tei-c.org/ns/1.0"
     xml:id="pmb122507.xml"
     prev="pmb123931"
     next="pmb122505">
   <teiHeader>
      <fileDesc>
         <titleStmt>
            <title level="s">Hermann Bahr – Textverzeichnis</title>
            <title level="a">Freie Gedanken. [IV]</title>
            <title type="iso-date">1882-10-22</title>
            <respStmt>
               <resp>providing the content</resp>
               <name>Martin Anton Müller</name>
            </respStmt>
            <respStmt>
               <resp>converted to XML encoding</resp>
               <name>Martin Anton Müller</name>
            </respStmt>
         </titleStmt>
         <publicationStmt>
            <publisher>Austrian Centre for Digital Humanities and Cultural
                                    Heritage (ACDH-CH)</publisher>
            <date>2024-03-19+01:00</date>
            <idno type="URI">https://id.acdh.oeaw.ac.at/bahr-textverzeichnis/pmb122507.xml</idno>
         </publicationStmt>
         <sourceDesc>
            <p>Bibliografische Angaben eines in Druck erschienen Texts von
                                    Bahr</p>
         </sourceDesc>
      </fileDesc>
   </teiHeader>
   <text>
      <body>
         <div type="bibliografische-angabe">
            <biblStruct xml:id="pmb122507"
                        type="Journal-Article"
                        status="checked"
                        prev="pmb123931"
                        next="pmb122505">
               <analytic>
                  <author ref="pmb10815">Kieselak</author>
                  <title level="a" ref="pmb122507">Freie Gedanken. [IV]</title>
               </analytic>
               <monogr>
                  <title level="j" ref="pmb122066">Linzer Sonntagsblatt</title>
                  <imprint>
                     <biblScope unit="jg">3</biblScope>
                     <biblScope unit="issue">43</biblScope>
                     <biblScope unit="page">1–2</biblScope>
                     <date when="1882-10-22">22.10.1882</date>
                  </imprint>
               </monogr>
               <note type="incipit">An eine erschöpfende Behandlung des Gegen-Judenthums im Rahmen
                  unseres Feuilletons ist natürlich nicht zu denken.</note>
               <note type="summary">Im zweiten Teil seiner »Behandlung« des Antisemitismus geht
                  Kieselak, d.i. Bahr, auf die gesellschaftliche und politische Bekämpfung des
                  Judentums ein, schließlich hätten diese die kulturelle wie soziale Herrschaft
                  übernommen.</note>
               <ref type="personenindex">
                  <listRef>
                     <ptr type="pmb" target="pmb12903"/>
                     <ptr type="pmb" target="pmb19980"/>
                     <ptr type="pmb" target="pmb12078"/>
                     <ptr type="pmb" target="pmb25237"/>
                     <ptr type="pmb" target="pmb13024"/>
                     <ptr type="pmb" target="pmb17172"/>
                     <ptr type="pmb" target="pmb60373"/>
                     <ptr type="pmb" target="pmb14328"/>
                     <ptr type="pmb" target="pmb153932"/>
                     <ptr type="pmb" target="pmb148607"/>
                     <ptr type="pmb" target="pmb115090"/>
                  </listRef>
               </ref>
               <noteGrp type="keywords">
                  <note type="Journal-Article">Artikel in einem Periodikum</note>
               </noteGrp>
               <note type="bibliographical-statement">Kieselak: Freie Gedanken. [IV]. In: Linzer
                  Sonntagsblatt, Jg. 3, Nr. 43, 22.10.1882, S. 1–2.</note>
            </biblStruct>
         </div>
      </body>
      <back>
         <listPerson>
            <person xml:id="pmb12903">
               <persName>
                  <forename>Eduard</forename>
                  <surname>Suess</surname>
               </persName>
               <birth>
                  <date when-iso="1831-08-20">20.08.1831</date>
                  <settlement key="224">
                     <placeName type="pref">London</placeName>
                     <location>
                        <geo>51,50853 -0,12574</geo>
                     </location>
                  </settlement>
               </birth>
               <death>
                  <date when-iso="1914-04-26">26.04.1914</date>
                  <settlement key="50">
                     <placeName type="pref">Wien</placeName>
                     <location>
                        <geo>48,2066 16,37341</geo>
                     </location>
                  </settlement>
               </death>
               <sex value="male"/>
               <occupation key="225">Vereinspräsident/Vereinspräsidentin</occupation>
               <occupation key="419">Geologe/Geologin</occupation>
               <idno type="URL" subtype="gnd">https://d-nb.info/gnd/118757709</idno>
               <idno type="URL" subtype="schnitzler-tagebuch">https://schnitzler-tagebuch.acdh.oeaw.ac.at/person_20566.html</idno>
               <idno type="URL" subtype="pmb">https://pmb.acdh.oeaw.ac.at/entity/12903/</idno>
               <idno type="URL" subtype="bahr-textverzeichnis">https://bahr-textverzeichnis.acdh.oeaw.ac.at/pmb12903.html</idno>
               <idno type="URL" subtype="fackel">https://fackel.oeaw.ac.at/?p=fackelp42328</idno>
               <idno type="URL" subtype="wikidata">http://www.wikidata.org/entity/Q156941</idno>
               <idno type="URL" subtype="wikipedia">https://de.wikipedia.org/wiki/Eduard_Suess</idno>
               <idno type="URL" subtype="oebl">https://doi.org/10.1553/0x002cb02b</idno>
               <idno type="URL" subtype="schnitzler-interviews">https://schnitzler-interviews.acdh.oeaw.ac.at/pmb12903.html</idno>
               <idno type="URL" subtype="hanslick-online">https://hanslick.acdh.oeaw.ac.at/hsl_person_id_3639.html</idno>
               <listEvent>
                  <event key="143820" when-iso="1900-04-15">
                     <desc n="1370">teilgenommen an</desc>
                     <label>Bankett für Ludwig Speidel, 15.4.1900</label>
                     <idno type="URL" subtype="pmb">https://pmb.acdh.oeaw.ac.at/entity/143820/</idno>
                  </event>
               </listEvent>
               <listBibl>
                  <bibl type="collections" n="12">Fackel</bibl>
               </listBibl>
               <figure>
                  <graphic url="https://commons.wikimedia.org/w/index.php?title=Special:Redirect/file/Eduard%20Suess00.jpg"/>
               </figure>
            </person>
            <person xml:id="pmb19980">
               <persName>
                  <forename>Ferdinand</forename>
                  <surname>Kürnberger</surname>
               </persName>
               <persName type="legacy-name-merge">Kürnberger, Ferdinand</persName>
               <persName type="legacy-name-merge">Kürnberger, Ferdinand</persName>
               <birth>
                  <date when-iso="1821-07-03">03.07.1821</date>
                  <settlement key="50">
                     <placeName type="pref">Wien</placeName>
                     <location>
                        <geo>48,2066 16,37341</geo>
                     </location>
                  </settlement>
               </birth>
               <death>
                  <date when-iso="1879-10-14">14.10.1879</date>
                  <settlement key="45258">
                     <placeName type="pref">München</placeName>
                     <location>
                        <geo>48,13743 11,57549</geo>
                     </location>
                  </settlement>
               </death>
               <sex value="male"/>
               <occupation key="90">Schriftsteller/Schriftstellerin</occupation>
               <idno type="URL" subtype="schnitzler-tagebuch">https://schnitzler-tagebuch.acdh.oeaw.ac.at/person_17169.html</idno>
               <idno type="URL" subtype="schnitzler-bahr">https://schnitzler-bahr.acdh.oeaw.ac.at/pmb19980.html</idno>
               <idno type="URL" subtype="pmb">https://pmb.acdh.oeaw.ac.at/entity/19980/</idno>
               <idno type="URL" subtype="gnd">https://d-nb.info/gnd/118567764/</idno>
               <idno type="URL" subtype="schnitzler-lektueren">https://schnitzler-lektueren.acdh.oeaw.ac.at/pmb19980.html</idno>
               <idno type="URL" subtype="legalkraus">https://kraus.wienbibliothek.at/register/personen/pmb19980</idno>
               <idno type="URL" subtype="fackel">https://fackel.oeaw.ac.at/?p=fackelp43219</idno>
               <idno type="URL" subtype="pmb">https://pmb.acdh.oeaw.ac.at/entity/113852/</idno>
               <idno type="URL" subtype="gnd">https://d-nb.info/gnd/118567764</idno>
               <idno type="URL" subtype="wikidata">http://www.wikidata.org/entity/Q669703</idno>
               <idno type="URL" subtype="wikipedia">https://de.wikipedia.org/wiki/Ferdinand_K%C3%BCrnberger</idno>
               <idno type="URL" subtype="oebl">https://doi.org/10.1553/0x0028262b</idno>
               <idno type="URL" subtype="pmb">https://pmb.acdh.oeaw.ac.at/entity/160932/</idno>
               <idno type="URL" subtype="bahr-tsn">https://bahr-textverzeichnis.acdh.oeaw.ac.at/TSN-listperson.html#pmb19980</idno>
               <idno type="URL" subtype="bahr-textverzeichnis">https://bahr-textverzeichnis.acdh.oeaw.ac.at/pmb19980.html</idno>
               <listBibl>
                  <bibl type="collections" n="5">legalkraus</bibl>
                  <bibl type="collections" n="12">Fackel</bibl>
                  <bibl type="collections" n="16">Bahr Textverzeichnis</bibl>
               </listBibl>
               <note type="references"> </note>
               <figure>
                  <graphic url="https://commons.wikimedia.org/w/index.php?title=Special:Redirect/file/Ferdinand-K%C3%BCrnberger.jpg"/>
               </figure>
            </person>
            <person xml:id="pmb12078">
               <persName>
                  <forename>Paul</forename>
                  <surname>Lindau</surname>
               </persName>
               <persName type="legacy-name-merge">Lindau, Paul</persName>
               <birth>
                  <date when-iso="1839-06-03">03.06.1839</date>
                  <settlement key="918">
                     <placeName type="pref">Magdeburg</placeName>
                     <location>
                        <geo>52,14167 11,64444</geo>
                     </location>
                  </settlement>
               </birth>
               <death>
                  <date when-iso="1919-01-31">31.01.1919</date>
                  <settlement key="168">
                     <placeName type="pref">Berlin</placeName>
                     <location>
                        <geo>52,52437 13,41053</geo>
                     </location>
                  </settlement>
               </death>
               <sex value="male"/>
               <occupation key="90">Schriftsteller/Schriftstellerin</occupation>
               <occupation key="100">Kritiker/Kritikerin</occupation>
               <occupation key="103">Theaterleiter/Theaterleiterin</occupation>
               <idno type="URL" subtype="gnd">https://d-nb.info/gnd/118780034</idno>
               <idno type="URL" subtype="schnitzler-tagebuch">https://schnitzler-tagebuch.acdh.oeaw.ac.at/person_17558.html</idno>
               <idno type="URL" subtype="schnitzler-bahr">https://schnitzler-bahr.acdh.oeaw.ac.at/pmb12078.html</idno>
               <idno type="URL" subtype="pmb">https://pmb.acdh.oeaw.ac.at/entity/12078/</idno>
               <idno type="URL" subtype="schnitzler-briefe">https://schnitzler-briefe.acdh.oeaw.ac.at/pmb12078.html</idno>
               <idno type="URL" subtype="schnitzler-lektueren">https://schnitzler-lektueren.acdh.oeaw.ac.at/pmb12078.html</idno>
               <idno type="URL" subtype="fackel">https://fackel.oeaw.ac.at/?p=fackelp51225</idno>
               <idno type="URL" subtype="wikidata">http://www.wikidata.org/entity/Q86886</idno>
               <idno type="URL" subtype="wikipedia">https://de.wikipedia.org/wiki/Paul_Lindau</idno>
               <idno type="URL" subtype="schnitzler-kino">https://schnitzler-kino.acdh.oeaw.ac.at/pmb12078.html</idno>
               <idno type="URL" subtype="schnitzler-interviews">https://schnitzler-interviews.acdh.oeaw.ac.at/pmb12078.html</idno>
               <idno type="URL" subtype="pmb">https://pmb.acdh.oeaw.ac.at/entity/161080/</idno>
               <idno type="URL" subtype="bahr-tsn">https://bahr-textverzeichnis.acdh.oeaw.ac.at/TSN-listperson.html#pmb12078</idno>
               <idno type="URL" subtype="bahr-textverzeichnis">https://bahr-textverzeichnis.acdh.oeaw.ac.at/pmb12078.html</idno>
               <idno type="URL" subtype="hanslick-online">https://hanslick.acdh.oeaw.ac.at/hsl_person_id_3141.html</idno>
               <affiliation notBefore-iso="1877-01-01"
                            when-iso="1877-01-01"
                            notAfter-iso="1877-12-31">
                  <term key="1182">arbeitet für</term>
                  <orgName key="34269">Nord und Süd</orgName>
                  <idno type="URL" subtype="gnd">https://d-nb.info/gnd/1123300100</idno>
                  <idno type="URL" subtype="pmb">https://pmb.acdh.oeaw.ac.at/entity/34269/</idno>
               </affiliation>
               <affiliation notBefore-iso="1887-01-01"
                            when-iso="1887-01-01"
                            notAfter-iso="1887-12-31">
                  <term key="1182">arbeitet für</term>
                  <orgName key="29329">Berliner Tageblatt</orgName>
                  <idno type="URL" subtype="schnitzler-bahr">https://schnitzler-bahr.acdh.oeaw.ac.at/pmb29329.html</idno>
                  <idno type="URL" subtype="pmb">https://pmb.acdh.oeaw.ac.at/entity/29329/</idno>
                  <idno type="URL" subtype="schnitzler-briefe">https://schnitzler-briefe.acdh.oeaw.ac.at/pmb29329.html</idno>
                  <idno type="URL" subtype="legalkraus">https://kraus.wienbibliothek.at/register/institutionen/pmb29329</idno>
                  <idno type="URL" subtype="wikidata">http://www.wikidata.org/entity/Q455014</idno>
                  <idno type="URL" subtype="wikipedia">https://de.wikipedia.org/wiki/Berliner_Tageblatt</idno>
                  <idno type="URL" subtype="schnitzler-interviews">https://schnitzler-interviews.acdh.oeaw.ac.at/pmb29329.html</idno>
               </affiliation>
               <affiliation notBefore-iso="1900-01-01"
                            when-iso="1900-01-01"
                            notAfter-iso="1900-12-31">
                  <term key="1182">arbeitet für</term>
                  <orgName key="29380">Berliner Theater</orgName>
                  <idno type="URL" subtype="pmb">https://pmb.acdh.oeaw.ac.at/entity/29380/</idno>
                  <idno type="URL" subtype="wikidata">http://www.wikidata.org/entity/Q821806</idno>
                  <idno type="URL" subtype="wikipedia">https://de.wikipedia.org/wiki/Berliner_Theater</idno>
               </affiliation>
               <affiliation when-iso="1904-07-01">
                  <term key="1182">arbeitet für</term>
                  <orgName key="35597">Deutsches Theater Berlin</orgName>
                  <idno type="URL" subtype="wikidata">http://www.wikidata.org/entity/Q703955</idno>
                  <idno type="URL" subtype="gnd">https://d-nb.info/gnd/4058252-8</idno>
                  <idno type="URL" subtype="pmb">https://pmb.acdh.oeaw.ac.at/entity/35597/</idno>
                  <idno type="URL" subtype="schnitzler-briefe">https://schnitzler-briefe.acdh.oeaw.ac.at/pmb35597.html</idno>
                  <idno type="URL" subtype="legalkraus">https://kraus.wienbibliothek.at/register/institutionen/pmb35597</idno>
                  <idno type="URL" subtype="wikipedia">https://de.wikipedia.org/wiki/Deutsches_Theater_Berlin</idno>
                  <idno type="URL" subtype="schnitzler-interviews">https://schnitzler-interviews.acdh.oeaw.ac.at/pmb35597.html</idno>
               </affiliation>
               <listBibl>
                  <bibl type="collections" n="12">Fackel</bibl>
                  <bibl type="collections" n="16">Bahr Textverzeichnis</bibl>
               </listBibl>
               <note type="references"> </note>
               <figure>
                  <graphic url="https://commons.wikimedia.org/w/index.php?title=Special:Redirect/file/Die%20Gartenlaube%20%281877%29%20b%20129.jpg"/>
               </figure>
            </person>
            <person xml:id="pmb25237">
               <persName>
                  <forename>Daniel</forename>
                  <surname>Spitzer</surname>
               </persName>
               <persName type="legacy-name-merge">Spitzer, Daniel</persName>
               <birth>
                  <date when-iso="1835-06-03">03.06.1835</date>
                  <settlement key="50">
                     <placeName type="pref">Wien</placeName>
                     <location>
                        <geo>48,2066 16,37341</geo>
                     </location>
                  </settlement>
               </birth>
               <death>
                  <date when-iso="1893-01-11">11.01.1893</date>
                  <settlement key="50">
                     <placeName type="pref">Wien</placeName>
                     <location>
                        <geo>48,2066 16,37341</geo>
                     </location>
                  </settlement>
               </death>
               <sex value="male"/>
               <occupation key="90">Schriftsteller/Schriftstellerin</occupation>
               <occupation key="99">Journalist/Journalistin</occupation>
               <occupation key="106">Rechtsanwalt/Rechtsanwältin</occupation>
               <idno type="URL" subtype="schnitzler-tagebuch">https://schnitzler-tagebuch.acdh.oeaw.ac.at/person_20276.html</idno>
               <idno type="URL" subtype="pmb">https://pmb.acdh.oeaw.ac.at/entity/25237/</idno>
               <idno type="URL" subtype="legalkraus">https://kraus.wienbibliothek.at/register/personen/pmb25237</idno>
               <idno type="URL" subtype="fackel">https://fackel.oeaw.ac.at/?p=fackelp40244</idno>
               <idno type="URL" subtype="pmb">https://pmb.acdh.oeaw.ac.at/entity/113195/</idno>
               <idno type="URL" subtype="gnd">https://d-nb.info/gnd/119145162</idno>
               <idno type="URL" subtype="wikidata">http://www.wikidata.org/entity/Q999539</idno>
               <idno type="URL" subtype="wikipedia">https://de.wikipedia.org/wiki/Daniel_Spitzer</idno>
               <idno type="URL" subtype="oebl">https://doi.org/10.1553/0x00284ce4</idno>
               <idno type="URL" subtype="bahr-textverzeichnis">https://bahr-textverzeichnis.acdh.oeaw.ac.at/pmb25237.html</idno>
               <listBibl>
                  <bibl type="collections" n="5">legalkraus</bibl>
                  <bibl type="collections" n="12">Fackel</bibl>
               </listBibl>
               <figure>
                  <graphic url="https://commons.wikimedia.org/w/index.php?title=Special:Redirect/file/Daniel%20Spitzer.jpg"/>
               </figure>
            </person>
            <person xml:id="pmb13024">
               <persName>
                  <forename>Richard</forename>
                  <surname>Wagner</surname>
               </persName>
               <persName type="legacy-name-merge">Wagner, Richard</persName>
               <birth>
                  <date when-iso="1813-05-22">22.05.1813</date>
                  <settlement key="864">
                     <placeName type="pref">Leipzig</placeName>
                     <location>
                        <geo>51,33962 12,37129</geo>
                     </location>
                  </settlement>
               </birth>
               <death>
                  <date when-iso="1883-02-13">13.02.1883</date>
                  <settlement key="462">
                     <placeName type="pref">Venedig</placeName>
                     <location>
                        <geo>45,43713 12,33265</geo>
                     </location>
                  </settlement>
               </death>
               <sex value="male"/>
               <occupation key="129">Komponist/Komponistin</occupation>
               <idno type="URL" subtype="gnd">https://d-nb.info/gnd/118594117</idno>
               <idno type="URL" subtype="schnitzler-tagebuch">https://schnitzler-tagebuch.acdh.oeaw.ac.at/person_21034.html</idno>
               <idno type="URL" subtype="schnitzler-bahr">https://schnitzler-bahr.acdh.oeaw.ac.at/pmb13024.html</idno>
               <idno type="URL" subtype="pmb">https://pmb.acdh.oeaw.ac.at/entity/13024/</idno>
               <idno type="URL" subtype="schnitzler-briefe">https://schnitzler-briefe.acdh.oeaw.ac.at/pmb13024.html</idno>
               <idno type="URL" subtype="legalkraus">https://kraus.wienbibliothek.at/register/personen/pmb13024</idno>
               <idno type="URL" subtype="fackel">https://fackel.oeaw.ac.at/?p=fackelp52212</idno>
               <idno type="URL" subtype="dritte-walpurgisnacht">https://kraus1933.ace.oeaw.ac.at/Gesamt.xml?template=register_personen.html&amp;letter=W#DWpers0247</idno>
               <idno type="URL" subtype="wikidata">http://www.wikidata.org/entity/Q1511</idno>
               <idno type="URL" subtype="wikipedia">https://de.wikipedia.org/wiki/Richard_Wagner</idno>
               <idno type="URL" subtype="schnitzler-interviews">https://schnitzler-interviews.acdh.oeaw.ac.at/pmb13024.html</idno>
               <idno type="URL" subtype="pmb">https://pmb.acdh.oeaw.ac.at/entity/162701/</idno>
               <idno type="URL" subtype="bahr-tsn">https://bahr-textverzeichnis.acdh.oeaw.ac.at/TSN-listperson.html#pmb13024</idno>
               <idno type="URL" subtype="bahr-textverzeichnis">https://bahr-textverzeichnis.acdh.oeaw.ac.at/pmb13024.html</idno>
               <idno type="URL" subtype="hanslick-online">https://hanslick.acdh.oeaw.ac.at/hsl_person_id_319.html</idno>
               <idno type="URL" subtype="auden-musulin-papers">https://amp.acdh.oeaw.ac.at/amp_person_18.html</idno>
               <affiliation notBefore-iso="1889-01-01"
                            when-iso="1889-01-01"
                            notAfter-iso="1889-12-31">
                  <term key="1153">in Bezug zu</term>
                  <orgName key="140860">Richard-Wagner-Verein</orgName>
                  <idno type="URL" subtype="pmb">https://pmb.acdh.oeaw.ac.at/entity/140860/</idno>
                  <idno type="URL" subtype="gnd">http://d-nb.info/gnd/10088364-3</idno>
               </affiliation>
               <listBibl>
                  <bibl type="collections" n="5">legalkraus</bibl>
                  <bibl type="collections" n="10">Karl Kraus 1933: Dritte Walpurgisnacht</bibl>
                  <bibl type="collections" n="12">Fackel</bibl>
                  <bibl type="collections" n="16">Bahr Textverzeichnis</bibl>
               </listBibl>
               <note type="references"> </note>
               <figure>
                  <graphic url="https://commons.wikimedia.org/w/index.php?title=Special:Redirect/file/RichardWagner.jpg"/>
               </figure>
            </person>
            <person xml:id="pmb17172">
               <persName>
                  <forename>Karl</forename>
                  <surname>Goldmark</surname>
               </persName>
               <persName type="legacy-name-merge">Goldmark, Karl</persName>
               <persName type="legacy-name-merge">Goldmark, Karl</persName>
               <birth>
                  <date when-iso="1830-05-30">30.05.1830</date>
                  <settlement key="89058">
                     <placeName type="pref">Keszthely</placeName>
                     <location>
                        <geo>46,76812 17,24317</geo>
                     </location>
                  </settlement>
               </birth>
               <death>
                  <date when-iso="1915-01-02">02.01.1915</date>
                  <settlement key="50">
                     <placeName type="pref">Wien</placeName>
                     <location>
                        <geo>48,2066 16,37341</geo>
                     </location>
                  </settlement>
               </death>
               <sex value="male"/>
               <occupation key="129">Komponist/Komponistin</occupation>
               <occupation key="131">Dirigent/Dirigentin</occupation>
               <occupation key="449">Bratschist/Bratschistin</occupation>
               <occupation key="2271">Musiklehrer/Musiklehrerin</occupation>
               <occupation key="2445">Geiger/Geigerin</occupation>
               <idno type="URL" subtype="schnitzler-tagebuch">https://schnitzler-tagebuch.acdh.oeaw.ac.at/person_15530.html</idno>
               <idno type="URL" subtype="pmb">https://pmb.acdh.oeaw.ac.at/entity/17172/</idno>
               <idno type="URL" subtype="fackel">https://fackel.oeaw.ac.at/?p=fackelp44538</idno>
               <idno type="URL" subtype="pmb">https://pmb.acdh.oeaw.ac.at/entity/114181/</idno>
               <idno type="URL" subtype="gnd">https://d-nb.info/gnd/119527995</idno>
               <idno type="URL" subtype="wikidata">http://www.wikidata.org/entity/Q239214</idno>
               <idno type="URL" subtype="wikipedia">https://de.wikipedia.org/wiki/Karl_Goldmark</idno>
               <idno type="URL" subtype="oeml">https://dx.doi.org/10.1553/0x0001cf54</idno>
               <idno type="URL" subtype="oebl">https://doi.org/10.1553/0x0028183d</idno>
               <idno type="URL" subtype="pmb">https://pmb.acdh.oeaw.ac.at/entity/160243/</idno>
               <idno type="URL" subtype="bahr-tsn">https://bahr-textverzeichnis.acdh.oeaw.ac.at/TSN-listperson.html#pmb17172</idno>
               <idno type="URL" subtype="bahr-textverzeichnis">https://bahr-textverzeichnis.acdh.oeaw.ac.at/pmb17172.html</idno>
               <idno type="URL" subtype="hanslick-online">https://hanslick.acdh.oeaw.ac.at/hsl_person_id_101.html</idno>
               <listEvent>
                  <event key="89615" when-iso="1882-11-14">
                     <desc n="1256">ist Arbeitskraft bei</desc>
                     <label>Liebhaberaufführung Nur lügen muss man können. Scherz in einem Akte,
                           14.11.1882</label>
                     <idno type="URL" subtype="pmb">https://pmb.acdh.oeaw.ac.at/entity/89615/</idno>
                  </event>
                  <event key="143820" when-iso="1900-04-15">
                     <desc n="1370">teilgenommen an</desc>
                     <label>Bankett für Ludwig Speidel, 15.4.1900</label>
                     <idno type="URL" subtype="pmb">https://pmb.acdh.oeaw.ac.at/entity/143820/</idno>
                  </event>
               </listEvent>
               <listBibl>
                  <bibl type="collections" n="12">Fackel</bibl>
                  <bibl type="collections" n="16">Bahr Textverzeichnis</bibl>
               </listBibl>
               <note type="references"> </note>
               <figure>
                  <graphic url="https://commons.wikimedia.org/w/index.php?title=Special:Redirect/file/Goldmark%20K%C3%A1roly.jpg"/>
               </figure>
            </person>
            <person xml:id="pmb60373">
               <persName>
                  <forename>Georg</forename>
                  <surname>Schönerer</surname>
               </persName>
               <birth>
                  <date when-iso="1842-07-17">1842-07-17</date>
                  <settlement key="50">
                     <placeName type="pref">Wien</placeName>
                     <location>
                        <geo>48,2066 16,37341</geo>
                     </location>
                  </settlement>
               </birth>
               <death>
                  <date when-iso="1921-08-14">1921-08-14</date>
                  <settlement key="60376">
                     <placeName type="pref">Rosenau Schloss</placeName>
                     <location>
                        <geo>48,60215 15,05942</geo>
                     </location>
                  </settlement>
               </death>
               <sex value="male"/>
               <occupation key="90">Schriftsteller/Schriftstellerin</occupation>
               <occupation key="95">Politiker/Politikerin</occupation>
               <idno type="URL" subtype="pmb">https://pmb.acdh.oeaw.ac.at/entity/60373/</idno>
               <idno type="URL" subtype="gnd">https://d-nb.info/gnd/118610163</idno>
               <idno type="URL" subtype="fackel">https://fackel.oeaw.ac.at/?p=fackelp44322</idno>
               <idno type="URL" subtype="wikidata">http://www.wikidata.org/entity/Q112005</idno>
               <idno type="URL" subtype="wikipedia">https://de.wikipedia.org/wiki/Georg_von_Sch%C3%B6nerer</idno>
               <idno type="URL" subtype="oebl">https://doi.org/10.1553/0x002844c1</idno>
               <idno type="URL" subtype="bahr-textverzeichnis">https://bahr-textverzeichnis.acdh.oeaw.ac.at/pmb60373.html</idno>
               <listBibl>
                  <bibl type="collections" n="12">Fackel</bibl>
                  <bibl type="collections" n="16">Bahr Textverzeichnis</bibl>
               </listBibl>
               <figure>
                  <graphic url="https://commons.wikimedia.org/w/index.php?title=Special:Redirect/file/VonSchoenerer.jpg"/>
               </figure>
            </person>
            <person xml:id="pmb14328">
               <persName>
                  <forename>Oskar</forename>
                  <surname>Blumenthal</surname>
               </persName>
               <persName type="legacy-name-merge">Blumenthal, Oscar</persName>
               <persName type="legacy-name-merge">Blumenthal, Oskar</persName>
               <birth>
                  <date when-iso="1852-03-13">13.03.1852</date>
                  <settlement key="168">
                     <placeName type="pref">Berlin</placeName>
                     <location>
                        <geo>52,52437 13,41053</geo>
                     </location>
                  </settlement>
               </birth>
               <death>
                  <date when-iso="1917-04-24">24.04.1917</date>
                  <settlement key="168">
                     <placeName type="pref">Berlin</placeName>
                     <location>
                        <geo>52,52437 13,41053</geo>
                     </location>
                  </settlement>
               </death>
               <sex value="male"/>
               <occupation key="90">Schriftsteller/Schriftstellerin</occupation>
               <occupation key="99">Journalist/Journalistin</occupation>
               <occupation key="103">Theaterleiter/Theaterleiterin</occupation>
               <idno type="URL" subtype="schnitzler-tagebuch">https://schnitzler-tagebuch.acdh.oeaw.ac.at/person_13808.html</idno>
               <idno type="URL" subtype="schnitzler-bahr">https://schnitzler-bahr.acdh.oeaw.ac.at/pmb14328.html</idno>
               <idno type="URL" subtype="pmb">https://pmb.acdh.oeaw.ac.at/entity/14328/</idno>
               <idno type="URL" subtype="gnd">https://d-nb.info/gnd/118659111</idno>
               <idno type="URL" subtype="schnitzler-briefe">https://schnitzler-briefe.acdh.oeaw.ac.at/pmb14328.html</idno>
               <idno type="URL" subtype="legalkraus">https://kraus.wienbibliothek.at/register/personen/pmb14328</idno>
               <idno type="URL" subtype="fackel">https://fackel.oeaw.ac.at/?p=fackelp50878</idno>
               <idno type="URL" subtype="wikidata">http://www.wikidata.org/entity/Q71567</idno>
               <idno type="URL" subtype="wikipedia">https://de.wikipedia.org/wiki/Oscar_Blumenthal</idno>
               <idno type="URL" subtype="schnitzler-interviews">https://schnitzler-interviews.acdh.oeaw.ac.at/pmb14328.html</idno>
               <idno type="URL" subtype="pmb">https://pmb.acdh.oeaw.ac.at/entity/159423/</idno>
               <idno type="URL" subtype="bahr-tsn">https://bahr-textverzeichnis.acdh.oeaw.ac.at/TSN-listperson.html#pmb14328</idno>
               <idno type="URL" subtype="bahr-textverzeichnis">https://bahr-textverzeichnis.acdh.oeaw.ac.at/pmb14328.html</idno>
               <affiliation notBefore-iso="1888-01-01"
                            when-iso="1888-01-01"
                            notAfter-iso="1888-12-31">
                  <term key="1182">arbeitet für</term>
                  <orgName key="35053">Lessing-Theater</orgName>
                  <idno type="URL" subtype="pmb">https://pmb.acdh.oeaw.ac.at/entity/35053/</idno>
                  <idno type="URL" subtype="schnitzler-briefe">https://schnitzler-briefe.acdh.oeaw.ac.at/pmb35053.html</idno>
                  <idno type="URL" subtype="legalkraus">https://kraus.wienbibliothek.at/register/institutionen/pmb35053</idno>
                  <idno type="URL" subtype="schnitzler-interviews">https://schnitzler-interviews.acdh.oeaw.ac.at/pmb35053.html</idno>
                  <idno type="URL" subtype="wikidata">http://www.wikidata.org/entity/Q261757</idno>
                  <idno type="URL" subtype="wikipedia">https://de.wikipedia.org/wiki/Lessingtheater_(Berlin)</idno>
               </affiliation>
               <listEvent>
                  <event key="145637" when-iso="1905-11-26">
                     <desc n="1370">teilgenommen an</desc>
                     <label>Aufführung von Zwischenspiel, 26.11.1905</label>
                     <idno type="URL" subtype="pmb">https://pmb.acdh.oeaw.ac.at/entity/145637/</idno>
                  </event>
               </listEvent>
               <listBibl>
                  <bibl type="collections" n="5">legalkraus</bibl>
                  <bibl type="collections" n="12">Fackel</bibl>
                  <bibl type="collections" n="16">Bahr Textverzeichnis</bibl>
               </listBibl>
               <note type="references"> </note>
               <figure>
                  <graphic url="https://commons.wikimedia.org/w/index.php?title=Special:Redirect/file/Oscar%20Blumenthal%201905.jpg"/>
               </figure>
            </person>
            <person xml:id="pmb153932">
               <persName>
                  <forename>Heinrich</forename>
                  <surname>Jacques</surname>
               </persName>
               <sex value="not-set"/>
               <occupation key="3481">Reichsratsabgeordneter/Reichsratsabgeordnete</occupation>
               <idno type="URL" subtype="pmb">https://pmb.acdh.oeaw.ac.at/entity/153932/</idno>
               <idno type="URL" subtype="bahr-textverzeichnis">https://bahr-textverzeichnis.acdh.oeaw.ac.at/pmb153932.html</idno>
               <listBibl>
                  <bibl type="collections" n="16">Bahr Textverzeichnis</bibl>
               </listBibl>
            </person>
            <person xml:id="pmb148607">
               <persName>
                  <forename>Ludwig</forename>
                  <surname>Loewe</surname>
               </persName>
               <birth>
                  <date when-iso="1837-11-27">1837-11-27</date>
                  <settlement key="148608">
                     <placeName type="pref">Heilbad Heiligenstadt</placeName>
                     <location>
                        <geo>51,3775 10,134444444444</geo>
                     </location>
                  </settlement>
               </birth>
               <death>
                  <date when-iso="1886-09-11">1886-09-11</date>
                  <settlement key="168">
                     <placeName type="pref">Berlin</placeName>
                     <location>
                        <geo>52,52437 13,41053</geo>
                     </location>
                  </settlement>
               </death>
               <sex value="male"/>
               <idno type="URL" subtype="pmb">https://pmb.acdh.oeaw.ac.at/entity/148607/</idno>
               <idno type="URL" subtype="wikidata">http://www.wikidata.org/entity/Q102511</idno>
               <idno type="URL" subtype="gnd">https://d-nb.info/gnd/117166839</idno>
               <idno type="URL" subtype="wikipedia">https://de.wikipedia.org/wiki/Ludwig_Loewe</idno>
               <idno type="URL" subtype="bahr-textverzeichnis">https://bahr-textverzeichnis.acdh.oeaw.ac.at/pmb148607.html</idno>
               <listBibl>
                  <bibl type="collections" n="16">Bahr Textverzeichnis</bibl>
               </listBibl>
            </person>
            <person xml:id="pmb115090">
               <persName>
                  <forename>Eduard</forename>
                  <surname>Lasker</surname>
               </persName>
               <birth>
                  <date when-iso="1829-10-14">1829-10-14</date>
               </birth>
               <death>
                  <date when-iso="1884-01-05">1884-01-05</date>
               </death>
               <sex value="male"/>
               <occupation key="95">Politiker/Politikerin</occupation>
               <occupation key="1316">Autor/Autorin</occupation>
               <idno type="URL" subtype="pmb">https://pmb.acdh.oeaw.ac.at/entity/115090/</idno>
               <idno type="URL" subtype="gnd">https://d-nb.info/gnd/118569848</idno>
               <idno type="URL" subtype="fackel">https://fackel.oeaw.ac.at/?p=fackelp48617</idno>
               <idno type="URL" subtype="wikidata">http://www.wikidata.org/entity/Q213981</idno>
               <idno type="URL" subtype="wikipedia">https://de.wikipedia.org/wiki/Eduard_Lasker</idno>
               <idno type="URL" subtype="bahr-textverzeichnis">https://bahr-textverzeichnis.acdh.oeaw.ac.at/pmb115090.html</idno>
               <listBibl>
                  <bibl type="collections" n="12">Fackel</bibl>
                  <bibl type="collections" n="16">Bahr Textverzeichnis</bibl>
               </listBibl>
            </person>
         </listPerson>
      </back>
   </text>
</TEI>
