<?xml version="1.0" encoding="UTF-8"?>
<TEI xmlns="http://www.tei-c.org/ns/1.0"
     xmlns:tei="http://www.tei-c.org/ns/1.0"
     xml:id="pmb122479.xml"
     prev="pmb134279"
     next="pmb134277">
   <teiHeader>
      <fileDesc>
         <titleStmt>
            <title level="s">Hermann Bahr – Textverzeichnis</title>
            <title level="a">»Der Hüttenbesitzer auf der Höhe«. (Zum
                     erstenmale aufgeführt den 3. December)</title>
            <title type="iso-date">1892-12-04</title>
            <respStmt>
               <resp>providing the content</resp>
               <name>Martin Anton Müller</name>
            </respStmt>
            <respStmt>
               <resp>converted to XML encoding</resp>
               <name>Martin Anton Müller</name>
            </respStmt>
         </titleStmt>
         <publicationStmt>
            <publisher>Austrian Centre for Digital Humanities and Cultural
                                    Heritage (ACDH-CH)</publisher>
            <date>2024-03-19+01:00</date>
            <idno type="URI">https://id.acdh.oeaw.ac.at/bahr-textverzeichnis/pmb122479.xml</idno>
         </publicationStmt>
         <sourceDesc>
            <p>Bibliografische Angaben eines in Druck erschienen Texts von
                                    Bahr</p>
         </sourceDesc>
      </fileDesc>
   </teiHeader>
   <text>
      <body>
         <div type="bibliografische-angabe">
            <biblStruct xml:id="pmb122479"
                        type="Journal-Article"
                        subtype="Glosse"
                        status="checked"
                        prev="pmb134279"
                        next="pmb134277">
               <analytic>
                  <author ref="pmb10815">Mepherl</author>
                  <title level="a" ref="pmb122479">»Der Hüttenbesitzer auf der Höhe«. (Zum
                     erstenmale aufgeführt den 3. December)</title>
               </analytic>
               <monogr>
                  <title level="j" ref="pmb41471">Deutsche Zeitung</title>
                  <imprint>
                     <biblScope unit="jg">22</biblScope>
                     <biblScope unit="issue">7520, Sonntags-Ausgabe, 1. Beilage</biblScope>
                     <biblScope unit="page">5</biblScope>
                     <date when="1892-12-04">4.12.1892</date>
                  </imprint>
               </monogr>
               <note type="review-of">
                  <bibl>
                     <title level="m">Der Hüttenbesitzer auf der Höhe</title>
                  </bibl>
               </note>
               <note type="incipit">Die Redaction an Mepherl: Geehrter Herr! Da sich Herr Dr. Ludwig
                  Ganghofer von seinem Unfalle</note>
               <ref type="personenindex">
                  <listRef>
                     <ptr type="pmb" target="pmb11402"/>
                     <ptr type="pmb" target="pmb12371"/>
                     <ptr type="pmb" target="pmb12980"/>
                     <ptr type="pmb" target="pmb12331"/>
                     <ptr type="pmb" target="pmb2815"/>
                     <ptr type="pmb" target="pmb12498"/>
                     <ptr type="pmb" target="pmb7218"/>
                     <ptr type="pmb" target="pmb3442"/>
                     <ptr type="pmb" target="pmb11134"/>
                     <ptr type="pmb" target="pmb167420"/>
                     <ptr type="pmb" target="pmb153910"/>
                     <ptr type="pmb" target="pmb153911"/>
                  </listRef>
               </ref>
               <ref type="URL">https://bahr.univie.ac.at/sites/all/txt/deutsche-zeitung/75205.pdf</ref>
               <noteGrp type="keywords">
                  <note type="Journal-Article">Artikel in einem Periodikum</note>
                  <note subtype="Glosse">Glosse</note>
               </noteGrp>
               <note type="bibliographical-statement">Mepherl: »Der Hüttenbesitzer auf der Höhe«.
                  (Zum erstenmale aufgeführt den 3. December). In: Deutsche Zeitung, Jg. 22,
                  Nr. 7520, Sonntags-Ausgabe, 1. Beilage, 4.12.1892, S. 5.</note>
            </biblStruct>
         </div>
      </body>
      <back>
         <listPerson>
            <person xml:id="pmb11402">
               <persName>
                  <forename>Ludwig</forename>
                  <surname>Ganghofer</surname>
               </persName>
               <persName type="legacy-name-merge">Ganghofer, Ludwig</persName>
               <birth>
                  <date when-iso="1855-07-07">07.07.1855</date>
                  <settlement key="47256">
                     <placeName type="pref">Kaufbeuren</placeName>
                     <location>
                        <geo>47,88238 10,62192</geo>
                     </location>
                  </settlement>
               </birth>
               <death>
                  <date when-iso="1920-07-24">24.07.1920</date>
                  <settlement key="39752">
                     <placeName type="pref">Tegernsee</placeName>
                     <location>
                        <geo>47,7123 11,7582</geo>
                     </location>
                  </settlement>
               </death>
               <sex value="male"/>
               <occupation key="90">Schriftsteller/Schriftstellerin</occupation>
               <idno type="URL" subtype="gnd">https://d-nb.info/gnd/118537490</idno>
               <idno type="URL" subtype="schnitzler-tagebuch">https://schnitzler-tagebuch.acdh.oeaw.ac.at/person_15336.html</idno>
               <idno type="URL" subtype="schnitzler-bahr">https://schnitzler-bahr.acdh.oeaw.ac.at/pmb11402.html</idno>
               <idno type="URL" subtype="pmb">https://pmb.acdh.oeaw.ac.at/entity/11402/</idno>
               <idno type="URL" subtype="schnitzler-briefe">https://schnitzler-briefe.acdh.oeaw.ac.at/pmb11402.html</idno>
               <idno type="URL" subtype="legalkraus">https://kraus.wienbibliothek.at/register/personen/pmb11402</idno>
               <idno type="URL" subtype="bahr-textverzeichnis">https://bahr-textverzeichnis.acdh.oeaw.ac.at/pmb11402.html</idno>
               <idno type="URL" subtype="fackel">https://fackel.oeaw.ac.at/?p=fackelp49293</idno>
               <idno type="URL" subtype="wikidata">http://www.wikidata.org/entity/Q77475</idno>
               <idno type="URL" subtype="wikipedia">https://de.wikipedia.org/wiki/Ludwig_Ganghofer</idno>
               <idno type="URL" subtype="pmb">https://pmb.acdh.oeaw.ac.at/entity/160164/</idno>
               <idno type="URL" subtype="bahr-tsn">https://bahr-textverzeichnis.acdh.oeaw.ac.at/TSN-listperson.html#pmb11402</idno>
               <idno type="URL" subtype="hanslick-online">https://hanslick.acdh.oeaw.ac.at/hsl_person_id_3506.html</idno>
               <affiliation>
                  <term key="1182">arbeitet für</term>
                  <orgName key="50639">Münchener Litterarische Gesellschaft</orgName>
                  <idno type="URL" subtype="pmb">https://pmb.acdh.oeaw.ac.at/entity/50639/</idno>
                  <idno type="URL" subtype="schnitzler-briefe">https://schnitzler-briefe.acdh.oeaw.ac.at/pmb50639.html</idno>
               </affiliation>
               <listEvent>
                  <event key="50630" when-iso="1899-04-29">
                     <desc n="1370">teilgenommen an</desc>
                     <label>Premieren von Traum eines Frühlingsmorgens, Mein Fürst, Der grüne
                           Kakadu, 29.4.1899</label>
                     <idno type="URL" subtype="pmb">https://pmb.acdh.oeaw.ac.at/entity/50630/</idno>
                  </event>
               </listEvent>
               <listBibl>
                  <bibl type="collections" n="5">legalkraus</bibl>
                  <bibl type="collections" n="12">Fackel</bibl>
                  <bibl type="collections" n="16">Bahr Textverzeichnis</bibl>
               </listBibl>
               <note type="references"> </note>
               <figure>
                  <graphic url="https://commons.wikimedia.org/w/index.php?title=Special:Redirect/file/Wenzl%20Weis%20-%20Ludwig%20Ganghofer.jpg"/>
               </figure>
            </person>
            <person xml:id="pmb12371">
               <persName>
                  <forename>Georges</forename>
                  <surname>Ohnet</surname>
               </persName>
               <persName type="person_geburtsname_nachname">Hénot</persName>
               <persName type="legacy-name-merge">Ohnet, Georges</persName>
               <birth>
                  <date when-iso="1848-04-03">03.04.1848</date>
                  <settlement key="182">
                     <placeName type="pref">Paris</placeName>
                     <location>
                        <geo>48,85341 2,3488</geo>
                     </location>
                  </settlement>
               </birth>
               <death>
                  <date when-iso="1918-05-05">05.05.1918</date>
                  <settlement key="182">
                     <placeName type="pref">Paris</placeName>
                     <location>
                        <geo>48,85341 2,3488</geo>
                     </location>
                  </settlement>
               </death>
               <sex value="male"/>
               <occupation key="90">Schriftsteller/Schriftstellerin</occupation>
               <idno type="URL" subtype="schnitzler-tagebuch">https://schnitzler-tagebuch.acdh.oeaw.ac.at/person_18535.html</idno>
               <idno type="URL" subtype="schnitzler-bahr">https://schnitzler-bahr.acdh.oeaw.ac.at/pmb12371.html</idno>
               <idno type="URL" subtype="pmb">https://pmb.acdh.oeaw.ac.at/entity/12371/</idno>
               <idno type="URL" subtype="schnitzler-briefe">https://schnitzler-briefe.acdh.oeaw.ac.at/pmb12371.html</idno>
               <idno type="URL" subtype="bahr-textverzeichnis">https://bahr-textverzeichnis.acdh.oeaw.ac.at/pmb12371.html</idno>
               <idno type="URL" subtype="fackel">https://fackel.oeaw.ac.at/?p=fackelp50801</idno>
               <idno type="URL" subtype="wikidata">http://www.wikidata.org/entity/Q1393388</idno>
               <idno type="URL" subtype="wikipedia">https://de.wikipedia.org/wiki/Georges_Ohnet</idno>
               <idno type="URL" subtype="gnd">https://d-nb.info/gnd/117112372</idno>
               <idno type="URL" subtype="pmb">https://pmb.acdh.oeaw.ac.at/entity/161531/</idno>
               <idno type="URL" subtype="bahr-tsn">https://bahr-textverzeichnis.acdh.oeaw.ac.at/TSN-listperson.html#pmb12371</idno>
               <listBibl>
                  <bibl type="collections" n="12">Fackel</bibl>
                  <bibl type="collections" n="16">Bahr Textverzeichnis</bibl>
               </listBibl>
               <note type="references"> </note>
               <figure>
                  <graphic url="https://commons.wikimedia.org/w/index.php?title=Special:Redirect/file/Georges%20Ohnet%20photo.jpg"/>
               </figure>
            </person>
            <person xml:id="pmb12980">
               <persName>
                  <forename>Rudolf</forename>
                  <surname>Tyrolt</surname>
               </persName>
               <persName type="legacy-name-merge">Tyrolt, Rudolf</persName>
               <birth>
                  <date when-iso="1848-11-23">23.11.1848</date>
                  <settlement key="88765">
                     <placeName type="pref">Rottenmann</placeName>
                     <location>
                        <geo>47,52529 14,35747</geo>
                     </location>
                  </settlement>
               </birth>
               <death>
                  <date when-iso="1929-06-22">22.06.1929</date>
                  <settlement key="1036">
                     <placeName type="pref">Gutenstein</placeName>
                     <location>
                        <geo>47,875833333333 15,889166666667</geo>
                     </location>
                  </settlement>
               </death>
               <sex value="male"/>
               <occupation key="105">Schauspieler/Schauspielerin</occupation>
               <idno type="URL" subtype="gnd">https://d-nb.info/gnd/117439983</idno>
               <idno type="URL" subtype="schnitzler-bahr">https://schnitzler-bahr.acdh.oeaw.ac.at/pmb12980.html</idno>
               <idno type="URL" subtype="pmb">https://pmb.acdh.oeaw.ac.at/entity/12980/</idno>
               <idno type="URL" subtype="fackel">https://fackel.oeaw.ac.at/?p=fackelp52618</idno>
               <idno type="URL" subtype="wikidata">http://www.wikidata.org/entity/Q1721446</idno>
               <idno type="URL" subtype="wikipedia">https://de.wikipedia.org/wiki/Rudolf_Tyrolt</idno>
               <idno type="URL" subtype="oebl">https://doi.org/10.1553/0x00341d41</idno>
               <idno type="URL" subtype="schnitzler-interviews">https://schnitzler-interviews.acdh.oeaw.ac.at/pmb12980.html</idno>
               <idno type="URL" subtype="pmb">https://pmb.acdh.oeaw.ac.at/entity/162585/</idno>
               <idno type="URL" subtype="schnitzler-tagebuch">https://schnitzler-tagebuch.acdh.oeaw.ac.at/person_20849.html</idno>
               <idno type="URL" subtype="bahr-tsn">https://bahr-textverzeichnis.acdh.oeaw.ac.at/TSN-listperson.html#pmb12980</idno>
               <idno type="URL" subtype="bahr-textverzeichnis">https://bahr-textverzeichnis.acdh.oeaw.ac.at/pmb12980.html</idno>
               <listEvent>
                  <event key="46600" when-iso="1897-11-20">
                     <desc n="1256">ist Arbeitskraft bei</desc>
                     <label>Uraufführung von Die Bürgermeisterwahl, 20.11.1897</label>
                     <idno type="URL" subtype="pmb">https://pmb.acdh.oeaw.ac.at/entity/46600/</idno>
                  </event>
                  <event key="143042" when-iso="1898-11-11">
                     <desc n="1256">ist Arbeitskraft bei</desc>
                     <label>Aufführung von Im weißen Rössl, 11.11.1898</label>
                     <idno type="URL" subtype="pmb">https://pmb.acdh.oeaw.ac.at/entity/143042/</idno>
                  </event>
               </listEvent>
               <listBibl>
                  <bibl type="collections" n="12">Fackel</bibl>
                  <bibl type="collections" n="16">Bahr Textverzeichnis</bibl>
               </listBibl>
               <note type="references"> </note>
               <figure>
                  <graphic url="https://commons.wikimedia.org/w/index.php?title=Special:Redirect/file/Dr.%20Rudolf%20Tyrolt%201901%20Krziwanek.jpg"/>
               </figure>
            </person>
            <person xml:id="pmb12331">
               <persName>
                  <forename>Adam</forename>
                  <surname>Müller-Guttenbrunn</surname>
               </persName>
               <persName type="person_pseudonym">Alexander Erdmann</persName>
               <persName type="person_geburtsname_nachname">Müller</persName>
               <persName type="legacy-name-merge">Müller-Guttenbrunn, Adam</persName>
               <birth>
                  <date when-iso="1852-10-22">22.10.1852</date>
                  <settlement key="64663">
                     <placeName type="pref">Zăbrani</placeName>
                     <location>
                        <geo>46,06667 21,55</geo>
                     </location>
                  </settlement>
               </birth>
               <death>
                  <date when-iso="1923-01-05">05.01.1923</date>
                  <settlement key="50">
                     <placeName type="pref">Wien</placeName>
                     <location>
                        <geo>48,2066 16,37341</geo>
                     </location>
                  </settlement>
               </death>
               <sex value="male"/>
               <occupation key="90">Schriftsteller/Schriftstellerin</occupation>
               <occupation key="103">Theaterleiter/Theaterleiterin</occupation>
               <occupation key="1472">Beamter/Beamte</occupation>
               <idno type="URL" subtype="gnd">https://d-nb.info/gnd/118585339</idno>
               <idno type="URL" subtype="schnitzler-tagebuch">https://schnitzler-tagebuch.acdh.oeaw.ac.at/person_18311.html</idno>
               <idno type="URL" subtype="schnitzler-bahr">https://schnitzler-bahr.acdh.oeaw.ac.at/pmb12331.html</idno>
               <idno type="URL" subtype="pmb">https://pmb.acdh.oeaw.ac.at/entity/12331/</idno>
               <idno type="URL" subtype="fackel">https://fackel.oeaw.ac.at/?p=fackelp37775</idno>
               <idno type="URL" subtype="oebl">https://doi.org/10.1553/0x00283181</idno>
               <idno type="URL" subtype="wikidata">http://www.wikidata.org/entity/Q79061</idno>
               <idno type="URL" subtype="wikipedia">https://de.wikipedia.org/wiki/Adam_M%C3%BCller-Guttenbrunn</idno>
               <idno type="URL" subtype="oeml">https://dx.doi.org/10.1553/0x0001da5b</idno>
               <idno type="URL" subtype="schnitzler-interviews">https://schnitzler-interviews.acdh.oeaw.ac.at/pmb12331.html</idno>
               <idno type="URL" subtype="pmb">https://pmb.acdh.oeaw.ac.at/entity/161448/</idno>
               <idno type="URL" subtype="bahr-tsn">https://bahr-textverzeichnis.acdh.oeaw.ac.at/TSN-listperson.html#pmb12331</idno>
               <idno type="URL" subtype="bahr-textverzeichnis">https://bahr-textverzeichnis.acdh.oeaw.ac.at/pmb12331.html</idno>
               <listBibl>
                  <bibl type="collections" n="11">ÖBL nach 1850 geboren</bibl>
                  <bibl type="collections" n="12">Fackel</bibl>
                  <bibl type="collections" n="16">Bahr Textverzeichnis</bibl>
               </listBibl>
               <figure>
                  <graphic url="https://commons.wikimedia.org/w/index.php?title=Special:Redirect/file/Adam%20M%C3%BCller-Guttenbrunn.jpg"/>
               </figure>
            </person>
            <person xml:id="pmb2815">
               <persName>
                  <forename>Émile</forename>
                  <surname>Augier</surname>
               </persName>
               <persName type="legacy-name-merge">Augier, Émile</persName>
               <birth>
                  <date when-iso="1820-09-17">1820-09-17</date>
                  <settlement key="54891">
                     <placeName type="pref">Valence</placeName>
                     <location>
                        <geo>44,9256 4,90956</geo>
                     </location>
                  </settlement>
               </birth>
               <death>
                  <date when-iso="1889-10-25">1889-10-25</date>
                  <settlement key="49876">
                     <placeName type="pref">Croissy-sur-Seine</placeName>
                     <location>
                        <geo>48,87925 2,13836</geo>
                     </location>
                  </settlement>
               </death>
               <sex value="male"/>
               <occupation key="90">Schriftsteller/Schriftstellerin</occupation>
               <idno type="URL" subtype="gnd">https://d-nb.info/gnd/119493020</idno>
               <idno type="URL" subtype="schnitzler-tagebuch">https://schnitzler-tagebuch.acdh.oeaw.ac.at/person_13310.html</idno>
               <idno type="URL" subtype="schnitzler-bahr">https://schnitzler-bahr.acdh.oeaw.ac.at/pmb2815.html</idno>
               <idno type="URL" subtype="pmb">https://pmb.acdh.oeaw.ac.at/entity/2815/</idno>
               <idno type="URL" subtype="schnitzler-lektueren">https://schnitzler-lektueren.acdh.oeaw.ac.at/pmb2815.html</idno>
               <idno type="URL" subtype="bahr-textverzeichnis">https://bahr-textverzeichnis.acdh.oeaw.ac.at/pmb2815.html</idno>
               <idno type="URL" subtype="fackel">https://fackel.oeaw.ac.at/?p=fackelp38561</idno>
               <idno type="URL" subtype="wikidata">http://www.wikidata.org/entity/Q256991</idno>
               <idno type="URL" subtype="wikipedia">https://de.wikipedia.org/wiki/%C3%89mile_Augier</idno>
               <idno type="URL" subtype="pmb">https://pmb.acdh.oeaw.ac.at/entity/159180/</idno>
               <idno type="URL" subtype="bahr-tsn">https://bahr-textverzeichnis.acdh.oeaw.ac.at/TSN-listperson.html#pmb2815</idno>
               <idno type="URL" subtype="hanslick-online">https://hanslick.acdh.oeaw.ac.at/hsl_person_id_1879.html</idno>
               <listBibl>
                  <bibl type="collections" n="12">Fackel</bibl>
                  <bibl type="collections" n="16">Bahr Textverzeichnis</bibl>
               </listBibl>
               <note type="references"> </note>
               <figure>
                  <graphic url="https://commons.wikimedia.org/w/index.php?title=Special:Redirect/file/Augier.jpg"/>
               </figure>
            </person>
            <person xml:id="pmb12498">
               <persName>
                  <forename>Georg</forename>
                  <surname>Reimers</surname>
               </persName>
               <persName type="legacy-name-merge">Reimers, Georg</persName>
               <birth>
                  <date when-iso="1860-04-04">04.04.1860</date>
                  <settlement key="1259">
                     <placeName type="pref">Altona</placeName>
                     <location>
                        <geo>53,5725 9,8262</geo>
                     </location>
                  </settlement>
               </birth>
               <death>
                  <date when-iso="1936-04-15">15.04.1936</date>
                  <settlement key="50">
                     <placeName type="pref">Wien</placeName>
                     <location>
                        <geo>48,2066 16,37341</geo>
                     </location>
                  </settlement>
               </death>
               <sex value="male"/>
               <occupation key="105">Schauspieler/Schauspielerin</occupation>
               <idno type="URL" subtype="gnd">https://d-nb.info/gnd/11641488X</idno>
               <idno type="URL" subtype="schnitzler-tagebuch">https://schnitzler-tagebuch.acdh.oeaw.ac.at/person_19139.html</idno>
               <idno type="URL" subtype="schnitzler-bahr">https://schnitzler-bahr.acdh.oeaw.ac.at/pmb12498.html</idno>
               <idno type="URL" subtype="pmb">https://pmb.acdh.oeaw.ac.at/entity/12498/</idno>
               <idno type="URL" subtype="schnitzler-briefe">https://schnitzler-briefe.acdh.oeaw.ac.at/pmb12498.html</idno>
               <idno type="URL" subtype="bahr-textverzeichnis">https://bahr-textverzeichnis.acdh.oeaw.ac.at/pmb12498.html</idno>
               <idno type="URL" subtype="fackel">https://fackel.oeaw.ac.at/?p=fackelp52080</idno>
               <idno type="URL" subtype="oebl">https://doi.org/10.1553/0x002840e8</idno>
               <idno type="URL" subtype="wikidata">http://www.wikidata.org/entity/Q1505717</idno>
               <idno type="URL" subtype="wikipedia">https://de.wikipedia.org/wiki/Georg_Reimers</idno>
               <idno type="URL" subtype="schnitzler-interviews">https://schnitzler-interviews.acdh.oeaw.ac.at/pmb12498.html</idno>
               <idno type="URL" subtype="pmb">https://pmb.acdh.oeaw.ac.at/entity/161829/</idno>
               <idno type="URL" subtype="bahr-tsn">https://bahr-textverzeichnis.acdh.oeaw.ac.at/TSN-listperson.html#pmb12498</idno>
               <idno type="URL" subtype="hanslick-online">https://hanslick.acdh.oeaw.ac.at/hsl_person_id_3580.html</idno>
               <listEvent>
                  <event key="61712" when-iso="1891-04-11">
                     <desc n="1370">teilgenommen an</desc>
                     <label>Ibsen-Bankett, 11.4.1891</label>
                     <idno type="URL" subtype="pmb">https://pmb.acdh.oeaw.ac.at/entity/61712/</idno>
                  </event>
                  <event key="51297" when-iso="1891-10-28">
                     <desc n="1256">ist Arbeitskraft bei</desc>
                     <label>Freie Bühne, Erster geselliger Abend, 28.10.1891</label>
                     <idno type="URL" subtype="pmb">https://pmb.acdh.oeaw.ac.at/entity/51297/</idno>
                  </event>
                  <event key="94354" when-iso="1895-05-02">
                     <desc n="1256">ist Arbeitskraft bei</desc>
                     <label>Premiere von Tabarin und Verbotene Früchte, 2.5.1895</label>
                     <idno type="URL" subtype="pmb">https://pmb.acdh.oeaw.ac.at/entity/94354/</idno>
                  </event>
                  <event key="94377" when-iso="1895-05-07">
                     <desc n="1256">ist Arbeitskraft bei</desc>
                     <label>Aufführung von Tabarin, Die Wespe, 7.5.1895</label>
                     <idno type="URL" subtype="pmb">https://pmb.acdh.oeaw.ac.at/entity/94377/</idno>
                  </event>
                  <event key="35479" when-iso="1899-03-01">
                     <desc n="1256">ist Arbeitskraft bei</desc>
                     <label>Uraufführung von Der grüne Kakadu – Paracelsus – Die Gefährtin. Drei
                           Einakter, 1.3.1899</label>
                     <idno type="URL" subtype="pmb">https://pmb.acdh.oeaw.ac.at/entity/35479/</idno>
                  </event>
                  <event key="141417" when-iso="1899-12-17">
                     <desc n="1256">ist Arbeitskraft bei</desc>
                     <label>Aufführung von Der Verschwender, 17.12.1899</label>
                     <idno type="URL" subtype="pmb">https://pmb.acdh.oeaw.ac.at/entity/141417/</idno>
                  </event>
                  <event key="63372" when-iso="1904-02-11">
                     <desc n="1256">ist Arbeitskraft bei</desc>
                     <label>Premiere von Rose Bernd, 11.2.1904</label>
                     <idno type="URL" subtype="pmb">https://pmb.acdh.oeaw.ac.at/entity/63372/</idno>
                  </event>
                  <event key="35251" when-iso="1910-11-24">
                     <desc n="1256">ist Arbeitskraft bei</desc>
                     <label>Uraufführung von Der junge Medardus, 24.11.1910</label>
                     <idno type="URL" subtype="pmb">https://pmb.acdh.oeaw.ac.at/entity/35251/</idno>
                  </event>
                  <event key="88534" when-iso="1911-10-14">
                     <desc n="1256">ist Arbeitskraft bei</desc>
                     <label>Premiere von Das weite Land, 14.10.1911 [I.]</label>
                     <idno type="URL" subtype="pmb">https://pmb.acdh.oeaw.ac.at/entity/35364/</idno>
                     <idno type="URL" subtype="pmb">https://pmb.acdh.oeaw.ac.at/entity/88534/</idno>
                  </event>
                  <event key="35361" when-iso="1924-10-11">
                     <desc n="1256">ist Arbeitskraft bei</desc>
                     <label>Uraufführung von Komödie der Verführung, 11.10.1924</label>
                     <idno type="URL" subtype="pmb">https://pmb.acdh.oeaw.ac.at/entity/35361/</idno>
                  </event>
                  <event key="35418" when-iso="1931-02-14">
                     <desc n="1370">teilgenommen an</desc>
                     <label>Uraufführung von Der Gang zum Weiher, 14.2.1931</label>
                     <idno type="URL" subtype="pmb">https://pmb.acdh.oeaw.ac.at/entity/35418/</idno>
                  </event>
               </listEvent>
               <listBibl>
                  <bibl type="collections" n="11">ÖBL nach 1850 geboren</bibl>
                  <bibl type="collections" n="12">Fackel</bibl>
                  <bibl type="collections" n="16">Bahr Textverzeichnis</bibl>
               </listBibl>
               <note type="references"> </note>
               <figure>
                  <graphic url="https://commons.wikimedia.org/w/index.php?title=Special:Redirect/file/Georg%20Reimers%201910%20Pietzner.png"/>
               </figure>
            </person>
            <person xml:id="pmb7218">
               <persName>
                  <forename>Karl Emil</forename>
                  <surname>Franzos</surname>
               </persName>
               <birth>
                  <date when-iso="1848-10-25">25.10.1848</date>
                  <settlement key="45274">
                     <placeName type="pref">Tschortkiw</placeName>
                     <location>
                        <geo>49,01701 25,79808</geo>
                     </location>
                  </settlement>
               </birth>
               <death>
                  <date when-iso="1904-01-28">28.01.1904</date>
                  <settlement key="168">
                     <placeName type="pref">Berlin</placeName>
                     <location>
                        <geo>52,52437 13,41053</geo>
                     </location>
                  </settlement>
               </death>
               <sex value="male"/>
               <occupation key="90">Schriftsteller/Schriftstellerin</occupation>
               <occupation key="99">Journalist/Journalistin</occupation>
               <idno type="URL" subtype="gnd">https://d-nb.info/gnd/118702599</idno>
               <idno type="URL" subtype="pmb">https://pmb.acdh.oeaw.ac.at/entity/7218/</idno>
               <idno type="URL" subtype="schnitzler-lektueren">https://schnitzler-lektueren.acdh.oeaw.ac.at/pmb7218.html</idno>
               <idno type="URL" subtype="fackel">https://fackel.oeaw.ac.at/?p=fackelp47508</idno>
               <idno type="URL" subtype="wikidata">http://www.wikidata.org/entity/Q78846</idno>
               <idno type="URL" subtype="wikipedia">https://de.wikipedia.org/wiki/Karl_Emil_Franzos</idno>
               <idno type="URL" subtype="oebl">https://doi.org/10.1553/0x00281638</idno>
               <idno type="URL" subtype="schnitzler-interviews">https://schnitzler-interviews.acdh.oeaw.ac.at/pmb7218.html</idno>
               <idno type="URL" subtype="schnitzler-tagebuch">https://schnitzler-tagebuch.acdh.oeaw.ac.at/person_15153.html</idno>
               <idno type="URL" subtype="bahr-tsn">https://bahr-textverzeichnis.acdh.oeaw.ac.at/TSN-listperson.html#pmb7218</idno>
               <idno type="URL" subtype="bahr-textverzeichnis">https://bahr-textverzeichnis.acdh.oeaw.ac.at/pmb7218.html</idno>
               <listBibl>
                  <bibl type="collections" n="12">Fackel</bibl>
                  <bibl type="collections" n="16">Bahr Textverzeichnis</bibl>
               </listBibl>
               <figure>
                  <graphic url="https://commons.wikimedia.org/w/index.php?title=Special:Redirect/file/Karl%20Emil%20Franzos%20Photographie%201891%20%28K%C3%B6nnecke%201895%29.png"/>
               </figure>
            </person>
            <person xml:id="pmb3442">
               <persName>
                  <forename>Marco</forename>
                  <surname>Brociner</surname>
               </persName>
               <persName type="legacy-name-merge">Brociner, Marco</persName>
               <birth>
                  <date when-iso="1852-10-20">20.10.1852</date>
                  <settlement key="38876">
                     <placeName type="pref">Iaşi</placeName>
                     <location>
                        <geo>47,16667 27,6</geo>
                     </location>
                  </settlement>
               </birth>
               <death>
                  <date when-iso="1942-04-12">12.04.1942</date>
                  <settlement key="50">
                     <placeName type="pref">Wien</placeName>
                     <location>
                        <geo>48,2066 16,37341</geo>
                     </location>
                  </settlement>
               </death>
               <sex value="male"/>
               <occupation key="90">Schriftsteller/Schriftstellerin</occupation>
               <occupation key="99">Journalist/Journalistin</occupation>
               <occupation key="100">Kritiker/Kritikerin</occupation>
               <idno type="URL" subtype="gnd">https://d-nb.info/gnd/11652622X</idno>
               <idno type="URL" subtype="schnitzler-tagebuch">https://schnitzler-tagebuch.acdh.oeaw.ac.at/person_13983.html</idno>
               <idno type="URL" subtype="schnitzler-bahr">https://schnitzler-bahr.acdh.oeaw.ac.at/pmb3442.html</idno>
               <idno type="URL" subtype="pmb">https://pmb.acdh.oeaw.ac.at/entity/3442/</idno>
               <idno type="URL" subtype="schnitzler-briefe">https://schnitzler-briefe.acdh.oeaw.ac.at/pmb3442.html</idno>
               <idno type="URL" subtype="fackel">https://fackel.oeaw.ac.at/?p=fackelp49617</idno>
               <idno type="URL" subtype="oebl">https://doi.org/10.1553/0x0028111b</idno>
               <idno type="URL" subtype="wikidata">http://www.wikidata.org/entity/Q12734839</idno>
               <idno type="URL" subtype="wikipedia">https://de.wikipedia.org/wiki/Marco_Brociner</idno>
               <idno type="URL" subtype="schnitzler-interviews">https://schnitzler-interviews.acdh.oeaw.ac.at/pmb3442.html</idno>
               <idno type="URL" subtype="pmb">https://pmb.acdh.oeaw.ac.at/entity/159487/</idno>
               <idno type="URL" subtype="bahr-tsn">https://bahr-textverzeichnis.acdh.oeaw.ac.at/TSN-listperson.html#pmb3442</idno>
               <idno type="URL" subtype="bahr-textverzeichnis">https://bahr-textverzeichnis.acdh.oeaw.ac.at/pmb3442.html</idno>
               <listBibl>
                  <bibl type="collections" n="11">ÖBL nach 1850 geboren</bibl>
                  <bibl type="collections" n="12">Fackel</bibl>
                  <bibl type="collections" n="16">Bahr Textverzeichnis</bibl>
               </listBibl>
               <note type="references">None </note>
            </person>
            <person xml:id="pmb11134">
               <persName>
                  <forename>Alphonse</forename>
                  <surname>Daudet</surname>
               </persName>
               <persName type="legacy-name-merge">Daudet, ...</persName>
               <persName type="legacy-name-merge">Daudet, Alphonse</persName>
               <birth>
                  <date when-iso="1840-05-13">13.05.1840</date>
                  <settlement key="54129">
                     <placeName type="pref">Nîmes</placeName>
                     <location>
                        <geo>43,83665 4,35788</geo>
                     </location>
                  </settlement>
               </birth>
               <death>
                  <date when-iso="1897-11-16">16.11.1897</date>
                  <settlement key="182">
                     <placeName type="pref">Paris</placeName>
                     <location>
                        <geo>48,85341 2,3488</geo>
                     </location>
                  </settlement>
               </death>
               <sex value="male"/>
               <occupation key="90">Schriftsteller/Schriftstellerin</occupation>
               <idno type="URL" subtype="gnd">https://d-nb.info/gnd/118523872</idno>
               <idno type="URL" subtype="schnitzler-tagebuch">https://schnitzler-tagebuch.acdh.oeaw.ac.at/person_14359.html</idno>
               <idno type="URL" subtype="schnitzler-bahr">https://schnitzler-bahr.acdh.oeaw.ac.at/pmb11134.html</idno>
               <idno type="URL" subtype="pmb">https://pmb.acdh.oeaw.ac.at/entity/11134/</idno>
               <idno type="URL" subtype="schnitzler-lektueren">https://schnitzler-lektueren.acdh.oeaw.ac.at/pmb11134.html</idno>
               <idno type="URL" subtype="bahr-textverzeichnis">https://bahr-textverzeichnis.acdh.oeaw.ac.at/pmb11134.html</idno>
               <idno type="URL" subtype="fackel">https://fackel.oeaw.ac.at/?p=fackelp38040</idno>
               <idno type="URL" subtype="wikidata">http://www.wikidata.org/entity/Q228546</idno>
               <idno type="URL" subtype="wikipedia">https://de.wikipedia.org/wiki/Alphonse_Daudet</idno>
               <idno type="URL" subtype="pmb">https://pmb.acdh.oeaw.ac.at/entity/120585/</idno>
               <idno type="URL" subtype="gnd">https://d-nb.info/gnd/1052846475</idno>
               <idno type="URL" subtype="schnitzler-kino">https://schnitzler-kino.acdh.oeaw.ac.at/pmb120585.html</idno>
               <idno type="URL" subtype="pmb">https://pmb.acdh.oeaw.ac.at/entity/159733/</idno>
               <idno type="URL" subtype="bahr-tsn">https://bahr-textverzeichnis.acdh.oeaw.ac.at/TSN-listperson.html#pmb11134</idno>
               <idno type="URL" subtype="hanslick-online">https://hanslick.acdh.oeaw.ac.at/hsl_person_id_2755.html</idno>
               <idno type="URL" subtype="schnitzler-interviews">https://schnitzler-interviews.acdh.oeaw.ac.at/pmb11134.html</idno>
               <listBibl>
                  <bibl type="collections" n="12">Fackel</bibl>
                  <bibl type="collections" n="13">No WikiData-ID found</bibl>
                  <bibl type="collections" n="15">Schnitzler-Kino</bibl>
                  <bibl type="collections" n="16">Bahr Textverzeichnis</bibl>
               </listBibl>
               <note type="references"> </note>
               <figure>
                  <graphic url="https://commons.wikimedia.org/w/index.php?title=Special:Redirect/file/Alphonse%20Daudet%202.jpg"/>
               </figure>
            </person>
            <person xml:id="pmb167420">
               <persName>
                  <forename>Georges</forename>
                  <surname>Rochegrosse</surname>
               </persName>
               <persName type="legacy-name-merge">Rochegrosse, Georges Antoine</persName>
               <persName type="legacy-name-merge">Rochegrosse, Georges</persName>
               <birth>
                  <date when-iso="1859-08-02">1859-08-02</date>
                  <settlement key="36549">
                     <placeName type="pref">Versailles</placeName>
                     <location>
                        <geo>48,80359 2,13424</geo>
                     </location>
                  </settlement>
               </birth>
               <death>
                  <date when-iso="1938-07-11">1938-07-11</date>
                  <settlement key="167422">
                     <placeName type="pref">El Biar</placeName>
                     <location>
                        <geo>36,768333333333 3,0305555555556</geo>
                     </location>
                  </settlement>
               </death>
               <sex value="male"/>
               <occupation key="110">Maler/Malerin</occupation>
               <idno type="URL" subtype="bahr-textverzeichnis">https://bahr-textverzeichnis.acdh.oeaw.ac.at/pmb153909.html</idno>
               <idno type="URL" subtype="pmb">https://pmb.acdh.oeaw.ac.at/entity/153909/</idno>
               <idno type="URL" subtype="pmb">https://pmb.acdh.oeaw.ac.at/entity/161902/</idno>
               <idno type="URL" subtype="pmb">https://pmb.acdh.oeaw.ac.at/entity/167420/</idno>
               <idno type="URL" subtype="wikidata">http://www.wikidata.org/entity/Q346846</idno>
               <idno type="URL" subtype="gnd">https://d-nb.info/gnd/123058287</idno>
               <idno type="URL" subtype="wikipedia">https://de.wikipedia.org/wiki/Georges-Antoine_Rochegrosse</idno>
               <idno type="URL" subtype="bahr-tsn">https://bahr-textverzeichnis.acdh.oeaw.ac.at/TSN-listperson.html#pmb167420</idno>
               <listBibl>
                  <bibl type="collections" n="16">Bahr Textverzeichnis</bibl>
                  <bibl type="collections" n="23">manually created entity</bibl>
               </listBibl>
            </person>
            <person xml:id="pmb153910">
               <persName>
                  <forename>Decimus Iunius</forename>
                  <surname>Iuvenal</surname>
               </persName>
               <birth>
                  <date>1. Jhdt.</date>
               </birth>
               <death>
                  <date>2. Jhdt</date>
               </death>
               <sex value="not-set"/>
               <idno type="URL" subtype="bahr-textverzeichnis">https://bahr-textverzeichnis.acdh.oeaw.ac.at/pmb153910.html</idno>
               <idno type="URL" subtype="pmb">https://pmb.acdh.oeaw.ac.at/entity/153910/</idno>
               <listBibl>
                  <bibl type="collections" n="16">Bahr Textverzeichnis</bibl>
               </listBibl>
            </person>
            <person xml:id="pmb153911">
               <persName>
                  <forename>Leopold</forename>
                  <surname>Stahl</surname>
               </persName>
               <sex value="not-set"/>
               <idno type="URL" subtype="pmb">https://pmb.acdh.oeaw.ac.at/entity/153911/</idno>
               <idno type="URL" subtype="bahr-textverzeichnis">https://bahr-textverzeichnis.acdh.oeaw.ac.at/pmb153911.html</idno>
               <listBibl>
                  <bibl type="collections" n="16">Bahr Textverzeichnis</bibl>
               </listBibl>
            </person>
         </listPerson>
      </back>
   </text>
</TEI>
