<?xml version="1.0" encoding="UTF-8"?>
<TEI xmlns="http://www.tei-c.org/ns/1.0"
     xmlns:tei="http://www.tei-c.org/ns/1.0"
     xml:id="pmb122907.xml"
     prev="pmb132649"
     next="pmb122905">
   <teiHeader>
      <fileDesc>
         <titleStmt>
            <title level="s">Hermann Bahr – Textverzeichnis</title>
            <title level="a">Theater, Kunst und Literatur.
                     Raimund-Theater</title>
            <title type="iso-date">1902-04-27</title>
            <respStmt>
               <resp>providing the content</resp>
               <name>Martin Anton Müller</name>
            </respStmt>
            <respStmt>
               <resp>converted to XML encoding</resp>
               <name>Martin Anton Müller</name>
            </respStmt>
         </titleStmt>
         <publicationStmt>
            <publisher>Austrian Centre for Digital Humanities and Cultural
                                    Heritage (ACDH-CH)</publisher>
            <date>2024-03-19+01:00</date>
            <idno type="URI">https://id.acdh.oeaw.ac.at/bahr-textverzeichnis/pmb122907.xml</idno>
         </publicationStmt>
         <sourceDesc>
            <p>Bibliografische Angaben eines in Druck erschienen Texts von
                                    Bahr</p>
         </sourceDesc>
      </fileDesc>
   </teiHeader>
   <text>
      <body>
         <div type="bibliografische-angabe">
            <biblStruct xml:id="pmb122907"
                        type="Journal-Article"
                        status="checked"
                        prev="pmb132649"
                        next="pmb122905">
               <analytic>
                  <author ref="pmb10815">H. B.</author>
                  <title level="a" ref="pmb122907">Theater, Kunst und Literatur.
                     Raimund-Theater</title>
               </analytic>
               <monogr>
                  <title level="j" ref="pmb41321">Neues Wiener Tagblatt</title>
                  <imprint>
                     <biblScope unit="jg">36</biblScope>
                     <biblScope unit="issue">115</biblScope>
                     <biblScope unit="page">9</biblScope>
                     <date when="1902-04-27">27.4.1902</date>
                  </imprint>
               </monogr>
               <note type="review-of">
                  <bibl>
                     <title level="m">Le Vertige</title>
                     <author>Michel Provins</author>
                  </bibl>
               </note>
               <note type="incipit">Jane Hading hat uns gestern ein neues Stück gebracht: »Le
                  Vertige«, in vier Acten, von Michel Provins.</note>
               <ref type="personenindex">
                  <listRef>
                     <ptr type="pmb" target="pmb22901"/>
                     <ptr type="pmb" target="pmb154117"/>
                     <ptr type="pmb" target="pmb148810"/>
                  </listRef>
               </ref>
               <ref type="URL">https://anno.onb.ac.at/cgi-content/anno?aid=nwg&amp;datum=19020427&amp;seite=9</ref>
               <noteGrp type="keywords">
                  <note type="Journal-Article">Artikel in einem Periodikum</note>
               </noteGrp>
               <note type="bibliographical-statement">H. B.: Theater, Kunst und Literatur.
                  Raimund-Theater. In: Neues Wiener Tagblatt, Jg. 36, Nr. 115, 27.4.1902,
                  S. 9.</note>
            </biblStruct>
         </div>
      </body>
      <back>
         <listPerson>
            <person xml:id="pmb22901">
               <persName>
                  <forename>Michel</forename>
                  <surname>Provins</surname>
               </persName>
               <persName type="person_geburtsname_nachname">Lagros de Langeron</persName>
               <persName type="person_geburtsname_vorname">Anne Gabriel François
                     Camille</persName>
               <persName type="legacy-name-merge">Provins, Michel</persName>
               <birth>
                  <date when-iso="1861-05-23">1861-05-23</date>
                  <settlement key="54036">
                     <placeName type="pref">Nogent-sur-Seine</placeName>
                     <location>
                        <geo>48,49372 3,50262</geo>
                     </location>
                  </settlement>
               </birth>
               <death>
                  <date when-iso="1928-10-01">1928-10-01</date>
                  <settlement key="182">
                     <placeName type="pref">Paris</placeName>
                     <location>
                        <geo>48,85341 2,3488</geo>
                     </location>
                  </settlement>
                  <settlement key="182">
                     <placeName type="pref">Paris</placeName>
                     <location>
                        <geo>48,85341 2,3488</geo>
                     </location>
                  </settlement>
               </death>
               <sex value="male"/>
               <occupation key="90">Schriftsteller/Schriftstellerin</occupation>
               <idno type="URL" subtype="schnitzler-tagebuch">https://schnitzler-tagebuch.acdh.oeaw.ac.at/person_18982.html</idno>
               <idno type="URL" subtype="pmb">https://pmb.acdh.oeaw.ac.at/entity/22901/</idno>
               <idno type="URL" subtype="gnd">https://d-nb.info/gnd/115738238X</idno>
               <idno type="URL" subtype="schnitzler-lektueren">https://schnitzler-lektueren.acdh.oeaw.ac.at/pmb22901.html</idno>
               <idno type="URL" subtype="fackel">https://fackel.oeaw.ac.at/?p=fackelp50160</idno>
               <idno type="URL" subtype="bahr-textverzeichnis">https://bahr-textverzeichnis.acdh.oeaw.ac.at/pmb22901.html</idno>
               <idno type="URL" subtype="pmb">https://pmb.acdh.oeaw.ac.at/entity/161755/</idno>
               <idno type="URL" subtype="bahr-tsn">https://bahr-textverzeichnis.acdh.oeaw.ac.at/TSN-listperson.html#pmb22901</idno>
               <listBibl>
                  <bibl type="collections" n="12">Fackel</bibl>
                  <bibl type="collections" n="13">No WikiData-ID found</bibl>
                  <bibl type="collections" n="16">Bahr Textverzeichnis</bibl>
               </listBibl>
               <note type="references"> </note>
            </person>
            <person xml:id="pmb154117">
               <persName>
                  <forename>Jane</forename>
                  <surname>Hading</surname>
               </persName>
               <birth>
                  <date notBefore-iso="1859-01-01"
                        when-iso="1859-01-01"
                        notAfter-iso="1859-12-31">1859</date>
               </birth>
               <death>
                  <date when-iso="1940-01-01" notAfter-iso="1940-12-31">1940</date>
               </death>
               <sex value="not-set"/>
               <idno type="URL" subtype="bahr-textverzeichnis">https://bahr-textverzeichnis.acdh.oeaw.ac.at/pmb154117.html</idno>
               <idno type="URL" subtype="pmb">https://pmb.acdh.oeaw.ac.at/entity/154117/</idno>
               <listBibl>
                  <bibl type="collections" n="16">Bahr Textverzeichnis</bibl>
               </listBibl>
            </person>
            <person xml:id="pmb148810">
               <persName>
                  <forename>Henry</forename>
                  <surname>Fouquier</surname>
               </persName>
               <persName type="legacy-name-merge">Fouquier, Henry</persName>
               <birth>
                  <date when-iso="1838-09-01">1838-09-01</date>
                  <settlement key="44565">
                     <placeName type="pref">Marseille</placeName>
                     <location>
                        <geo>43,29695 5,38107</geo>
                     </location>
                  </settlement>
               </birth>
               <death>
                  <date when-iso="1901-12-25">1901-12-25</date>
                  <settlement key="36749">
                     <placeName type="pref">Neuilly-sur-Seine</placeName>
                     <location>
                        <geo>48,8846 2,26965</geo>
                     </location>
                  </settlement>
               </death>
               <sex value="male"/>
               <idno type="URL" subtype="bahr-textverzeichnis">https://bahr-textverzeichnis.acdh.oeaw.ac.at/pmb148810.html</idno>
               <idno type="URL" subtype="pmb">https://pmb.acdh.oeaw.ac.at/entity/148810/</idno>
               <idno type="URL" subtype="wikidata">http://www.wikidata.org/entity/Q3132781</idno>
               <idno type="URL" subtype="gnd">https://d-nb.info/gnd/1176044680</idno>
               <idno type="URL" subtype="pmb">https://pmb.acdh.oeaw.ac.at/entity/160061/</idno>
               <idno type="URL" subtype="wikipedia">https://de.wikipedia.org/wiki/Henry_Fouquier</idno>
               <idno type="URL" subtype="bahr-tsn">https://bahr-textverzeichnis.acdh.oeaw.ac.at/TSN-listperson.html#pmb148810</idno>
               <listBibl>
                  <bibl type="collections" n="16">Bahr Textverzeichnis</bibl>
               </listBibl>
               <note type="references">None </note>
            </person>
         </listPerson>
      </back>
   </text>
</TEI>
