<?xml version="1.0" encoding="UTF-8"?>
<TEI xmlns="http://www.tei-c.org/ns/1.0"
     xmlns:tei="http://www.tei-c.org/ns/1.0"
     xml:id="pmb119018.xml"
     prev="pmb29929"
     next="pmb30869">
   <teiHeader>
      <fileDesc>
         <titleStmt>
            <title level="s">Hermann Bahr – Textverzeichnis</title>
            <title level="a">Drittes Kapitel: Sehnsucht</title>
            <title type="iso-date">1909</title>
            <respStmt>
               <resp>providing the content</resp>
               <name>Martin Anton Müller</name>
            </respStmt>
            <respStmt>
               <resp>converted to XML encoding</resp>
               <name>Martin Anton Müller</name>
            </respStmt>
         </titleStmt>
         <publicationStmt>
            <publisher>Austrian Centre for Digital Humanities and Cultural
                                    Heritage (ACDH-CH)</publisher>
            <date>2024-03-19+01:00</date>
            <idno type="URI">https://id.acdh.oeaw.ac.at/bahr-textverzeichnis/pmb119018.xml</idno>
         </publicationStmt>
         <sourceDesc>
            <p>Bibliografische Angaben eines in Druck erschienen Texts von
                                    Bahr</p>
         </sourceDesc>
      </fileDesc>
   </teiHeader>
   <text>
      <body>
         <div type="bibliografische-angabe">
            <biblStruct type="Book_Section"
                        status="checked"
                        xml:id="pmb119018"
                        sameAs="HB-tv_1483"
                        prev="pmb29929"
                        next="pmb30869">
               <analytic>
                  <title level="a" ref="pmb119018">Drittes Kapitel: Sehnsucht</title>
                  <author ref="pmb10815">Bahr, Hermann</author>
               </analytic>
               <monogr>
                  <title level="m" ref="pmb32179">Der Roman der XII</title>
                  <imprint>
                     <pubPlace>Berlin</pubPlace>
                     <publisher>K. W. Mecklenburg</publisher>
                     <date when="1909">1909</date>
                     <biblScope unit="page">71–92</biblScope>
                  </imprint>
               </monogr>
               <note>
                  <p>Die Zuordnung des Kapitels folgt der Insel-Ausgabe von 1992. Den Erhalt eines
                     Exemplars meldet die <title level="j" ref="pmb41265">Wiener Zeitung</title> am
                     7. November 1909.</p>
               </note>
               <note type="reviews">
                  <bibl>
                     <author>o.V.</author>
                     <title level="a">Der Roman der XII von Hermann Bahr, Otto Julius Bierbaum, Otto
                        Ernst, Herbert Eulenberg, Hanns Heinz Ewers, Gustav Falke, Georg Hirschfeld,
                        Felix Hollaender, Gustav Meyrink, Gabriele Reuter, Olga Wohlbrück, Ernst von
                        Wolzogen</title>
                     <title level="j">Vossische Zeitung</title>
                     <date type="year">1910</date>
                     <biblScope unit="issue">2, MA, Sonntags-Beilage #1</biblScope>
                     <biblScope unit="page">8</biblScope>
                     <date>2.1.1910</date>
                  </bibl>
               </note>
               <note>
                  <p>2. Aufl. 6.–10. Tsd. 1909 Neuaufl. Frankfurt/Main: Insel 1992, 91–109</p>
               </note>
               <note type="incipit">»Nein!« sagte Karen. »Steig‹ du nur in die Droschke und fahr
                  heim!</note>
               <ref type="URL">https://bahr.univie.ac.at/sites/all/txt/buchbeitraege/1909_der-roman-der-xii.pdf</ref>
               <ref type="URL">http://archive.org/details/derromanderxii00bahruoft</ref>
               <noteGrp type="keywords">
                  <note type="Book">Buch</note>
                  <note type="Section">Section</note>
               </noteGrp>
               <note type="bibliographical-statement">Hermann Bahr: Drittes Kapitel: Sehnsucht. In:
                  Der Roman der XII. Berlin: K. W. Mecklenburg 1909, S. 71–92.</note>
            </biblStruct>
         </div>
      </body>
      <back/>
   </text>
</TEI>
