<?xml version="1.0" encoding="UTF-8"?>
<TEI xmlns="http://www.tei-c.org/ns/1.0"
     xmlns:tei="http://www.tei-c.org/ns/1.0"
     xml:id="pmb122869.xml"
     prev="pmb132563"
     next="pmb30987">
   <teiHeader>
      <fileDesc>
         <titleStmt>
            <title level="s">Hermann Bahr – Textverzeichnis</title>
            <title level="a">Theater, Kunst und Literatur.
                     Raimund-Theater</title>
            <title type="iso-date">1902-10-05</title>
            <respStmt>
               <resp>providing the content</resp>
               <name>Martin Anton Müller</name>
            </respStmt>
            <respStmt>
               <resp>converted to XML encoding</resp>
               <name>Martin Anton Müller</name>
            </respStmt>
         </titleStmt>
         <publicationStmt>
            <publisher>Austrian Centre for Digital Humanities and Cultural
                                    Heritage (ACDH-CH)</publisher>
            <date>2024-03-19+01:00</date>
            <idno type="URI">https://id.acdh.oeaw.ac.at/bahr-textverzeichnis/pmb122869.xml</idno>
         </publicationStmt>
         <sourceDesc>
            <p>Bibliografische Angaben eines in Druck erschienen Texts von
                                    Bahr</p>
         </sourceDesc>
      </fileDesc>
   </teiHeader>
   <text>
      <body>
         <div type="bibliografische-angabe">
            <biblStruct xml:id="pmb122869"
                        type="Journal-Article"
                        subtype="Nachtkritik"
                        status="checked"
                        prev="pmb132563"
                        next="pmb30987">
               <analytic>
                  <author ref="pmb10815">H. B.</author>
                  <title level="a" ref="pmb122869">Theater, Kunst und Literatur.
                     Raimund-Theater</title>
               </analytic>
               <monogr>
                  <title level="j" ref="pmb41321">Neues Wiener Tagblatt</title>
                  <imprint>
                     <biblScope unit="jg">36</biblScope>
                     <biblScope unit="issue">274</biblScope>
                     <biblScope unit="page">9</biblScope>
                     <date when="1902-10-05">5.10.1902</date>
                  </imprint>
               </monogr>
               <note type="review-of">
                  <bibl>
                     <title level="m">Freund Fritz</title>
                     <author>Émile Erckmann</author>
                     <author>Alexandre Chatrian</author>
                  </bibl>
               </note>
               <note type="incipit">Die Susel im »Freund Fritz« gab gestern Fräulein Lucie Höflich,
                  eine ganz junge Dame, die in Berlin in den »Ledigen Leuten« ungewöhnlich gefallen
                  hat.</note>
               <ref type="personenindex">
                  <listRef>
                     <ptr type="pmb" target="pmb11791"/>
                     <ptr type="pmb" target="pmb10752"/>
                     <ptr type="pmb" target="pmb2246"/>
                     <ptr type="pmb" target="pmb148793"/>
                     <ptr type="pmb" target="pmb148798"/>
                     <ptr type="pmb" target="pmb154097"/>
                     <ptr type="pmb" target="pmb154098"/>
                  </listRef>
               </ref>
               <ref type="URL">https://anno.onb.ac.at/cgi-content/anno?aid=nwg&amp;datum=19021005&amp;seite=9</ref>
               <noteGrp type="keywords">
                  <note type="Journal-Article">Artikel in einem Periodikum</note>
                  <note subtype="Nachtkritik">Nachtkritik</note>
               </noteGrp>
               <note type="bibliographical-statement">H. B.: Theater, Kunst und Literatur.
                  Raimund-Theater. In: Neues Wiener Tagblatt, Jg. 36, Nr. 274, 5.10.1902,
                  S. 9.</note>
            </biblStruct>
         </div>
      </body>
      <back>
         <listPerson>
            <person xml:id="pmb11791">
               <persName>
                  <forename>Lucie</forename>
                  <surname>Höflich</surname>
               </persName>
               <persName type="person_geburtsname_vorname">Helene Lucie</persName>
               <persName type="person_geburtsname_nachname">von Holwede</persName>
               <persName type="legacy-name-merge">Höflich, Lucie</persName>
               <birth>
                  <date when-iso="1883-02-20">20.02.1883</date>
                  <settlement key="890">
                     <placeName type="pref">Hannover</placeName>
                     <location>
                        <geo>52,37052 9,73322</geo>
                     </location>
                  </settlement>
               </birth>
               <death>
                  <date when-iso="1956-10-08">08.10.1956</date>
                  <settlement key="61048">
                     <placeName type="pref">Schmargendorf</placeName>
                     <location>
                        <geo>52,47517 13,29071</geo>
                     </location>
                  </settlement>
               </death>
               <sex value="female"/>
               <occupation key="105">Schauspieler/Schauspielerin</occupation>
               <idno type="URL" subtype="gnd">https://d-nb.info/gnd/118963805</idno>
               <idno type="URL" subtype="schnitzler-tagebuch">https://schnitzler-tagebuch.acdh.oeaw.ac.at/person_16255.html</idno>
               <idno type="URL" subtype="schnitzler-bahr">https://schnitzler-bahr.acdh.oeaw.ac.at/pmb11791.html</idno>
               <idno type="URL" subtype="pmb">https://pmb.acdh.oeaw.ac.at/entity/11791/</idno>
               <idno type="URL" subtype="schnitzler-briefe">https://schnitzler-briefe.acdh.oeaw.ac.at/pmb11791.html</idno>
               <idno type="URL" subtype="fackel">https://fackel.oeaw.ac.at/?p=fackelp46183</idno>
               <idno type="URL" subtype="wikidata">http://www.wikidata.org/entity/Q96788</idno>
               <idno type="URL" subtype="wikipedia">https://de.wikipedia.org/wiki/Lucie_H%C3%B6flich</idno>
               <idno type="URL" subtype="schnitzler-kino">https://schnitzler-kino.acdh.oeaw.ac.at/pmb11791.html</idno>
               <idno type="URL" subtype="schnitzler-interviews">https://schnitzler-interviews.acdh.oeaw.ac.at/pmb11791.html</idno>
               <idno type="URL" subtype="bahr-textverzeichnis">https://bahr-textverzeichnis.acdh.oeaw.ac.at/pmb11791.html</idno>
               <idno type="URL" subtype="pmb">https://pmb.acdh.oeaw.ac.at/entity/160618/</idno>
               <idno type="URL" subtype="bahr-tsn">https://bahr-textverzeichnis.acdh.oeaw.ac.at/TSN-listperson.html#pmb11791</idno>
               <listEvent>
                  <event key="45403" when-iso="1905-06-03">
                     <desc n="1256">ist Arbeitskraft bei</desc>
                     <label>Aufführung von Ein Sommernachtstraum, 3.6.1905</label>
                     <idno type="URL" subtype="pmb">https://pmb.acdh.oeaw.ac.at/entity/45403/</idno>
                  </event>
                  <event key="35170" when-iso="1905-06-05">
                     <desc n="1256">ist Arbeitskraft bei</desc>
                     <label>Premiere von Sanna, 5.6.1906</label>
                     <idno type="URL" subtype="pmb">https://pmb.acdh.oeaw.ac.at/entity/35170/</idno>
                  </event>
                  <event key="147734" when-iso="1907-10-14">
                     <desc n="1256">ist Arbeitskraft bei</desc>
                     <label>Aufführung von Liebelei, 14.10.1907</label>
                     <idno type="URL" subtype="pmb">https://pmb.acdh.oeaw.ac.at/entity/147734/</idno>
                  </event>
                  <event key="59390" when-iso="1924-09-18">
                     <desc n="1256">ist Arbeitskraft bei</desc>
                     <label>Premiere von Der einsame Weg, 18.9.1924</label>
                     <idno type="URL" subtype="pmb">https://pmb.acdh.oeaw.ac.at/entity/59390/</idno>
                  </event>
               </listEvent>
               <listBibl>
                  <bibl type="collections" n="12">Fackel</bibl>
                  <bibl type="collections" n="16">Bahr Textverzeichnis</bibl>
               </listBibl>
               <note type="references"> </note>
               <figure>
                  <graphic url="https://commons.wikimedia.org/w/index.php?title=Special:Redirect/file/Bundesarchiv%20Bild%20183-U0920-507%2C%20Lucie%20H%C3%B6flich.jpg"/>
               </figure>
            </person>
            <person xml:id="pmb10752">
               <persName>
                  <forename>Rosa</forename>
                  <surname>Albach-Retty</surname>
               </persName>
               <persName type="person_ehename_nachname">Albach</persName>
               <persName type="legacy-name-merge">Retty, Rosa</persName>
               <birth>
                  <date when-iso="1874-12-26">26.12.1874</date>
                  <settlement key="63754">
                     <placeName type="pref">Hanau</placeName>
                     <location>
                        <geo>50,13423 8,91418</geo>
                     </location>
                  </settlement>
               </birth>
               <death>
                  <date when-iso="1980-08-26">26.08.1980</date>
                  <settlement key="662">
                     <placeName type="pref">Baden bei Wien</placeName>
                     <location>
                        <geo>48,00543 16,23264</geo>
                     </location>
                  </settlement>
               </death>
               <sex value="female"/>
               <occupation key="105">Schauspieler/Schauspielerin</occupation>
               <idno type="URL" subtype="gnd">https://d-nb.info/gnd/118501356</idno>
               <idno type="URL" subtype="schnitzler-tagebuch">https://schnitzler-tagebuch.acdh.oeaw.ac.at/person_13123.html</idno>
               <idno type="URL" subtype="schnitzler-bahr">https://schnitzler-bahr.acdh.oeaw.ac.at/pmb10752.html</idno>
               <idno type="URL" subtype="pmb">https://pmb.acdh.oeaw.ac.at/entity/10752/</idno>
               <idno type="URL" subtype="fackel">https://fackel.oeaw.ac.at/?p=fackelp52446</idno>
               <idno type="URL" subtype="wikidata">http://www.wikidata.org/entity/Q78870</idno>
               <idno type="URL" subtype="wikipedia">https://de.wikipedia.org/wiki/Rosa_Albach-Retty</idno>
               <idno type="URL" subtype="schnitzler-kino">https://schnitzler-kino.acdh.oeaw.ac.at/pmb10752.html</idno>
               <idno type="URL" subtype="bahr-textverzeichnis">https://bahr-textverzeichnis.acdh.oeaw.ac.at/pmb10752.html</idno>
               <idno type="URL" subtype="pmb">https://pmb.acdh.oeaw.ac.at/entity/161852/</idno>
               <idno type="URL" subtype="bahr-tsn">https://bahr-textverzeichnis.acdh.oeaw.ac.at/TSN-listperson.html#pmb161852</idno>
               <affiliation notBefore-iso="1895-01-01"
                            when-iso="1895-01-01"
                            notAfter-iso="1895-12-31">
                  <term key="1182">arbeitet für</term>
                  <orgName key="36430">Volkstheater</orgName>
                  <idno type="URL" subtype="gnd">https://d-nb.info/gnd/146313-5</idno>
                  <idno type="URL" subtype="pmb">https://pmb.acdh.oeaw.ac.at/entity/36430/</idno>
                  <idno type="URL" subtype="schnitzler-briefe">https://schnitzler-briefe.acdh.oeaw.ac.at/pmb36430.html</idno>
                  <idno type="URL" subtype="legalkraus">https://kraus.wienbibliothek.at/register/institutionen/pmb36430</idno>
                  <idno type="URL" subtype="wikidata">http://www.wikidata.org/entity/Q113044679</idno>
                  <idno type="URL" subtype="schnitzler-interviews">https://schnitzler-interviews.acdh.oeaw.ac.at/pmb36430.html</idno>
               </affiliation>
               <affiliation notBefore-iso="1903-01-01"
                            when-iso="1903-01-01"
                            notAfter-iso="1903-12-31">
                  <term key="1182">arbeitet für</term>
                  <orgName key="36247">Burgtheater</orgName>
                  <idno type="URL" subtype="gnd">https://d-nb.info/gnd/38633-9</idno>
                  <idno type="URL" subtype="pmb">https://pmb.acdh.oeaw.ac.at/entity/36247/</idno>
                  <idno type="URL" subtype="schnitzler-briefe">https://schnitzler-briefe.acdh.oeaw.ac.at/pmb36247.html</idno>
                  <idno type="URL" subtype="legalkraus">https://kraus.wienbibliothek.at/register/institutionen/pmb36247</idno>
                  <idno type="URL" subtype="wikidata">http://www.wikidata.org/entity/Q308720</idno>
                  <idno type="URL" subtype="wikipedia">https://de.wikipedia.org/wiki/Burgtheater</idno>
                  <idno type="URL" subtype="schnitzler-interviews">https://schnitzler-interviews.acdh.oeaw.ac.at/pmb36247.html</idno>
               </affiliation>
               <listEvent>
                  <event key="144876" when-iso="1896-02-03">
                     <desc n="1256">ist Arbeitskraft bei</desc>
                     <label>Matinee, 3.2.1896</label>
                     <idno type="URL" subtype="pmb">https://pmb.acdh.oeaw.ac.at/entity/144876/</idno>
                  </event>
                  <event key="35113" when-iso="1904-12-12">
                     <desc n="1256">ist Arbeitskraft bei</desc>
                     <label>Premiere von Literatur, Die letzten Masken, Der Puppenspieler,
                           12.12.1904</label>
                     <idno type="URL" subtype="pmb">https://pmb.acdh.oeaw.ac.at/entity/35113/</idno>
                  </event>
                  <event key="35361" when-iso="1924-10-11">
                     <desc n="1256">ist Arbeitskraft bei</desc>
                     <label>Uraufführung von Komödie der Verführung, 11.10.1924</label>
                     <idno type="URL" subtype="pmb">https://pmb.acdh.oeaw.ac.at/entity/35361/</idno>
                  </event>
               </listEvent>
               <listBibl>
                  <bibl type="collections" n="12">Fackel</bibl>
                  <bibl type="collections" n="16">Bahr Textverzeichnis</bibl>
               </listBibl>
               <note type="references"> </note>
               <figure>
                  <graphic url="https://commons.wikimedia.org/w/index.php?title=Special:Redirect/file/Rosa%20Albach-Retty.jpg"/>
               </figure>
            </person>
            <person xml:id="pmb2246">
               <persName>
                  <forename>Robert von</forename>
                  <surname>Balajthy</surname>
               </persName>
               <birth>
                  <date when-iso="1855-10-30">30.10.1855</date>
                  <settlement key="50">
                     <placeName type="pref">Wien</placeName>
                     <location>
                        <geo>48,2066 16,37341</geo>
                     </location>
                  </settlement>
               </birth>
               <death>
                  <date when-iso="1924-08-30">30.08.1924</date>
                  <settlement key="50">
                     <placeName type="pref">Wien</placeName>
                     <location>
                        <geo>48,2066 16,37341</geo>
                     </location>
                  </settlement>
               </death>
               <sex value="male"/>
               <occupation key="105">Schauspieler/Schauspielerin</occupation>
               <idno type="URL" subtype="gnd">https://d-nb.info/gnd/143866354</idno>
               <idno type="URL" subtype="schnitzler-tagebuch">https://schnitzler-tagebuch.acdh.oeaw.ac.at/person_13383.html</idno>
               <idno type="URL" subtype="schnitzler-bahr">https://schnitzler-bahr.acdh.oeaw.ac.at/pmb2246.html</idno>
               <idno type="URL" subtype="pmb">https://pmb.acdh.oeaw.ac.at/entity/2246/</idno>
               <idno type="URL" subtype="schnitzler-briefe">https://schnitzler-briefe.acdh.oeaw.ac.at/pmb2246.html</idno>
               <idno type="URL" subtype="fackel">https://fackel.oeaw.ac.at/?p=fackelp38682</idno>
               <idno type="URL" subtype="oebl">https://doi.org/10.1553/0x00280f01</idno>
               <idno type="URL" subtype="wikidata">http://www.wikidata.org/entity/Q2156419</idno>
               <idno type="URL" subtype="wikipedia">https://de.wikipedia.org/wiki/Robert_von_Balajthy</idno>
               <idno type="URL" subtype="bahr-textverzeichnis">https://bahr-textverzeichnis.acdh.oeaw.ac.at/pmb2246.html</idno>
               <listEvent>
                  <event key="35251" when-iso="1910-11-24">
                     <desc n="1256">ist Arbeitskraft bei</desc>
                     <label>Uraufführung von Der junge Medardus, 24.11.1910</label>
                     <idno type="URL" subtype="pmb">https://pmb.acdh.oeaw.ac.at/entity/35251/</idno>
                  </event>
                  <event key="88534" when-iso="1911-10-14">
                     <desc n="1256">ist Arbeitskraft bei</desc>
                     <label>Premiere von Das weite Land, 14.10.1911 [I.]</label>
                     <idno type="URL" subtype="pmb">https://pmb.acdh.oeaw.ac.at/entity/35364/</idno>
                     <idno type="URL" subtype="pmb">https://pmb.acdh.oeaw.ac.at/entity/88534/</idno>
                  </event>
               </listEvent>
               <listBibl>
                  <bibl type="collections" n="11">ÖBL nach 1850 geboren</bibl>
                  <bibl type="collections" n="12">Fackel</bibl>
               </listBibl>
               <figure>
                  <graphic url="https://commons.wikimedia.org/w/index.php?title=Special:Redirect/file/Robert%20von%20Balajthy%201893%20Vilimek.jpg"/>
               </figure>
            </person>
            <person xml:id="pmb148793">
               <persName>
                  <forename>Alexandre</forename>
                  <surname>Chatrian</surname>
               </persName>
               <persName type="legacy-name-merge">Chatrian, Alexandre</persName>
               <birth>
                  <date when-iso="1826-12-18">1826-12-18</date>
                  <settlement key="148794">
                     <placeName type="pref">Grand Soldat</placeName>
                     <location>
                        <geo>48,621083 7,140735</geo>
                     </location>
                  </settlement>
               </birth>
               <death>
                  <date when-iso="1890-09-03">1890-09-03</date>
                  <settlement key="148796">
                     <placeName type="pref">Villemomble</placeName>
                     <location>
                        <geo>48,890277777778 2,5111111111111</geo>
                     </location>
                  </settlement>
               </death>
               <sex value="male"/>
               <idno type="URL" subtype="pmb">https://pmb.acdh.oeaw.ac.at/entity/148793/</idno>
               <idno type="URL" subtype="wikidata">http://www.wikidata.org/entity/Q2833544</idno>
               <idno type="URL" subtype="gnd">https://d-nb.info/gnd/118815024</idno>
               <idno type="URL" subtype="bahr-textverzeichnis">https://bahr-textverzeichnis.acdh.oeaw.ac.at/pmb148793.html</idno>
               <idno type="URL" subtype="pmb">https://pmb.acdh.oeaw.ac.at/entity/159619/</idno>
               <idno type="URL" subtype="wikipedia">https://de.wikipedia.org/wiki/Alexandre_Chatrian</idno>
               <idno type="URL" subtype="bahr-tsn">https://bahr-textverzeichnis.acdh.oeaw.ac.at/TSN-listperson.html#pmb148793</idno>
               <listBibl>
                  <bibl type="collections" n="16">Bahr Textverzeichnis</bibl>
               </listBibl>
               <note type="references">None </note>
            </person>
            <person xml:id="pmb148798">
               <persName>
                  <forename>Émile</forename>
                  <surname>Erckmann</surname>
               </persName>
               <birth>
                  <date when-iso="1822-05-20">1822-05-20</date>
                  <settlement key="148799">
                     <placeName type="pref">Phalsbourg</placeName>
                     <location>
                        <geo>48,767777777778 7,2583333333333</geo>
                     </location>
                  </settlement>
               </birth>
               <death>
                  <date when-iso="1899-03-14">1899-03-14</date>
                  <settlement key="91175">
                     <placeName type="pref">Lunéville</placeName>
                     <location>
                        <geo>48,59273 6,49383</geo>
                     </location>
                  </settlement>
               </death>
               <sex value="male"/>
               <idno type="URL" subtype="pmb">https://pmb.acdh.oeaw.ac.at/entity/148798/</idno>
               <idno type="URL" subtype="wikidata">http://www.wikidata.org/entity/Q3246593</idno>
               <idno type="URL" subtype="gnd">https://d-nb.info/gnd/118812890</idno>
               <idno type="URL" subtype="bahr-textverzeichnis">https://bahr-textverzeichnis.acdh.oeaw.ac.at/pmb148798.html</idno>
               <idno type="URL" subtype="wikipedia">https://de.wikipedia.org/wiki/Emile_Erckmann</idno>
               <idno type="URL" subtype="bahr-tsn">https://bahr-textverzeichnis.acdh.oeaw.ac.at/TSN-listperson.html#pmb148798</idno>
               <listBibl>
                  <bibl type="collections" n="16">Bahr Textverzeichnis</bibl>
               </listBibl>
            </person>
            <person xml:id="pmb154097">
               <persName>
                  <forename>François Jules Edmond</forename>
                  <surname>Got</surname>
               </persName>
               <birth>
                  <date notBefore-iso="1822-01-01"
                        when-iso="1822-01-01"
                        notAfter-iso="1822-12-31">1822</date>
               </birth>
               <death>
                  <date when-iso="1901-01-01" notAfter-iso="1901-12-31">1901</date>
               </death>
               <sex value="not-set"/>
               <occupation key="105">Schauspieler/Schauspielerin</occupation>
               <idno type="URL" subtype="pmb">https://pmb.acdh.oeaw.ac.at/entity/154097/</idno>
               <idno type="URL" subtype="bahr-textverzeichnis">https://bahr-textverzeichnis.acdh.oeaw.ac.at/pmb154097.html</idno>
               <listBibl>
                  <bibl type="collections" n="16">Bahr Textverzeichnis</bibl>
               </listBibl>
            </person>
            <person xml:id="pmb154098">
               <persName>
                  <forename>Theodor</forename>
                  <surname>Lobe</surname>
               </persName>
               <birth>
                  <date notBefore-iso="1833-01-01"
                        when-iso="1833-01-01"
                        notAfter-iso="1833-12-31">1833</date>
               </birth>
               <death>
                  <date when-iso="1905-01-01" notAfter-iso="1905-12-31">1905</date>
               </death>
               <sex value="not-set"/>
               <idno type="URL" subtype="bahr-textverzeichnis">https://bahr-textverzeichnis.acdh.oeaw.ac.at/pmb154098.html</idno>
               <idno type="URL" subtype="pmb">https://pmb.acdh.oeaw.ac.at/entity/154098/</idno>
               <listBibl>
                  <bibl type="collections" n="16">Bahr Textverzeichnis</bibl>
               </listBibl>
            </person>
         </listPerson>
      </back>
   </text>
</TEI>
