<?xml version="1.0" encoding="UTF-8"?>
<TEI xmlns="http://www.tei-c.org/ns/1.0"
     xmlns:tei="http://www.tei-c.org/ns/1.0"
     xml:id="pmb123067.xml"
     prev="pmb123069"
     next="pmb123013">
   <teiHeader>
      <fileDesc>
         <titleStmt>
            <title level="s">Hermann Bahr – Textverzeichnis</title>
            <title level="a">Theater, Kunst und Literatur.
                     Raimund-Theater</title>
            <title type="iso-date">1901-01-11</title>
            <respStmt>
               <resp>providing the content</resp>
               <name>Martin Anton Müller</name>
            </respStmt>
            <respStmt>
               <resp>converted to XML encoding</resp>
               <name>Martin Anton Müller</name>
            </respStmt>
         </titleStmt>
         <publicationStmt>
            <publisher>Austrian Centre for Digital Humanities and Cultural
                                    Heritage (ACDH-CH)</publisher>
            <date>2024-03-19+01:00</date>
            <idno type="URI">https://id.acdh.oeaw.ac.at/bahr-textverzeichnis/pmb123067.xml</idno>
         </publicationStmt>
         <sourceDesc>
            <p>Bibliografische Angaben eines in Druck erschienen Texts von
                                    Bahr</p>
         </sourceDesc>
      </fileDesc>
   </teiHeader>
   <text>
      <body>
         <div type="bibliografische-angabe">
            <biblStruct xml:id="pmb123067"
                        type="Journal-Article"
                        subtype="Nachtkritik"
                        status="checked"
                        prev="pmb123069"
                        next="pmb123013">
               <analytic>
                  <author ref="pmb10815">H. B.</author>
                  <title level="a" ref="pmb123067">Theater, Kunst und Literatur.
                     Raimund-Theater</title>
               </analytic>
               <monogr>
                  <title level="j" ref="pmb41321">Neues Wiener Tagblatt</title>
                  <imprint>
                     <biblScope unit="jg">35</biblScope>
                     <biblScope unit="issue">11</biblScope>
                     <biblScope unit="page">8</biblScope>
                     <date when="1901-01-11">11.1.1901</date>
                  </imprint>
               </monogr>
               <note type="review-of">
                  <bibl>
                     <title level="m">Die Schroederischen</title>
                     <author>Heinrich Schrottenbach</author>
                     <note>Musik Max Solling</note>
                  </bibl>
               </note>
               <note type="incipit">»Die Schroederischen«, Wiener Volksstück mit Gesang in drei
                  Acten von Heinrich Schrottenbach, Musik von Max Solling. Der Vater mit dem Sohne
                  entzweit, beide roh, sinnlich, zügellos, nach Gewinn und Genuß strebend, oben
                  hinaus, cynisch.</note>
               <ref type="personenindex">
                  <listRef>
                     <ptr type="pmb" target="pmb29050"/>
                     <ptr type="pmb" target="pmb11441"/>
                     <ptr type="pmb" target="pmb28387"/>
                     <ptr type="pmb" target="pmb154224"/>
                     <ptr type="pmb" target="pmb154225"/>
                     <ptr type="pmb" target="pmb154226"/>
                  </listRef>
               </ref>
               <ref type="URL">https://anno.onb.ac.at/cgi-content/anno?aid=nwg&amp;datum=19010111&amp;seite=8</ref>
               <noteGrp type="keywords">
                  <note type="Journal-Article">Artikel in einem Periodikum</note>
                  <note subtype="Nachtkritik">Nachtkritik</note>
               </noteGrp>
               <note type="bibliographical-statement">H. B.: Theater, Kunst und Literatur.
                  Raimund-Theater. In: Neues Wiener Tagblatt, Jg. 35, Nr. 11, 11.1.1901,
                  S. 8.</note>
            </biblStruct>
         </div>
      </body>
      <back>
         <listPerson>
            <person xml:id="pmb29050">
               <persName>
                  <forename>Heinrich</forename>
                  <surname>Schrottenbach</surname>
               </persName>
               <persName type="legacy-name-merge">Schrottenbach, Heinrich</persName>
               <persName type="legacy-name-merge">Schrottenbach, Heinrich</persName>
               <birth>
                  <date when-iso="1848-05-08">08.05.1848</date>
                  <settlement key="662">
                     <placeName type="pref">Baden bei Wien</placeName>
                     <location>
                        <geo>48,00543 16,23264</geo>
                     </location>
                  </settlement>
               </birth>
               <death>
                  <date when-iso="1937-02-20">20.02.1937</date>
                  <settlement key="860">
                     <placeName type="pref">Graz</placeName>
                     <location>
                        <geo>47,06667 15,43333</geo>
                     </location>
                  </settlement>
               </death>
               <sex value="male"/>
               <occupation key="90">Schriftsteller/Schriftstellerin</occupation>
               <occupation key="2684">Radsportler/Radsportlerin</occupation>
               <idno type="URL" subtype="pmb">https://pmb.acdh.oeaw.ac.at/entity/29050/</idno>
               <idno type="URL" subtype="fackel">https://fackel.oeaw.ac.at/?p=fackelp53051</idno>
               <idno type="URL" subtype="gnd">https://d-nb.info/gnd/103294093X</idno>
               <idno type="URL" subtype="wikidata">http://www.wikidata.org/entity/Q60821708</idno>
               <idno type="URL" subtype="oebl">https://doi.org/10.1553/0x0028463a</idno>
               <idno type="URL" subtype="schnitzler-interviews">https://schnitzler-interviews.acdh.oeaw.ac.at/pmb29050.html</idno>
               <idno type="URL" subtype="bahr-textverzeichnis">https://bahr-textverzeichnis.acdh.oeaw.ac.at/pmb29050.html</idno>
               <idno type="URL" subtype="pmb">https://pmb.acdh.oeaw.ac.at/entity/162167/</idno>
               <idno type="URL" subtype="pmb">https://pmb.acdh.oeaw.ac.at/entity/116027/</idno>
               <idno type="URL" subtype="bahr-tsn">https://bahr-textverzeichnis.acdh.oeaw.ac.at/TSN-listperson.html#pmb29050</idno>
               <listBibl>
                  <bibl type="collections" n="12">Fackel</bibl>
                  <bibl type="collections" n="14">Kein deutscher Wikipedia-Eintrag
                        gefunden</bibl>
                  <bibl type="collections" n="16">Bahr Textverzeichnis</bibl>
                  <bibl type="collections" n="22">No german Wikipedia-Site found</bibl>
               </listBibl>
               <note type="references"> </note>
            </person>
            <person xml:id="pmb11441">
               <persName>
                  <forename>Alexander</forename>
                  <surname>Girardi</surname>
               </persName>
               <persName type="legacy-name-merge">Girardi, Alexander</persName>
               <birth>
                  <date when-iso="1850-12-05">05.12.1850</date>
                  <settlement key="860">
                     <placeName type="pref">Graz</placeName>
                     <location>
                        <geo>47,06667 15,43333</geo>
                     </location>
                  </settlement>
               </birth>
               <death>
                  <date when-iso="1918-04-20">20.04.1918</date>
                  <settlement key="50">
                     <placeName type="pref">Wien</placeName>
                     <location>
                        <geo>48,2066 16,37341</geo>
                     </location>
                  </settlement>
               </death>
               <sex value="male"/>
               <occupation key="105">Schauspieler/Schauspielerin</occupation>
               <idno type="URL" subtype="schnitzler-tagebuch">https://schnitzler-tagebuch.acdh.oeaw.ac.at/person_15442.html</idno>
               <idno type="URL" subtype="schnitzler-bahr">https://schnitzler-bahr.acdh.oeaw.ac.at/pmb11441.html</idno>
               <idno type="URL" subtype="pmb">https://pmb.acdh.oeaw.ac.at/entity/11441/</idno>
               <idno type="URL" subtype="legalkraus">https://kraus.wienbibliothek.at/register/personen/pmb11441</idno>
               <idno type="URL" subtype="bahr-textverzeichnis">https://bahr-textverzeichnis.acdh.oeaw.ac.at/pmb11441.html</idno>
               <idno type="URL" subtype="fackel">https://fackel.oeaw.ac.at/?p=fackelp37978</idno>
               <idno type="URL" subtype="oebl">https://doi.org/10.1553/0x002817da</idno>
               <idno type="URL" subtype="wikidata">http://www.wikidata.org/entity/Q45302</idno>
               <idno type="URL" subtype="wikipedia">https://de.wikipedia.org/wiki/Alexander_Girardi</idno>
               <idno type="URL" subtype="oeml">https://dx.doi.org/10.1553/0x0001cf1f</idno>
               <idno type="URL" subtype="schnitzler-interviews">https://schnitzler-interviews.acdh.oeaw.ac.at/pmb11441.html</idno>
               <idno type="URL" subtype="gnd">https://d-nb.info/gnd/11869510X</idno>
               <idno type="URL" subtype="pmb">https://pmb.acdh.oeaw.ac.at/entity/160217/</idno>
               <idno type="URL" subtype="bahr-tsn">https://bahr-textverzeichnis.acdh.oeaw.ac.at/TSN-listperson.html#pmb11441</idno>
               <idno type="URL" subtype="hanslick-online">https://hanslick.acdh.oeaw.ac.at/hsl_person_id_3683.html</idno>
               <listEvent>
                  <event key="89234" when-iso="1888-01-28">
                     <desc n="1256">ist Arbeitskraft bei</desc>
                     <label>Premiere von Die Hochzeit des Reservisten, 28.1.1888</label>
                     <idno type="URL" subtype="pmb">https://pmb.acdh.oeaw.ac.at/entity/89234/</idno>
                  </event>
                  <event key="143042" when-iso="1898-11-11">
                     <desc n="1256">ist Arbeitskraft bei</desc>
                     <label>Aufführung von Im weißen Rössl, 11.11.1898</label>
                     <idno type="URL" subtype="pmb">https://pmb.acdh.oeaw.ac.at/entity/143042/</idno>
                  </event>
                  <event key="143820" when-iso="1900-04-15">
                     <desc n="1370">teilgenommen an</desc>
                     <label>Bankett für Ludwig Speidel, 15.4.1900</label>
                     <idno type="URL" subtype="pmb">https://pmb.acdh.oeaw.ac.at/entity/143820/</idno>
                  </event>
                  <event key="56931" when-iso="1910-12-23">
                     <desc n="1256">ist Arbeitskraft bei</desc>
                     <label>Uraufführung von Mein junger Herr, 23.12.1910</label>
                     <idno type="URL" subtype="pmb">https://pmb.acdh.oeaw.ac.at/entity/56931/</idno>
                  </event>
                  <event key="56915" when-iso="1912-03-17">
                     <desc n="1256">ist Arbeitskraft bei</desc>
                     <label>Premiere Der tapfere Kassian (Singspiel), 17.3.1912</label>
                     <idno type="URL" subtype="pmb">https://pmb.acdh.oeaw.ac.at/entity/56915/</idno>
                  </event>
                  <event key="47517" when-iso="1912-11-17">
                     <desc n="1256">ist Arbeitskraft bei</desc>
                     <label>Hauptmann-Bankett der Concordia, 17.11.1912</label>
                     <idno type="URL" subtype="pmb">https://pmb.acdh.oeaw.ac.at/entity/47517/</idno>
                  </event>
               </listEvent>
               <listBibl>
                  <bibl type="collections" n="5">legalkraus</bibl>
                  <bibl type="collections" n="11">ÖBL nach 1850 geboren</bibl>
                  <bibl type="collections" n="12">Fackel</bibl>
                  <bibl type="collections" n="16">Bahr Textverzeichnis</bibl>
               </listBibl>
               <figure>
                  <graphic url="https://commons.wikimedia.org/w/index.php?title=Special:Redirect/file/AlexanderGirardiJung.jpg"/>
               </figure>
            </person>
            <person xml:id="pmb28387">
               <persName>
                  <forename>Leopold</forename>
                  <surname>Straßmeyer</surname>
               </persName>
               <birth>
                  <date notBefore-iso="1846-01-01"
                        when-iso="1846-01-01"
                        notAfter-iso="1846-12-31">1846</date>
               </birth>
               <death>
                  <date when-iso="1927-01-01" notAfter-iso="1927-12-31">1927</date>
                  <settlement key="50">
                     <placeName type="pref">Wien</placeName>
                     <location>
                        <geo>48,2066 16,37341</geo>
                     </location>
                  </settlement>
               </death>
               <sex value="male"/>
               <occupation key="105">Schauspieler/Schauspielerin</occupation>
               <idno type="URL" subtype="pmb">https://pmb.acdh.oeaw.ac.at/entity/28387/</idno>
               <idno type="URL" subtype="fackel">https://fackel.oeaw.ac.at/?p=fackelp53726</idno>
               <idno type="URL" subtype="bahr-textverzeichnis">https://bahr-textverzeichnis.acdh.oeaw.ac.at/pmb28387.html</idno>
               <listEvent>
                  <event key="35155" when-iso="1897-07-22">
                     <desc n="1256">ist Arbeitskraft bei</desc>
                     <label>Premiere von Freiwild. Schauspiel in 3 Akten, 22.7.1897</label>
                     <idno type="URL" subtype="pmb">https://pmb.acdh.oeaw.ac.at/entity/35155/</idno>
                  </event>
               </listEvent>
            </person>
            <person xml:id="pmb154224">
               <persName>
                  <forename>Max</forename>
                  <surname>Solling</surname>
               </persName>
               <sex value="not-set"/>
               <idno type="URL" subtype="pmb">https://pmb.acdh.oeaw.ac.at/entity/154224/</idno>
               <idno type="URL" subtype="bahr-textverzeichnis">https://bahr-textverzeichnis.acdh.oeaw.ac.at/pmb154224.html</idno>
               <listBibl>
                  <bibl type="collections" n="16">Bahr Textverzeichnis</bibl>
               </listBibl>
            </person>
            <person xml:id="pmb154225">
               <persName>
                  <surname>Jules</surname>
               </persName>
               <sex value="not-set"/>
               <occupation key="105">Schauspieler/Schauspielerin</occupation>
               <idno type="URL" subtype="pmb">https://pmb.acdh.oeaw.ac.at/entity/154225/</idno>
               <idno type="URL" subtype="bahr-textverzeichnis">https://bahr-textverzeichnis.acdh.oeaw.ac.at/pmb154225.html</idno>
               <listBibl>
                  <bibl type="collections" n="16">Bahr Textverzeichnis</bibl>
               </listBibl>
            </person>
            <person xml:id="pmb154226">
               <persName>
                  <surname>Popp</surname>
               </persName>
               <sex value="not-set"/>
               <occupation key="105">Schauspieler/Schauspielerin</occupation>
               <idno type="URL" subtype="pmb">https://pmb.acdh.oeaw.ac.at/entity/154226/</idno>
               <idno type="URL" subtype="bahr-textverzeichnis">https://bahr-textverzeichnis.acdh.oeaw.ac.at/pmb154226.html</idno>
               <listBibl>
                  <bibl type="collections" n="16">Bahr Textverzeichnis</bibl>
               </listBibl>
            </person>
         </listPerson>
      </back>
   </text>
</TEI>
