<?xml version="1.0" encoding="UTF-8"?>
<TEI xmlns="http://www.tei-c.org/ns/1.0"
     xmlns:tei="http://www.tei-c.org/ns/1.0"
     xml:id="pmb122623.xml"
     prev="pmb131977"
     next="pmb122673">
   <teiHeader>
      <fileDesc>
         <titleStmt>
            <title level="s">Hermann Bahr – Textverzeichnis</title>
            <title level="a">Theater, Kunst und Literatur. Deutsches
                     Volkstheater</title>
            <title type="iso-date">1905-05-25</title>
            <respStmt>
               <resp>providing the content</resp>
               <name>Martin Anton Müller</name>
            </respStmt>
            <respStmt>
               <resp>converted to XML encoding</resp>
               <name>Martin Anton Müller</name>
            </respStmt>
         </titleStmt>
         <publicationStmt>
            <publisher>Austrian Centre for Digital Humanities and Cultural
                                    Heritage (ACDH-CH)</publisher>
            <date>2024-03-19+01:00</date>
            <idno type="URI">https://id.acdh.oeaw.ac.at/bahr-textverzeichnis/pmb122623.xml</idno>
         </publicationStmt>
         <sourceDesc>
            <p>Bibliografische Angaben eines in Druck erschienen Texts von
                                    Bahr</p>
         </sourceDesc>
      </fileDesc>
   </teiHeader>
   <text>
      <body>
         <div type="bibliografische-angabe">
            <biblStruct xml:id="pmb122623"
                        type="Journal-Article"
                        subtype="Nachtkritik"
                        status="checked"
                        prev="pmb131977"
                        next="pmb122673">
               <analytic>
                  <author ref="pmb10815">H. B.</author>
                  <title level="a" ref="pmb122623">Theater, Kunst und Literatur. Deutsches
                     Volkstheater</title>
               </analytic>
               <monogr>
                  <title level="j" ref="pmb41321">Neues Wiener Tagblatt</title>
                  <imprint>
                     <biblScope unit="jg">39</biblScope>
                     <biblScope unit="issue">143</biblScope>
                     <biblScope unit="page">11</biblScope>
                     <date when="1905-05-25">25.5.1905</date>
                  </imprint>
               </monogr>
               <note type="review-of">
                  <bibl>
                     <title level="m">Divorçons (Cyprienne)</title>
                     <author>Émile de Najac</author>
                     <author>Victorien Sardou</author>
                  </bibl>
               </note>
               <note type="incipit">»Cyprienne« mit Fräulein Marietta Olly vom Berliner Deutschen
                  Theater. Sehr hübsch gewachsen, wie eine Weide biegsam. Sitzt sehr hübsch. Spielt
                  sehr hübsch mit dem Lorgnon. Zupft sehr hübsch an den Perlen. Zeigt sehr hübsch
                  die Zähne. Rafft sehr hübsch das Kleid. Rümpft sehr hübsch ein ungebärdiges
                  Näschen. Preßt sehr hübsch das trotzige Kinn hervor. Hat wirklich manches von der
                  Odilon, besonders in den Kleidern. Manches auch von der Petri, besonders in der
                  Mundstellung. Ungefähr ein Fräulein Krenn, dem aber der dazu gehörige Jarno leider
                  zu fehlen scheint. Übrigens wird sie ja noch Sans-Gêne spielen. |</note>
               <ref type="personenindex">
                  <listRef>
                     <ptr type="pmb" target="pmb22156"/>
                     <ptr type="pmb" target="pmb21778"/>
                     <ptr type="pmb" target="pmb12624"/>
                     <ptr type="pmb" target="pmb22098"/>
                     <ptr type="pmb" target="pmb2601"/>
                     <ptr type="pmb" target="pmb153982"/>
                     <ptr type="pmb" target="pmb153983"/>
                  </listRef>
               </ref>
               <ref type="URL">https://anno.onb.ac.at/cgi-content/anno?aid=nwg&amp;datum=19050525&amp;seite=11</ref>
               <noteGrp type="keywords">
                  <note type="Journal-Article">Artikel in einem Periodikum</note>
                  <note subtype="Nachtkritik">Nachtkritik</note>
               </noteGrp>
               <note type="bibliographical-statement">H. B.: Theater, Kunst und Literatur. Deutsches
                  Volkstheater. In: Neues Wiener Tagblatt, Jg. 39, Nr. 143, 25.5.1905, S. 11.</note>
            </biblStruct>
         </div>
      </body>
      <back>
         <listPerson>
            <person xml:id="pmb22156">
               <persName>
                  <forename>Marietta</forename>
                  <surname>Olly</surname>
               </persName>
               <persName type="person_geburtsname_nachname">Nowak</persName>
               <persName type="person_geburtsname_vorname">Maria Amalia</persName>
               <persName type="person_ehename_nachname">Wolffskeel von Reichenberg</persName>
               <persName type="person_ehename_nachname">Hutter</persName>
               <persName type="legacy-name-merge">Olly</persName>
               <persName type="legacy-name-merge">Olly, Marietta</persName>
               <birth>
                  <date when-iso="1873-01-04">04.01.1873</date>
                  <settlement key="50">
                     <placeName type="pref">Wien</placeName>
                     <location>
                        <geo>48,2066 16,37341</geo>
                     </location>
                  </settlement>
               </birth>
               <death>
                  <date when-iso="1946-05-01">01.05.1946</date>
                  <settlement key="50">
                     <placeName type="pref">Wien</placeName>
                     <location>
                        <geo>48,2066 16,37341</geo>
                     </location>
                  </settlement>
               </death>
               <sex value="female"/>
               <occupation key="105">Schauspieler/Schauspielerin</occupation>
               <idno type="URL" subtype="schnitzler-tagebuch">https://schnitzler-tagebuch.acdh.oeaw.ac.at/person_18549.html</idno>
               <idno type="URL" subtype="schnitzler-tagebuch">https://schnitzler-tagebuch.acdh.oeaw.ac.at/person_18550.html</idno>
               <idno type="URL" subtype="schnitzler-bahr">https://schnitzler-bahr.acdh.oeaw.ac.at/pmb22156.html</idno>
               <idno type="URL" subtype="pmb">https://pmb.acdh.oeaw.ac.at/entity/22155/</idno>
               <idno type="URL" subtype="pmb">https://pmb.acdh.oeaw.ac.at/entity/22156/</idno>
               <idno type="URL" subtype="gnd">http://d-nb.info/gnd/117069337</idno>
               <idno type="URL" subtype="wikidata">http://www.wikidata.org/entity/Q11952193</idno>
               <idno type="URL" subtype="wikipedia">https://de.wikipedia.org/wiki/Marietta_Olly</idno>
               <idno type="URL" subtype="pmb">https://pmb.acdh.oeaw.ac.at/entity/161537/</idno>
               <idno type="URL" subtype="bahr-textverzeichnis">https://bahr-textverzeichnis.acdh.oeaw.ac.at/pmb22156.html</idno>
               <idno type="URL" subtype="bahr-tsn">https://bahr-textverzeichnis.acdh.oeaw.ac.at/TSN-listperson.html#pmb22156</idno>
               <listEvent>
                  <event key="35092" when-iso="1921-02-01">
                     <desc n="1256">ist Arbeitskraft bei</desc>
                     <label>Premiere von Reigen. Zehn Dialoge, 1.2.1921</label>
                     <idno type="URL" subtype="pmb">https://pmb.acdh.oeaw.ac.at/entity/35092/</idno>
                  </event>
               </listEvent>
               <listBibl>
                  <bibl type="collections" n="16">Bahr Textverzeichnis</bibl>
               </listBibl>
               <note type="references"> </note>
               <figure>
                  <graphic url="https://commons.wikimedia.org/w/index.php?title=Special:Redirect/file/Marietta%20Olly.jpg"/>
               </figure>
            </person>
            <person xml:id="pmb21778">
               <persName>
                  <forename>Émile de</forename>
                  <surname>Najac</surname>
               </persName>
               <persName type="legacy-name-merge">Najac, Emile</persName>
               <birth>
                  <date when-iso="1828-12-14">14.12.1828</date>
                  <settlement key="48029">
                     <placeName type="pref">Lorient</placeName>
                     <location>
                        <geo>47,74817 -3,37177</geo>
                     </location>
                  </settlement>
               </birth>
               <death>
                  <date when-iso="1889-04-11">11.04.1889</date>
                  <settlement key="182">
                     <placeName type="pref">Paris</placeName>
                     <location>
                        <geo>48,85341 2,3488</geo>
                     </location>
                  </settlement>
               </death>
               <sex value="male"/>
               <occupation key="90">Schriftsteller/Schriftstellerin</occupation>
               <occupation key="344">Musiker/Musikerin</occupation>
               <occupation key="727">Dramatiker/Dramatikerin</occupation>
               <idno type="URL" subtype="schnitzler-tagebuch">https://schnitzler-tagebuch.acdh.oeaw.ac.at/person_18349.html</idno>
               <idno type="URL" subtype="pmb">https://pmb.acdh.oeaw.ac.at/entity/21778/</idno>
               <idno type="URL" subtype="pmb">https://pmb.acdh.oeaw.ac.at/entity/120988/</idno>
               <idno type="URL" subtype="gnd">https://d-nb.info/gnd/141524367</idno>
               <idno type="URL" subtype="schnitzler-kino">https://schnitzler-kino.acdh.oeaw.ac.at/pmb120988.html</idno>
               <idno type="URL" subtype="wikidata">http://www.wikidata.org/entity/Q286654</idno>
               <idno type="URL" subtype="wikipedia">https://de.wikipedia.org/wiki/%C3%89mile_de_Najac</idno>
               <idno type="URL" subtype="bahr-textverzeichnis">https://bahr-textverzeichnis.acdh.oeaw.ac.at/pmb21778.html</idno>
               <listBibl>
                  <bibl type="collections" n="15">Schnitzler-Kino</bibl>
               </listBibl>
               <figure>
                  <graphic url="https://commons.wikimedia.org/w/index.php?title=Special:Redirect/file/Emile%20de%20Najac%20%281828-1889%29%2C%20journaliste.jpg"/>
               </figure>
            </person>
            <person xml:id="pmb12624">
               <persName>
                  <forename>Victorien</forename>
                  <surname>Sardou</surname>
               </persName>
               <persName type="legacy-name-merge">Sardou, Victorien</persName>
               <birth>
                  <date when-iso="1831-09-07">07.09.1831</date>
                  <settlement key="182">
                     <placeName type="pref">Paris</placeName>
                     <location>
                        <geo>48,85341 2,3488</geo>
                     </location>
                  </settlement>
               </birth>
               <death>
                  <date when-iso="1908-11-08">08.11.1908</date>
                  <settlement key="182">
                     <placeName type="pref">Paris</placeName>
                     <location>
                        <geo>48,85341 2,3488</geo>
                     </location>
                  </settlement>
               </death>
               <sex value="male"/>
               <occupation key="90">Schriftsteller/Schriftstellerin</occupation>
               <idno type="URL" subtype="gnd">https://d-nb.info/gnd/118794566</idno>
               <idno type="URL" subtype="schnitzler-tagebuch">https://schnitzler-tagebuch.acdh.oeaw.ac.at/person_19577.html</idno>
               <idno type="URL" subtype="schnitzler-bahr">https://schnitzler-bahr.acdh.oeaw.ac.at/pmb12624.html</idno>
               <idno type="URL" subtype="pmb">https://pmb.acdh.oeaw.ac.at/entity/12624/</idno>
               <idno type="URL" subtype="schnitzler-briefe">https://schnitzler-briefe.acdh.oeaw.ac.at/pmb12624.html</idno>
               <idno type="URL" subtype="schnitzler-lektueren">https://schnitzler-lektueren.acdh.oeaw.ac.at/pmb12624.html</idno>
               <idno type="URL" subtype="fackel">https://fackel.oeaw.ac.at/?p=fackelp52775</idno>
               <idno type="URL" subtype="wikidata">http://www.wikidata.org/entity/Q354828</idno>
               <idno type="URL" subtype="wikipedia">https://de.wikipedia.org/wiki/Victorien_Sardou</idno>
               <idno type="URL" subtype="schnitzler-kino">https://schnitzler-kino.acdh.oeaw.ac.at/pmb12624.html</idno>
               <idno type="URL" subtype="schnitzler-interviews">https://schnitzler-interviews.acdh.oeaw.ac.at/pmb12624.html</idno>
               <idno type="URL" subtype="pmb">https://pmb.acdh.oeaw.ac.at/entity/162039/</idno>
               <idno type="URL" subtype="bahr-tsn">https://bahr-textverzeichnis.acdh.oeaw.ac.at/TSN-listperson.html#pmb12624</idno>
               <idno type="URL" subtype="bahr-textverzeichnis">https://bahr-textverzeichnis.acdh.oeaw.ac.at/pmb12624.html</idno>
               <idno type="URL" subtype="hanslick-online">https://hanslick.acdh.oeaw.ac.at/hsl_person_id_3375.html</idno>
               <listBibl>
                  <bibl type="collections" n="12">Fackel</bibl>
                  <bibl type="collections" n="16">Bahr Textverzeichnis</bibl>
               </listBibl>
               <note type="references"> </note>
               <figure>
                  <graphic url="https://commons.wikimedia.org/w/index.php?title=Special:Redirect/file/Victorien%20Sardou%20%28before%201908%29%20-%20Archivio%20Storico%20Ricordi%20FOTO001650.jpg"/>
               </figure>
            </person>
            <person xml:id="pmb22098">
               <persName>
                  <forename>Helene</forename>
                  <surname>Odilon</surname>
               </persName>
               <persName type="person_geburtsname_nachname">Petermann</persName>
               <persName type="person_geschieden">Girardi</persName>
               <persName type="legacy-name-merge">Odilon, Helene</persName>
               <persName type="legacy-name-merge">Odilon, Helene</persName>
               <birth>
                  <date when-iso="1863-07-31">31.07.1863</date>
                  <settlement key="866">
                     <placeName type="pref">Dresden</placeName>
                     <location>
                        <geo>51,0833 13,7666</geo>
                     </location>
                  </settlement>
               </birth>
               <death>
                  <date when-iso="1939-02-09">09.02.1939</date>
                  <settlement key="662">
                     <placeName type="pref">Baden bei Wien</placeName>
                     <location>
                        <geo>48,00543 16,23264</geo>
                     </location>
                  </settlement>
               </death>
               <sex value="female"/>
               <occupation key="105">Schauspieler/Schauspielerin</occupation>
               <idno type="URL" subtype="schnitzler-tagebuch">https://schnitzler-tagebuch.acdh.oeaw.ac.at/person_18518.html</idno>
               <idno type="URL" subtype="schnitzler-bahr">https://schnitzler-bahr.acdh.oeaw.ac.at/pmb22098.html</idno>
               <idno type="URL" subtype="pmb">https://pmb.acdh.oeaw.ac.at/entity/22098/</idno>
               <idno type="URL" subtype="bahr-textverzeichnis">https://bahr-textverzeichnis.acdh.oeaw.ac.at/pmb22098.html</idno>
               <idno type="URL" subtype="fackel">https://fackel.oeaw.ac.at/?p=fackelp50784</idno>
               <idno type="URL" subtype="pmb">https://pmb.acdh.oeaw.ac.at/entity/101305/</idno>
               <idno type="URL" subtype="gnd">https://d-nb.info/gnd/116444533</idno>
               <idno type="URL" subtype="oebl">https://doi.org/10.1553/0x00283ce6</idno>
               <idno type="URL" subtype="wikidata">http://www.wikidata.org/entity/Q1602007</idno>
               <idno type="URL" subtype="wikipedia">https://de.wikipedia.org/wiki/Helene_Odilon</idno>
               <idno type="URL" subtype="schnitzler-interviews">https://schnitzler-interviews.acdh.oeaw.ac.at/pmb22098.html</idno>
               <listEvent>
                  <event key="143045" when-iso="1898-10-08">
                     <desc n="1256">ist Arbeitskraft bei</desc>
                     <label>Premiere von Mutter Erde, 8.10.1898</label>
                     <idno type="URL" subtype="pmb">https://pmb.acdh.oeaw.ac.at/entity/143045/</idno>
                  </event>
               </listEvent>
               <listBibl>
                  <bibl type="collections" n="11">ÖBL nach 1850 geboren</bibl>
                  <bibl type="collections" n="12">Fackel</bibl>
               </listBibl>
               <figure>
                  <graphic url="https://commons.wikimedia.org/w/index.php?title=Special:Redirect/file/Helene%20Odilon-2.jpg"/>
               </figure>
            </person>
            <person xml:id="pmb2601">
               <persName>
                  <forename>Josef</forename>
                  <surname>Jarno</surname>
               </persName>
               <persName type="person_geburtsname_nachname">Kohner</persName>
               <persName type="namensvariante">Cohner</persName>
               <persName type="legacy-name-merge">Jarno, Josef</persName>
               <persName type="legacy-name-merge">Jarno, Josef</persName>
               <birth>
                  <date when-iso="1865-08-24">24.08.1865</date>
                  <settlement key="43471">
                     <placeName type="pref">Budapest</placeName>
                     <location>
                        <geo>47,49835 19,04045</geo>
                     </location>
                  </settlement>
               </birth>
               <death>
                  <date when-iso="1932-01-11">11.01.1932</date>
                  <settlement key="50">
                     <placeName type="pref">Wien</placeName>
                     <location>
                        <geo>48,2066 16,37341</geo>
                     </location>
                  </settlement>
               </death>
               <sex value="male"/>
               <occupation key="103">Theaterleiter/Theaterleiterin</occupation>
               <occupation key="105">Schauspieler/Schauspielerin</occupation>
               <idno type="URL" subtype="gnd">https://d-nb.info/gnd/116653981</idno>
               <idno type="URL" subtype="schnitzler-bahr">https://schnitzler-bahr.acdh.oeaw.ac.at/pmb2601.html</idno>
               <idno type="URL" subtype="pmb">https://pmb.acdh.oeaw.ac.at/entity/2601/</idno>
               <idno type="URL" subtype="schnitzler-tagebuch">https://schnitzler-tagebuch.acdh.oeaw.ac.at/person_16517.html</idno>
               <idno type="URL" subtype="schnitzler-briefe">https://schnitzler-briefe.acdh.oeaw.ac.at/pmb2601.html</idno>
               <idno type="URL" subtype="legalkraus">https://kraus.wienbibliothek.at/register/personen/pmb2601</idno>
               <idno type="URL" subtype="fackel">https://fackel.oeaw.ac.at/?p=fackelp47098</idno>
               <idno type="URL" subtype="oebl">https://doi.org/10.1553/0x00281fa7</idno>
               <idno type="URL" subtype="wikidata">http://www.wikidata.org/entity/Q86314</idno>
               <idno type="URL" subtype="wikipedia">https://de.wikipedia.org/wiki/Josef_Jarno</idno>
               <idno type="URL" subtype="schnitzler-interviews">https://schnitzler-interviews.acdh.oeaw.ac.at/pmb2601.html</idno>
               <idno type="URL" subtype="pmb">https://pmb.acdh.oeaw.ac.at/entity/160663/</idno>
               <idno type="URL" subtype="bahr-tsn">https://bahr-textverzeichnis.acdh.oeaw.ac.at/TSN-listperson.html#pmb2601</idno>
               <idno type="URL" subtype="bahr-textverzeichnis">https://bahr-textverzeichnis.acdh.oeaw.ac.at/pmb2601.html</idno>
               <affiliation notBefore-iso="1893-01-01"
                            when-iso="1893-01-01"
                            notAfter-iso="1893-12-31">
                  <term key="1182">arbeitet für</term>
                  <orgName key="42649">Saisontheater Ischl</orgName>
                  <idno type="URL" subtype="pmb">https://pmb.acdh.oeaw.ac.at/entity/42649/</idno>
                  <idno type="URL" subtype="schnitzler-briefe">https://schnitzler-briefe.acdh.oeaw.ac.at/pmb42649.html</idno>
               </affiliation>
               <affiliation notBefore-iso="1899-01-01"
                            when-iso="1899-01-01"
                            notAfter-iso="1899-12-31">
                  <term key="1182">arbeitet für</term>
                  <orgName key="39689">Theater in der Josefstadt</orgName>
                  <idno type="URL" subtype="gnd">https://d-nb.info/gnd/251387-0</idno>
                  <idno type="URL" subtype="pmb">https://pmb.acdh.oeaw.ac.at/entity/39689/</idno>
                  <idno type="URL" subtype="schnitzler-briefe">https://schnitzler-briefe.acdh.oeaw.ac.at/pmb39689.html</idno>
                  <idno type="URL" subtype="legalkraus">https://kraus.wienbibliothek.at/register/institutionen/pmb39689</idno>
                  <idno type="URL" subtype="wikidata">http://www.wikidata.org/entity/Q113470585</idno>
                  <idno type="URL" subtype="schnitzler-interviews">https://schnitzler-interviews.acdh.oeaw.ac.at/pmb39689.html</idno>
               </affiliation>
               <listEvent>
                  <event key="63396" when-iso="1893-03-29">
                     <desc n="1256">ist Arbeitskraft bei</desc>
                     <label>Vorstellung zu Gunsten der Rettungsgesellschaft (Gläubiger, Die
                           Statue des Kommandeurs), 29.3.1893</label>
                     <idno type="URL" subtype="pmb">https://pmb.acdh.oeaw.ac.at/entity/63396/</idno>
                  </event>
                  <event key="35284" when-iso="1893-07-14">
                     <desc n="1256">ist Arbeitskraft bei</desc>
                     <label>Uraufführung von Abschiedssouper, 14.7.1893</label>
                     <idno type="URL" subtype="pmb">https://pmb.acdh.oeaw.ac.at/entity/35284/</idno>
                  </event>
                  <event key="35382" when-iso="1898-10-08">
                     <desc n="1370">teilgenommen an</desc>
                     <label>Uraufführung von Das Vermächtnis, 8.10.1898</label>
                     <idno type="URL" subtype="pmb">https://pmb.acdh.oeaw.ac.at/entity/35382/</idno>
                  </event>
                  <event key="63002" when-iso="1900-02-23">
                     <desc n="1256">ist Arbeitskraft bei</desc>
                     <label>Einakterabend (Bagatelle; Er, sie und er; Abschied vom Regiment,
                           Abschiedssouper), 23.2.1900</label>
                     <idno type="URL" subtype="pmb">https://pmb.acdh.oeaw.ac.at/entity/63002/</idno>
                  </event>
                  <event key="143820" when-iso="1900-04-15">
                     <desc n="1370">teilgenommen an</desc>
                     <label>Bankett für Ludwig Speidel, 15.4.1900</label>
                     <idno type="URL" subtype="pmb">https://pmb.acdh.oeaw.ac.at/entity/143820/</idno>
                  </event>
                  <event key="35113" when-iso="1904-12-12">
                     <desc n="1256">ist Arbeitskraft bei</desc>
                     <label>Premiere von Literatur, Die letzten Masken, Der Puppenspieler,
                           12.12.1904</label>
                     <idno type="URL" subtype="pmb">https://pmb.acdh.oeaw.ac.at/entity/35113/</idno>
                  </event>
               </listEvent>
               <listBibl>
                  <bibl type="collections" n="5">legalkraus</bibl>
                  <bibl type="collections" n="11">ÖBL nach 1850 geboren</bibl>
                  <bibl type="collections" n="12">Fackel</bibl>
                  <bibl type="collections" n="16">Bahr Textverzeichnis</bibl>
               </listBibl>
               <note type="references"> </note>
               <figure>
                  <graphic url="https://commons.wikimedia.org/w/index.php?title=Special:Redirect/file/Josef%20Jarno%201901%20Scolik.jpg"/>
               </figure>
            </person>
            <person xml:id="pmb153982">
               <persName>
                  <forename>Käthe</forename>
                  <surname>Krenn</surname>
               </persName>
               <sex value="not-set"/>
               <occupation key="105">Schauspieler/Schauspielerin</occupation>
               <idno type="URL" subtype="pmb">https://pmb.acdh.oeaw.ac.at/entity/153982/</idno>
               <idno type="URL" subtype="bahr-textverzeichnis">https://bahr-textverzeichnis.acdh.oeaw.ac.at/pmb153982.html</idno>
               <listBibl>
                  <bibl type="collections" n="16">Bahr Textverzeichnis</bibl>
               </listBibl>
            </person>
            <person xml:id="pmb153983">
               <persName>
                  <forename>Lili</forename>
                  <surname>Petri</surname>
               </persName>
               <birth>
                  <date>1864/67</date>
               </birth>
               <death>
                  <date when-iso="1915-01-01" notAfter-iso="1915-12-31">1915</date>
               </death>
               <sex value="not-set"/>
               <idno type="URL" subtype="bahr-textverzeichnis">https://bahr-textverzeichnis.acdh.oeaw.ac.at/pmb153983.html</idno>
               <idno type="URL" subtype="pmb">https://pmb.acdh.oeaw.ac.at/entity/153983/</idno>
               <listBibl>
                  <bibl type="collections" n="16">Bahr Textverzeichnis</bibl>
               </listBibl>
            </person>
         </listPerson>
      </back>
   </text>
</TEI>
