<?xml version="1.0" encoding="UTF-8"?>
<TEI xmlns="http://www.tei-c.org/ns/1.0"
     xmlns:tei="http://www.tei-c.org/ns/1.0"
     xml:id="pmb123033.xml"
     prev="pmb132783"
     next="pmb132781">
   <teiHeader>
      <fileDesc>
         <titleStmt>
            <title level="s">Hermann Bahr – Textverzeichnis</title>
            <title level="a">Theater, Kunst und Literatur. (Deutsches
                     Volkstheater)</title>
            <title type="iso-date">1901-04-04</title>
            <respStmt>
               <resp>providing the content</resp>
               <name>Martin Anton Müller</name>
            </respStmt>
            <respStmt>
               <resp>converted to XML encoding</resp>
               <name>Martin Anton Müller</name>
            </respStmt>
         </titleStmt>
         <publicationStmt>
            <publisher>Austrian Centre for Digital Humanities and Cultural
                                    Heritage (ACDH-CH)</publisher>
            <date>2024-03-19+01:00</date>
            <idno type="URI">https://id.acdh.oeaw.ac.at/bahr-textverzeichnis/pmb123033.xml</idno>
         </publicationStmt>
         <sourceDesc>
            <p>Bibliografische Angaben eines in Druck erschienen Texts von
                                    Bahr</p>
         </sourceDesc>
      </fileDesc>
   </teiHeader>
   <text>
      <body>
         <div type="bibliografische-angabe">
            <biblStruct xml:id="pmb123033"
                        type="Journal-Article"
                        subtype="Nachtkritik"
                        status="checked"
                        prev="pmb132783"
                        next="pmb132781">
               <analytic>
                  <author ref="pmb10815">H. B.</author>
                  <title level="a" ref="pmb123033">Theater, Kunst und Literatur. (Deutsches
                     Volkstheater)</title>
               </analytic>
               <monogr>
                  <title level="j" ref="pmb41321">Neues Wiener Tagblatt</title>
                  <imprint>
                     <biblScope unit="jg">35</biblScope>
                     <biblScope unit="issue">92</biblScope>
                     <biblScope unit="page">6</biblScope>
                     <date when="1901-04-04">4.4.1901</date>
                  </imprint>
               </monogr>
               <note>
                  <p>Bahr ist dafür, auch abgespielte Stücke im Repertoire zu behalten.</p>
               </note>
               <note type="review-of">
                  <bibl>
                     <title level="m">Goldene Herzen</title>
                     <author>Carl Karlweis</author>
                  </bibl>
               </note>
               <note type="incipit">Reprise der »Goldenen Herzen« von Karlweis. Das Stück, das zum
                  ersten Male am 9. November 1895 gegeben wurde, hält sich noch ganz</note>
               <ref type="personenindex">
                  <listRef>
                     <ptr type="pmb" target="pmb10854"/>
                     <ptr type="pmb" target="pmb14519"/>
                     <ptr type="pmb" target="pmb15347"/>
                     <ptr type="pmb" target="pmb8841"/>
                     <ptr type="pmb" target="pmb15112"/>
                     <ptr type="pmb" target="pmb13118"/>
                     <ptr type="pmb" target="pmb13082"/>
                     <ptr type="pmb" target="pmb154033"/>
                     <ptr type="pmb" target="pmb154179"/>
                     <ptr type="pmb" target="pmb148828"/>
                     <ptr type="pmb" target="pmb22666"/>
                     <ptr type="pmb" target="pmb154180"/>
                  </listRef>
               </ref>
               <ref type="URL">https://anno.onb.ac.at/cgi-content/anno?aid=nwg&amp;datum=19010404&amp;seite=6</ref>
               <noteGrp type="keywords">
                  <note type="Journal-Article">Artikel in einem Periodikum</note>
                  <note subtype="Nachtkritik">Nachtkritik</note>
               </noteGrp>
               <note type="bibliographical-statement">H. B.: Theater, Kunst und Literatur.
                  (Deutsches Volkstheater). In: Neues Wiener Tagblatt, Jg. 35, Nr. 92, 4.4.1901,
                  S. 6.</note>
            </biblStruct>
         </div>
      </body>
      <back>
         <listPerson>
            <person xml:id="pmb10854">
               <persName>
                  <forename>Eduard von</forename>
                  <surname>Bauernfeld</surname>
               </persName>
               <persName type="legacy-name-merge">Bauernfeld, Eduard von</persName>
               <birth>
                  <date when-iso="1802-01-13">13.01.1802</date>
                  <settlement key="50">
                     <placeName type="pref">Wien</placeName>
                     <location>
                        <geo>48,2066 16,37341</geo>
                     </location>
                  </settlement>
               </birth>
               <death>
                  <date when-iso="1890-08-04">04.08.1890</date>
                  <settlement key="50">
                     <placeName type="pref">Wien</placeName>
                     <location>
                        <geo>48,2066 16,37341</geo>
                     </location>
                  </settlement>
               </death>
               <sex value="male"/>
               <idno type="URL" subtype="gnd">https://d-nb.info/gnd/118507400</idno>
               <idno type="URL" subtype="schnitzler-tagebuch">https://schnitzler-tagebuch.acdh.oeaw.ac.at/person_13480.html</idno>
               <idno type="URL" subtype="schnitzler-bahr">https://schnitzler-bahr.acdh.oeaw.ac.at/pmb10854.html</idno>
               <idno type="URL" subtype="pmb">https://pmb.acdh.oeaw.ac.at/entity/10854/</idno>
               <idno type="URL" subtype="schnitzler-briefe">https://schnitzler-briefe.acdh.oeaw.ac.at/pmb10854.html</idno>
               <idno type="URL" subtype="schnitzler-lektueren">https://schnitzler-lektueren.acdh.oeaw.ac.at/pmb10854.html</idno>
               <idno type="URL" subtype="bahr-textverzeichnis">https://bahr-textverzeichnis.acdh.oeaw.ac.at/pmb10854.html</idno>
               <idno type="URL" subtype="fackel">https://fackel.oeaw.ac.at/?p=fackelp42332</idno>
               <idno type="URL" subtype="wikidata">http://www.wikidata.org/entity/Q78865</idno>
               <idno type="URL" subtype="wikipedia">https://de.wikipedia.org/wiki/Eduard_von_Bauernfeld</idno>
               <idno type="URL" subtype="oeml">https://dx.doi.org/10.1553/0x0001f7fc</idno>
               <idno type="URL" subtype="oebl">https://doi.org/10.1553/0x00280f5b</idno>
               <idno type="URL" subtype="schnitzler-interviews">https://schnitzler-interviews.acdh.oeaw.ac.at/pmb10854.html</idno>
               <idno type="URL" subtype="pmb">https://pmb.acdh.oeaw.ac.at/entity/159269/</idno>
               <idno type="URL" subtype="bahr-tsn">https://bahr-textverzeichnis.acdh.oeaw.ac.at/TSN-listperson.html#pmb10854</idno>
               <idno type="URL" subtype="hanslick-online">https://hanslick.acdh.oeaw.ac.at/hsl_person_id_22.html</idno>
               <listBibl>
                  <bibl type="collections" n="12">Fackel</bibl>
                  <bibl type="collections" n="16">Bahr Textverzeichnis</bibl>
               </listBibl>
               <note type="references"> </note>
               <figure>
                  <graphic url="https://commons.wikimedia.org/w/index.php?title=Special:Redirect/file/Bauernfeld.jpg"/>
               </figure>
            </person>
            <person xml:id="pmb14519">
               <persName>
                  <forename>Valerie von</forename>
                  <surname>Brenneis</surname>
               </persName>
               <persName type="legacy-name-merge">Brenneis, Valerie von</persName>
               <birth>
                  <date when-iso="1883-10-31">31.10.1883</date>
                  <settlement key="14520">
                     <placeName type="pref">Götzendorf</placeName>
                  </settlement>
               </birth>
               <death>
                  <date when-iso="1957-04-25">25.04.1957</date>
                  <settlement key="50">
                     <placeName type="pref">Wien</placeName>
                     <location>
                        <geo>48,2066 16,37341</geo>
                     </location>
                  </settlement>
               </death>
               <sex value="female"/>
               <occupation key="105">Schauspieler/Schauspielerin</occupation>
               <idno type="URL" subtype="schnitzler-tagebuch">https://schnitzler-tagebuch.acdh.oeaw.ac.at/person_13955.html</idno>
               <idno type="URL" subtype="schnitzler-bahr">https://schnitzler-bahr.acdh.oeaw.ac.at/pmb14519.html</idno>
               <idno type="URL" subtype="pmb">https://pmb.acdh.oeaw.ac.at/entity/14519/</idno>
               <idno type="URL" subtype="fackel">https://fackel.oeaw.ac.at/?p=fackelp39491</idno>
               <idno type="URL" subtype="bahr-textverzeichnis">https://bahr-textverzeichnis.acdh.oeaw.ac.at/pmb14519.html</idno>
               <idno type="URL" subtype="pmb">https://pmb.acdh.oeaw.ac.at/entity/159479/</idno>
               <idno type="URL" subtype="bahr-tsn">https://bahr-textverzeichnis.acdh.oeaw.ac.at/TSN-listperson.html#pmb14519</idno>
               <listBibl>
                  <bibl type="collections" n="16">Bahr Textverzeichnis</bibl>
               </listBibl>
               <note type="references">None </note>
            </person>
            <person xml:id="pmb15347">
               <persName>
                  <surname>Deutsch</surname>
               </persName>
               <sex value="not-set"/>
               <idno type="URL" subtype="schnitzler-tagebuch">https://schnitzler-tagebuch.acdh.oeaw.ac.at/person_14423.html</idno>
               <idno type="URL" subtype="pmb">https://pmb.acdh.oeaw.ac.at/entity/15347/</idno>
               <idno type="URL" subtype="bahr-textverzeichnis">https://bahr-textverzeichnis.acdh.oeaw.ac.at/pmb15347.html</idno>
            </person>
            <person xml:id="pmb8841">
               <persName>
                  <forename>Ludwig</forename>
                  <surname>Martinelli</surname>
               </persName>
               <persName type="legacy-name-merge">Martinelli, Ludwig</persName>
               <birth>
                  <date when-iso="1832-08-09">09.08.1832</date>
                  <settlement key="332">
                     <placeName type="pref">Linz</placeName>
                     <location>
                        <geo>48,3 14,28333</geo>
                     </location>
                  </settlement>
               </birth>
               <death>
                  <date when-iso="1913-06-13">13.06.1913</date>
                  <settlement key="45244">
                     <placeName type="pref">Bad Gleichenberg</placeName>
                     <location>
                        <geo>46,87556 15,90861</geo>
                     </location>
                  </settlement>
               </death>
               <sex value="male"/>
               <occupation key="105">Schauspieler/Schauspielerin</occupation>
               <idno type="URL" subtype="gnd">https://d-nb.info/gnd/116810629</idno>
               <idno type="URL" subtype="schnitzler-tagebuch">https://schnitzler-tagebuch.acdh.oeaw.ac.at/person_17951.html</idno>
               <idno type="URL" subtype="pmb">https://pmb.acdh.oeaw.ac.at/entity/8841/</idno>
               <idno type="URL" subtype="fackel">https://fackel.oeaw.ac.at/?p=fackelp56003</idno>
               <idno type="URL" subtype="wikidata">http://www.wikidata.org/entity/Q1874760</idno>
               <idno type="URL" subtype="wikipedia">https://de.wikipedia.org/wiki/Ludwig_Martinelli</idno>
               <idno type="URL" subtype="oebl">https://doi.org/10.1553/0x002833cb</idno>
               <idno type="URL" subtype="pmb">https://pmb.acdh.oeaw.ac.at/entity/161215/</idno>
               <idno type="URL" subtype="bahr-tsn">https://bahr-textverzeichnis.acdh.oeaw.ac.at/TSN-listperson.html#pmb8841</idno>
               <idno type="URL" subtype="bahr-textverzeichnis">https://bahr-textverzeichnis.acdh.oeaw.ac.at/pmb8841.html</idno>
               <listEvent>
                  <event key="142819" when-iso="1892-05-21">
                     <desc n="1256">ist Arbeitskraft bei</desc>
                     <label>Aufführung von Thermidor, 21.5.1892</label>
                     <idno type="URL" subtype="pmb">https://pmb.acdh.oeaw.ac.at/entity/142819/</idno>
                  </event>
               </listEvent>
               <listBibl>
                  <bibl type="collections" n="12">Fackel</bibl>
                  <bibl type="collections" n="16">Bahr Textverzeichnis</bibl>
               </listBibl>
               <note type="references">None </note>
               <figure>
                  <graphic url="https://commons.wikimedia.org/w/index.php?title=Special:Redirect/file/Ludwig%20Martinelli%20%28BerlLeben%201900-02%29.jpg"/>
               </figure>
            </person>
            <person xml:id="pmb15112">
               <persName>
                  <forename>Karl</forename>
                  <surname>Costa</surname>
               </persName>
               <persName type="person_geburtsname_nachname">Kostia</persName>
               <birth>
                  <date when-iso="1832-02-02">02.02.1832</date>
                  <settlement key="50">
                     <placeName type="pref">Wien</placeName>
                     <location>
                        <geo>48,2066 16,37341</geo>
                     </location>
                  </settlement>
               </birth>
               <death>
                  <date when-iso="1907-10-11">11.10.1907</date>
                  <settlement key="50">
                     <placeName type="pref">Wien</placeName>
                     <location>
                        <geo>48,2066 16,37341</geo>
                     </location>
                  </settlement>
               </death>
               <sex value="male"/>
               <occupation key="90">Schriftsteller/Schriftstellerin</occupation>
               <idno type="URL" subtype="schnitzler-tagebuch">https://schnitzler-tagebuch.acdh.oeaw.ac.at/person_14285.html</idno>
               <idno type="URL" subtype="pmb">https://pmb.acdh.oeaw.ac.at/entity/15112/</idno>
               <idno type="URL" subtype="schnitzler-briefe">https://schnitzler-briefe.acdh.oeaw.ac.at/pmb15112.html</idno>
               <idno type="URL" subtype="schnitzler-interviews">https://schnitzler-interviews.acdh.oeaw.ac.at/pmb15112.html</idno>
               <idno type="URL" subtype="bahr-textverzeichnis">https://bahr-textverzeichnis.acdh.oeaw.ac.at/pmb15112.html</idno>
            </person>
            <person xml:id="pmb13118">
               <persName>
                  <forename>Ernst von</forename>
                  <surname>Wildenbruch</surname>
               </persName>
               <persName type="legacy-name-merge">Wildenbruch, Ernst von</persName>
               <birth>
                  <date when-iso="1845-02-03">03.02.1845</date>
                  <settlement key="46759">
                     <placeName type="pref">Beirut</placeName>
                     <location>
                        <geo>33,89332 35,50157</geo>
                     </location>
                  </settlement>
               </birth>
               <death>
                  <date when-iso="1909-01-15">15.01.1909</date>
                  <settlement key="168">
                     <placeName type="pref">Berlin</placeName>
                     <location>
                        <geo>52,52437 13,41053</geo>
                     </location>
                  </settlement>
               </death>
               <sex value="male"/>
               <occupation key="90">Schriftsteller/Schriftstellerin</occupation>
               <idno type="URL" subtype="gnd">https://d-nb.info/gnd/118771760</idno>
               <idno type="URL" subtype="schnitzler-tagebuch">https://schnitzler-tagebuch.acdh.oeaw.ac.at/person_21326.html</idno>
               <idno type="URL" subtype="schnitzler-bahr">https://schnitzler-bahr.acdh.oeaw.ac.at/pmb13118.html</idno>
               <idno type="URL" subtype="pmb">https://pmb.acdh.oeaw.ac.at/entity/13118/</idno>
               <idno type="URL" subtype="schnitzler-briefe">https://schnitzler-briefe.acdh.oeaw.ac.at/pmb13118.html</idno>
               <idno type="URL" subtype="schnitzler-lektueren">https://schnitzler-lektueren.acdh.oeaw.ac.at/pmb13118.html</idno>
               <idno type="URL" subtype="fackel">https://fackel.oeaw.ac.at/?p=fackelp42859</idno>
               <idno type="URL" subtype="wikidata">http://www.wikidata.org/entity/Q45337</idno>
               <idno type="URL" subtype="wikipedia">https://de.wikipedia.org/wiki/Ernst_von_Wildenbruch</idno>
               <idno type="URL" subtype="schnitzler-interviews">https://schnitzler-interviews.acdh.oeaw.ac.at/pmb13118.html</idno>
               <idno type="URL" subtype="pmb">https://pmb.acdh.oeaw.ac.at/entity/162827/</idno>
               <idno type="URL" subtype="bahr-tsn">https://bahr-textverzeichnis.acdh.oeaw.ac.at/TSN-listperson.html#pmb13118</idno>
               <idno type="URL" subtype="bahr-textverzeichnis">https://bahr-textverzeichnis.acdh.oeaw.ac.at/pmb13118.html</idno>
               <listBibl>
                  <bibl type="collections" n="12">Fackel</bibl>
                  <bibl type="collections" n="16">Bahr Textverzeichnis</bibl>
               </listBibl>
               <note type="references"> </note>
               <figure>
                  <graphic url="https://commons.wikimedia.org/w/index.php?title=Special:Redirect/file/Ernst%20von%20Wildenbruch%2C%20c.%201904%20-%20Louis%20Held.jpg"/>
               </figure>
            </person>
            <person xml:id="pmb13082">
               <persName>
                  <forename>Carl</forename>
                  <surname>Karlweis</surname>
               </persName>
               <persName type="person_pseudonym">C. Karlweis</persName>
               <persName type="person_geburtsname_vorname">Carl</persName>
               <persName type="person_geburtsname_nachname">Weiß</persName>
               <persName type="legacy-name-merge">Karlweis, C.</persName>
               <birth>
                  <date when-iso="1850-11-23">23.11.1850</date>
                  <settlement key="50">
                     <placeName type="pref">Wien</placeName>
                     <location>
                        <geo>48,2066 16,37341</geo>
                     </location>
                  </settlement>
               </birth>
               <death>
                  <date when-iso="1901-10-27">27.10.1901</date>
                  <settlement key="50">
                     <placeName type="pref">Wien</placeName>
                     <location>
                        <geo>48,2066 16,37341</geo>
                     </location>
                  </settlement>
               </death>
               <sex value="male"/>
               <occupation key="90">Schriftsteller/Schriftstellerin</occupation>
               <idno type="URL" subtype="gnd">https://d-nb.info/gnd/117302996</idno>
               <idno type="URL" subtype="schnitzler-tagebuch">https://schnitzler-tagebuch.acdh.oeaw.ac.at/person_16730.html</idno>
               <idno type="URL" subtype="schnitzler-bahr">https://schnitzler-bahr.acdh.oeaw.ac.at/pmb13082.html</idno>
               <idno type="URL" subtype="pmb">https://pmb.acdh.oeaw.ac.at/entity/13082/</idno>
               <idno type="URL" subtype="schnitzler-briefe">https://schnitzler-briefe.acdh.oeaw.ac.at/pmb13082.html</idno>
               <idno type="URL" subtype="schnitzler-lektueren">https://schnitzler-lektueren.acdh.oeaw.ac.at/pmb13082.html</idno>
               <idno type="URL" subtype="bahr-textverzeichnis">https://bahr-textverzeichnis.acdh.oeaw.ac.at/pmb13082.html</idno>
               <idno type="URL" subtype="oebl">https://doi.org/10.1553/0x003afca6</idno>
               <idno type="URL" subtype="fackel">https://fackel.oeaw.ac.at/?p=fackelp39668</idno>
               <idno type="URL" subtype="wikidata">http://www.wikidata.org/entity/Q735989</idno>
               <idno type="URL" subtype="wikipedia">https://de.wikipedia.org/wiki/Carl_Karlweis</idno>
               <idno type="URL" subtype="schnitzler-kino">https://schnitzler-kino.acdh.oeaw.ac.at/pmb13082.html</idno>
               <idno type="URL" subtype="schnitzler-interviews">https://schnitzler-interviews.acdh.oeaw.ac.at/pmb13082.html</idno>
               <idno type="URL" subtype="pmb">https://pmb.acdh.oeaw.ac.at/entity/160755/</idno>
               <idno type="URL" subtype="bahr-tsn">https://bahr-textverzeichnis.acdh.oeaw.ac.at/TSN-listperson.html#pmb160755</idno>
               <affiliation when-iso="1899-03-27">
                  <term key="1153">in Bezug zu</term>
                  <orgName key="29675">Bauernfeld-Preis</orgName>
                  <idno type="URL" subtype="schnitzler-bahr">https://schnitzler-bahr.acdh.oeaw.ac.at/pmb29675.html</idno>
                  <idno type="URL" subtype="pmb">https://pmb.acdh.oeaw.ac.at/entity/29675/</idno>
                  <idno type="URL" subtype="schnitzler-briefe">https://schnitzler-briefe.acdh.oeaw.ac.at/pmb29675.html</idno>
                  <idno type="URL" subtype="legalkraus">https://kraus.wienbibliothek.at/register/institutionen/pmb29675</idno>
                  <idno type="URL" subtype="wikidata">http://www.wikidata.org/entity/Q811248</idno>
                  <idno type="URL" subtype="wikipedia">https://de.wikipedia.org/wiki/Bauernfeld-Preis</idno>
                  <idno type="URL" subtype="schnitzler-interviews">https://schnitzler-interviews.acdh.oeaw.ac.at/pmb29675.html</idno>
               </affiliation>
               <listEvent>
                  <event key="59292" when-iso="1897-03-28">
                     <desc n="1370">teilgenommen an</desc>
                     <label>Lesung von Hirschfeld, Hofmannsthal, Schnitzler und Bahr,
                           28.3.1897</label>
                     <idno type="URL" subtype="pmb">https://pmb.acdh.oeaw.ac.at/entity/59292/</idno>
                  </event>
               </listEvent>
               <listBibl>
                  <bibl type="collections" n="11">ÖBL nach 1850 geboren</bibl>
                  <bibl type="collections" n="12">Fackel</bibl>
                  <bibl type="collections" n="16">Bahr Textverzeichnis</bibl>
               </listBibl>
               <note type="references"> </note>
               <figure>
                  <graphic url="https://commons.wikimedia.org/w/index.php?title=Special:Redirect/file/CarlKarlweiss.jpg"/>
               </figure>
            </person>
            <person xml:id="pmb154033">
               <persName>
                  <forename>Willy</forename>
                  <surname>Thaller</surname>
               </persName>
               <birth>
                  <date notBefore-iso="1854-01-01"
                        when-iso="1854-01-01"
                        notAfter-iso="1854-12-31">1854</date>
               </birth>
               <death>
                  <date>1941?</date>
               </death>
               <sex value="not-set"/>
               <idno type="URL" subtype="bahr-textverzeichnis">https://bahr-textverzeichnis.acdh.oeaw.ac.at/pmb154033.html</idno>
               <idno type="URL" subtype="pmb">https://pmb.acdh.oeaw.ac.at/entity/154033/</idno>
               <listBibl>
                  <bibl type="collections" n="16">Bahr Textverzeichnis</bibl>
               </listBibl>
            </person>
            <person xml:id="pmb154179">
               <persName>
                  <surname>Zell</surname>
               </persName>
               <sex value="not-set"/>
               <occupation key="105">Schauspieler/Schauspielerin</occupation>
               <idno type="URL" subtype="pmb">https://pmb.acdh.oeaw.ac.at/entity/154179/</idno>
               <idno type="URL" subtype="bahr-textverzeichnis">https://bahr-textverzeichnis.acdh.oeaw.ac.at/pmb154179.html</idno>
               <listBibl>
                  <bibl type="collections" n="16">Bahr Textverzeichnis</bibl>
               </listBibl>
            </person>
            <person xml:id="pmb148828">
               <persName>
                  <forename>Melanie</forename>
                  <surname>Melanie Ermarth</surname>
               </persName>
               <birth>
                  <date when-iso="1881-03-31">1881-03-31</date>
               </birth>
               <death>
                  <date when-iso="1948-07-30">1948-07-30</date>
               </death>
               <sex value="female"/>
               <idno type="URL" subtype="pmb">https://pmb.acdh.oeaw.ac.at/entity/148828/</idno>
               <idno type="URL" subtype="wikidata">http://www.wikidata.org/entity/Q94738915</idno>
               <idno type="URL" subtype="gnd">https://d-nb.info/gnd/105777152X</idno>
               <idno type="URL" subtype="bahr-textverzeichnis">https://bahr-textverzeichnis.acdh.oeaw.ac.at/pmb148828.html</idno>
               <listBibl>
                  <bibl type="collections" n="16">Bahr Textverzeichnis</bibl>
                  <bibl type="collections" n="22">No german Wikipedia-Site found</bibl>
               </listBibl>
            </person>
            <person xml:id="pmb22666">
               <persName>
                  <forename>Victoria</forename>
                  <surname>Pohl-Meiser</surname>
               </persName>
               <persName type="person_geburtsname_nachname">Meiser</persName>
               <persName type="legacy-name-merge">Pohl-Meiser, Viktoria</persName>
               <persName type="legacy-name-merge">Pohl-Meiser, Victoria</persName>
               <birth>
                  <date when-iso="1858-11-28">28.11.1858</date>
                  <settlement key="45258">
                     <placeName type="pref">München</placeName>
                     <location>
                        <geo>48,13743 11,57549</geo>
                     </location>
                  </settlement>
               </birth>
               <death>
                  <date when-iso="1936-06-16">16.06.1936</date>
                  <settlement key="968">
                     <placeName type="pref">Mödling</placeName>
                     <location>
                        <geo>48,08605 16,28921</geo>
                     </location>
                  </settlement>
               </death>
               <sex value="female"/>
               <occupation key="105">Schauspieler/Schauspielerin</occupation>
               <occupation key="107">Sänger/Sängerin</occupation>
               <idno type="URL" subtype="schnitzler-tagebuch">https://schnitzler-tagebuch.acdh.oeaw.ac.at/person_18850.html</idno>
               <idno type="URL" subtype="schnitzler-bahr">https://schnitzler-bahr.acdh.oeaw.ac.at/pmb22666.html</idno>
               <idno type="URL" subtype="pmb">https://pmb.acdh.oeaw.ac.at/entity/22666/</idno>
               <idno type="URL" subtype="fackel">https://fackel.oeaw.ac.at/?p=fackelp51573</idno>
               <idno type="URL" subtype="pmb">https://pmb.acdh.oeaw.ac.at/entity/101692/</idno>
               <idno type="URL" subtype="gnd">https://d-nb.info/gnd/116260653</idno>
               <idno type="URL" subtype="oebl">https://doi.org/10.1553/0x0028390a</idno>
               <idno type="URL" subtype="wikidata">http://www.wikidata.org/entity/Q58011561</idno>
               <idno type="URL" subtype="wikipedia">https://de.wikipedia.org/wiki/Viktoria_Pohl-Meiser</idno>
               <idno type="URL" subtype="oeml">https://dx.doi.org/10.1553/0x0001dd5c</idno>
               <idno type="URL" subtype="pmb">https://pmb.acdh.oeaw.ac.at/entity/161713/</idno>
               <idno type="URL" subtype="bahr-tsn">https://bahr-textverzeichnis.acdh.oeaw.ac.at/TSN-listperson.html#pmb22666</idno>
               <idno type="URL" subtype="bahr-textverzeichnis">https://bahr-textverzeichnis.acdh.oeaw.ac.at/pmb22666.html</idno>
               <listEvent>
                  <event key="45952" when-iso="1898-01-16">
                     <desc n="1256">ist Arbeitskraft bei</desc>
                     <label>Premiere von Abschiedssouper, Uraufführung Weihnachtseinkäufe,
                           16.1.1898</label>
                     <idno type="URL" subtype="pmb">https://pmb.acdh.oeaw.ac.at/entity/45952/</idno>
                  </event>
               </listEvent>
               <listBibl>
                  <bibl type="collections" n="11">ÖBL nach 1850 geboren</bibl>
                  <bibl type="collections" n="12">Fackel</bibl>
                  <bibl type="collections" n="16">Bahr Textverzeichnis</bibl>
               </listBibl>
               <note type="references"> </note>
            </person>
            <person xml:id="pmb154180">
               <persName>
                  <forename>Georg</forename>
                  <surname>Weiss</surname>
               </persName>
               <birth>
                  <date notBefore-iso="1833-01-01"
                        when-iso="1833-01-01"
                        notAfter-iso="1833-12-31">1833</date>
               </birth>
               <death>
                  <date when-iso="1904-01-01" notAfter-iso="1904-12-31">1904</date>
               </death>
               <sex value="not-set"/>
               <idno type="URL" subtype="bahr-textverzeichnis">https://bahr-textverzeichnis.acdh.oeaw.ac.at/pmb154180.html</idno>
               <idno type="URL" subtype="pmb">https://pmb.acdh.oeaw.ac.at/entity/154180/</idno>
               <listBibl>
                  <bibl type="collections" n="16">Bahr Textverzeichnis</bibl>
               </listBibl>
            </person>
         </listPerson>
      </back>
   </text>
</TEI>
