<?xml version="1.0" encoding="UTF-8"?>
<TEI xmlns="http://www.tei-c.org/ns/1.0"
     xmlns:tei="http://www.tei-c.org/ns/1.0"
     xml:id="pmb122381.xml"
     prev="pmb122379"
     next="pmb133061">
   <teiHeader>
      <fileDesc>
         <titleStmt>
            <title level="s">Hermann Bahr – Textverzeichnis</title>
            <title level="a">Вопросы Искусства [Voprosy iskusstva]. [I.]
                     Искуссмво иравимельсмво</title>
            <title type="iso-date">1899</title>
            <respStmt>
               <resp>providing the content</resp>
               <name>Martin Anton Müller</name>
            </respStmt>
            <respStmt>
               <resp>converted to XML encoding</resp>
               <name>Martin Anton Müller</name>
            </respStmt>
         </titleStmt>
         <publicationStmt>
            <publisher>Austrian Centre for Digital Humanities and Cultural
                                    Heritage (ACDH-CH)</publisher>
            <date>2024-03-19+01:00</date>
            <idno type="URI">https://id.acdh.oeaw.ac.at/bahr-textverzeichnis/pmb122381.xml</idno>
         </publicationStmt>
         <sourceDesc>
            <p>Bibliografische Angaben eines in Druck erschienen Texts von
                                    Bahr</p>
         </sourceDesc>
      </fileDesc>
   </teiHeader>
   <text>
      <body>
         <div type="bibliografische-angabe">
            <biblStruct xml:id="pmb122381"
                        type="Journal-Article"
                        subtype="Nachdruck_Russisch"
                        status="checked"
                        prev="pmb122379"
                        next="pmb133061">
               <analytic>
                  <author ref="pmb10815">Баръ, Германъ</author>
                  <author ref="pmb10815">Bahr, Hermann</author>
                  <title level="a" ref="pmb122381">Вопросы Искусства [Voprosy iskusstva]. [I.]
                     Искуссмво иравимельсмво</title>
               </analytic>
               <monogr>
                  <title level="j" ref="pmb59467">Мир иску́сства [Mir iskusstva], St.
                     Petersburg</title>
                  <imprint>
                     <biblScope unit="jg">2</biblScope>
                     <biblScope unit="issue">7-8</biblScope>
                     <biblScope unit="page">70–72</biblScope>
                     <date when="1899">1899</date>
                  </imprint>
               </monogr>
               <note type="monographies">
                  <bibl>
                     <title level="a">Bildende Kunst in Österreich. I</title>
                     <title level="m" ref="pmb31275">Studien zur Kritik der Moderne</title>
                  </bibl>
               </note>
               <note type="incipit">Котда я,</note>
               <ref type="URL">https://bahr.univie.ac.at/sites/all/txt/mir-iskusstva/1899_iskusstva.pdf</ref>
               <noteGrp type="keywords">
                  <note type="Journal-Article">Artikel in einem Periodikum</note>
                  <note subtype="Nachdruck">Nachdruck</note>
                  <note subtype="Russisch">Russisch</note>
               </noteGrp>
               <note type="bibliographical-statement">Германъ Баръ, Hermann Bahr: Вопросы Искусства
                  [Voprosy iskusstva]. [I.] Искуссмво иравимельсмво. In: Мир иску́сства [Mir
                  iskusstva], St. Petersburg, Jg. 2 (1899) Nr. 7-8, S. 70–72.</note>
               <note type="periodica">
                  <bibl type="obsolete">
                     <title level="j" ref="pmb41471">Deutsche Zeitung,
                        Wien</title>
                     <biblScope unit="jg">22</biblScope>
                     <date type="year">1892</date>
                     <biblScope unit="issue">7526
                        Morgen–Ausgabe</biblScope>
                     <biblScope unit="page">1–2</biblScope>
                     <date when="1892-12-10">10.12.1892</date>
                     <title level="a" ref="pmb134273">Bildende
                        Kunst in Österreich. I. Die Kunst und der Staat</title>
                  </bibl>
               </note>
               <ref type="abdrucke">
                  <listRef>
                     <ptr type="textref" target="pmb134273"/>
                  </listRef>
               </ref>
            </biblStruct>
         </div>
      </body>
      <back/>
   </text>
</TEI>
