<?xml version="1.0" encoding="UTF-8"?>
<TEI xmlns="http://www.tei-c.org/ns/1.0"
     xmlns:tei="http://www.tei-c.org/ns/1.0"
     xml:id="pmb122513.xml"
     prev="pmb134799"
     next="pmb122511">
   <teiHeader>
      <fileDesc>
         <titleStmt>
            <title level="s">Hermann Bahr – Textverzeichnis</title>
            <title level="a">Freie Gedanken</title>
            <title type="iso-date">1882-09-24</title>
            <respStmt>
               <resp>providing the content</resp>
               <name>Martin Anton Müller</name>
            </respStmt>
            <respStmt>
               <resp>converted to XML encoding</resp>
               <name>Martin Anton Müller</name>
            </respStmt>
         </titleStmt>
         <publicationStmt>
            <publisher>Austrian Centre for Digital Humanities and Cultural
                                    Heritage (ACDH-CH)</publisher>
            <date>2024-03-19+01:00</date>
            <idno type="URI">https://id.acdh.oeaw.ac.at/bahr-textverzeichnis/pmb122513.xml</idno>
         </publicationStmt>
         <sourceDesc>
            <p>Bibliografische Angaben eines in Druck erschienen Texts von
                                    Bahr</p>
         </sourceDesc>
      </fileDesc>
   </teiHeader>
   <text>
      <body>
         <div type="bibliografische-angabe">
            <biblStruct xml:id="pmb122513"
                        type="Journal-Article"
                        status="checked"
                        prev="pmb134799"
                        next="pmb122511">
               <analytic>
                  <author ref="pmb10815">Kieselak</author>
                  <title level="a" ref="pmb122513">Freie Gedanken</title>
               </analytic>
               <monogr>
                  <title level="j" ref="pmb122066">Linzer Sonntagsblatt</title>
                  <imprint>
                     <biblScope unit="jg">3</biblScope>
                     <biblScope unit="issue">39</biblScope>
                     <biblScope unit="page">1</biblScope>
                     <date when="1882-09-24">24.9.1882</date>
                  </imprint>
               </monogr>
               <note>
                  <p>Die Zuschreibung des Pseudonyms »Kieselak« an Bahr kann als gesichert gelten.
                     In der Rezension von Bahrs Erstling »Die Wunderkur« wird am 18. Februar 1883
                     das Pseudonym entschlüsselt. Zusätzlich sind die Texte in Bahrs Nachlass
                     aufbewahrt, dort handschriftlich mit »=HB« bzw. »=Hermann Bahr« ergänzt.
                     Außerdem erwähnt »Kieselak« in der Ausgabe, das auch die Rezension bringt, am
                     18.2.1893 den mit vollem Namen gezeichneten Text über »Heimstätten« in den
                     »Deutschen Worten« als von ihm stammend. Dazu sei noch auf Bahrs eigene
                     Bekenntnis, Hans Kirchmair bei der Herausgabe des Linzer Sonntagsblatts unter
                     die Arme gegriffen zu haben, verwiesen, sowie auf einen Brief von Alois Bahr an
                     seinen Sohn (9. Mai 1883), wo dieser ihm seine »Kieselakgedanken« vorwirft.
                     Einen kurzen Bericht, wie er so seinen Vater und dessen Partei bekämpfte, gibt
                     Bahr im »Tagebuch« vom 1. März 1924 (Zauberstab, 52-53).</p>
               </note>
               <note type="incipit">Deutsche Männer! Im Winter des Jahres 1808 lastete tiefste
                  Schmach auf dem deutschen Volke.</note>
               <note type="summary">Der Text ruft zur Rettung des Deutschtums auf, wozu Bahr Georg
                  von Schönerer als Führer erkannt hat, wenngleich er die Verkündung durch einen
                  »neuen Fichte« noch ausstehen sieht.</note>
               <ref type="personenindex">
                  <listRef>
                     <ptr type="pmb" target="pmb7134"/>
                     <ptr type="pmb" target="pmb7339"/>
                     <ptr type="pmb" target="pmb114175"/>
                     <ptr type="pmb" target="pmb153933"/>
                     <ptr type="pmb" target="pmb153934"/>
                     <ptr type="pmb" target="pmb148623"/>
                     <ptr type="pmb" target="pmb60373"/>
                  </listRef>
               </ref>
               <noteGrp type="keywords">
                  <note type="Journal-Article">Artikel in einem Periodikum</note>
               </noteGrp>
               <note type="bibliographical-statement">Kieselak: Freie Gedanken. In: Linzer
                  Sonntagsblatt, Jg. 3, Nr. 39, 24.9.1882, S. 1.</note>
            </biblStruct>
         </div>
      </body>
      <back>
         <listPerson>
            <person xml:id="pmb7134">
               <persName>
                  <forename>Johann Gottlieb</forename>
                  <surname>Fichte</surname>
               </persName>
               <persName type="legacy-name-merge">Fichte, Johann Gottlieb</persName>
               <birth>
                  <date when-iso="1762-05-19">19.05.1762</date>
                  <settlement key="48510">
                     <placeName type="pref">Rammenau</placeName>
                     <location>
                        <geo>51,15 14,13333</geo>
                     </location>
                  </settlement>
               </birth>
               <death>
                  <date when-iso="1814-01-02">02.01.1814</date>
                  <settlement key="168">
                     <placeName type="pref">Berlin</placeName>
                     <location>
                        <geo>52,52437 13,41053</geo>
                     </location>
                  </settlement>
               </death>
               <sex value="male"/>
               <occupation key="154">Philosoph/Philosophin</occupation>
               <idno type="URL" subtype="gnd">https://d-nb.info/gnd/118532847</idno>
               <idno type="URL" subtype="schnitzler-tagebuch">https://schnitzler-tagebuch.acdh.oeaw.ac.at/person_14975.html</idno>
               <idno type="URL" subtype="pmb">https://pmb.acdh.oeaw.ac.at/entity/7134/</idno>
               <idno type="URL" subtype="fackel">https://fackel.oeaw.ac.at/?p=fackelp43260</idno>
               <idno type="URL" subtype="dritte-walpurgisnacht">https://kraus1933.ace.oeaw.ac.at/Gesamt.xml?template=register_personen.html&amp;letter=F#DWpers0058</idno>
               <idno type="URL" subtype="wikidata">http://www.wikidata.org/entity/Q102585</idno>
               <idno type="URL" subtype="wikipedia">https://de.wikipedia.org/wiki/Johann_Gottlieb_Fichte</idno>
               <idno type="URL" subtype="thun-korrespondenz">https://thun-korrespondenz.acdh.oeaw.ac.at/fichte-johann-gottlieb.html</idno>
               <idno type="URL" subtype="pmb">https://pmb.acdh.oeaw.ac.at/entity/160020/</idno>
               <idno type="URL" subtype="bahr-tsn">https://bahr-textverzeichnis.acdh.oeaw.ac.at/TSN-listperson.html#pmb7134</idno>
               <idno type="URL" subtype="bahr-textverzeichnis">https://bahr-textverzeichnis.acdh.oeaw.ac.at/pmb7134.html</idno>
               <listBibl>
                  <bibl type="collections" n="10">Karl Kraus 1933: Dritte Walpurgisnacht</bibl>
                  <bibl type="collections" n="12">Fackel</bibl>
                  <bibl type="collections" n="16">Bahr Textverzeichnis</bibl>
               </listBibl>
               <note type="references">None </note>
               <figure>
                  <graphic url="https://commons.wikimedia.org/w/index.php?title=Special:Redirect/file/Johann%20Gottlieb%20Fichte%20by%20Friedrich%20Bury.jpg"/>
               </figure>
            </person>
            <person xml:id="pmb7339">
               <persName>
                  <forename>Léon</forename>
                  <surname>Gambetta</surname>
               </persName>
               <birth>
                  <date when-iso="1838-04-03">03.04.1838</date>
                  <settlement key="64616">
                     <placeName type="pref">Cahors</placeName>
                     <location>
                        <geo>44,4491 1,43663</geo>
                     </location>
                  </settlement>
               </birth>
               <death>
                  <date when-iso="1882-12-31">31.12.1882</date>
                  <settlement key="47030">
                     <placeName type="pref">Ville-d'Avray</placeName>
                     <location>
                        <geo>48,82358 2,19311</geo>
                     </location>
                  </settlement>
               </death>
               <sex value="male"/>
               <occupation key="95">Politiker/Politikerin</occupation>
               <idno type="URL" subtype="schnitzler-tagebuch">https://schnitzler-tagebuch.acdh.oeaw.ac.at/person_15332.html</idno>
               <idno type="URL" subtype="pmb">https://pmb.acdh.oeaw.ac.at/entity/7339/</idno>
               <idno type="URL" subtype="fackel">https://fackel.oeaw.ac.at/?p=fackelp44190</idno>
               <idno type="URL" subtype="wikidata">http://www.wikidata.org/entity/Q295090</idno>
               <idno type="URL" subtype="wikipedia">https://de.wikipedia.org/wiki/L%C3%A9on_Gambetta</idno>
               <idno type="URL" subtype="gnd">https://d-nb.info/gnd/118716263</idno>
               <idno type="URL" subtype="bahr-tsn">https://bahr-textverzeichnis.acdh.oeaw.ac.at/TSN-listperson.html#pmb7339</idno>
               <idno type="URL" subtype="bahr-textverzeichnis">https://bahr-textverzeichnis.acdh.oeaw.ac.at/pmb7339.html</idno>
               <listBibl>
                  <bibl type="collections" n="12">Fackel</bibl>
                  <bibl type="collections" n="16">Bahr Textverzeichnis</bibl>
               </listBibl>
               <figure>
                  <graphic url="https://commons.wikimedia.org/w/index.php?title=Special:Redirect/file/L%C3%A9onGambetta.jpg"/>
               </figure>
            </person>
            <person xml:id="pmb114175">
               <persName>
                  <forename>August Neidhardt</forename>
                  <surname>Gneisenau</surname>
               </persName>
               <birth>
                  <date when-iso="1760-10-27">1760-10-27</date>
               </birth>
               <death>
                  <date when-iso="1831-08-23">1831-08-23</date>
               </death>
               <sex value="male"/>
               <occupation key="2394">Generalfeldmarschall/Generalfeldmarschallin</occupation>
               <idno type="URL" subtype="pmb">https://pmb.acdh.oeaw.ac.at/entity/114175/</idno>
               <idno type="URL" subtype="gnd">https://d-nb.info/gnd/118539957</idno>
               <idno type="URL" subtype="fackel">https://fackel.oeaw.ac.at/?p=fackelp44503</idno>
               <idno type="URL" subtype="wikidata">http://www.wikidata.org/entity/Q165519</idno>
               <idno type="URL" subtype="wikipedia">https://de.wikipedia.org/wiki/August_Neidhardt_von_Gneisenau</idno>
               <idno type="URL" subtype="bahr-textverzeichnis">https://bahr-textverzeichnis.acdh.oeaw.ac.at/pmb114175.html</idno>
               <idno type="URL" subtype="hanslick-online">https://hanslick.acdh.oeaw.ac.at/hsl_person_id_2831.html</idno>
               <listBibl>
                  <bibl type="collections" n="12">Fackel</bibl>
                  <bibl type="collections" n="16">Bahr Textverzeichnis</bibl>
               </listBibl>
            </person>
            <person xml:id="pmb153933">
               <persName>
                  <forename>Heinrich Friedrich Karl vom und zum</forename>
                  <surname>Stein</surname>
               </persName>
               <birth>
                  <date notBefore-iso="1757-01-01"
                        when-iso="1757-01-01"
                        notAfter-iso="1757-12-31">1757</date>
               </birth>
               <death>
                  <date when-iso="1831-01-01" notAfter-iso="1831-12-31">1831</date>
               </death>
               <sex value="not-set"/>
               <idno type="URL" subtype="pmb">https://pmb.acdh.oeaw.ac.at/entity/153933/</idno>
               <idno type="URL" subtype="bahr-textverzeichnis">https://bahr-textverzeichnis.acdh.oeaw.ac.at/pmb153933.html</idno>
               <listBibl>
                  <bibl type="collections" n="16">Bahr Textverzeichnis</bibl>
               </listBibl>
            </person>
            <person xml:id="pmb153934">
               <persName>
                  <forename>Karl August von</forename>
                  <surname>Hardenberg</surname>
               </persName>
               <birth>
                  <date notBefore-iso="1750-01-01"
                        when-iso="1750-01-01"
                        notAfter-iso="1750-12-31">1750</date>
               </birth>
               <death>
                  <date when-iso="1822-01-01" notAfter-iso="1822-12-31">1822</date>
               </death>
               <sex value="not-set"/>
               <idno type="URL" subtype="pmb">https://pmb.acdh.oeaw.ac.at/entity/153934/</idno>
               <idno type="URL" subtype="bahr-textverzeichnis">https://bahr-textverzeichnis.acdh.oeaw.ac.at/pmb153934.html</idno>
               <listBibl>
                  <bibl type="collections" n="16">Bahr Textverzeichnis</bibl>
               </listBibl>
            </person>
            <person xml:id="pmb148623">
               <persName>
                  <forename>Gerhard</forename>
                  <surname>Gerhard von Scharnhorst</surname>
               </persName>
               <birth>
                  <date when-iso="1755-11-12">1755-11-12</date>
                  <settlement key="148624">
                     <placeName type="pref">Bordenau</placeName>
                     <location>
                        <geo>52,4583 9,48056</geo>
                     </location>
                  </settlement>
               </birth>
               <death>
                  <date when-iso="1813-06-28">1813-06-28</date>
                  <settlement key="652">
                     <placeName type="pref">Prag</placeName>
                     <location>
                        <geo>50,08333 14,46667</geo>
                     </location>
                  </settlement>
               </death>
               <sex value="male"/>
               <idno type="URL" subtype="pmb">https://pmb.acdh.oeaw.ac.at/entity/148623/</idno>
               <idno type="URL" subtype="wikidata">http://www.wikidata.org/entity/Q170340</idno>
               <idno type="URL" subtype="gnd">https://d-nb.info/gnd/118606557</idno>
               <idno type="URL" subtype="wikipedia">https://de.wikipedia.org/wiki/Gerhard_von_Scharnhorst</idno>
               <idno type="URL" subtype="bahr-textverzeichnis">https://bahr-textverzeichnis.acdh.oeaw.ac.at/pmb148623.html</idno>
               <listBibl>
                  <bibl type="collections" n="16">Bahr Textverzeichnis</bibl>
               </listBibl>
            </person>
            <person xml:id="pmb60373">
               <persName>
                  <forename>Georg</forename>
                  <surname>Schönerer</surname>
               </persName>
               <birth>
                  <date when-iso="1842-07-17">1842-07-17</date>
                  <settlement key="50">
                     <placeName type="pref">Wien</placeName>
                     <location>
                        <geo>48,2066 16,37341</geo>
                     </location>
                  </settlement>
               </birth>
               <death>
                  <date when-iso="1921-08-14">1921-08-14</date>
                  <settlement key="60376">
                     <placeName type="pref">Rosenau Schloss</placeName>
                     <location>
                        <geo>48,60215 15,05942</geo>
                     </location>
                  </settlement>
               </death>
               <sex value="male"/>
               <occupation key="90">Schriftsteller/Schriftstellerin</occupation>
               <occupation key="95">Politiker/Politikerin</occupation>
               <idno type="URL" subtype="pmb">https://pmb.acdh.oeaw.ac.at/entity/60373/</idno>
               <idno type="URL" subtype="gnd">https://d-nb.info/gnd/118610163</idno>
               <idno type="URL" subtype="fackel">https://fackel.oeaw.ac.at/?p=fackelp44322</idno>
               <idno type="URL" subtype="wikidata">http://www.wikidata.org/entity/Q112005</idno>
               <idno type="URL" subtype="wikipedia">https://de.wikipedia.org/wiki/Georg_von_Sch%C3%B6nerer</idno>
               <idno type="URL" subtype="oebl">https://doi.org/10.1553/0x002844c1</idno>
               <idno type="URL" subtype="bahr-textverzeichnis">https://bahr-textverzeichnis.acdh.oeaw.ac.at/pmb60373.html</idno>
               <listBibl>
                  <bibl type="collections" n="12">Fackel</bibl>
                  <bibl type="collections" n="16">Bahr Textverzeichnis</bibl>
               </listBibl>
               <figure>
                  <graphic url="https://commons.wikimedia.org/w/index.php?title=Special:Redirect/file/VonSchoenerer.jpg"/>
               </figure>
            </person>
         </listPerson>
      </back>
   </text>
</TEI>
