<?xml version="1.0" encoding="UTF-8"?>
<TEI xmlns="http://www.tei-c.org/ns/1.0"
     xmlns:tei="http://www.tei-c.org/ns/1.0"
     xml:id="pmb123007.xml"
     prev="pmb123009"
     next="pmb132735">
   <teiHeader>
      <fileDesc>
         <titleStmt>
            <title level="s">Hermann Bahr – Textverzeichnis</title>
            <title level="a">Die rothe Robe. Drama in vier Akten von Arthure
                     Brieux, aus dem Französischen übersetzt von Anne St. Cêre. Zum erstenmale
                     aufgeführt im Burgtheater am 27. Februar 1901</title>
            <title type="iso-date">1901-02-28</title>
            <respStmt>
               <resp>providing the content</resp>
               <name>Martin Anton Müller</name>
            </respStmt>
            <respStmt>
               <resp>converted to XML encoding</resp>
               <name>Martin Anton Müller</name>
            </respStmt>
         </titleStmt>
         <publicationStmt>
            <publisher>Austrian Centre for Digital Humanities and Cultural
                                    Heritage (ACDH-CH)</publisher>
            <date>2024-03-19+01:00</date>
            <idno type="URI">https://id.acdh.oeaw.ac.at/bahr-textverzeichnis/pmb123007.xml</idno>
         </publicationStmt>
         <sourceDesc>
            <p>Bibliografische Angaben eines in Druck erschienen Texts von
                                    Bahr</p>
         </sourceDesc>
      </fileDesc>
   </teiHeader>
   <text>
      <body>
         <div type="bibliografische-angabe">
            <biblStruct xml:id="pmb123007"
                        type="Journal-Article"
                        status="checked"
                        prev="pmb123009"
                        next="pmb132735">
               <analytic>
                  <author ref="pmb10815">H. B.</author>
                  <title level="a" ref="pmb123007">Die rothe Robe. Drama in vier Akten von Arthure
                     Brieux, aus dem Französischen übersetzt von Anne St. Cêre. Zum erstenmale
                     aufgeführt im Burgtheater am 27. Februar 1901</title>
               </analytic>
               <monogr>
                  <title level="j" ref="pmb122052">Österreichische Volks-Zeitung. 2
                     Kreuzer-Ausgabe</title>
                  <imprint>
                     <biblScope unit="jg">47</biblScope>
                     <biblScope unit="issue">58</biblScope>
                     <biblScope unit="page">1–3</biblScope>
                     <date when="1901-02-28">28.2.1901</date>
                  </imprint>
               </monogr>
               <note type="review-of">
                  <bibl>
                     <title level="m">La robe rouge</title>
                     <author>Eugène Brieux</author>
                     <note>deutsch von Anne St. Cêre</note>
                  </bibl>
               </note>
               <note type="monographies">
                  <bibl type="obsolete">
                     <title level="m" ref="pmb30991">Premièren. Winter 1900 bis
                        Sommer 1901</title>
                     <biblScope unit="page">52–57</biblScope>
                     <title level="a" ref="pmb132533">Die rote Robe</title>
                  </bibl>
               </note>
               <note type="incipit">In diesem Stücke wird versucht, darzustellen</note>
               <noteGrp type="keywords">
                  <note type="Journal-Article">Artikel in einem Periodikum</note>
               </noteGrp>
               <note type="bibliographical-statement">H. B.: Die rothe Robe. Drama in vier Akten von
                  Arthure Brieux, aus dem Französischen übersetzt von Anne St. Cêre. Zum erstenmale
                  aufgeführt im Burgtheater am 27. Februar 1901. In: Österreichische Volks-Zeitung.
                  2 Kreuzer-Ausgabe, Jg. 47, Nr. 58, 28.2.1901, S. 1–3.</note>
               <note type="periodica">
                  <bibl type="obsolete">
                     <note>vollständig</note>
                     <title level="j" ref="pmb41552">Österreichische Volks-Zeitung</title>
                     <biblScope unit="jg">47</biblScope>
                     <date type="year">1901</date>
                     <biblScope unit="issue">58</biblScope>
                     <biblScope unit="page">1–2</biblScope>
                     <date when="1901-02-28">28.2.1901</date>
                     <title level="a" ref="pmb132735">Die rothe Robe. Drama in
                        vier Akten von Arthure Brieux, aus dem Französischen übersetzt von Anne St.
                        Cêre. Zum erstenmale aufgeführt im Burgtheater am 27. Februar
                     1901</title>
                  </bibl>
               </note>
               <ref type="abdrucke">
                  <listRef>
                     <ptr type="textref" target="pmb132735"/>
                     <ptr type="textref" target="pmb132533"/>
                  </listRef>
               </ref>
            </biblStruct>
         </div>
      </body>
      <back/>
   </text>
</TEI>
