<?xml version="1.0" encoding="UTF-8"?>
<TEI xmlns="http://www.tei-c.org/ns/1.0"
     xmlns:tei="http://www.tei-c.org/ns/1.0"
     xml:id="pmb122737.xml"
     prev="pmb132063"
     next="pmb122741">
   <teiHeader>
      <fileDesc>
         <titleStmt>
            <title level="s">Hermann Bahr – Textverzeichnis</title>
            <title level="a">Theater, Kunst und Literatur.
                     Raimund-Theater</title>
            <title type="iso-date">1904-12-01</title>
            <respStmt>
               <resp>providing the content</resp>
               <name>Martin Anton Müller</name>
            </respStmt>
            <respStmt>
               <resp>converted to XML encoding</resp>
               <name>Martin Anton Müller</name>
            </respStmt>
         </titleStmt>
         <publicationStmt>
            <publisher>Austrian Centre for Digital Humanities and Cultural
                                    Heritage (ACDH-CH)</publisher>
            <date>2024-03-19+01:00</date>
            <idno type="URI">https://id.acdh.oeaw.ac.at/bahr-textverzeichnis/pmb122737.xml</idno>
         </publicationStmt>
         <sourceDesc>
            <p>Bibliografische Angaben eines in Druck erschienen Texts von
                                    Bahr</p>
         </sourceDesc>
      </fileDesc>
   </teiHeader>
   <text>
      <body>
         <div type="bibliografische-angabe">
            <biblStruct xml:id="pmb122737"
                        type="Journal-Article"
                        subtype="Nachtkritik"
                        status="checked"
                        prev="pmb132063"
                        next="pmb122741">
               <analytic>
                  <author ref="pmb10815">H. B.</author>
                  <title level="a" ref="pmb122737">Theater, Kunst und Literatur.
                     Raimund-Theater</title>
               </analytic>
               <monogr>
                  <title level="j" ref="pmb41321">Neues Wiener Tagblatt</title>
                  <imprint>
                     <biblScope unit="jg">38</biblScope>
                     <biblScope unit="issue">333</biblScope>
                     <biblScope unit="page">12</biblScope>
                     <date when="1904-12-01">1.12.1904</date>
                  </imprint>
               </monogr>
               <note>
                  <p>Bahr empfiehlt, Paul Wiecke nach Wien zu holen: Während Berlin viele große
                     Schauspieler habe, gäbe es Wien gerade noch Kainz und Jarno.</p>
               </note>
               <note type="review-of">
                  <bibl>
                     <title level="m">Herodes und Mariamne</title>
                     <author>Friedrich Hebbel</author>
                  </bibl>
               </note>
               <note type="incipit">Herrn Paul Wiecke vom Dresdnener Hoftheater, der gestern den
                  Herodes gab, haben wir schon vor zwei Jahren in einer Vorstellung des seitdem
                  leider zerfallenen Akademischen Vereines gesehen</note>
               <ref type="personenindex">
                  <listRef>
                     <ptr type="pmb" target="pmb2404"/>
                     <ptr type="pmb" target="pmb11798"/>
                     <ptr type="pmb" target="pmb11851"/>
                     <ptr type="pmb" target="pmb11518"/>
                     <ptr type="pmb" target="pmb2743"/>
                     <ptr type="pmb" target="pmb2601"/>
                     <ptr type="pmb" target="pmb28414"/>
                     <ptr type="pmb" target="pmb12530"/>
                     <ptr type="pmb" target="pmb10844"/>
                     <ptr type="pmb" target="pmb12491"/>
                     <ptr type="pmb" target="pmb10627"/>
                     <ptr type="pmb" target="pmb12504"/>
                     <ptr type="pmb" target="pmb12837"/>
                     <ptr type="pmb" target="pmb148776"/>
                     <ptr type="pmb" target="pmb153974"/>
                  </listRef>
               </ref>
               <ref type="URL">https://anno.onb.ac.at/cgi-content/anno?aid=nwg&amp;datum=19041201&amp;seite=12</ref>
               <noteGrp type="keywords">
                  <note type="Journal-Article">Artikel in einem Periodikum</note>
                  <note subtype="Nachtkritik">Nachtkritik</note>
               </noteGrp>
               <note type="bibliographical-statement">H. B.: Theater, Kunst und Literatur.
                  Raimund-Theater. In: Neues Wiener Tagblatt, Jg. 38, Nr. 333, 1.12.1904,
                  S. 12.</note>
               <ref type="abdrucke">
                  <listRef>
                     <ptr type="textref" target="pmb131645"/>
                  </listRef>
               </ref>
            </biblStruct>
         </div>
      </body>
      <back>
         <listPerson>
            <person xml:id="pmb2404">
               <persName>
                  <forename>Friedrich</forename>
                  <surname>Hebbel</surname>
               </persName>
               <persName type="legacy-name-merge">Hebbel, Friedrich</persName>
               <persName type="legacy-name-merge">Hebbel, Friedrich</persName>
               <birth>
                  <date when-iso="1813-03-18">18.03.1813</date>
                  <settlement key="53806">
                     <placeName type="pref">Wesselburen</placeName>
                     <location>
                        <geo>54,21217 8,92419</geo>
                     </location>
                  </settlement>
               </birth>
               <death>
                  <date when-iso="1863-12-13">13.12.1863</date>
                  <settlement key="50">
                     <placeName type="pref">Wien</placeName>
                     <location>
                        <geo>48,2066 16,37341</geo>
                     </location>
                  </settlement>
               </death>
               <sex value="male"/>
               <occupation key="90">Schriftsteller/Schriftstellerin</occupation>
               <idno type="URL" subtype="gnd">https://d-nb.info/gnd/118547445</idno>
               <idno type="URL" subtype="schnitzler-bahr">https://schnitzler-bahr.acdh.oeaw.ac.at/pmb2404.html</idno>
               <idno type="URL" subtype="pmb">https://pmb.acdh.oeaw.ac.at/entity/2404/</idno>
               <idno type="URL" subtype="schnitzler-tagebuch">https://schnitzler-tagebuch.acdh.oeaw.ac.at/person_16009.html</idno>
               <idno type="URL" subtype="schnitzler-briefe">https://schnitzler-briefe.acdh.oeaw.ac.at/pmb2404.html</idno>
               <idno type="URL" subtype="schnitzler-lektueren">https://schnitzler-lektueren.acdh.oeaw.ac.at/pmb2404.html</idno>
               <idno type="URL" subtype="legalkraus">https://kraus.wienbibliothek.at/register/personen/pmb2404</idno>
               <idno type="URL" subtype="fackel">https://fackel.oeaw.ac.at/?p=fackelp43835</idno>
               <idno type="URL" subtype="wikidata">http://www.wikidata.org/entity/Q57182</idno>
               <idno type="URL" subtype="bahr-textverzeichnis">https://bahr-textverzeichnis.acdh.oeaw.ac.at/pmb2404.html</idno>
               <idno type="URL" subtype="wikipedia">https://de.wikipedia.org/wiki/Friedrich_Hebbel</idno>
               <idno type="URL" subtype="oebl">https://doi.org/10.1553/0x00281cdc</idno>
               <idno type="URL" subtype="schnitzler-interviews">https://schnitzler-interviews.acdh.oeaw.ac.at/pmb2404.html</idno>
               <idno type="URL" subtype="pmb">https://pmb.acdh.oeaw.ac.at/entity/160426/</idno>
               <idno type="URL" subtype="bahr-tsn">https://bahr-textverzeichnis.acdh.oeaw.ac.at/TSN-listperson.html#pmb2404</idno>
               <idno type="URL" subtype="hanslick-online">https://hanslick.acdh.oeaw.ac.at/hsl_person_id_115.html</idno>
               <listBibl>
                  <bibl type="collections" n="5">legalkraus</bibl>
                  <bibl type="collections" n="12">Fackel</bibl>
                  <bibl type="collections" n="16">Bahr Textverzeichnis</bibl>
               </listBibl>
               <note type="references"> </note>
               <figure>
                  <graphic url="https://commons.wikimedia.org/w/index.php?title=Special:Redirect/file/Bezirksmuseum%20Josefstadt%2C%20Friedrich%20Hebbel.jpg"/>
               </figure>
            </person>
            <person xml:id="pmb11798">
               <persName>
                  <forename>Henrik</forename>
                  <surname>Ibsen</surname>
               </persName>
               <persName type="legacy-name-merge">Ibsen, Henrik</persName>
               <birth>
                  <date when-iso="1828-03-20">20.03.1828</date>
                  <settlement key="61065">
                     <placeName type="pref">Skien</placeName>
                     <location>
                        <geo>59,20962 9,60897</geo>
                     </location>
                  </settlement>
               </birth>
               <death>
                  <date when-iso="1906-05-23">23.05.1906</date>
                  <settlement key="36296">
                     <placeName type="pref">Oslo</placeName>
                     <location>
                        <geo>59,91273 10,74609</geo>
                     </location>
                  </settlement>
               </death>
               <sex value="male"/>
               <occupation key="90">Schriftsteller/Schriftstellerin</occupation>
               <idno type="URL" subtype="gnd">https://d-nb.info/gnd/118555286</idno>
               <idno type="URL" subtype="schnitzler-tagebuch">https://schnitzler-tagebuch.acdh.oeaw.ac.at/person_16432.html</idno>
               <idno type="URL" subtype="schnitzler-bahr">https://schnitzler-bahr.acdh.oeaw.ac.at/pmb11798.html</idno>
               <idno type="URL" subtype="pmb">https://pmb.acdh.oeaw.ac.at/entity/11798/</idno>
               <idno type="URL" subtype="schnitzler-briefe">https://schnitzler-briefe.acdh.oeaw.ac.at/pmb11798.html</idno>
               <idno type="URL" subtype="schnitzler-lektueren">https://schnitzler-lektueren.acdh.oeaw.ac.at/pmb11798.html</idno>
               <idno type="URL" subtype="legalkraus">https://kraus.wienbibliothek.at/register/personen/pmb11798</idno>
               <idno type="URL" subtype="fackel">https://fackel.oeaw.ac.at/?p=fackelp45852</idno>
               <idno type="URL" subtype="wikidata">http://www.wikidata.org/entity/Q36661</idno>
               <idno type="URL" subtype="wikipedia">https://de.wikipedia.org/wiki/Henrik_Ibsen</idno>
               <idno type="URL" subtype="schnitzler-interviews">https://schnitzler-interviews.acdh.oeaw.ac.at/pmb11798.html</idno>
               <idno type="URL" subtype="pmb">https://pmb.acdh.oeaw.ac.at/entity/160626/</idno>
               <idno type="URL" subtype="bahr-tsn">https://bahr-textverzeichnis.acdh.oeaw.ac.at/TSN-listperson.html#pmb11798</idno>
               <idno type="URL" subtype="bahr-textverzeichnis">https://bahr-textverzeichnis.acdh.oeaw.ac.at/pmb11798.html</idno>
               <idno type="URL" subtype="hanslick-online">https://hanslick.acdh.oeaw.ac.at/hsl_person_id_2145.html</idno>
               <listEvent>
                  <event key="61712" when-iso="1891-04-11">
                     <desc n="1370">teilgenommen an</desc>
                     <label>Ibsen-Bankett, 11.4.1891</label>
                     <idno type="URL" subtype="pmb">https://pmb.acdh.oeaw.ac.at/entity/61712/</idno>
                  </event>
                  <event key="89365" when-iso="1891-04-11">
                     <desc n="1370">teilgenommen an</desc>
                     <label>Premiere von Die Kronprätendenten, 11.4.1891</label>
                     <idno type="URL" subtype="pmb">https://pmb.acdh.oeaw.ac.at/entity/89365/</idno>
                  </event>
               </listEvent>
               <listBibl>
                  <bibl type="collections" n="5">legalkraus</bibl>
                  <bibl type="collections" n="12">Fackel</bibl>
                  <bibl type="collections" n="16">Bahr Textverzeichnis</bibl>
               </listBibl>
               <note type="references"> </note>
               <figure>
                  <graphic url="https://commons.wikimedia.org/w/index.php?title=Special:Redirect/file/Ibsen%20by%20Olrik.jpg"/>
               </figure>
            </person>
            <person xml:id="pmb11851">
               <persName>
                  <forename>Josef</forename>
                  <surname>Kainz</surname>
               </persName>
               <persName type="legacy-name-merge">Kainz, Josef</persName>
               <birth>
                  <date when-iso="1858-01-02">02.01.1858</date>
                  <settlement key="43475">
                     <placeName type="pref">Mosonmagyaróvár</placeName>
                     <location>
                        <geo>47,86789 17,26994</geo>
                     </location>
                  </settlement>
               </birth>
               <death>
                  <date when-iso="1910-09-20">20.09.1910</date>
                  <settlement key="50">
                     <placeName type="pref">Wien</placeName>
                     <location>
                        <geo>48,2066 16,37341</geo>
                     </location>
                  </settlement>
               </death>
               <sex value="male"/>
               <occupation key="105">Schauspieler/Schauspielerin</occupation>
               <idno type="URL" subtype="gnd">https://d-nb.info/gnd/118559389</idno>
               <idno type="URL" subtype="schnitzler-tagebuch">https://schnitzler-tagebuch.acdh.oeaw.ac.at/person_16646.html</idno>
               <idno type="URL" subtype="schnitzler-bahr">https://schnitzler-bahr.acdh.oeaw.ac.at/pmb11851.html</idno>
               <idno type="URL" subtype="pmb">https://pmb.acdh.oeaw.ac.at/entity/11851/</idno>
               <idno type="URL" subtype="schnitzler-briefe">https://schnitzler-briefe.acdh.oeaw.ac.at/pmb11851.html</idno>
               <idno type="URL" subtype="bahr-textverzeichnis">https://bahr-textverzeichnis.acdh.oeaw.ac.at/pmb11851.html</idno>
               <idno type="URL" subtype="fackel">https://fackel.oeaw.ac.at/?p=fackelp47103</idno>
               <idno type="URL" subtype="oebl">https://doi.org/10.1553/0x002820f2</idno>
               <idno type="URL" subtype="wikidata">http://www.wikidata.org/entity/Q697592</idno>
               <idno type="URL" subtype="wikipedia">https://de.wikipedia.org/wiki/Josef_Kainz</idno>
               <idno type="URL" subtype="schnitzler-kino">https://schnitzler-kino.acdh.oeaw.ac.at/pmb11851.html</idno>
               <idno type="URL" subtype="pmb">https://pmb.acdh.oeaw.ac.at/entity/160718/</idno>
               <idno type="URL" subtype="bahr-tsn">https://bahr-textverzeichnis.acdh.oeaw.ac.at/TSN-listperson.html#pmb11851</idno>
               <idno type="URL" subtype="schnitzler-interviews">https://schnitzler-interviews.acdh.oeaw.ac.at/pmb11851.html</idno>
               <listEvent>
                  <event key="35482" when-iso="1899-04-29">
                     <desc n="1256">ist Arbeitskraft bei</desc>
                     <label>Premiere von Der grüne Kakadu – Paracelsus – Die Gefährtin. Drei
                           Einakter, 29.4.1899</label>
                     <idno type="URL" subtype="pmb">https://pmb.acdh.oeaw.ac.at/entity/35482/</idno>
                  </event>
                  <event key="141446" when-iso="1899-12-01">
                     <desc n="1256">ist Arbeitskraft bei</desc>
                     <label>Aufführung Prinz Friedrich von Homburg, 1.12.1899</label>
                     <idno type="URL" subtype="pmb">https://pmb.acdh.oeaw.ac.at/entity/141446/</idno>
                  </event>
                  <event key="141417" when-iso="1899-12-17">
                     <desc n="1256">ist Arbeitskraft bei</desc>
                     <label>Aufführung von Der Verschwender, 17.12.1899</label>
                     <idno type="URL" subtype="pmb">https://pmb.acdh.oeaw.ac.at/entity/141417/</idno>
                  </event>
                  <event key="43208" when-iso="1899-12-19">
                     <desc n="1256">ist Arbeitskraft bei</desc>
                     <label>Aufführung von Esther, Gefährtin, Paracelsus, 19.12.1899</label>
                     <idno type="URL" subtype="pmb">https://pmb.acdh.oeaw.ac.at/entity/43208/</idno>
                  </event>
                  <event key="35173" when-iso="1905-10-12">
                     <desc n="1256">ist Arbeitskraft bei</desc>
                     <label>Uraufführung von Zwischenspiel, 12.10.1905</label>
                     <idno type="URL" subtype="pmb">https://pmb.acdh.oeaw.ac.at/entity/35173/</idno>
                  </event>
                  <event key="59624" when-iso="1906-05-15">
                     <desc n="1370">teilgenommen an</desc>
                     <label>Aufführung von Der einsame Weg, 15.5.1906</label>
                     <idno type="URL" subtype="pmb">https://pmb.acdh.oeaw.ac.at/entity/59624/</idno>
                  </event>
                  <event key="53022" when-iso="1908-11-18">
                     <desc n="1256">ist Arbeitskraft bei</desc>
                     <label>Generalprobe von Tantris, 18.11.1908</label>
                     <idno type="URL" subtype="pmb">https://pmb.acdh.oeaw.ac.at/entity/53022/</idno>
                  </event>
                  <event key="47592" when-iso="1908-11-29">
                     <desc n="1256">ist Arbeitskraft bei</desc>
                     <label>Heine-Feier des Vereins für Kunst und Kultur, 29.11.1908</label>
                     <idno type="URL" subtype="pmb">https://pmb.acdh.oeaw.ac.at/entity/47592/</idno>
                  </event>
               </listEvent>
               <listBibl>
                  <bibl type="collections" n="11">ÖBL nach 1850 geboren</bibl>
                  <bibl type="collections" n="12">Fackel</bibl>
                  <bibl type="collections" n="16">Bahr Textverzeichnis</bibl>
               </listBibl>
               <figure>
                  <graphic url="https://commons.wikimedia.org/w/index.php?title=Special:Redirect/file/Josef%20Kainz%20by%20Erwin%20Raupp.jpg"/>
               </figure>
            </person>
            <person xml:id="pmb11518">
               <persName>
                  <forename>Franz</forename>
                  <surname>Grillparzer</surname>
               </persName>
               <persName type="legacy-name-merge">Grillparzer, Franz</persName>
               <birth>
                  <date when-iso="1791-01-15">15.01.1791</date>
                  <settlement key="50">
                     <placeName type="pref">Wien</placeName>
                     <location>
                        <geo>48,2066 16,37341</geo>
                     </location>
                  </settlement>
               </birth>
               <death>
                  <date when-iso="1872-01-21">21.01.1872</date>
                  <settlement key="50">
                     <placeName type="pref">Wien</placeName>
                     <location>
                        <geo>48,2066 16,37341</geo>
                     </location>
                  </settlement>
               </death>
               <sex value="male"/>
               <occupation key="90">Schriftsteller/Schriftstellerin</occupation>
               <occupation key="1472">Beamter/Beamte</occupation>
               <idno type="URL" subtype="gnd">https://d-nb.info/gnd/118542192</idno>
               <idno type="URL" subtype="schnitzler-tagebuch">https://schnitzler-tagebuch.acdh.oeaw.ac.at/person_15661.html</idno>
               <idno type="URL" subtype="schnitzler-bahr">https://schnitzler-bahr.acdh.oeaw.ac.at/pmb11518.html</idno>
               <idno type="URL" subtype="pmb">https://pmb.acdh.oeaw.ac.at/entity/11518/</idno>
               <idno type="URL" subtype="schnitzler-briefe">https://schnitzler-briefe.acdh.oeaw.ac.at/pmb11518.html</idno>
               <idno type="URL" subtype="schnitzler-lektueren">https://schnitzler-lektueren.acdh.oeaw.ac.at/pmb11518.html</idno>
               <idno type="URL" subtype="legalkraus">https://kraus.wienbibliothek.at/register/personen/pmb11518</idno>
               <idno type="URL" subtype="fackel">https://fackel.oeaw.ac.at/?p=fackelp43482</idno>
               <idno type="URL" subtype="dritte-walpurgisnacht">https://kraus1933.ace.oeaw.ac.at/Gesamt.xml?template=register_personen.html&amp;letter=G#DWpers1208</idno>
               <idno type="URL" subtype="wikidata">http://www.wikidata.org/entity/Q154438</idno>
               <idno type="URL" subtype="wikipedia">https://de.wikipedia.org/wiki/Franz_Grillparzer</idno>
               <idno type="URL" subtype="oeml">https://dx.doi.org/10.1553/0x0001cfa1</idno>
               <idno type="URL" subtype="thun-korrespondenz">https://thun-korrespondenz.acdh.oeaw.ac.at/grillparzer-franz.html</idno>
               <idno type="URL" subtype="oebl">https://doi.org/10.1553/0x002818d2</idno>
               <idno type="URL" subtype="schnitzler-interviews">https://schnitzler-interviews.acdh.oeaw.ac.at/pmb11518.html</idno>
               <idno type="URL" subtype="pmb">https://pmb.acdh.oeaw.ac.at/entity/160293/</idno>
               <idno type="URL" subtype="bahr-tsn">https://bahr-textverzeichnis.acdh.oeaw.ac.at/TSN-listperson.html#pmb11518</idno>
               <idno type="URL" subtype="bahr-textverzeichnis">https://bahr-textverzeichnis.acdh.oeaw.ac.at/pmb11518.html</idno>
               <idno type="URL" subtype="hanslick-online">https://hanslick.acdh.oeaw.ac.at/hsl_person_id_721.html</idno>
               <idno type="URL" subtype="auden-musulin-papers">https://amp.acdh.oeaw.ac.at/amp_person_65.html</idno>
               <listBibl>
                  <bibl type="collections" n="5">legalkraus</bibl>
                  <bibl type="collections" n="10">Karl Kraus 1933: Dritte Walpurgisnacht</bibl>
                  <bibl type="collections" n="12">Fackel</bibl>
                  <bibl type="collections" n="16">Bahr Textverzeichnis</bibl>
               </listBibl>
               <note type="references"> </note>
               <figure>
                  <graphic url="https://commons.wikimedia.org/w/index.php?title=Special:Redirect/file/Grillparzer%20cropped.jpg"/>
               </figure>
            </person>
            <person xml:id="pmb2743">
               <persName>
                  <forename>Albert</forename>
                  <surname>Heine</surname>
               </persName>
               <persName type="legacy-name-merge">Heine, Albert</persName>
               <persName type="legacy-name-merge">Heine, Albert</persName>
               <birth>
                  <date when-iso="1867-11-16">16.11.1867</date>
                  <settlement key="35572">
                     <placeName type="pref">Braunschweig</placeName>
                     <location>
                        <geo>52,26594 10,52673</geo>
                     </location>
                  </settlement>
               </birth>
               <death>
                  <date when-iso="1949-04-13">13.4.1949</date>
                  <settlement key="47646">
                     <placeName type="pref">Westerland</placeName>
                     <location>
                        <geo>54,9079 8,30326</geo>
                     </location>
                  </settlement>
               </death>
               <sex value="male"/>
               <occupation key="103">Theaterleiter/Theaterleiterin</occupation>
               <occupation key="105">Schauspieler/Schauspielerin</occupation>
               <idno type="URL" subtype="gnd">https://d-nb.info/gnd/116659068</idno>
               <idno type="URL" subtype="schnitzler-bahr">https://schnitzler-bahr.acdh.oeaw.ac.at/pmb2743.html</idno>
               <idno type="URL" subtype="pmb">https://pmb.acdh.oeaw.ac.at/entity/2743/</idno>
               <idno type="URL" subtype="schnitzler-tagebuch">https://schnitzler-tagebuch.acdh.oeaw.ac.at/person_16046.html</idno>
               <idno type="URL" subtype="schnitzler-briefe">https://schnitzler-briefe.acdh.oeaw.ac.at/pmb2743.html</idno>
               <idno type="URL" subtype="fackel">https://fackel.oeaw.ac.at/?p=fackelp37919</idno>
               <idno type="URL" subtype="oebl">https://doi.org/10.1553/0x00281d1c</idno>
               <idno type="URL" subtype="wikidata">http://www.wikidata.org/entity/Q107583</idno>
               <idno type="URL" subtype="wikipedia">https://de.wikipedia.org/wiki/Albert_Heine</idno>
               <idno type="URL" subtype="schnitzler-kino">https://schnitzler-kino.acdh.oeaw.ac.at/pmb2743.html</idno>
               <idno type="URL" subtype="bahr-textverzeichnis">https://bahr-textverzeichnis.acdh.oeaw.ac.at/pmb2743.html</idno>
               <idno type="URL" subtype="pmb">https://pmb.acdh.oeaw.ac.at/entity/160445/</idno>
               <idno type="URL" subtype="bahr-tsn">https://bahr-textverzeichnis.acdh.oeaw.ac.at/TSN-listperson.html#pmb2743</idno>
               <affiliation>
                  <term key="1182">arbeitet für</term>
                  <orgName key="36247">Burgtheater</orgName>
                  <idno type="URL" subtype="gnd">https://d-nb.info/gnd/38633-9</idno>
                  <idno type="URL" subtype="pmb">https://pmb.acdh.oeaw.ac.at/entity/36247/</idno>
                  <idno type="URL" subtype="schnitzler-briefe">https://schnitzler-briefe.acdh.oeaw.ac.at/pmb36247.html</idno>
                  <idno type="URL" subtype="legalkraus">https://kraus.wienbibliothek.at/register/institutionen/pmb36247</idno>
                  <idno type="URL" subtype="wikidata">http://www.wikidata.org/entity/Q308720</idno>
                  <idno type="URL" subtype="wikipedia">https://de.wikipedia.org/wiki/Burgtheater</idno>
                  <idno type="URL" subtype="schnitzler-interviews">https://schnitzler-interviews.acdh.oeaw.ac.at/pmb36247.html</idno>
               </affiliation>
               <listEvent>
                  <event key="35113" when-iso="1904-12-12">
                     <desc n="1256">ist Arbeitskraft bei</desc>
                     <label>Premiere von Literatur, Die letzten Masken, Der Puppenspieler,
                           12.12.1904</label>
                     <idno type="URL" subtype="pmb">https://pmb.acdh.oeaw.ac.at/entity/35113/</idno>
                  </event>
                  <event key="42714" when-iso="1905-05-29">
                     <desc n="1256">ist Arbeitskraft bei</desc>
                     <label>Geschlossene Aufführung Die Büchse der Pandora, 29.5.1905</label>
                     <idno type="URL" subtype="pmb">https://pmb.acdh.oeaw.ac.at/entity/42714/</idno>
                  </event>
                  <event key="47603" when-iso="1908-09-12">
                     <desc n="1256">ist Arbeitskraft bei</desc>
                     <label>Aufführung von Faust, 12.9.1908</label>
                     <idno type="URL" subtype="pmb">https://pmb.acdh.oeaw.ac.at/entity/47603/</idno>
                  </event>
                  <event key="43911" when-iso="1910-10-22">
                     <desc n="1256">ist Arbeitskraft bei</desc>
                     <label>Generalprobe zur Trauerfeier für Josef Kainz, 22.10.1910</label>
                     <idno type="URL" subtype="pmb">https://pmb.acdh.oeaw.ac.at/entity/43911/</idno>
                  </event>
                  <event key="39987" when-iso="1910-10-23">
                     <desc n="1256">ist Arbeitskraft bei</desc>
                     <label>Trauerfeier für Josef Kainz am 23.10.1910</label>
                     <idno type="URL" subtype="pmb">https://pmb.acdh.oeaw.ac.at/entity/39987/</idno>
                  </event>
                  <event key="88534" when-iso="1911-10-14">
                     <desc n="1256">ist Arbeitskraft bei</desc>
                     <label>Premiere von Das weite Land, 14.10.1911 [I.]</label>
                     <idno type="URL" subtype="pmb">https://pmb.acdh.oeaw.ac.at/entity/35364/</idno>
                     <idno type="URL" subtype="pmb">https://pmb.acdh.oeaw.ac.at/entity/88534/</idno>
                  </event>
                  <event key="35424" when-iso="1920-03-26">
                     <desc n="1256">ist Arbeitskraft bei</desc>
                     <label>Uraufführung von Die Schwestern oder Casanova in Spa,
                           26.3.1920</label>
                     <idno type="URL" subtype="pmb">https://pmb.acdh.oeaw.ac.at/entity/35424/</idno>
                  </event>
                  <event key="143957" when-iso="1925-05-23">
                     <desc n="1256">ist Arbeitskraft bei</desc>
                     <label>Premiere von Der Schleier der Beatrice, 23.5.1925</label>
                     <idno type="URL" subtype="pmb">https://pmb.acdh.oeaw.ac.at/entity/143957/</idno>
                  </event>
                  <event key="35418" when-iso="1931-02-14">
                     <desc n="1256">ist Arbeitskraft bei</desc>
                     <label>Uraufführung von Der Gang zum Weiher, 14.2.1931</label>
                     <idno type="URL" subtype="pmb">https://pmb.acdh.oeaw.ac.at/entity/35418/</idno>
                  </event>
               </listEvent>
               <listBibl>
                  <bibl type="collections" n="11">ÖBL nach 1850 geboren</bibl>
                  <bibl type="collections" n="12">Fackel</bibl>
                  <bibl type="collections" n="16">Bahr Textverzeichnis</bibl>
               </listBibl>
               <figure>
                  <graphic url="https://commons.wikimedia.org/w/index.php?title=Special:Redirect/file/Albert%20Heine%201918%20Franz%20X.%20Setzer%20%28cropped%29.png"/>
               </figure>
            </person>
            <person xml:id="pmb2601">
               <persName>
                  <forename>Josef</forename>
                  <surname>Jarno</surname>
               </persName>
               <persName type="person_geburtsname_nachname">Kohner</persName>
               <persName type="namensvariante">Cohner</persName>
               <persName type="legacy-name-merge">Jarno, Josef</persName>
               <persName type="legacy-name-merge">Jarno, Josef</persName>
               <birth>
                  <date when-iso="1865-08-24">24.08.1865</date>
                  <settlement key="43471">
                     <placeName type="pref">Budapest</placeName>
                     <location>
                        <geo>47,49835 19,04045</geo>
                     </location>
                  </settlement>
               </birth>
               <death>
                  <date when-iso="1932-01-11">11.01.1932</date>
                  <settlement key="50">
                     <placeName type="pref">Wien</placeName>
                     <location>
                        <geo>48,2066 16,37341</geo>
                     </location>
                  </settlement>
               </death>
               <sex value="male"/>
               <occupation key="103">Theaterleiter/Theaterleiterin</occupation>
               <occupation key="105">Schauspieler/Schauspielerin</occupation>
               <idno type="URL" subtype="gnd">https://d-nb.info/gnd/116653981</idno>
               <idno type="URL" subtype="schnitzler-bahr">https://schnitzler-bahr.acdh.oeaw.ac.at/pmb2601.html</idno>
               <idno type="URL" subtype="pmb">https://pmb.acdh.oeaw.ac.at/entity/2601/</idno>
               <idno type="URL" subtype="schnitzler-tagebuch">https://schnitzler-tagebuch.acdh.oeaw.ac.at/person_16517.html</idno>
               <idno type="URL" subtype="schnitzler-briefe">https://schnitzler-briefe.acdh.oeaw.ac.at/pmb2601.html</idno>
               <idno type="URL" subtype="legalkraus">https://kraus.wienbibliothek.at/register/personen/pmb2601</idno>
               <idno type="URL" subtype="fackel">https://fackel.oeaw.ac.at/?p=fackelp47098</idno>
               <idno type="URL" subtype="oebl">https://doi.org/10.1553/0x00281fa7</idno>
               <idno type="URL" subtype="wikidata">http://www.wikidata.org/entity/Q86314</idno>
               <idno type="URL" subtype="wikipedia">https://de.wikipedia.org/wiki/Josef_Jarno</idno>
               <idno type="URL" subtype="schnitzler-interviews">https://schnitzler-interviews.acdh.oeaw.ac.at/pmb2601.html</idno>
               <idno type="URL" subtype="pmb">https://pmb.acdh.oeaw.ac.at/entity/160663/</idno>
               <idno type="URL" subtype="bahr-tsn">https://bahr-textverzeichnis.acdh.oeaw.ac.at/TSN-listperson.html#pmb2601</idno>
               <idno type="URL" subtype="bahr-textverzeichnis">https://bahr-textverzeichnis.acdh.oeaw.ac.at/pmb2601.html</idno>
               <affiliation notBefore-iso="1893-01-01"
                            when-iso="1893-01-01"
                            notAfter-iso="1893-12-31">
                  <term key="1182">arbeitet für</term>
                  <orgName key="42649">Saisontheater Ischl</orgName>
                  <idno type="URL" subtype="pmb">https://pmb.acdh.oeaw.ac.at/entity/42649/</idno>
                  <idno type="URL" subtype="schnitzler-briefe">https://schnitzler-briefe.acdh.oeaw.ac.at/pmb42649.html</idno>
               </affiliation>
               <affiliation notBefore-iso="1899-01-01"
                            when-iso="1899-01-01"
                            notAfter-iso="1899-12-31">
                  <term key="1182">arbeitet für</term>
                  <orgName key="39689">Theater in der Josefstadt</orgName>
                  <idno type="URL" subtype="gnd">https://d-nb.info/gnd/251387-0</idno>
                  <idno type="URL" subtype="pmb">https://pmb.acdh.oeaw.ac.at/entity/39689/</idno>
                  <idno type="URL" subtype="schnitzler-briefe">https://schnitzler-briefe.acdh.oeaw.ac.at/pmb39689.html</idno>
                  <idno type="URL" subtype="legalkraus">https://kraus.wienbibliothek.at/register/institutionen/pmb39689</idno>
                  <idno type="URL" subtype="wikidata">http://www.wikidata.org/entity/Q113470585</idno>
                  <idno type="URL" subtype="schnitzler-interviews">https://schnitzler-interviews.acdh.oeaw.ac.at/pmb39689.html</idno>
               </affiliation>
               <listEvent>
                  <event key="63396" when-iso="1893-03-29">
                     <desc n="1256">ist Arbeitskraft bei</desc>
                     <label>Vorstellung zu Gunsten der Rettungsgesellschaft (Gläubiger, Die
                           Statue des Kommandeurs), 29.3.1893</label>
                     <idno type="URL" subtype="pmb">https://pmb.acdh.oeaw.ac.at/entity/63396/</idno>
                  </event>
                  <event key="35284" when-iso="1893-07-14">
                     <desc n="1256">ist Arbeitskraft bei</desc>
                     <label>Uraufführung von Abschiedssouper, 14.7.1893</label>
                     <idno type="URL" subtype="pmb">https://pmb.acdh.oeaw.ac.at/entity/35284/</idno>
                  </event>
                  <event key="35382" when-iso="1898-10-08">
                     <desc n="1370">teilgenommen an</desc>
                     <label>Uraufführung von Das Vermächtnis, 8.10.1898</label>
                     <idno type="URL" subtype="pmb">https://pmb.acdh.oeaw.ac.at/entity/35382/</idno>
                  </event>
                  <event key="63002" when-iso="1900-02-23">
                     <desc n="1256">ist Arbeitskraft bei</desc>
                     <label>Einakterabend (Bagatelle; Er, sie und er; Abschied vom Regiment,
                           Abschiedssouper), 23.2.1900</label>
                     <idno type="URL" subtype="pmb">https://pmb.acdh.oeaw.ac.at/entity/63002/</idno>
                  </event>
                  <event key="143820" when-iso="1900-04-15">
                     <desc n="1370">teilgenommen an</desc>
                     <label>Bankett für Ludwig Speidel, 15.4.1900</label>
                     <idno type="URL" subtype="pmb">https://pmb.acdh.oeaw.ac.at/entity/143820/</idno>
                  </event>
                  <event key="35113" when-iso="1904-12-12">
                     <desc n="1256">ist Arbeitskraft bei</desc>
                     <label>Premiere von Literatur, Die letzten Masken, Der Puppenspieler,
                           12.12.1904</label>
                     <idno type="URL" subtype="pmb">https://pmb.acdh.oeaw.ac.at/entity/35113/</idno>
                  </event>
               </listEvent>
               <listBibl>
                  <bibl type="collections" n="5">legalkraus</bibl>
                  <bibl type="collections" n="11">ÖBL nach 1850 geboren</bibl>
                  <bibl type="collections" n="12">Fackel</bibl>
                  <bibl type="collections" n="16">Bahr Textverzeichnis</bibl>
               </listBibl>
               <note type="references"> </note>
               <figure>
                  <graphic url="https://commons.wikimedia.org/w/index.php?title=Special:Redirect/file/Josef%20Jarno%201901%20Scolik.jpg"/>
               </figure>
            </person>
            <person xml:id="pmb28414">
               <persName>
                  <forename>Adalbert</forename>
                  <surname>Matkowsky</surname>
               </persName>
               <birth>
                  <date notBefore-iso="1857-01-01"
                        when-iso="1857-01-01"
                        notAfter-iso="1857-12-31">1857</date>
                  <settlement key="42605">
                     <placeName type="pref">Kaliningrad</placeName>
                     <location>
                        <geo>54,70649 20,51095</geo>
                     </location>
                  </settlement>
               </birth>
               <death>
                  <date when-iso="1909-01-01" notAfter-iso="1909-12-31">1909</date>
                  <settlement key="168">
                     <placeName type="pref">Berlin</placeName>
                     <location>
                        <geo>52,52437 13,41053</geo>
                     </location>
                  </settlement>
               </death>
               <sex value="male"/>
               <occupation key="105">Schauspieler/Schauspielerin</occupation>
               <idno type="URL" subtype="schnitzler-bahr">https://schnitzler-bahr.acdh.oeaw.ac.at/pmb28414.html</idno>
               <idno type="URL" subtype="pmb">https://pmb.acdh.oeaw.ac.at/entity/28414/</idno>
               <idno type="URL" subtype="bahr-textverzeichnis">https://bahr-textverzeichnis.acdh.oeaw.ac.at/pmb28414.html</idno>
            </person>
            <person xml:id="pmb12530">
               <persName>
                  <forename>Rudolf</forename>
                  <surname>Rittner</surname>
               </persName>
               <persName type="legacy-name-merge">Rittner, Rudolf</persName>
               <birth>
                  <date when-iso="1869-06-30">30.06.1869</date>
                  <settlement key="40151">
                     <placeName type="pref">Bílý Potok</placeName>
                     <location>
                        <geo>50,87374 15,22209</geo>
                     </location>
                  </settlement>
               </birth>
               <death>
                  <date when-iso="1943-02-04">04.02.1943</date>
                  <settlement key="40151">
                     <placeName type="pref">Bílý Potok</placeName>
                     <location>
                        <geo>50,87374 15,22209</geo>
                     </location>
                  </settlement>
               </death>
               <sex value="male"/>
               <occupation key="103">Theaterleiter/Theaterleiterin</occupation>
               <occupation key="105">Schauspieler/Schauspielerin</occupation>
               <idno type="URL" subtype="gnd">https://d-nb.info/gnd/118788981</idno>
               <idno type="URL" subtype="schnitzler-tagebuch">https://schnitzler-tagebuch.acdh.oeaw.ac.at/person_19288.html</idno>
               <idno type="URL" subtype="schnitzler-bahr">https://schnitzler-bahr.acdh.oeaw.ac.at/pmb12530.html</idno>
               <idno type="URL" subtype="pmb">https://pmb.acdh.oeaw.ac.at/entity/12530/</idno>
               <idno type="URL" subtype="schnitzler-briefe">https://schnitzler-briefe.acdh.oeaw.ac.at/pmb12530.html</idno>
               <idno type="URL" subtype="fackel">https://fackel.oeaw.ac.at/?p=fackelp52606</idno>
               <idno type="URL" subtype="oebl">https://doi.org/10.1553/0x0028425b</idno>
               <idno type="URL" subtype="wikidata">http://www.wikidata.org/entity/Q90655</idno>
               <idno type="URL" subtype="bahr-textverzeichnis">https://bahr-textverzeichnis.acdh.oeaw.ac.at/pmb12530.html</idno>
               <idno type="URL" subtype="wikipedia">https://de.wikipedia.org/wiki/Rudolf_Rittner</idno>
               <idno type="URL" subtype="schnitzler-kino">https://schnitzler-kino.acdh.oeaw.ac.at/pmb12530.html</idno>
               <idno type="URL" subtype="schnitzler-interviews">https://schnitzler-interviews.acdh.oeaw.ac.at/pmb12530.html</idno>
               <idno type="URL" subtype="pmb">https://pmb.acdh.oeaw.ac.at/entity/161887/</idno>
               <idno type="URL" subtype="bahr-tsn">https://bahr-textverzeichnis.acdh.oeaw.ac.at/TSN-listperson.html#pmb12530</idno>
               <listEvent>
                  <event key="63396" when-iso="1893-03-29">
                     <desc n="1256">ist Arbeitskraft bei</desc>
                     <label>Vorstellung zu Gunsten der Rettungsgesellschaft (Gläubiger, Die
                           Statue des Kommandeurs), 29.3.1893</label>
                     <idno type="URL" subtype="pmb">https://pmb.acdh.oeaw.ac.at/entity/63396/</idno>
                  </event>
                  <event key="35206" when-iso="1896-02-04">
                     <desc n="1370">teilgenommen an</desc>
                     <label>Premiere von Liebelei und Der zerbrochene Krug, 4.2.1896</label>
                     <idno type="URL" subtype="pmb">https://pmb.acdh.oeaw.ac.at/entity/35206/</idno>
                  </event>
                  <event key="35382" when-iso="1898-10-08">
                     <desc n="1256">ist Arbeitskraft bei</desc>
                     <label>Uraufführung von Das Vermächtnis, 8.10.1898</label>
                     <idno type="URL" subtype="pmb">https://pmb.acdh.oeaw.ac.at/entity/35382/</idno>
                  </event>
                  <event key="35482" when-iso="1899-04-29">
                     <desc n="1256">ist Arbeitskraft bei</desc>
                     <label>Premiere von Der grüne Kakadu – Paracelsus – Die Gefährtin. Drei
                           Einakter, 29.4.1899</label>
                     <idno type="URL" subtype="pmb">https://pmb.acdh.oeaw.ac.at/entity/35482/</idno>
                  </event>
                  <event key="141479" when-iso="1900-02-03">
                     <desc n="1256">ist Arbeitskraft bei</desc>
                     <label>Uraufführung von Schluck und Jau, 3. 2. 1900</label>
                     <idno type="URL" subtype="pmb">https://pmb.acdh.oeaw.ac.at/entity/141479/</idno>
                  </event>
                  <event key="144171" when-iso="1901-11-27">
                     <desc n="1256">ist Arbeitskraft bei</desc>
                     <label>Uraufführung Der rothe Hahn, 27.11.1901</label>
                     <idno type="URL" subtype="pmb">https://pmb.acdh.oeaw.ac.at/entity/144171/</idno>
                  </event>
                  <event key="35104" when-iso="1902-01-04">
                     <desc n="1256">ist Arbeitskraft bei</desc>
                     <label>Uraufführung von Lebendige Stunden, 4.1.1902</label>
                     <idno type="URL" subtype="pmb">https://pmb.acdh.oeaw.ac.at/entity/35104/</idno>
                  </event>
                  <event key="35098" when-iso="1903-03-07">
                     <desc n="1256">ist Arbeitskraft bei</desc>
                     <label>Premiere von Der Schleier der Beatrice, 7.3.1903</label>
                     <idno type="URL" subtype="pmb">https://pmb.acdh.oeaw.ac.at/entity/35098/</idno>
                  </event>
                  <event key="35272" when-iso="1904-02-13">
                     <desc n="1256">ist Arbeitskraft bei</desc>
                     <label>Uraufführung von Der einsame Weg, 13.2.1904</label>
                     <idno type="URL" subtype="pmb">https://pmb.acdh.oeaw.ac.at/entity/35272/</idno>
                  </event>
                  <event key="35179" when-iso="1906-02-24">
                     <desc n="1256">ist Arbeitskraft bei</desc>
                     <label>Premiere von Der Ruf des Lebens, 24.2.1906</label>
                     <idno type="URL" subtype="pmb">https://pmb.acdh.oeaw.ac.at/entity/35179/</idno>
                  </event>
               </listEvent>
               <listBibl>
                  <bibl type="collections" n="11">ÖBL nach 1850 geboren</bibl>
                  <bibl type="collections" n="12">Fackel</bibl>
                  <bibl type="collections" n="16">Bahr Textverzeichnis</bibl>
               </listBibl>
               <note type="references"> </note>
               <figure>
                  <graphic url="https://commons.wikimedia.org/w/index.php?title=Special:Redirect/file/Lovis%20Corinth%20Portr%C3%A4t%20des%20Rudolf%20Rittner%20als%20Florian%20Geyer%201906.jpg"/>
               </figure>
            </person>
            <person xml:id="pmb10844">
               <persName>
                  <forename>Albert</forename>
                  <surname>Bassermann</surname>
               </persName>
               <birth>
                  <date when-iso="1867-09-07">07.09.1867</date>
                  <settlement key="881">
                     <placeName type="pref">Mannheim</placeName>
                     <location>
                        <geo>49,4891 8,46694</geo>
                     </location>
                  </settlement>
               </birth>
               <death>
                  <date when-iso="1952-05-15">15.05.1952</date>
                  <settlement key="12376">
                     <placeName type="pref">Atlantischer Ozean</placeName>
                     <location>
                        <geo>7,0 -31,0</geo>
                     </location>
                  </settlement>
               </death>
               <sex value="male"/>
               <occupation key="105">Schauspieler/Schauspielerin</occupation>
               <idno type="URL" subtype="gnd">https://d-nb.info/gnd/118653407</idno>
               <idno type="URL" subtype="schnitzler-tagebuch">https://schnitzler-tagebuch.acdh.oeaw.ac.at/person_13457.html</idno>
               <idno type="URL" subtype="schnitzler-bahr">https://schnitzler-bahr.acdh.oeaw.ac.at/pmb10844.html</idno>
               <idno type="URL" subtype="pmb">https://pmb.acdh.oeaw.ac.at/entity/10844/</idno>
               <idno type="URL" subtype="schnitzler-briefe">https://schnitzler-briefe.acdh.oeaw.ac.at/pmb10844.html</idno>
               <idno type="URL" subtype="legalkraus">https://kraus.wienbibliothek.at/register/personen/pmb10844</idno>
               <idno type="URL" subtype="fackel">https://fackel.oeaw.ac.at/?p=fackelp37905</idno>
               <idno type="URL" subtype="wikidata">http://www.wikidata.org/entity/Q64150</idno>
               <idno type="URL" subtype="wikipedia">https://de.wikipedia.org/wiki/Albert_Bassermann</idno>
               <idno type="URL" subtype="schnitzler-kino">https://schnitzler-kino.acdh.oeaw.ac.at/pmb10844.html</idno>
               <idno type="URL" subtype="schnitzler-interviews">https://schnitzler-interviews.acdh.oeaw.ac.at/pmb10844.html</idno>
               <idno type="URL" subtype="bahr-textverzeichnis">https://bahr-textverzeichnis.acdh.oeaw.ac.at/pmb10844.html</idno>
               <affiliation>
                  <term key="1182">arbeitet für</term>
                  <orgName key="37214">Neue Wiener Bühne</orgName>
                  <idno type="URL" subtype="pmb">https://pmb.acdh.oeaw.ac.at/entity/37214/</idno>
                  <idno type="URL" subtype="schnitzler-briefe">https://schnitzler-briefe.acdh.oeaw.ac.at/pmb37214.html</idno>
                  <idno type="URL" subtype="pmb">https://pmb.acdh.oeaw.ac.at/entity/60476/</idno>
                  <idno type="URL" subtype="legalkraus">https://kraus.wienbibliothek.at/register/institutionen/pmb37214</idno>
                  <idno type="URL" subtype="wiengeschichtewiki">https://www.geschichtewiki.wien.gv.at/Neue_Wiener_Bühne</idno>
               </affiliation>
               <listEvent>
                  <event key="144171" when-iso="1901-11-27">
                     <desc n="1256">ist Arbeitskraft bei</desc>
                     <label>Uraufführung Der rothe Hahn, 27.11.1901</label>
                     <idno type="URL" subtype="pmb">https://pmb.acdh.oeaw.ac.at/entity/144171/</idno>
                  </event>
                  <event key="35104" when-iso="1902-01-04">
                     <desc n="1256">ist Arbeitskraft bei</desc>
                     <label>Uraufführung von Lebendige Stunden, 4.1.1902</label>
                     <idno type="URL" subtype="pmb">https://pmb.acdh.oeaw.ac.at/entity/35104/</idno>
                  </event>
                  <event key="35098" when-iso="1903-03-07">
                     <desc n="1256">ist Arbeitskraft bei</desc>
                     <label>Premiere von Der Schleier der Beatrice, 7.3.1903</label>
                     <idno type="URL" subtype="pmb">https://pmb.acdh.oeaw.ac.at/entity/35098/</idno>
                  </event>
                  <event key="35116" when-iso="1903-09-12">
                     <desc n="1256">ist Arbeitskraft bei</desc>
                     <label>Uraufführung von Der Puppenspieler, Premiere von Das Trugbild,
                           12.9.1903</label>
                     <idno type="URL" subtype="pmb">https://pmb.acdh.oeaw.ac.at/entity/35116/</idno>
                  </event>
                  <event key="35272" when-iso="1904-02-03">
                     <desc n="1256">ist Arbeitskraft bei</desc>
                     <label>Uraufführung von Der einsame Weg, 13.2.1904</label>
                     <idno type="URL" subtype="pmb">https://pmb.acdh.oeaw.ac.at/entity/35272/</idno>
                  </event>
                  <event key="35176" when-iso="1905-11-25">
                     <desc n="1256">ist Arbeitskraft bei</desc>
                     <label>Premiere von Zwischenspiel, 25.11.1905</label>
                     <idno type="URL" subtype="pmb">https://pmb.acdh.oeaw.ac.at/entity/35176/</idno>
                  </event>
                  <event key="35179" when-iso="1906-02-24">
                     <desc n="1256">ist Arbeitskraft bei</desc>
                     <label>Premiere von Der Ruf des Lebens, 24.2.1906</label>
                     <idno type="URL" subtype="pmb">https://pmb.acdh.oeaw.ac.at/entity/35179/</idno>
                  </event>
                  <event key="59624" when-iso="1906-05-15">
                     <desc n="1256">ist Arbeitskraft bei</desc>
                     <label>Aufführung von Der einsame Weg, 15.5.1906</label>
                     <idno type="URL" subtype="pmb">https://pmb.acdh.oeaw.ac.at/entity/59624/</idno>
                  </event>
                  <event key="147729" when-iso="1907-10-15">
                     <desc n="1256">ist Arbeitskraft bei</desc>
                     <label>Uraufführung von Vom andern Ufer, 15.10.1907</label>
                     <idno type="URL" subtype="pmb">https://pmb.acdh.oeaw.ac.at/entity/147729/</idno>
                  </event>
                  <event key="163044" when-iso="1915-10-23">
                     <desc n="1256">ist Arbeitskraft bei</desc>
                     <label>Premiere von Komödie der Worte, 23.10.1915</label>
                     <idno type="URL" subtype="pmb">https://pmb.acdh.oeaw.ac.at/entity/163044/</idno>
                  </event>
                  <event key="59390" when-iso="1924-09-18">
                     <desc n="1256">ist Arbeitskraft bei</desc>
                     <label>Premiere von Der einsame Weg, 18.9.1924</label>
                     <idno type="URL" subtype="pmb">https://pmb.acdh.oeaw.ac.at/entity/59390/</idno>
                  </event>
                  <event key="59579" when-iso="1925-11-14">
                     <desc n="1256">ist Arbeitskraft bei</desc>
                     <label>Premiere von Der einsame Weg, 14.11.1925</label>
                     <idno type="URL" subtype="pmb">https://pmb.acdh.oeaw.ac.at/entity/59579/</idno>
                  </event>
               </listEvent>
               <listBibl>
                  <bibl type="collections" n="5">legalkraus</bibl>
                  <bibl type="collections" n="12">Fackel</bibl>
               </listBibl>
               <figure>
                  <graphic url="https://commons.wikimedia.org/w/index.php?title=Special:Redirect/file/Foreign%20Correspondent%20trailer%2020%20Basserman.jpg"/>
               </figure>
            </person>
            <person xml:id="pmb12491">
               <persName>
                  <forename>Emanuel</forename>
                  <surname>Reicher</surname>
               </persName>
               <persName type="legacy-name-merge">Reicher, Emanuel</persName>
               <birth>
                  <date when-iso="1849-06-18">18.06.1849</date>
                  <settlement key="59412">
                     <placeName type="pref">Bochnia</placeName>
                     <location>
                        <geo>49,96905 20,43028</geo>
                     </location>
                  </settlement>
               </birth>
               <death>
                  <date when-iso="1924-05-15">15.05.1924</date>
                  <settlement key="168">
                     <placeName type="pref">Berlin</placeName>
                     <location>
                        <geo>52,52437 13,41053</geo>
                     </location>
                  </settlement>
               </death>
               <sex value="male"/>
               <occupation key="105">Schauspieler/Schauspielerin</occupation>
               <idno type="URL" subtype="gnd">https://d-nb.info/gnd/116398949</idno>
               <idno type="URL" subtype="schnitzler-tagebuch">https://schnitzler-tagebuch.acdh.oeaw.ac.at/person_19126.html</idno>
               <idno type="URL" subtype="schnitzler-bahr">https://schnitzler-bahr.acdh.oeaw.ac.at/pmb12491.html</idno>
               <idno type="URL" subtype="pmb">https://pmb.acdh.oeaw.ac.at/entity/12491/</idno>
               <idno type="URL" subtype="schnitzler-briefe">https://schnitzler-briefe.acdh.oeaw.ac.at/pmb12491.html</idno>
               <idno type="URL" subtype="bahr-textverzeichnis">https://bahr-textverzeichnis.acdh.oeaw.ac.at/pmb12491.html</idno>
               <idno type="URL" subtype="fackel">https://fackel.oeaw.ac.at/?p=fackelp42589</idno>
               <idno type="URL" subtype="wikidata">http://www.wikidata.org/entity/Q87440</idno>
               <idno type="URL" subtype="wikipedia">https://de.wikipedia.org/wiki/Emanuel_Reicher</idno>
               <idno type="URL" subtype="oebl">https://doi.org/10.1553/0x002840d0</idno>
               <idno type="URL" subtype="schnitzler-interviews">https://schnitzler-interviews.acdh.oeaw.ac.at/pmb12491.html</idno>
               <idno type="URL" subtype="pmb">https://pmb.acdh.oeaw.ac.at/entity/161823/</idno>
               <idno type="URL" subtype="bahr-tsn">https://bahr-textverzeichnis.acdh.oeaw.ac.at/TSN-listperson.html#pmb12491</idno>
               <listEvent>
                  <event key="144147" when-iso="1891-01-11">
                     <desc n="1256">ist Arbeitskraft bei</desc>
                     <label>Uraufführung von Einsame Menschen, 11.1.1891</label>
                     <idno type="URL" subtype="pmb">https://pmb.acdh.oeaw.ac.at/entity/144147/</idno>
                  </event>
                  <event key="48776" when-iso="1892-02-08">
                     <desc n="1370">teilgenommen an</desc>
                     <label>Premiere von College Crampton, 8.2.1892</label>
                     <idno type="URL" subtype="pmb">https://pmb.acdh.oeaw.ac.at/entity/48776/</idno>
                  </event>
                  <event key="42992" when-iso="1893-01-10">
                     <desc n="1256">ist Arbeitskraft bei</desc>
                     <label>Privataufführung von Frage an das Schicksal, 10.1.1893</label>
                     <idno type="URL" subtype="pmb">https://pmb.acdh.oeaw.ac.at/entity/42992/</idno>
                  </event>
                  <event key="35152" when-iso="1896-11-03">
                     <desc n="1256">ist Arbeitskraft bei</desc>
                     <label>Uraufführung von Freiwild. Schauspiel in 3 Akten, 3.11.1896</label>
                     <idno type="URL" subtype="pmb">https://pmb.acdh.oeaw.ac.at/entity/35152/</idno>
                  </event>
                  <event key="51741" when-iso="1905-06-27">
                     <desc n="1256">ist Arbeitskraft bei</desc>
                     <label>Aufführung von Die Juden, 27.6.1905</label>
                     <idno type="URL" subtype="pmb">https://pmb.acdh.oeaw.ac.at/entity/51741/</idno>
                  </event>
                  <event key="35179" when-iso="1906-02-24">
                     <desc n="1256">ist Arbeitskraft bei</desc>
                     <label>Premiere von Der Ruf des Lebens, 24.2.1906</label>
                     <idno type="URL" subtype="pmb">https://pmb.acdh.oeaw.ac.at/entity/35179/</idno>
                  </event>
                  <event key="147446" when-iso="1906-04-19">
                     <desc n="1256">ist Arbeitskraft bei</desc>
                     <label>Aufführung von Der einsame Weg, 19.4.1906</label>
                     <idno type="URL" subtype="pmb">https://pmb.acdh.oeaw.ac.at/entity/147446/</idno>
                  </event>
                  <event key="59624" when-iso="1906-05-15">
                     <desc n="1256">ist Arbeitskraft bei</desc>
                     <label>Aufführung von Der einsame Weg, 15.5.1906</label>
                     <idno type="URL" subtype="pmb">https://pmb.acdh.oeaw.ac.at/entity/59624/</idno>
                  </event>
                  <event key="47101" when-iso="1911-02-27">
                     <desc n="1256">ist Arbeitskraft bei</desc>
                     <label>40. Aufführung von Anatol, 27.2.1911</label>
                     <idno type="URL" subtype="pmb">https://pmb.acdh.oeaw.ac.at/entity/47101/</idno>
                  </event>
               </listEvent>
               <listBibl>
                  <bibl type="collections" n="12">Fackel</bibl>
                  <bibl type="collections" n="16">Bahr Textverzeichnis</bibl>
               </listBibl>
               <note type="references"> </note>
               <figure>
                  <graphic url="https://commons.wikimedia.org/w/index.php?title=Special:Redirect/file/Emanuel%20Reicher.jpg"/>
               </figure>
            </person>
            <person xml:id="pmb10627">
               <persName>
                  <forename>Ludwig</forename>
                  <surname>Wüllner</surname>
               </persName>
               <birth>
                  <date when-iso="1858-08-19">19.08.1858</date>
                  <settlement key="45346">
                     <placeName type="pref">Münster</placeName>
                     <location>
                        <geo>51,96236 7,62571</geo>
                     </location>
                  </settlement>
               </birth>
               <death>
                  <date when-iso="1938-03-19">19.03.1938</date>
                  <settlement key="907">
                     <placeName type="pref">Kiel</placeName>
                     <location>
                        <geo>54,32133 10,13489</geo>
                     </location>
                  </settlement>
               </death>
               <sex value="male"/>
               <occupation key="105">Schauspieler/Schauspielerin</occupation>
               <occupation key="107">Sänger/Sängerin</occupation>
               <occupation key="242">Rezitator/Rezitatorin</occupation>
               <idno type="URL" subtype="gnd">https://d-nb.info/gnd/117432563</idno>
               <idno type="URL" subtype="schnitzler-tagebuch">https://schnitzler-tagebuch.acdh.oeaw.ac.at/person_21476.html</idno>
               <idno type="URL" subtype="pmb">https://pmb.acdh.oeaw.ac.at/entity/10627/</idno>
               <idno type="URL" subtype="fackel">https://fackel.oeaw.ac.at/?p=fackelp49355</idno>
               <idno type="URL" subtype="wikidata">http://www.wikidata.org/entity/Q1596871</idno>
               <idno type="URL" subtype="wikipedia">https://de.wikipedia.org/wiki/Ludwig_W%C3%BCllner</idno>
               <idno type="URL" subtype="bahr-textverzeichnis">https://bahr-textverzeichnis.acdh.oeaw.ac.at/pmb10627.html</idno>
               <listBibl>
                  <bibl type="collections" n="12">Fackel</bibl>
               </listBibl>
               <figure>
                  <graphic url="https://commons.wikimedia.org/w/index.php?title=Special:Redirect/file/Nicola%20Perscheid%20-%20Ludwig%20W%C3%BCllner%20um%201910.jpg"/>
               </figure>
            </person>
            <person xml:id="pmb12504">
               <persName>
                  <forename>Max</forename>
                  <surname>Reinhardt</surname>
               </persName>
               <persName type="person_geburtsname_nachname">Goldmann</persName>
               <persName type="legacy-name-merge">Reinhardt, Max</persName>
               <birth>
                  <date when-iso="1873-09-09">09.09.1873</date>
                  <settlement key="662">
                     <placeName type="pref">Baden bei Wien</placeName>
                     <location>
                        <geo>48,00543 16,23264</geo>
                     </location>
                  </settlement>
               </birth>
               <death>
                  <date when-iso="1943-10-30">30.10.1943</date>
                  <settlement key="44053">
                     <placeName type="pref">New York City</placeName>
                     <location>
                        <geo>40,71427 -74,00597</geo>
                     </location>
                  </settlement>
               </death>
               <sex value="male"/>
               <occupation key="103">Theaterleiter/Theaterleiterin</occupation>
               <occupation key="104">Regisseur/Regisseurin</occupation>
               <occupation key="105">Schauspieler/Schauspielerin</occupation>
               <idno type="URL" subtype="gnd">https://d-nb.info/gnd/118599380</idno>
               <idno type="URL" subtype="schnitzler-tagebuch">https://schnitzler-tagebuch.acdh.oeaw.ac.at/person_19154.html</idno>
               <idno type="URL" subtype="schnitzler-bahr">https://schnitzler-bahr.acdh.oeaw.ac.at/pmb12504.html</idno>
               <idno type="URL" subtype="pmb">https://pmb.acdh.oeaw.ac.at/entity/12504/</idno>
               <idno type="URL" subtype="schnitzler-briefe">https://schnitzler-briefe.acdh.oeaw.ac.at/pmb12504.html</idno>
               <idno type="URL" subtype="legalkraus">https://kraus.wienbibliothek.at/register/personen/pmb12504</idno>
               <idno type="URL" subtype="fackel">https://fackel.oeaw.ac.at/?p=fackelp49966</idno>
               <idno type="URL" subtype="dritte-walpurgisnacht">https://kraus1933.ace.oeaw.ac.at/Gesamt.xml?template=register_personen.html&amp;letter=R#DWpers0195</idno>
               <idno type="URL" subtype="oebl">https://doi.org/10.1553/0x002840f0</idno>
               <idno type="URL" subtype="wikidata">http://www.wikidata.org/entity/Q78639</idno>
               <idno type="URL" subtype="wikipedia">https://de.wikipedia.org/wiki/Max_Reinhardt</idno>
               <idno type="URL" subtype="oeml">https://dx.doi.org/10.1553/0x0001decb</idno>
               <idno type="URL" subtype="schnitzler-kino">https://schnitzler-kino.acdh.oeaw.ac.at/pmb12504.html</idno>
               <idno type="URL" subtype="schnitzler-interviews">https://schnitzler-interviews.acdh.oeaw.ac.at/pmb12504.html</idno>
               <idno type="URL" subtype="bahr-textverzeichnis">https://bahr-textverzeichnis.acdh.oeaw.ac.at/pmb12504.html</idno>
               <idno type="URL" subtype="pmb">https://pmb.acdh.oeaw.ac.at/entity/161833/</idno>
               <idno type="URL" subtype="bahr-tsn">https://bahr-textverzeichnis.acdh.oeaw.ac.at/TSN-listperson.html#pmb12504</idno>
               <affiliation notBefore-iso="1902-01-01"
                            when-iso="1902-01-01"
                            notAfter-iso="1902-12-31">
                  <term key="1409">besitzt</term>
                  <orgName key="45417">Reinhardt-Bühnen</orgName>
                  <idno type="URL" subtype="pmb">https://pmb.acdh.oeaw.ac.at/entity/45417/</idno>
                  <idno type="URL" subtype="wikidata">http://www.wikidata.org/entity/Q2141170</idno>
                  <idno type="URL" subtype="wikipedia">https://de.wikipedia.org/wiki/Reinhardt-B%C3%BChnen</idno>
               </affiliation>
               <affiliation notBefore-iso="1905-10-01"
                            when-iso="1905-10-01"
                            notAfter-iso="1905-10-31">
                  <term key="1182">arbeitet für</term>
                  <orgName key="35597">Deutsches Theater Berlin</orgName>
                  <idno type="URL" subtype="wikidata">http://www.wikidata.org/entity/Q703955</idno>
                  <idno type="URL" subtype="gnd">https://d-nb.info/gnd/4058252-8</idno>
                  <idno type="URL" subtype="pmb">https://pmb.acdh.oeaw.ac.at/entity/35597/</idno>
                  <idno type="URL" subtype="schnitzler-briefe">https://schnitzler-briefe.acdh.oeaw.ac.at/pmb35597.html</idno>
                  <idno type="URL" subtype="legalkraus">https://kraus.wienbibliothek.at/register/institutionen/pmb35597</idno>
                  <idno type="URL" subtype="wikipedia">https://de.wikipedia.org/wiki/Deutsches_Theater_Berlin</idno>
                  <idno type="URL" subtype="schnitzler-interviews">https://schnitzler-interviews.acdh.oeaw.ac.at/pmb35597.html</idno>
               </affiliation>
               <affiliation notBefore-iso="1909-01-01"
                            when-iso="1909-01-01"
                            notAfter-iso="1909-12-31">
                  <term key="1409">besitzt</term>
                  <orgName key="47607">Münchner Künstlertheater</orgName>
                  <idno type="URL" subtype="pmb">https://pmb.acdh.oeaw.ac.at/entity/47607/</idno>
                  <idno type="URL" subtype="schnitzler-briefe">https://schnitzler-briefe.acdh.oeaw.ac.at/pmb47607.html</idno>
               </affiliation>
               <affiliation>
                  <term key="1409">besitzt</term>
                  <orgName key="118599">Schall und Rauch</orgName>
                  <idno type="URL" subtype="pmb">https://pmb.acdh.oeaw.ac.at/entity/118599/</idno>
                  <idno type="URL" subtype="gnd">https://d-nb.info/gnd/2082127-X</idno>
               </affiliation>
               <affiliation>
                  <term key="1182">arbeitet für</term>
                  <orgName key="142554">Secessionsbühne</orgName>
                  <idno type="URL" subtype="pmb">https://pmb.acdh.oeaw.ac.at/entity/142554/</idno>
                  <idno type="URL" subtype="wikidata">http://www.wikidata.org/entity/Q106352887</idno>
                  <idno type="URL" subtype="wikipedia">https://de.wikipedia.org/wiki/Secessionsb%C3%BChne</idno>
               </affiliation>
               <listEvent>
                  <event key="40436" when-iso="1893-01-14">
                     <desc n="1256">ist Arbeitskraft bei</desc>
                     <label>Aufführung von Die Räuber, 14.1.1893</label>
                     <idno type="URL" subtype="pmb">https://pmb.acdh.oeaw.ac.at/entity/40436/</idno>
                  </event>
                  <event key="35152" when-iso="1896-11-03">
                     <desc n="1256">ist Arbeitskraft bei</desc>
                     <label>Uraufführung von Freiwild. Schauspiel in 3 Akten, 3.11.1896</label>
                     <idno type="URL" subtype="pmb">https://pmb.acdh.oeaw.ac.at/entity/35152/</idno>
                  </event>
                  <event key="35482" when-iso="1899-04-29">
                     <desc n="1256">ist Arbeitskraft bei</desc>
                     <label>Premiere von Der grüne Kakadu – Paracelsus – Die Gefährtin. Drei
                           Einakter, 29.4.1899</label>
                     <idno type="URL" subtype="pmb">https://pmb.acdh.oeaw.ac.at/entity/35482/</idno>
                  </event>
                  <event key="144171" when-iso="1901-11-27">
                     <desc n="1256">ist Arbeitskraft bei</desc>
                     <label>Uraufführung Der rothe Hahn, 27.11.1901</label>
                     <idno type="URL" subtype="pmb">https://pmb.acdh.oeaw.ac.at/entity/144171/</idno>
                  </event>
                  <event key="35104" when-iso="1902-01-04">
                     <desc n="1256">ist Arbeitskraft bei</desc>
                     <label>Uraufführung von Lebendige Stunden, 4.1.1902</label>
                     <idno type="URL" subtype="pmb">https://pmb.acdh.oeaw.ac.at/entity/35104/</idno>
                  </event>
                  <event key="44934" when-iso="1903-10-30">
                     <desc n="1256">ist Arbeitskraft bei</desc>
                     <label>Uraufführung von Elektra, 30.10.1903</label>
                     <idno type="URL" subtype="pmb">https://pmb.acdh.oeaw.ac.at/entity/44934/</idno>
                  </event>
                  <event key="35167" when-iso="1905-03-10">
                     <desc n="1256">ist Arbeitskraft bei</desc>
                     <label>Uraufführung von Sanna, 10.3.1905</label>
                     <idno type="URL" subtype="pmb">https://pmb.acdh.oeaw.ac.at/entity/35167/</idno>
                  </event>
                  <event key="42037" when-iso="1905-05-15">
                     <desc n="1256">ist Arbeitskraft bei</desc>
                     <label>Premiere von Der Graf von Charolais, 15.5.1905</label>
                     <idno type="URL" subtype="pmb">https://pmb.acdh.oeaw.ac.at/entity/42037/</idno>
                  </event>
                  <event key="147278" when-iso="1905-05-20">
                     <desc n="1256">ist Arbeitskraft bei</desc>
                     <label>Aufführung von Ein Sommernachtstraum, 20.5.1905</label>
                     <idno type="URL" subtype="pmb">https://pmb.acdh.oeaw.ac.at/entity/147278/</idno>
                  </event>
                  <event key="147419" when-iso="1906-03-31">
                     <desc n="1256">ist Arbeitskraft bei</desc>
                     <label>Premiere von Cäsar und Cleopatra, 31.3.1906</label>
                     <idno type="URL" subtype="pmb">https://pmb.acdh.oeaw.ac.at/entity/147419/</idno>
                  </event>
                  <event key="46814" when-iso="1910-02-11">
                     <desc n="1256">ist Arbeitskraft bei</desc>
                     <label>Uraufführung von Cristinas Heimreise, 11.2.1910</label>
                     <idno type="URL" subtype="pmb">https://pmb.acdh.oeaw.ac.at/entity/46814/</idno>
                  </event>
                  <event key="46921" when-iso="1910-09-25">
                     <desc n="1256">ist Arbeitskraft bei</desc>
                     <label>Premiere von König Ödipus, 25.9.1910</label>
                     <idno type="URL" subtype="pmb">https://pmb.acdh.oeaw.ac.at/entity/46921/</idno>
                  </event>
                  <event key="148391" when-iso="1912-09-18">
                     <desc n="1256">ist Arbeitskraft bei</desc>
                     <label>Premiere von Das Mirakel, 18.9.1912</label>
                     <idno type="URL" subtype="pmb">https://pmb.acdh.oeaw.ac.at/entity/148391/</idno>
                  </event>
                  <event key="48402" when-iso="1922-08-12">
                     <desc n="1256">ist Arbeitskraft bei</desc>
                     <label>Uraufführung von Das Salzburger große Welttheater, 12.8.1922</label>
                     <idno type="URL" subtype="pmb">https://pmb.acdh.oeaw.ac.at/entity/48402/</idno>
                  </event>
                  <event key="56623" when-iso="1925-12-23">
                     <desc n="1256">ist Arbeitskraft bei</desc>
                     <label>Premiere von Riviera, 23.12.1925</label>
                     <idno type="URL" subtype="pmb">https://pmb.acdh.oeaw.ac.at/entity/56623/</idno>
                  </event>
               </listEvent>
               <listBibl>
                  <bibl type="collections" n="5">legalkraus</bibl>
                  <bibl type="collections" n="10">Karl Kraus 1933: Dritte Walpurgisnacht</bibl>
                  <bibl type="collections" n="11">ÖBL nach 1850 geboren</bibl>
                  <bibl type="collections" n="12">Fackel</bibl>
                  <bibl type="collections" n="16">Bahr Textverzeichnis</bibl>
               </listBibl>
               <note type="references"> </note>
               <figure>
                  <graphic url="https://commons.wikimedia.org/w/index.php?title=Special:Redirect/file/Max%20Reinhardt.jpg"/>
               </figure>
            </person>
            <person xml:id="pmb12837">
               <persName>
                  <forename>Albert</forename>
                  <surname>Steinrück</surname>
               </persName>
               <persName type="legacy-name-merge">Steinrück, Albert</persName>
               <birth>
                  <date when-iso="1872-05-20">20.05.1872</date>
                  <settlement key="48745">
                     <placeName type="pref">Wetterburg</placeName>
                     <location>
                        <geo>51,38373 9,05917</geo>
                     </location>
                  </settlement>
               </birth>
               <death>
                  <date when-iso="1929-02-11">11.02.1929</date>
                  <settlement key="168">
                     <placeName type="pref">Berlin</placeName>
                     <location>
                        <geo>52,52437 13,41053</geo>
                     </location>
                  </settlement>
               </death>
               <sex value="male"/>
               <occupation key="105">Schauspieler/Schauspielerin</occupation>
               <idno type="URL" subtype="gnd">https://d-nb.info/gnd/117263923</idno>
               <idno type="URL" subtype="schnitzler-tagebuch">https://schnitzler-tagebuch.acdh.oeaw.ac.at/person_20383.html</idno>
               <idno type="URL" subtype="schnitzler-bahr">https://schnitzler-bahr.acdh.oeaw.ac.at/pmb12837.html</idno>
               <idno type="URL" subtype="pmb">https://pmb.acdh.oeaw.ac.at/entity/12837/</idno>
               <idno type="URL" subtype="schnitzler-briefe">https://schnitzler-briefe.acdh.oeaw.ac.at/pmb12837.html</idno>
               <idno type="URL" subtype="wikidata">http://www.wikidata.org/entity/Q90663</idno>
               <idno type="URL" subtype="wikipedia">https://de.wikipedia.org/wiki/Albert_Steinr%C3%BCck</idno>
               <idno type="URL" subtype="schnitzler-kino">https://schnitzler-kino.acdh.oeaw.ac.at/pmb12837.html</idno>
               <idno type="URL" subtype="bahr-textverzeichnis">https://bahr-textverzeichnis.acdh.oeaw.ac.at/pmb12837.html</idno>
               <idno type="URL" subtype="pmb">https://pmb.acdh.oeaw.ac.at/entity/162378/</idno>
               <idno type="URL" subtype="bahr-tsn">https://bahr-textverzeichnis.acdh.oeaw.ac.at/TSN-listperson.html#pmb12837</idno>
               <affiliation>
                  <term key="1182">arbeitet für</term>
                  <orgName key="44112">Nationaltheater München</orgName>
                  <idno type="URL" subtype="pmb">https://pmb.acdh.oeaw.ac.at/entity/44112/</idno>
                  <idno type="URL" subtype="schnitzler-briefe">https://schnitzler-briefe.acdh.oeaw.ac.at/pmb44112.html</idno>
                  <idno type="URL" subtype="wikidata">http://www.wikidata.org/entity/Q707679</idno>
                  <idno type="URL" subtype="wikipedia">https://de.wikipedia.org/wiki/Nationaltheater_(M%C3%BCnchen)</idno>
               </affiliation>
               <listEvent>
                  <event key="45136" when-iso="1905-08-07">
                     <desc n="1256">ist Arbeitskraft bei</desc>
                     <label>Aufführung von Heimat, 7.8.1905</label>
                     <idno type="URL" subtype="pmb">https://pmb.acdh.oeaw.ac.at/entity/45136/</idno>
                  </event>
                  <event key="47603" when-iso="1908-09-12">
                     <desc n="1256">ist Arbeitskraft bei</desc>
                     <label>Aufführung von Faust, 12.9.1908</label>
                     <idno type="URL" subtype="pmb">https://pmb.acdh.oeaw.ac.at/entity/47603/</idno>
                  </event>
               </listEvent>
               <listBibl>
                  <bibl type="collections" n="16">Bahr Textverzeichnis</bibl>
               </listBibl>
               <note type="references"> </note>
               <figure>
                  <graphic url="https://commons.wikimedia.org/w/index.php?title=Special:Redirect/file/Albert%20Steinr%C3%BCck%20by%20Sasha%20Stone.jpg"/>
               </figure>
            </person>
            <person xml:id="pmb148776">
               <persName>
                  <forename>Paul</forename>
                  <surname>Wiecke</surname>
               </persName>
               <birth>
                  <date when-iso="1862-10-30">1862-10-30</date>
                  <settlement key="903">
                     <placeName type="pref">Elberfeld</placeName>
                     <location>
                        <geo>51,25083 7,14816</geo>
                     </location>
                  </settlement>
               </birth>
               <death>
                  <date when-iso="1944-12-18">1944-12-18</date>
                  <settlement key="148778">
                     <placeName type="pref">Blankenburg</placeName>
                     <location>
                        <geo>51,795277777778 10,962222222222</geo>
                     </location>
                  </settlement>
               </death>
               <sex value="male"/>
               <occupation key="105">Schauspieler/Schauspielerin</occupation>
               <idno type="URL" subtype="pmb">https://pmb.acdh.oeaw.ac.at/entity/148776/</idno>
               <idno type="URL" subtype="wikidata">http://www.wikidata.org/entity/Q27972167</idno>
               <idno type="URL" subtype="gnd">https://d-nb.info/gnd/117346926</idno>
               <idno type="URL" subtype="bahr-textverzeichnis">https://bahr-textverzeichnis.acdh.oeaw.ac.at/pmb148776.html</idno>
               <idno type="URL" subtype="wikipedia">https://de.wikipedia.org/wiki/Paul_Wiecke</idno>
               <listBibl>
                  <bibl type="collections" n="16">Bahr Textverzeichnis</bibl>
               </listBibl>
            </person>
            <person xml:id="pmb153974">
               <persName>
                  <forename>Oscar</forename>
                  <surname>Sauer</surname>
               </persName>
               <birth>
                  <date notBefore-iso="1856-01-01"
                        when-iso="1856-01-01"
                        notAfter-iso="1856-12-31">1856</date>
               </birth>
               <death>
                  <date when-iso="1918-01-01" notAfter-iso="1918-12-31">1918</date>
               </death>
               <sex value="not-set"/>
               <idno type="URL" subtype="pmb">https://pmb.acdh.oeaw.ac.at/entity/153974/</idno>
               <idno type="URL" subtype="bahr-textverzeichnis">https://bahr-textverzeichnis.acdh.oeaw.ac.at/pmb153974.html</idno>
               <listBibl>
                  <bibl type="collections" n="16">Bahr Textverzeichnis</bibl>
               </listBibl>
            </person>
         </listPerson>
      </back>
   </text>
</TEI>
