<?xml version="1.0" encoding="UTF-8"?>
<TEI xmlns="http://www.tei-c.org/ns/1.0"
     xmlns:tei="http://www.tei-c.org/ns/1.0"
     xml:id="pmb122637.xml"
     prev="pmb122611"
     next="pmb122635">
   <teiHeader>
      <fileDesc>
         <titleStmt>
            <title level="s">Hermann Bahr – Textverzeichnis</title>
            <title level="a">Theater, Kunst und Literatur.
                     Carl-Theater</title>
            <title type="iso-date">1905-01-15</title>
            <respStmt>
               <resp>providing the content</resp>
               <name>Martin Anton Müller</name>
            </respStmt>
            <respStmt>
               <resp>converted to XML encoding</resp>
               <name>Martin Anton Müller</name>
            </respStmt>
         </titleStmt>
         <publicationStmt>
            <publisher>Austrian Centre for Digital Humanities and Cultural
                                    Heritage (ACDH-CH)</publisher>
            <date>2024-03-19+01:00</date>
            <idno type="URI">https://id.acdh.oeaw.ac.at/bahr-textverzeichnis/pmb122637.xml</idno>
         </publicationStmt>
         <sourceDesc>
            <p>Bibliografische Angaben eines in Druck erschienen Texts von
                                    Bahr</p>
         </sourceDesc>
      </fileDesc>
   </teiHeader>
   <text>
      <body>
         <div type="bibliografische-angabe">
            <biblStruct xml:id="pmb122637"
                        type="Journal-Article"
                        status="checked"
                        prev="pmb122611"
                        next="pmb122635">
               <analytic>
                  <author ref="pmb10815">H. B.</author>
                  <title level="a" ref="pmb122637">Theater, Kunst und Literatur.
                     Carl-Theater</title>
               </analytic>
               <monogr>
                  <title level="j" ref="pmb41321">Neues Wiener Tagblatt</title>
                  <imprint>
                     <biblScope unit="jg">39</biblScope>
                     <biblScope unit="issue">15</biblScope>
                     <biblScope unit="page">9</biblScope>
                     <date when="1905-01-15">15.1.1905</date>
                  </imprint>
               </monogr>
               <note type="review-of">
                  <bibl>
                     <title level="m">Hedda Gabler</title>
                     <author>Henrik Ibsen</author>
                  </bibl>
               </note>
               <note type="incipit">Es gibt immer wieder bedenkliche Leute, die dann zaghaft fragen,
                  ob diese Hedda Gabler der Duse denn auch eigentlich Ibsenisch sei.</note>
               <ref type="personenindex">
                  <listRef>
                     <ptr type="pmb" target="pmb11798"/>
                     <ptr type="pmb" target="pmb11201"/>
                  </listRef>
               </ref>
               <ref type="URL">https://anno.onb.ac.at/cgi-content/anno?aid=nwg&amp;datum=19050115&amp;seite=9</ref>
               <noteGrp type="keywords">
                  <note type="Journal-Article">Artikel in einem Periodikum</note>
               </noteGrp>
               <note type="bibliographical-statement">H. B.: Theater, Kunst und Literatur.
                  Carl-Theater. In: Neues Wiener Tagblatt, Jg. 39, Nr. 15, 15.1.1905, S. 9.</note>
               <ref type="abdrucke">
                  <listRef>
                     <ptr type="textref" target="pmb131715"/>
                  </listRef>
               </ref>
            </biblStruct>
         </div>
      </body>
      <back>
         <listPerson>
            <person xml:id="pmb11798">
               <persName>
                  <forename>Henrik</forename>
                  <surname>Ibsen</surname>
               </persName>
               <persName type="legacy-name-merge">Ibsen, Henrik</persName>
               <birth>
                  <date when-iso="1828-03-20">20.03.1828</date>
                  <settlement key="61065">
                     <placeName type="pref">Skien</placeName>
                     <location>
                        <geo>59,20962 9,60897</geo>
                     </location>
                  </settlement>
               </birth>
               <death>
                  <date when-iso="1906-05-23">23.05.1906</date>
                  <settlement key="36296">
                     <placeName type="pref">Oslo</placeName>
                     <location>
                        <geo>59,91273 10,74609</geo>
                     </location>
                  </settlement>
               </death>
               <sex value="male"/>
               <occupation key="90">Schriftsteller/Schriftstellerin</occupation>
               <idno type="URL" subtype="gnd">https://d-nb.info/gnd/118555286</idno>
               <idno type="URL" subtype="schnitzler-tagebuch">https://schnitzler-tagebuch.acdh.oeaw.ac.at/person_16432.html</idno>
               <idno type="URL" subtype="schnitzler-bahr">https://schnitzler-bahr.acdh.oeaw.ac.at/pmb11798.html</idno>
               <idno type="URL" subtype="pmb">https://pmb.acdh.oeaw.ac.at/entity/11798/</idno>
               <idno type="URL" subtype="schnitzler-briefe">https://schnitzler-briefe.acdh.oeaw.ac.at/pmb11798.html</idno>
               <idno type="URL" subtype="schnitzler-lektueren">https://schnitzler-lektueren.acdh.oeaw.ac.at/pmb11798.html</idno>
               <idno type="URL" subtype="legalkraus">https://kraus.wienbibliothek.at/register/personen/pmb11798</idno>
               <idno type="URL" subtype="fackel">https://fackel.oeaw.ac.at/?p=fackelp45852</idno>
               <idno type="URL" subtype="wikidata">http://www.wikidata.org/entity/Q36661</idno>
               <idno type="URL" subtype="wikipedia">https://de.wikipedia.org/wiki/Henrik_Ibsen</idno>
               <idno type="URL" subtype="schnitzler-interviews">https://schnitzler-interviews.acdh.oeaw.ac.at/pmb11798.html</idno>
               <idno type="URL" subtype="pmb">https://pmb.acdh.oeaw.ac.at/entity/160626/</idno>
               <idno type="URL" subtype="bahr-tsn">https://bahr-textverzeichnis.acdh.oeaw.ac.at/TSN-listperson.html#pmb11798</idno>
               <idno type="URL" subtype="bahr-textverzeichnis">https://bahr-textverzeichnis.acdh.oeaw.ac.at/pmb11798.html</idno>
               <idno type="URL" subtype="hanslick-online">https://hanslick.acdh.oeaw.ac.at/hsl_person_id_2145.html</idno>
               <listEvent>
                  <event key="61712" when-iso="1891-04-11">
                     <desc n="1370">teilgenommen an</desc>
                     <label>Ibsen-Bankett, 11.4.1891</label>
                     <idno type="URL" subtype="pmb">https://pmb.acdh.oeaw.ac.at/entity/61712/</idno>
                  </event>
                  <event key="89365" when-iso="1891-04-11">
                     <desc n="1370">teilgenommen an</desc>
                     <label>Premiere von Die Kronprätendenten, 11.4.1891</label>
                     <idno type="URL" subtype="pmb">https://pmb.acdh.oeaw.ac.at/entity/89365/</idno>
                  </event>
               </listEvent>
               <listBibl>
                  <bibl type="collections" n="5">legalkraus</bibl>
                  <bibl type="collections" n="12">Fackel</bibl>
                  <bibl type="collections" n="16">Bahr Textverzeichnis</bibl>
               </listBibl>
               <note type="references"> </note>
               <figure>
                  <graphic url="https://commons.wikimedia.org/w/index.php?title=Special:Redirect/file/Ibsen%20by%20Olrik.jpg"/>
               </figure>
            </person>
            <person xml:id="pmb11201">
               <persName>
                  <forename>Eleonora</forename>
                  <surname>Duse</surname>
               </persName>
               <persName type="person_ehename_nachname">Marchetti</persName>
               <persName type="legacy-name-merge">Duse, Eleonora</persName>
               <birth>
                  <date when-iso="1858-10-03">03.10.1858</date>
                  <settlement key="58890">
                     <placeName type="pref">Vigevano</placeName>
                     <location>
                        <geo>45,31407 8,85437</geo>
                     </location>
                  </settlement>
               </birth>
               <death>
                  <date when-iso="1924-04-21">21.04.1924</date>
                  <settlement key="56126">
                     <placeName type="pref">Pittsburgh</placeName>
                     <location>
                        <geo>40,44062 -79,99589</geo>
                     </location>
                  </settlement>
               </death>
               <sex value="female"/>
               <occupation key="105">Schauspieler/Schauspielerin</occupation>
               <idno type="URL" subtype="gnd">https://d-nb.info/gnd/118681354</idno>
               <idno type="URL" subtype="schnitzler-tagebuch">https://schnitzler-tagebuch.acdh.oeaw.ac.at/person_14574.html</idno>
               <idno type="URL" subtype="schnitzler-bahr">https://schnitzler-bahr.acdh.oeaw.ac.at/pmb11201.html</idno>
               <idno type="URL" subtype="pmb">https://pmb.acdh.oeaw.ac.at/entity/11201/</idno>
               <idno type="URL" subtype="schnitzler-briefe">https://schnitzler-briefe.acdh.oeaw.ac.at/pmb11201.html</idno>
               <idno type="URL" subtype="bahr-textverzeichnis">https://bahr-textverzeichnis.acdh.oeaw.ac.at/pmb11201.html</idno>
               <idno type="URL" subtype="fackel">https://fackel.oeaw.ac.at/?p=fackelp42497</idno>
               <idno type="URL" subtype="wikidata">http://www.wikidata.org/entity/Q275970</idno>
               <idno type="URL" subtype="wikipedia">https://de.wikipedia.org/wiki/Eleonora_Duse</idno>
               <idno type="URL" subtype="schnitzler-interviews">https://schnitzler-interviews.acdh.oeaw.ac.at/pmb11201.html</idno>
               <idno type="URL" subtype="pmb">https://pmb.acdh.oeaw.ac.at/entity/159846/</idno>
               <idno type="URL" subtype="bahr-tsn">https://bahr-textverzeichnis.acdh.oeaw.ac.at/TSN-listperson.html#pmb11201</idno>
               <listEvent>
                  <event key="44795" when-iso="1902-04-02">
                     <desc n="1256">ist Arbeitskraft bei</desc>
                     <label>Aufführung von Francesca da Rimini, 2.4.1902</label>
                     <idno type="URL" subtype="pmb">https://pmb.acdh.oeaw.ac.at/entity/44795/</idno>
                  </event>
                  <event key="41447" when-iso="1904-10-06">
                     <desc n="1256">ist Arbeitskraft bei</desc>
                     <label>Gastspiel Eleonora Duse in Kameliendame, 6.10.1904</label>
                     <idno type="URL" subtype="pmb">https://pmb.acdh.oeaw.ac.at/entity/41447/</idno>
                  </event>
               </listEvent>
               <listBibl>
                  <bibl type="collections" n="12">Fackel</bibl>
                  <bibl type="collections" n="16">Bahr Textverzeichnis</bibl>
               </listBibl>
               <figure>
                  <graphic url="https://commons.wikimedia.org/w/index.php?title=Special:Redirect/file/Dupont%2C%20Aim%C3%A9%20%281842-1900%29%20-%20Eleonora%20Duse%20%C3%AC%20--%20New%20York%2C%201896.jpg"/>
               </figure>
            </person>
         </listPerson>
      </back>
   </text>
</TEI>
