<?xml version="1.0" encoding="UTF-8"?>
<TEI xmlns="http://www.tei-c.org/ns/1.0"
     xmlns:tei="http://www.tei-c.org/ns/1.0"
     xml:id="pmb122463.xml"
     prev="pmb123869"
     next="pmb123987">
   <teiHeader>
      <fileDesc>
         <titleStmt>
            <title level="s">Hermann Bahr – Textverzeichnis</title>
            <title level="a">Der neue Knigge, oder der Umgang mit
                     Novitäten</title>
            <title type="iso-date">1893-01-15</title>
            <respStmt>
               <resp>providing the content</resp>
               <name>Martin Anton Müller</name>
            </respStmt>
            <respStmt>
               <resp>converted to XML encoding</resp>
               <name>Martin Anton Müller</name>
            </respStmt>
         </titleStmt>
         <publicationStmt>
            <publisher>Austrian Centre for Digital Humanities and Cultural
                                    Heritage (ACDH-CH)</publisher>
            <date>2024-03-19+01:00</date>
            <idno type="URI">https://id.acdh.oeaw.ac.at/bahr-textverzeichnis/pmb122463.xml</idno>
         </publicationStmt>
         <sourceDesc>
            <p>Bibliografische Angaben eines in Druck erschienen Texts von
                                    Bahr</p>
         </sourceDesc>
      </fileDesc>
   </teiHeader>
   <text>
      <body>
         <div type="bibliografische-angabe">
            <biblStruct xml:id="pmb122463"
                        type="Journal-Article"
                        subtype="Glosse"
                        status="checked"
                        prev="pmb123869"
                        next="pmb123987">
               <analytic>
                  <author ref="pmb10815">Mepherl</author>
                  <title level="a" ref="pmb122463">Der neue Knigge, oder der Umgang mit
                     Novitäten</title>
               </analytic>
               <monogr>
                  <title level="j" ref="pmb41471">Deutsche Zeitung</title>
                  <imprint>
                     <biblScope unit="jg">23</biblScope>
                     <biblScope unit="issue">7561, Sonntags-Ausgabe</biblScope>
                     <biblScope unit="page">3–4</biblScope>
                     <date when="1893-01-15">15.1.1893</date>
                  </imprint>
               </monogr>
               <note type="incipit">Für alle Lagen des Lebens sind in der guten Gesellschaft</note>
               <ref type="URL">https://bahr.univie.ac.at/sites/all/txt/deutsche-zeitung/75613.pdf</ref>
               <ref type="URL">https://bahr.univie.ac.at/sites/all/txt/deutsche-zeitung/75614.pdf</ref>
               <noteGrp type="keywords">
                  <note type="Journal-Article">Artikel in einem Periodikum</note>
                  <note subtype="Glosse">Glosse</note>
               </noteGrp>
               <note type="bibliographical-statement">Mepherl: Der neue Knigge, oder der Umgang mit
                  Novitäten. In: Deutsche Zeitung, Jg. 23, Nr. 7561, Sonntags-Ausgabe, 15.1.1893,
                  S. 3–4.</note>
            </biblStruct>
         </div>
      </body>
      <back/>
   </text>
</TEI>
