<?xml version="1.0" encoding="UTF-8"?>
<TEI xmlns="http://www.tei-c.org/ns/1.0"
     xmlns:tei="http://www.tei-c.org/ns/1.0"
     xml:id="pmb122517.xml"
     prev="pmb134595"
     next="pmb134583">
   <teiHeader>
      <fileDesc>
         <titleStmt>
            <title level="s">Hermann Bahr – Textverzeichnis</title>
            <title level="a">Die Pariser Freie Bühne. Die Anfänge</title>
            <title type="iso-date">1890-06-04</title>
            <respStmt>
               <resp>providing the content</resp>
               <name>Martin Anton Müller</name>
            </respStmt>
            <respStmt>
               <resp>converted to XML encoding</resp>
               <name>Martin Anton Müller</name>
            </respStmt>
         </titleStmt>
         <publicationStmt>
            <publisher>Austrian Centre for Digital Humanities and Cultural
                                    Heritage (ACDH-CH)</publisher>
            <date>2024-03-19+01:00</date>
            <idno type="URI">https://id.acdh.oeaw.ac.at/bahr-textverzeichnis/pmb122517.xml</idno>
         </publicationStmt>
         <sourceDesc>
            <p>Bibliografische Angaben eines in Druck erschienen Texts von
                                    Bahr</p>
         </sourceDesc>
      </fileDesc>
   </teiHeader>
   <text>
      <body>
         <div type="bibliografische-angabe">
            <biblStruct xml:id="pmb122517"
                        type="Journal-Article"
                        status="checked"
                        prev="pmb134595"
                        next="pmb134583">
               <analytic>
                  <author ref="pmb10815">Karl Linz</author>
                  <title level="a" ref="pmb122517">Die Pariser Freie Bühne. Die Anfänge</title>
               </analytic>
               <monogr>
                  <title level="j" ref="pmb36149">Freie Bühne für modernes Leben</title>
                  <imprint>
                     <biblScope unit="jg">1</biblScope>
                     <biblScope unit="issue">18</biblScope>
                     <biblScope unit="page">495–497</biblScope>
                     <date when="1890-06-04">4.6.1890</date>
                  </imprint>
               </monogr>
               <note type="monographies">
                  <bibl type="obsolete">
                     <title level="m" ref="pmb31945">Die Überwindung des
                        Naturalismus</title>
                     <biblScope unit="page">199–211</biblScope>
                     <title level="a" ref="pmb134357">Théâtre Libre</title>
                  </bibl>
                  <bibl>
                     <note>Ausschnitt</note>
                     <title level="m" ref="pmb30859">Das Hermann-Bahr-Buch</title>
                     <biblScope unit="page">181–183</biblScope>
                  </bibl>
                  <bibl>
                     <author>Hermann Bahr</author>
                     <title level="m" ref="HB-tv_3384">Essays</title>
                     <note>Herausgeber Heinz Kindermann</note>
                     <pubPlace>Wien</pubPlace>
                     <publisher>Bauer</publisher>
                     <date type="year">1962</date>
                     <biblScope unit="page">162–170</biblScope>
                  </bibl>
               </note>
               <note type="incipit">Als der Carneval 1887 dem Frühling wich, in jenen nebelgrauen
                  Tagen des ersten Februar hatte die »Compagnie du gaz« einen jungen Mann zum
                  Beamten</note>
               <ref type="personenindex">
                  <listRef>
                     <ptr type="pmb" target="pmb2211"/>
                     <ptr type="pmb" target="pmb2412"/>
                     <ptr type="pmb" target="pmb5125"/>
                     <ptr type="pmb" target="pmb2980"/>
                     <ptr type="pmb" target="pmb4283"/>
                     <ptr type="pmb" target="pmb11500"/>
                     <ptr type="pmb" target="pmb2925"/>
                     <ptr type="pmb" target="pmb11798"/>
                     <ptr type="pmb" target="pmb21317"/>
                     <ptr type="pmb" target="pmb13194"/>
                     <ptr type="pmb" target="pmb11157"/>
                     <ptr type="pmb" target="pmb22824"/>
                     <ptr type="pmb" target="pmb13897"/>
                     <ptr type="pmb" target="pmb5864"/>
                     <ptr type="pmb" target="pmb148639"/>
                     <ptr type="pmb" target="pmb148642"/>
                     <ptr type="pmb" target="pmb153936"/>
                     <ptr type="pmb" target="pmb148646"/>
                     <ptr type="pmb" target="pmb3739"/>
                     <ptr type="pmb" target="pmb26238"/>
                     <ptr type="pmb" target="pmb65017"/>
                     <ptr type="pmb" target="pmb148654"/>
                     <ptr type="pmb" target="pmb153937"/>
                     <ptr type="pmb" target="pmb3272"/>
                     <ptr type="pmb" target="pmb52643"/>
                     <ptr type="pmb" target="pmb12608"/>
                  </listRef>
               </ref>
               <ref type="URL">https://bahr.univie.ac.at/sites/all/txt/freie-buehne/1890-18_pariser-freie-buehne.pdf</ref>
               <noteGrp type="keywords">
                  <note type="Journal-Article">Artikel in einem Periodikum</note>
               </noteGrp>
               <note type="bibliographical-statement">Karl Linz: Die Pariser Freie Bühne. Die
                  Anfänge. In: Freie Bühne für modernes Leben, Jg. 1, Nr. 18, 4.6.1890,
                  S. 495–497.</note>
               <ref type="abdrucke">
                  <listRef>
                     <ptr type="textref" target="pmb134357"/>
                  </listRef>
               </ref>
            </biblStruct>
         </div>
      </body>
      <back>
         <listPerson>
            <person xml:id="pmb2211">
               <persName>
                  <forename>André</forename>
                  <surname>Antoine</surname>
               </persName>
               <persName type="legacy-name-merge">Antoine, André Leonhard</persName>
               <persName type="legacy-name-merge">Antoine, André</persName>
               <birth>
                  <date when-iso="1858-01-31">1858-01-31</date>
                  <settlement key="47377">
                     <placeName type="pref">Limoges</placeName>
                     <location>
                        <geo>45,83362 1,24759</geo>
                     </location>
                  </settlement>
               </birth>
               <death>
                  <date when-iso="1943-10-23">1943-10-23</date>
                  <settlement key="53788">
                     <placeName type="pref">Le Pouliguen</placeName>
                     <location>
                        <geo>47,27187 -2,43319</geo>
                     </location>
                  </settlement>
               </death>
               <sex value="male"/>
               <occupation key="103">Theaterleiter/Theaterleiterin</occupation>
               <occupation key="105">Schauspieler/Schauspielerin</occupation>
               <idno type="URL" subtype="gnd">https://d-nb.info/gnd/118649663</idno>
               <idno type="URL" subtype="schnitzler-bahr">https://schnitzler-bahr.acdh.oeaw.ac.at/pmb2211.html</idno>
               <idno type="URL" subtype="pmb">https://pmb.acdh.oeaw.ac.at/entity/2211/</idno>
               <idno type="URL" subtype="schnitzler-tagebuch">https://schnitzler-tagebuch.acdh.oeaw.ac.at/person_13228.html</idno>
               <idno type="URL" subtype="schnitzler-briefe">https://schnitzler-briefe.acdh.oeaw.ac.at/pmb2211.html</idno>
               <idno type="URL" subtype="bahr-textverzeichnis">https://bahr-textverzeichnis.acdh.oeaw.ac.at/pmb2211.html</idno>
               <idno type="URL" subtype="fackel">https://fackel.oeaw.ac.at/?p=fackelp38321</idno>
               <idno type="URL" subtype="wikidata">http://www.wikidata.org/entity/Q529001</idno>
               <idno type="URL" subtype="wikipedia">https://de.wikipedia.org/wiki/Andr%C3%A9_Antoine</idno>
               <idno type="URL" subtype="schnitzler-interviews">https://schnitzler-interviews.acdh.oeaw.ac.at/pmb2211.html</idno>
               <idno type="URL" subtype="pmb">https://pmb.acdh.oeaw.ac.at/entity/159132/</idno>
               <idno type="URL" subtype="bahr-tsn">https://bahr-textverzeichnis.acdh.oeaw.ac.at/TSN-listperson.html#pmb2211</idno>
               <affiliation notBefore-iso="1888-01-01"
                            when-iso="1888-01-01"
                            notAfter-iso="1888-12-31">
                  <term key="1182">arbeitet für</term>
                  <orgName key="88609">Théâtre Libre</orgName>
                  <idno type="URL" subtype="pmb">https://pmb.acdh.oeaw.ac.at/entity/88609/</idno>
               </affiliation>
               <affiliation notBefore-iso="1896-01-01"
                            when-iso="1896-01-01"
                            notAfter-iso="1896-12-31">
                  <term key="1182">arbeitet für</term>
                  <orgName key="93494">Odéon</orgName>
                  <idno type="URL" subtype="pmb">https://pmb.acdh.oeaw.ac.at/entity/93494/</idno>
                  <idno type="URL" subtype="gnd">https://d-nb.info/gnd/3023355-0</idno>
                  <idno type="URL" subtype="wikidata">http://www.wikidata.org/entity/Q113531639</idno>
               </affiliation>
               <affiliation notBefore-iso="1897-01-01"
                            when-iso="1897-01-01"
                            notAfter-iso="1897-12-31">
                  <term key="1409">besitzt</term>
                  <orgName key="88613">Théâtre Antoine</orgName>
                  <idno type="URL" subtype="pmb">https://pmb.acdh.oeaw.ac.at/entity/88613/</idno>
               </affiliation>
               <listEvent>
                  <event key="93182" when-iso="1892-11-03">
                     <desc n="1256">ist Arbeitskraft bei</desc>
                     <label>Premiere von Le Grappin, 3.11.1892</label>
                     <idno type="URL" subtype="pmb">https://pmb.acdh.oeaw.ac.at/entity/93182/</idno>
                  </event>
                  <event key="44739" when-iso="1903-11-07">
                     <desc n="1256">ist Arbeitskraft bei</desc>
                     <label>Premiere von Au Perroquet Vert, 7.11.1903</label>
                     <idno type="URL" subtype="pmb">https://pmb.acdh.oeaw.ac.at/entity/44739/</idno>
                  </event>
               </listEvent>
               <listBibl>
                  <bibl type="collections" n="12">Fackel</bibl>
                  <bibl type="collections" n="16">Bahr Textverzeichnis</bibl>
               </listBibl>
               <note type="references"> </note>
               <figure>
                  <graphic url="https://commons.wikimedia.org/w/index.php?title=Special:Redirect/file/Andr%C3%A9%20Antoine%20actor.jpg"/>
               </figure>
            </person>
            <person xml:id="pmb2412">
               <persName>
                  <forename>William</forename>
                  <surname>Shakespeare</surname>
               </persName>
               <persName type="legacy-name-merge">Shakespeare, William</persName>
               <birth>
                  <date when-iso="1564-04-23">23.4.1564?</date>
                  <settlement key="49870">
                     <placeName type="pref">Stratford-upon-Avon</placeName>
                     <location>
                        <geo>52,19166 -1,70734</geo>
                     </location>
                  </settlement>
               </birth>
               <death>
                  <date when-iso="1616-05-03">03.05.1616</date>
                  <settlement key="49870">
                     <placeName type="pref">Stratford-upon-Avon</placeName>
                     <location>
                        <geo>52,19166 -1,70734</geo>
                     </location>
                  </settlement>
               </death>
               <sex value="male"/>
               <occupation key="105">Schauspieler/Schauspielerin</occupation>
               <occupation key="727">Dramatiker/Dramatikerin</occupation>
               <idno type="URL" subtype="gnd">https://d-nb.info/gnd/118613723</idno>
               <idno type="URL" subtype="bahr-textverzeichnis">https://bahr-textverzeichnis.acdh.oeaw.ac.at/pmb2412.html</idno>
               <idno type="URL" subtype="schnitzler-bahr">https://schnitzler-bahr.acdh.oeaw.ac.at/pmb2412.html</idno>
               <idno type="URL" subtype="pmb">https://pmb.acdh.oeaw.ac.at/entity/2412/</idno>
               <idno type="URL" subtype="schnitzler-briefe">https://schnitzler-briefe.acdh.oeaw.ac.at/pmb2412.html</idno>
               <idno type="URL" subtype="schnitzler-lektueren">https://schnitzler-lektueren.acdh.oeaw.ac.at/pmb2412.html</idno>
               <idno type="URL" subtype="legalkraus">https://kraus.wienbibliothek.at/register/personen/pmb2412</idno>
               <idno type="URL" subtype="fackel">https://fackel.oeaw.ac.at/?p=fackelp55589</idno>
               <idno type="URL" subtype="dritte-walpurgisnacht">https://kraus1933.ace.oeaw.ac.at/Gesamt.xml?template=register_personen.html&amp;letter=S#DWpers0220</idno>
               <idno type="URL" subtype="wikidata">http://www.wikidata.org/entity/Q692</idno>
               <idno type="URL" subtype="wikipedia">https://de.wikipedia.org/wiki/William_Shakespeare</idno>
               <idno type="URL" subtype="thun-korrespondenz">https://thun-korrespondenz.acdh.oeaw.ac.at/shakespeare-william.html</idno>
               <idno type="URL" subtype="schnitzler-interviews">https://schnitzler-interviews.acdh.oeaw.ac.at/pmb2412.html</idno>
               <idno type="URL" subtype="pmb">https://pmb.acdh.oeaw.ac.at/entity/162255/</idno>
               <idno type="URL" subtype="schnitzler-tagebuch">https://schnitzler-tagebuch.acdh.oeaw.ac.at/person_20078.html</idno>
               <idno type="URL" subtype="bahr-tsn">https://bahr-textverzeichnis.acdh.oeaw.ac.at/TSN-listperson.html#pmb2412</idno>
               <idno type="URL" subtype="hanslick-online">https://hanslick.acdh.oeaw.ac.at/hsl_person_id_287.html</idno>
               <idno type="URL" subtype="auden-musulin-papers">https://amp.acdh.oeaw.ac.at/amp_person_10.html</idno>
               <listBibl>
                  <bibl type="collections" n="5">legalkraus</bibl>
                  <bibl type="collections" n="10">Karl Kraus 1933: Dritte Walpurgisnacht</bibl>
                  <bibl type="collections" n="12">Fackel</bibl>
                  <bibl type="collections" n="16">Bahr Textverzeichnis</bibl>
               </listBibl>
               <note type="references"> </note>
               <figure>
                  <graphic url="https://commons.wikimedia.org/w/index.php?title=Special:Redirect/file/Shakespeare.jpg"/>
               </figure>
            </person>
            <person xml:id="pmb5125">
               <persName>
                  <forename>Oscar</forename>
                  <surname>Méténier</surname>
               </persName>
               <persName type="legacy-name-merge">Métenier, Oscar</persName>
               <birth>
                  <date when-iso="1859-01-07">07.01.1859</date>
                  <settlement key="55335">
                     <placeName type="pref">Sancoins</placeName>
                     <location>
                        <geo>46,83314 2,92238</geo>
                     </location>
                  </settlement>
               </birth>
               <death>
                  <date when-iso="1913-02-09">09.02.1913</date>
                  <settlement key="54268">
                     <placeName type="pref">Saint-Mandé</placeName>
                     <location>
                        <geo>48,83864 2,41579</geo>
                     </location>
                  </settlement>
               </death>
               <sex value="male"/>
               <occupation key="90">Schriftsteller/Schriftstellerin</occupation>
               <idno type="URL" subtype="gnd">https://d-nb.info/gnd/1027523315</idno>
               <idno type="URL" subtype="schnitzler-tagebuch">https://schnitzler-tagebuch.acdh.oeaw.ac.at/person_18096.html</idno>
               <idno type="URL" subtype="pmb">https://pmb.acdh.oeaw.ac.at/entity/5125/</idno>
               <idno type="URL" subtype="schnitzler-lektueren">https://schnitzler-lektueren.acdh.oeaw.ac.at/pmb5125.html</idno>
               <idno type="URL" subtype="bahr-textverzeichnis">https://bahr-textverzeichnis.acdh.oeaw.ac.at/pmb5125.html</idno>
               <idno type="URL" subtype="wikidata">http://www.wikidata.org/entity/Q1651513</idno>
               <idno type="URL" subtype="wikipedia">https://de.wikipedia.org/wiki/Oscar_M%C3%A9t%C3%A9nier</idno>
               <idno type="URL" subtype="schnitzler-interviews">https://schnitzler-interviews.acdh.oeaw.ac.at/pmb5125.html</idno>
               <idno type="URL" subtype="pmb">https://pmb.acdh.oeaw.ac.at/entity/161427/</idno>
               <idno type="URL" subtype="bahr-tsn">https://bahr-textverzeichnis.acdh.oeaw.ac.at/TSN-listperson.html#pmb5125</idno>
               <listBibl>
                  <bibl type="collections" n="16">Bahr Textverzeichnis</bibl>
               </listBibl>
               <note type="references">None </note>
               <figure>
                  <graphic url="https://commons.wikimedia.org/w/index.php?title=Special:Redirect/file/Metenier%2C%20Oscar.jpg"/>
               </figure>
            </person>
            <person xml:id="pmb2980">
               <persName>
                  <forename>Miguel de</forename>
                  <surname>Cervantes Saavedra</surname>
               </persName>
               <persName type="legacy-name-merge">Cervantes Saavedra, Miguel de</persName>
               <persName type="legacy-name-merge">Cervantes Saavedra, Miguel de</persName>
               <birth>
                  <date when-iso="1547-09-29">29.09.1547</date>
                  <settlement key="45658">
                     <placeName type="pref">Alcalá de Henares</placeName>
                     <location>
                        <geo>40,48205 -3,35996</geo>
                     </location>
                  </settlement>
               </birth>
               <death>
                  <date when-iso="1616-04-22">22.04.1616</date>
                  <settlement key="914">
                     <placeName type="pref">Madrid</placeName>
                     <location>
                        <geo>40,4165 -3,70256</geo>
                     </location>
                  </settlement>
                  <settlement key="914">
                     <placeName type="pref">Madrid</placeName>
                     <location>
                        <geo>40,4165 -3,70256</geo>
                     </location>
                  </settlement>
               </death>
               <sex value="male"/>
               <occupation key="90">Schriftsteller/Schriftstellerin</occupation>
               <idno type="URL" subtype="gnd">https://d-nb.info/gnd/11851993X</idno>
               <idno type="URL" subtype="schnitzler-tagebuch">https://schnitzler-tagebuch.acdh.oeaw.ac.at/person_14169.html</idno>
               <idno type="URL" subtype="schnitzler-bahr">https://schnitzler-bahr.acdh.oeaw.ac.at/pmb2980.html</idno>
               <idno type="URL" subtype="pmb">https://pmb.acdh.oeaw.ac.at/entity/2980/</idno>
               <idno type="URL" subtype="pmb">https://pmb.acdh.oeaw.ac.at/entity/14905/</idno>
               <idno type="URL" subtype="schnitzler-lektueren">https://schnitzler-lektueren.acdh.oeaw.ac.at/pmb2980.html</idno>
               <idno type="URL" subtype="bahr-textverzeichnis">https://bahr-textverzeichnis.acdh.oeaw.ac.at/pmb14905.html</idno>
               <idno type="URL" subtype="fackel">https://fackel.oeaw.ac.at/?p=fackelp39852</idno>
               <idno type="URL" subtype="wikidata">http://www.wikidata.org/entity/Q5682</idno>
               <idno type="URL" subtype="wikipedia">https://de.wikipedia.org/wiki/Miguel_de_Cervantes</idno>
               <idno type="URL" subtype="pmb">https://pmb.acdh.oeaw.ac.at/entity/159605/</idno>
               <idno type="URL" subtype="bahr-tsn">https://bahr-textverzeichnis.acdh.oeaw.ac.at/TSN-listperson.html#pmb2980</idno>
               <idno type="URL" subtype="hanslick-online">https://hanslick.acdh.oeaw.ac.at/hsl_person_id_1950.html</idno>
               <listBibl>
                  <bibl type="collections" n="12">Fackel</bibl>
                  <bibl type="collections" n="16">Bahr Textverzeichnis</bibl>
               </listBibl>
               <note type="references"> </note>
               <figure>
                  <graphic url="https://commons.wikimedia.org/w/index.php?title=Special:Redirect/file/Cervantes%20J%C3%A1uregui.jpg"/>
               </figure>
            </person>
            <person xml:id="pmb4283">
               <persName>
                  <forename>Théodore de</forename>
                  <surname>Banville</surname>
               </persName>
               <persName type="legacy-name-merge">Banville, Théodore de</persName>
               <birth>
                  <date when-iso="1823-03-14">1823-03-14</date>
                  <settlement key="55968">
                     <placeName type="pref">Moulins</placeName>
                     <location>
                        <geo>46,56459 3,33243</geo>
                     </location>
                  </settlement>
               </birth>
               <death>
                  <date when-iso="1891-01-01" notAfter-iso="1891-12-31">1891</date>
                  <settlement key="182">
                     <placeName type="pref">Paris</placeName>
                     <location>
                        <geo>48,85341 2,3488</geo>
                     </location>
                  </settlement>
               </death>
               <sex value="male"/>
               <occupation key="90">Schriftsteller/Schriftstellerin</occupation>
               <idno type="URL" subtype="gnd">https://d-nb.info/gnd/119080389</idno>
               <idno type="URL" subtype="schnitzler-bahr">https://schnitzler-bahr.acdh.oeaw.ac.at/pmb4283.html</idno>
               <idno type="URL" subtype="pmb">https://pmb.acdh.oeaw.ac.at/entity/4283/</idno>
               <idno type="URL" subtype="bahr-textverzeichnis">https://bahr-textverzeichnis.acdh.oeaw.ac.at/pmb4283.html</idno>
               <idno type="URL" subtype="wikidata">http://www.wikidata.org/entity/Q312630</idno>
               <idno type="URL" subtype="wikipedia">https://de.wikipedia.org/wiki/Th%C3%A9odore_de_Banville</idno>
               <idno type="URL" subtype="pmb">https://pmb.acdh.oeaw.ac.at/entity/159226/</idno>
               <idno type="URL" subtype="bahr-tsn">https://bahr-textverzeichnis.acdh.oeaw.ac.at/TSN-listperson.html#pmb4283</idno>
               <listBibl>
                  <bibl type="collections" n="16">Bahr Textverzeichnis</bibl>
               </listBibl>
               <note type="references">None </note>
               <figure>
                  <graphic url="https://commons.wikimedia.org/w/index.php?title=Special:Redirect/file/F%C3%A9lix%20Nadar%201820-1910%20Portrait%20de%20Th%C3%A9odore%20de%20Banville.jpg"/>
               </figure>
            </person>
            <person xml:id="pmb11500">
               <persName>
                  <forename>Edmond Huot de</forename>
                  <surname>Goncourt</surname>
               </persName>
               <persName type="legacy-name-merge">Goncourt, Edmond Huot de</persName>
               <birth>
                  <date when-iso="1822-05-26">26.05.1822</date>
                  <settlement key="60521">
                     <placeName type="pref">Nancy</placeName>
                     <location>
                        <geo>48,68439 6,18496</geo>
                     </location>
                  </settlement>
               </birth>
               <death>
                  <date when-iso="1896-07-16">16.07.1896</date>
                  <settlement key="144955">
                     <placeName type="pref">Draveil</placeName>
                     <location>
                        <geo>48,68466 2,41418</geo>
                     </location>
                  </settlement>
               </death>
               <sex value="male"/>
               <occupation key="90">Schriftsteller/Schriftstellerin</occupation>
               <idno type="URL" subtype="gnd">https://d-nb.info/gnd/118540688</idno>
               <idno type="URL" subtype="schnitzler-tagebuch">https://schnitzler-tagebuch.acdh.oeaw.ac.at/person_15567.html</idno>
               <idno type="URL" subtype="schnitzler-bahr">https://schnitzler-bahr.acdh.oeaw.ac.at/pmb11500.html</idno>
               <idno type="URL" subtype="pmb">https://pmb.acdh.oeaw.ac.at/entity/11500/</idno>
               <idno type="URL" subtype="schnitzler-briefe">https://schnitzler-briefe.acdh.oeaw.ac.at/pmb11500.html</idno>
               <idno type="URL" subtype="schnitzler-lektueren">https://schnitzler-lektueren.acdh.oeaw.ac.at/pmb11500.html</idno>
               <idno type="URL" subtype="bahr-textverzeichnis">https://bahr-textverzeichnis.acdh.oeaw.ac.at/pmb11500.html</idno>
               <idno type="URL" subtype="fackel">https://fackel.oeaw.ac.at/?p=fackelp42287</idno>
               <idno type="URL" subtype="wikidata">http://www.wikidata.org/entity/Q1249210</idno>
               <idno type="URL" subtype="wikipedia">https://de.wikipedia.org/wiki/Edmond_de_Goncourt</idno>
               <idno type="URL" subtype="pmb">https://pmb.acdh.oeaw.ac.at/entity/160256/</idno>
               <idno type="URL" subtype="bahr-tsn">https://bahr-textverzeichnis.acdh.oeaw.ac.at/TSN-listperson.html#pmb11500</idno>
               <listBibl>
                  <bibl type="collections" n="12">Fackel</bibl>
                  <bibl type="collections" n="16">Bahr Textverzeichnis</bibl>
               </listBibl>
               <figure>
                  <graphic url="https://commons.wikimedia.org/w/index.php?title=Special:Redirect/file/Edmond%20de%20Goncourt%20by%20Nadar%20c1877.jpg"/>
               </figure>
            </person>
            <person xml:id="pmb2925">
               <persName>
                  <forename>Jules Huot de</forename>
                  <surname>Goncourt</surname>
               </persName>
               <persName type="legacy-name-merge">Goncourt, Jules Alfred Huot de</persName>
               <birth>
                  <date when-iso="1830-12-17">17.12.1830</date>
                  <settlement key="182">
                     <placeName type="pref">Paris</placeName>
                     <location>
                        <geo>48,85341 2,3488</geo>
                     </location>
                  </settlement>
               </birth>
               <death>
                  <date when-iso="1870-06-20">20.06.1870</date>
                  <settlement key="182">
                     <placeName type="pref">Paris</placeName>
                     <location>
                        <geo>48,85341 2,3488</geo>
                     </location>
                  </settlement>
               </death>
               <sex value="male"/>
               <occupation key="90">Schriftsteller/Schriftstellerin</occupation>
               <idno type="URL" subtype="schnitzler-tagebuch">https://schnitzler-tagebuch.acdh.oeaw.ac.at/person_15568.html</idno>
               <idno type="URL" subtype="schnitzler-bahr">https://schnitzler-bahr.acdh.oeaw.ac.at/pmb2925.html</idno>
               <idno type="URL" subtype="pmb">https://pmb.acdh.oeaw.ac.at/entity/2925/</idno>
               <idno type="URL" subtype="schnitzler-briefe">https://schnitzler-briefe.acdh.oeaw.ac.at/pmb2925.html</idno>
               <idno type="URL" subtype="schnitzler-lektueren">https://schnitzler-lektueren.acdh.oeaw.ac.at/pmb2925.html</idno>
               <idno type="URL" subtype="bahr-textverzeichnis">https://bahr-textverzeichnis.acdh.oeaw.ac.at/pmb2925.html</idno>
               <idno type="URL" subtype="fackel">https://fackel.oeaw.ac.at/?p=fackelp39531</idno>
               <idno type="URL" subtype="wikidata">http://www.wikidata.org/entity/Q1234248</idno>
               <idno type="URL" subtype="wikipedia">https://de.wikipedia.org/wiki/Jules_de_Goncourt</idno>
               <idno type="URL" subtype="gnd">https://d-nb.info/gnd/118540696</idno>
               <idno type="URL" subtype="pmb">https://pmb.acdh.oeaw.ac.at/entity/160257/</idno>
               <idno type="URL" subtype="bahr-tsn">https://bahr-textverzeichnis.acdh.oeaw.ac.at/TSN-listperson.html#pmb2925</idno>
               <listBibl>
                  <bibl type="collections" n="12">Fackel</bibl>
                  <bibl type="collections" n="16">Bahr Textverzeichnis</bibl>
               </listBibl>
               <figure>
                  <graphic url="https://commons.wikimedia.org/w/index.php?title=Special:Redirect/file/Jules%20de%20Goncourt.jpg"/>
               </figure>
            </person>
            <person xml:id="pmb11798">
               <persName>
                  <forename>Henrik</forename>
                  <surname>Ibsen</surname>
               </persName>
               <persName type="legacy-name-merge">Ibsen, Henrik</persName>
               <birth>
                  <date when-iso="1828-03-20">20.03.1828</date>
                  <settlement key="61065">
                     <placeName type="pref">Skien</placeName>
                     <location>
                        <geo>59,20962 9,60897</geo>
                     </location>
                  </settlement>
               </birth>
               <death>
                  <date when-iso="1906-05-23">23.05.1906</date>
                  <settlement key="36296">
                     <placeName type="pref">Oslo</placeName>
                     <location>
                        <geo>59,91273 10,74609</geo>
                     </location>
                  </settlement>
               </death>
               <sex value="male"/>
               <occupation key="90">Schriftsteller/Schriftstellerin</occupation>
               <idno type="URL" subtype="gnd">https://d-nb.info/gnd/118555286</idno>
               <idno type="URL" subtype="schnitzler-tagebuch">https://schnitzler-tagebuch.acdh.oeaw.ac.at/person_16432.html</idno>
               <idno type="URL" subtype="schnitzler-bahr">https://schnitzler-bahr.acdh.oeaw.ac.at/pmb11798.html</idno>
               <idno type="URL" subtype="pmb">https://pmb.acdh.oeaw.ac.at/entity/11798/</idno>
               <idno type="URL" subtype="schnitzler-briefe">https://schnitzler-briefe.acdh.oeaw.ac.at/pmb11798.html</idno>
               <idno type="URL" subtype="schnitzler-lektueren">https://schnitzler-lektueren.acdh.oeaw.ac.at/pmb11798.html</idno>
               <idno type="URL" subtype="legalkraus">https://kraus.wienbibliothek.at/register/personen/pmb11798</idno>
               <idno type="URL" subtype="fackel">https://fackel.oeaw.ac.at/?p=fackelp45852</idno>
               <idno type="URL" subtype="wikidata">http://www.wikidata.org/entity/Q36661</idno>
               <idno type="URL" subtype="wikipedia">https://de.wikipedia.org/wiki/Henrik_Ibsen</idno>
               <idno type="URL" subtype="schnitzler-interviews">https://schnitzler-interviews.acdh.oeaw.ac.at/pmb11798.html</idno>
               <idno type="URL" subtype="pmb">https://pmb.acdh.oeaw.ac.at/entity/160626/</idno>
               <idno type="URL" subtype="bahr-tsn">https://bahr-textverzeichnis.acdh.oeaw.ac.at/TSN-listperson.html#pmb11798</idno>
               <idno type="URL" subtype="bahr-textverzeichnis">https://bahr-textverzeichnis.acdh.oeaw.ac.at/pmb11798.html</idno>
               <idno type="URL" subtype="hanslick-online">https://hanslick.acdh.oeaw.ac.at/hsl_person_id_2145.html</idno>
               <listEvent>
                  <event key="61712" when-iso="1891-04-11">
                     <desc n="1370">teilgenommen an</desc>
                     <label>Ibsen-Bankett, 11.4.1891</label>
                     <idno type="URL" subtype="pmb">https://pmb.acdh.oeaw.ac.at/entity/61712/</idno>
                  </event>
                  <event key="89365" when-iso="1891-04-11">
                     <desc n="1370">teilgenommen an</desc>
                     <label>Premiere von Die Kronprätendenten, 11.4.1891</label>
                     <idno type="URL" subtype="pmb">https://pmb.acdh.oeaw.ac.at/entity/89365/</idno>
                  </event>
               </listEvent>
               <listBibl>
                  <bibl type="collections" n="5">legalkraus</bibl>
                  <bibl type="collections" n="12">Fackel</bibl>
                  <bibl type="collections" n="16">Bahr Textverzeichnis</bibl>
               </listBibl>
               <note type="references"> </note>
               <figure>
                  <graphic url="https://commons.wikimedia.org/w/index.php?title=Special:Redirect/file/Ibsen%20by%20Olrik.jpg"/>
               </figure>
            </person>
            <person xml:id="pmb21317">
               <persName>
                  <forename>Catulle</forename>
                  <surname>Mendès</surname>
               </persName>
               <persName type="legacy-name-merge">Mendès, Catulle</persName>
               <birth>
                  <date when-iso="1841-05-20">20.05.1841</date>
                  <settlement key="4870">
                     <placeName type="pref">Bordeaux</placeName>
                  </settlement>
               </birth>
               <death>
                  <date when-iso="1909-02-08">08.02.1909</date>
                  <settlement key="982">
                     <placeName type="pref">Saint-Germain-en-Laye</placeName>
                     <location>
                        <geo>48,9 2,08333</geo>
                     </location>
                  </settlement>
               </death>
               <sex value="male"/>
               <occupation key="90">Schriftsteller/Schriftstellerin</occupation>
               <idno type="URL" subtype="schnitzler-tagebuch">https://schnitzler-tagebuch.acdh.oeaw.ac.at/person_18067.html</idno>
               <idno type="URL" subtype="pmb">https://pmb.acdh.oeaw.ac.at/entity/21317/</idno>
               <idno type="URL" subtype="gnd">https://d-nb.info/gnd/118783203</idno>
               <idno type="URL" subtype="schnitzler-lektueren">https://schnitzler-lektueren.acdh.oeaw.ac.at/pmb21317.html</idno>
               <idno type="URL" subtype="wikidata">http://www.wikidata.org/entity/Q971215</idno>
               <idno type="URL" subtype="wikipedia">https://de.wikipedia.org/wiki/Catulle_Mend%C3%A8s</idno>
               <idno type="URL" subtype="pmb">https://pmb.acdh.oeaw.ac.at/entity/161289/</idno>
               <idno type="URL" subtype="bahr-tsn">https://bahr-textverzeichnis.acdh.oeaw.ac.at/TSN-listperson.html#pmb21317</idno>
               <idno type="URL" subtype="bahr-textverzeichnis">https://bahr-textverzeichnis.acdh.oeaw.ac.at/pmb21317.html</idno>
               <idno type="URL" subtype="hanslick-online">https://hanslick.acdh.oeaw.ac.at/hsl_person_id_1760.html</idno>
               <listBibl>
                  <bibl type="collections" n="16">Bahr Textverzeichnis</bibl>
               </listBibl>
               <note type="references"> </note>
               <figure>
                  <graphic url="https://commons.wikimedia.org/w/index.php?title=Special:Redirect/file/Portrait%20of%20Catulle%20Mend%C3%A8s.jpg"/>
               </figure>
            </person>
            <person xml:id="pmb13194">
               <persName>
                  <forename>Émile</forename>
                  <surname>Zola</surname>
               </persName>
               <persName type="legacy-name-merge">Zola, Émile</persName>
               <birth>
                  <date when-iso="1840-04-02">02.04.1840</date>
                  <settlement key="182">
                     <placeName type="pref">Paris</placeName>
                     <location>
                        <geo>48,85341 2,3488</geo>
                     </location>
                  </settlement>
               </birth>
               <death>
                  <date when-iso="1902-09-29">29.09.1902</date>
                  <settlement key="182">
                     <placeName type="pref">Paris</placeName>
                     <location>
                        <geo>48,85341 2,3488</geo>
                     </location>
                  </settlement>
               </death>
               <sex value="male"/>
               <occupation key="90">Schriftsteller/Schriftstellerin</occupation>
               <occupation key="99">Journalist/Journalistin</occupation>
               <idno type="URL" subtype="gnd">https://d-nb.info/gnd/118637223</idno>
               <idno type="URL" subtype="schnitzler-tagebuch">https://schnitzler-tagebuch.acdh.oeaw.ac.at/person_21578.html</idno>
               <idno type="URL" subtype="bahr-textverzeichnis">https://bahr-textverzeichnis.acdh.oeaw.ac.at/pmb13194.html</idno>
               <idno type="URL" subtype="pmb">https://pmb.acdh.oeaw.ac.at/entity/13194/</idno>
               <idno type="URL" subtype="schnitzler-lektueren">https://schnitzler-lektueren.acdh.oeaw.ac.at/pmb13194.html</idno>
               <idno type="URL" subtype="fackel">https://fackel.oeaw.ac.at/?p=fackelp42655</idno>
               <idno type="URL" subtype="wikidata">http://www.wikidata.org/entity/Q504</idno>
               <idno type="URL" subtype="wikipedia">https://de.wikipedia.org/wiki/%C3%89mile_Zola</idno>
               <idno type="URL" subtype="schnitzler-kino">https://schnitzler-kino.acdh.oeaw.ac.at/pmb13194.html</idno>
               <idno type="URL" subtype="schnitzler-interviews">https://schnitzler-interviews.acdh.oeaw.ac.at/pmb13194.html</idno>
               <idno type="URL" subtype="pmb">https://pmb.acdh.oeaw.ac.at/entity/162935/</idno>
               <idno type="URL" subtype="bahr-tsn">https://bahr-textverzeichnis.acdh.oeaw.ac.at/TSN-listperson.html#pmb13194</idno>
               <idno type="URL" subtype="hanslick-online">https://hanslick.acdh.oeaw.ac.at/hsl_person_id_1783.html</idno>
               <listBibl>
                  <bibl type="collections" n="12">Fackel</bibl>
                  <bibl type="collections" n="16">Bahr Textverzeichnis</bibl>
               </listBibl>
               <figure>
                  <graphic url="https://commons.wikimedia.org/w/index.php?title=Special:Redirect/file/Emile%20Zola%201902.jpg"/>
               </figure>
            </person>
            <person xml:id="pmb11157">
               <persName>
                  <forename>Denis</forename>
                  <surname>Diderot</surname>
               </persName>
               <persName type="legacy-name-merge">Diderot, Denis</persName>
               <birth>
                  <date when-iso="1713-10-05">05.10.1713</date>
                  <settlement key="54977">
                     <placeName type="pref">Langres</placeName>
                     <location>
                        <geo>47,86263 5,33308</geo>
                     </location>
                  </settlement>
               </birth>
               <death>
                  <date when-iso="1784-07-31">31.07.1784</date>
                  <settlement key="182">
                     <placeName type="pref">Paris</placeName>
                     <location>
                        <geo>48,85341 2,3488</geo>
                     </location>
                  </settlement>
               </death>
               <sex value="male"/>
               <occupation key="90">Schriftsteller/Schriftstellerin</occupation>
               <idno type="URL" subtype="schnitzler-tagebuch">https://schnitzler-tagebuch.acdh.oeaw.ac.at/person_14440.html</idno>
               <idno type="URL" subtype="schnitzler-bahr">https://schnitzler-bahr.acdh.oeaw.ac.at/pmb11157.html</idno>
               <idno type="URL" subtype="pmb">https://pmb.acdh.oeaw.ac.at/entity/11157/</idno>
               <idno type="URL" subtype="schnitzler-briefe">https://schnitzler-briefe.acdh.oeaw.ac.at/pmb11157.html</idno>
               <idno type="URL" subtype="schnitzler-lektueren">https://schnitzler-lektueren.acdh.oeaw.ac.at/pmb11157.html</idno>
               <idno type="URL" subtype="legalkraus">https://kraus.wienbibliothek.at/register/personen/pmb11157</idno>
               <idno type="URL" subtype="bahr-textverzeichnis">https://bahr-textverzeichnis.acdh.oeaw.ac.at/pmb11157.html</idno>
               <idno type="URL" subtype="fackel">https://fackel.oeaw.ac.at/?p=fackelp40430</idno>
               <idno type="URL" subtype="wikidata">http://www.wikidata.org/entity/Q448</idno>
               <idno type="URL" subtype="wikipedia">https://de.wikipedia.org/wiki/Denis_Diderot</idno>
               <idno type="URL" subtype="gnd">https://d-nb.info/gnd/118525263</idno>
               <idno type="URL" subtype="pmb">https://pmb.acdh.oeaw.ac.at/entity/159778/</idno>
               <idno type="URL" subtype="bahr-tsn">https://bahr-textverzeichnis.acdh.oeaw.ac.at/TSN-listperson.html#pmb11157</idno>
               <idno type="URL" subtype="hanslick-online">https://hanslick.acdh.oeaw.ac.at/hsl_person_id_60.html</idno>
               <listBibl>
                  <bibl type="collections" n="5">legalkraus</bibl>
                  <bibl type="collections" n="12">Fackel</bibl>
                  <bibl type="collections" n="16">Bahr Textverzeichnis</bibl>
               </listBibl>
               <note type="references"> </note>
               <figure>
                  <graphic url="https://commons.wikimedia.org/w/index.php?title=Special:Redirect/file/Denis%20Diderot%20-%20Alix%20-%20Vanloo.png"/>
               </figure>
            </person>
            <person xml:id="pmb22824">
               <persName>
                  <forename>Georges de</forename>
                  <surname>Porto-Riche</surname>
               </persName>
               <persName type="legacy-name-merge">Porto-Riche, Georges de</persName>
               <birth>
                  <date when-iso="1849-05-20">20.05.1849</date>
                  <settlement key="4870">
                     <placeName type="pref">Bordeaux</placeName>
                  </settlement>
               </birth>
               <death>
                  <date when-iso="1930-09-05">05.09.1930</date>
                  <settlement key="182">
                     <placeName type="pref">Paris</placeName>
                     <location>
                        <geo>48,85341 2,3488</geo>
                     </location>
                  </settlement>
               </death>
               <sex value="male"/>
               <occupation key="90">Schriftsteller/Schriftstellerin</occupation>
               <idno type="URL" subtype="schnitzler-tagebuch">https://schnitzler-tagebuch.acdh.oeaw.ac.at/person_18928.html</idno>
               <idno type="URL" subtype="schnitzler-bahr">https://schnitzler-bahr.acdh.oeaw.ac.at/pmb22824.html</idno>
               <idno type="URL" subtype="pmb">https://pmb.acdh.oeaw.ac.at/entity/22824/</idno>
               <idno type="URL" subtype="gnd">https://d-nb.info/gnd/118792946</idno>
               <idno type="URL" subtype="schnitzler-lektueren">https://schnitzler-lektueren.acdh.oeaw.ac.at/pmb22824.html</idno>
               <idno type="URL" subtype="bahr-textverzeichnis">https://bahr-textverzeichnis.acdh.oeaw.ac.at/pmb22824.html</idno>
               <idno type="URL" subtype="wikidata">http://www.wikidata.org/entity/Q1509108</idno>
               <idno type="URL" subtype="wikipedia">https://de.wikipedia.org/wiki/Georges_de_Porto-Riche</idno>
               <idno type="URL" subtype="pmb">https://pmb.acdh.oeaw.ac.at/entity/161733/</idno>
               <idno type="URL" subtype="bahr-tsn">https://bahr-textverzeichnis.acdh.oeaw.ac.at/TSN-listperson.html#pmb22824</idno>
               <listBibl>
                  <bibl type="collections" n="16">Bahr Textverzeichnis</bibl>
               </listBibl>
               <note type="references"> </note>
               <figure>
                  <graphic url="https://commons.wikimedia.org/w/index.php?title=Special:Redirect/file/Georges%20de%20Porto-Riche%201895.jpg"/>
               </figure>
            </person>
            <person xml:id="pmb13897">
               <persName>
                  <forename>Henry</forename>
                  <surname>Becque</surname>
               </persName>
               <persName type="person_geburtsname_vorname">Henri-François</persName>
               <persName type="legacy-name-merge">Becque, Henri</persName>
               <birth>
                  <date when-iso="1837-04-09">1837-04-09</date>
                  <settlement key="182">
                     <placeName type="pref">Paris</placeName>
                     <location>
                        <geo>48,85341 2,3488</geo>
                     </location>
                  </settlement>
               </birth>
               <death>
                  <date when-iso="1899-05-12">1899-05-12</date>
                  <settlement key="36749">
                     <placeName type="pref">Neuilly-sur-Seine</placeName>
                     <location>
                        <geo>48,8846 2,26965</geo>
                     </location>
                  </settlement>
               </death>
               <sex value="male"/>
               <occupation key="90">Schriftsteller/Schriftstellerin</occupation>
               <occupation key="727">Dramatiker/Dramatikerin</occupation>
               <idno type="URL" subtype="schnitzler-tagebuch">https://schnitzler-tagebuch.acdh.oeaw.ac.at/person_13520.html</idno>
               <idno type="URL" subtype="schnitzler-bahr">https://schnitzler-bahr.acdh.oeaw.ac.at/pmb13897.html</idno>
               <idno type="URL" subtype="pmb">https://pmb.acdh.oeaw.ac.at/entity/13897/</idno>
               <idno type="URL" subtype="schnitzler-briefe">https://schnitzler-briefe.acdh.oeaw.ac.at/pmb13897.html</idno>
               <idno type="URL" subtype="gnd">https://d-nb.info/gnd/116106867</idno>
               <idno type="URL" subtype="schnitzler-lektueren">https://schnitzler-lektueren.acdh.oeaw.ac.at/pmb13897.html</idno>
               <idno type="URL" subtype="bahr-textverzeichnis">https://bahr-textverzeichnis.acdh.oeaw.ac.at/pmb13897.html</idno>
               <idno type="URL" subtype="wikidata">http://www.wikidata.org/entity/Q1153820</idno>
               <idno type="URL" subtype="wikipedia">https://de.wikipedia.org/wiki/Henry_Becque</idno>
               <idno type="URL" subtype="pmb">https://pmb.acdh.oeaw.ac.at/entity/159300/</idno>
               <idno type="URL" subtype="bahr-tsn">https://bahr-textverzeichnis.acdh.oeaw.ac.at/TSN-listperson.html#pmb159300</idno>
               <listBibl>
                  <bibl type="collections" n="16">Bahr Textverzeichnis</bibl>
               </listBibl>
               <note type="references"> </note>
               <figure>
                  <graphic url="https://commons.wikimedia.org/w/index.php?title=Special:Redirect/file/Henry%20Becque%20by%20Nadar.jpg"/>
               </figure>
            </person>
            <person xml:id="pmb5864">
               <persName>
                  <forename>Georges</forename>
                  <surname>Boulanger</surname>
               </persName>
               <birth>
                  <date when-iso="1837-04-29">29.04.1837</date>
                  <settlement key="55293">
                     <placeName type="pref">Rennes</placeName>
                     <location>
                        <geo>48,11198 -1,67429</geo>
                     </location>
                  </settlement>
               </birth>
               <death>
                  <date when-iso="1891-09-30">30.09.1891</date>
                  <settlement key="55286">
                     <placeName type="pref">Ixelles</placeName>
                     <location>
                        <geo>50,82157 4,37389</geo>
                     </location>
                  </settlement>
               </death>
               <sex value="male"/>
               <occupation key="95">Politiker/Politikerin</occupation>
               <occupation key="619">Militär/Militärin</occupation>
               <idno type="URL" subtype="gnd">https://d-nb.info/gnd/118659499</idno>
               <idno type="URL" subtype="pmb">https://pmb.acdh.oeaw.ac.at/entity/5864/</idno>
               <idno type="URL" subtype="schnitzler-briefe">https://schnitzler-briefe.acdh.oeaw.ac.at/pmb5864.html</idno>
               <idno type="URL" subtype="bahr-textverzeichnis">https://bahr-textverzeichnis.acdh.oeaw.ac.at/pmb5864.html</idno>
               <idno type="URL" subtype="fackel">https://fackel.oeaw.ac.at/?p=fackelp39433</idno>
               <idno type="URL" subtype="wikidata">http://www.wikidata.org/entity/Q315747</idno>
               <idno type="URL" subtype="wikipedia">https://de.wikipedia.org/wiki/Georges_Boulanger</idno>
               <listBibl>
                  <bibl type="collections" n="12">Fackel</bibl>
               </listBibl>
               <figure>
                  <graphic url="https://commons.wikimedia.org/w/index.php?title=Special:Redirect/file/Georges%20Ernest%20Boulanger%20by%20Atelier%20Nadar.jpg"/>
               </figure>
            </person>
            <person xml:id="pmb148639">
               <persName>
                  <forename>Léon</forename>
                  <surname>Hennique</surname>
               </persName>
               <birth>
                  <date when-iso="1850-11-04">1850-11-04</date>
                  <settlement key="148568">
                     <placeName type="pref">Basse-Terre</placeName>
                     <location>
                        <geo>15,996944444444 -61,732777777778</geo>
                     </location>
                  </settlement>
               </birth>
               <death>
                  <date when-iso="1935-12-25">1935-12-25</date>
                  <settlement key="182">
                     <placeName type="pref">Paris</placeName>
                     <location>
                        <geo>48,85341 2,3488</geo>
                     </location>
                  </settlement>
               </death>
               <sex value="male"/>
               <idno type="URL" subtype="bahr-textverzeichnis">https://bahr-textverzeichnis.acdh.oeaw.ac.at/pmb148639.html</idno>
               <idno type="URL" subtype="pmb">https://pmb.acdh.oeaw.ac.at/entity/148639/</idno>
               <idno type="URL" subtype="wikidata">http://www.wikidata.org/entity/Q3271044</idno>
               <idno type="URL" subtype="gnd">https://d-nb.info/gnd/116717254</idno>
               <idno type="URL" subtype="wikipedia">https://de.wikipedia.org/wiki/L%C3%A9on_Hennique</idno>
               <listBibl>
                  <bibl type="collections" n="16">Bahr Textverzeichnis</bibl>
               </listBibl>
            </person>
            <person xml:id="pmb148642">
               <persName>
                  <forename>Émile</forename>
                  <surname>Bergerat</surname>
               </persName>
               <birth>
                  <date when-iso="1845-04-29">1845-04-29</date>
                  <settlement key="148643">
                     <placeName type="pref">rue de la Vieille-Monnaie</placeName>
                  </settlement>
               </birth>
               <death>
                  <date when-iso="1923-10-13">1923-10-13</date>
                  <settlement key="36749">
                     <placeName type="pref">Neuilly-sur-Seine</placeName>
                     <location>
                        <geo>48,8846 2,26965</geo>
                     </location>
                  </settlement>
               </death>
               <sex value="male"/>
               <idno type="URL" subtype="bahr-textverzeichnis">https://bahr-textverzeichnis.acdh.oeaw.ac.at/pmb148642.html</idno>
               <idno type="URL" subtype="pmb">https://pmb.acdh.oeaw.ac.at/entity/148642/</idno>
               <idno type="URL" subtype="wikidata">http://www.wikidata.org/entity/Q274915</idno>
               <idno type="URL" subtype="gnd">https://d-nb.info/gnd/119448408</idno>
               <idno type="URL" subtype="wikipedia">https://de.wikipedia.org/wiki/%C3%89mile_Bergerat</idno>
               <listBibl>
                  <bibl type="collections" n="16">Bahr Textverzeichnis</bibl>
               </listBibl>
            </person>
            <person xml:id="pmb153936">
               <persName>
                  <forename>Théodore</forename>
                  <surname>Aubanel</surname>
               </persName>
               <sex value="not-set"/>
               <idno type="URL" subtype="pmb">https://pmb.acdh.oeaw.ac.at/entity/153936/</idno>
               <idno type="URL" subtype="bahr-textverzeichnis">https://bahr-textverzeichnis.acdh.oeaw.ac.at/pmb153936.html</idno>
               <listBibl>
                  <bibl type="collections" n="16">Bahr Textverzeichnis</bibl>
               </listBibl>
            </person>
            <person xml:id="pmb148646">
               <persName>
                  <forename>Léon</forename>
                  <surname>Léon Cladel</surname>
               </persName>
               <persName type="legacy-name-merge">Cladel, Léon</persName>
               <birth>
                  <date when-iso="1834-03-15">1834-03-15</date>
                  <settlement key="148647">
                     <placeName type="pref">Montauban</placeName>
                     <location>
                        <geo>44,017222222222 1,355</geo>
                     </location>
                  </settlement>
               </birth>
               <death>
                  <date when-iso="1892-07-21">1892-07-21</date>
                  <settlement key="113868">
                     <placeName type="pref">Sèvres</placeName>
                     <location>
                        <geo>48,823055 2,2175</geo>
                     </location>
                  </settlement>
               </death>
               <sex value="male"/>
               <idno type="URL" subtype="pmb">https://pmb.acdh.oeaw.ac.at/entity/148646/</idno>
               <idno type="URL" subtype="wikidata">http://www.wikidata.org/entity/Q1398171</idno>
               <idno type="URL" subtype="gnd">https://d-nb.info/gnd/119149052</idno>
               <idno type="URL" subtype="pmb">https://pmb.acdh.oeaw.ac.at/entity/159643/</idno>
               <idno type="URL" subtype="wikipedia">https://de.wikipedia.org/wiki/L%C3%A9on_Cladel</idno>
               <idno type="URL" subtype="bahr-tsn">https://bahr-textverzeichnis.acdh.oeaw.ac.at/TSN-listperson.html#pmb159643</idno>
               <idno type="URL" subtype="bahr-textverzeichnis">https://bahr-textverzeichnis.acdh.oeaw.ac.at/pmb148646.html</idno>
               <listBibl>
                  <bibl type="collections" n="16">Bahr Textverzeichnis</bibl>
               </listBibl>
               <note type="references">None </note>
            </person>
            <person xml:id="pmb3739">
               <persName>
                  <forename>Leo N. von</forename>
                  <surname>Tolstoi</surname>
               </persName>
               <birth>
                  <date when-iso="1828-09-09">9.09.1828</date>
                  <settlement key="59327">
                     <placeName type="pref">Yasnaya Polyana</placeName>
                     <location>
                        <geo>54,06858 37,52439</geo>
                     </location>
                  </settlement>
               </birth>
               <death>
                  <date when-iso="1910-11-20">20.11.1910</date>
                  <settlement key="59329">
                     <placeName type="pref">Lev Tolstoy</placeName>
                     <location>
                        <geo>53,21344 39,44604</geo>
                     </location>
                  </settlement>
               </death>
               <sex value="male"/>
               <occupation key="90">Schriftsteller/Schriftstellerin</occupation>
               <idno type="URL" subtype="gnd">https://d-nb.info/gnd/11864291X</idno>
               <idno type="URL" subtype="schnitzler-bahr">https://schnitzler-bahr.acdh.oeaw.ac.at/pmb3739.html</idno>
               <idno type="URL" subtype="pmb">https://pmb.acdh.oeaw.ac.at/entity/3739/</idno>
               <idno type="URL" subtype="schnitzler-briefe">https://schnitzler-briefe.acdh.oeaw.ac.at/pmb3739.html</idno>
               <idno type="URL" subtype="schnitzler-lektueren">https://schnitzler-lektueren.acdh.oeaw.ac.at/pmb3739.html</idno>
               <idno type="URL" subtype="dritte-walpurgisnacht">https://kraus1933.ace.oeaw.ac.at/Gesamt.xml?template=register_personen.html&amp;letter=T#DWpers0234</idno>
               <idno type="URL" subtype="fackel">https://fackel.oeaw.ac.at/?p=fackelp48747</idno>
               <idno type="URL" subtype="wikidata">http://www.wikidata.org/entity/Q7243</idno>
               <idno type="URL" subtype="wikipedia">https://de.wikipedia.org/wiki/Lew_Nikolajewitsch_Tolstoi</idno>
               <idno type="URL" subtype="schnitzler-kino">https://schnitzler-kino.acdh.oeaw.ac.at/pmb3739.html</idno>
               <idno type="URL" subtype="schnitzler-tagebuch">https://schnitzler-tagebuch.acdh.oeaw.ac.at/person_20772.html</idno>
               <idno type="URL" subtype="bahr-textverzeichnis">https://bahr-textverzeichnis.acdh.oeaw.ac.at/pmb3739.html</idno>
               <idno type="URL" subtype="schnitzler-interviews">https://schnitzler-interviews.acdh.oeaw.ac.at/pmb3739.html</idno>
               <idno type="URL" subtype="hanslick-online">https://hanslick.acdh.oeaw.ac.at/hsl_person_id_3843.html</idno>
               <listBibl>
                  <bibl type="collections" n="10">Karl Kraus 1933: Dritte Walpurgisnacht</bibl>
                  <bibl type="collections" n="12">Fackel</bibl>
                  <bibl type="collections" n="16">Bahr Textverzeichnis</bibl>
               </listBibl>
               <figure>
                  <graphic url="https://commons.wikimedia.org/w/index.php?title=Special:Redirect/file/L.N.Tolstoy%20Prokudin-Gorsky.jpg"/>
               </figure>
            </person>
            <person xml:id="pmb26238">
               <persName>
                  <forename>Ivan Sergeevič</forename>
                  <surname>Turgenev</surname>
               </persName>
               <birth>
                  <date when-iso="1818-11-09">09.11.1818</date>
                  <settlement key="57752">
                     <placeName type="pref">Oryol</placeName>
                     <location>
                        <geo>52,96508 36,07849</geo>
                     </location>
                  </settlement>
               </birth>
               <death>
                  <date when-iso="1883-09-03">03.09.1883</date>
                  <settlement key="47036">
                     <placeName type="pref">Bougival</placeName>
                     <location>
                        <geo>48,86223 2,14148</geo>
                     </location>
                  </settlement>
               </death>
               <sex value="male"/>
               <occupation key="90">Schriftsteller/Schriftstellerin</occupation>
               <idno type="URL" subtype="schnitzler-tagebuch">https://schnitzler-tagebuch.acdh.oeaw.ac.at/person_20837.html</idno>
               <idno type="URL" subtype="pmb">https://pmb.acdh.oeaw.ac.at/entity/26238/</idno>
               <idno type="URL" subtype="gnd">https://d-nb.info/gnd/118643010</idno>
               <idno type="URL" subtype="schnitzler-lektueren">https://schnitzler-lektueren.acdh.oeaw.ac.at/pmb26238.html</idno>
               <idno type="URL" subtype="bahr-textverzeichnis">https://bahr-textverzeichnis.acdh.oeaw.ac.at/pmb26238.html</idno>
               <idno type="URL" subtype="fackel">https://fackel.oeaw.ac.at/?p=fackelp54319</idno>
               <idno type="URL" subtype="wikidata">http://www.wikidata.org/entity/Q42831</idno>
               <idno type="URL" subtype="wikipedia">https://de.wikipedia.org/wiki/Iwan_Sergejewitsch_Turgenew</idno>
               <idno type="URL" subtype="bahr-tsn">https://bahr-textverzeichnis.acdh.oeaw.ac.at/TSN-listperson.html#pmb26238</idno>
               <idno type="URL" subtype="hanslick-online">https://hanslick.acdh.oeaw.ac.at/hsl_person_id_1705.html</idno>
               <listBibl>
                  <bibl type="collections" n="12">Fackel</bibl>
                  <bibl type="collections" n="16">Bahr Textverzeichnis</bibl>
               </listBibl>
               <figure>
                  <graphic url="https://commons.wikimedia.org/w/index.php?title=Special:Redirect/file/Turgenev%20by%20Repin.jpg"/>
               </figure>
            </person>
            <person xml:id="pmb65017">
               <persName>
                  <forename>Giovanni</forename>
                  <surname>Verga</surname>
               </persName>
               <persName type="legacy-name-merge">Verga, Giovanni</persName>
               <birth>
                  <date when-iso="1840-09-02">1840-09-02</date>
                  <settlement key="148651">
                     <placeName type="pref">Catania</placeName>
                     <location>
                        <geo>37,502669444444 15,087269444444</geo>
                     </location>
                  </settlement>
               </birth>
               <death>
                  <date when-iso="1922-01-27">1922-01-27</date>
                  <settlement key="148651">
                     <placeName type="pref">Catania</placeName>
                     <location>
                        <geo>37,502669444444 15,087269444444</geo>
                     </location>
                  </settlement>
               </death>
               <sex value="male"/>
               <occupation key="90">Schriftsteller/Schriftstellerin</occupation>
               <idno type="URL" subtype="pmb">https://pmb.acdh.oeaw.ac.at/entity/65017/</idno>
               <idno type="URL" subtype="schnitzler-lektueren">https://schnitzler-lektueren.acdh.oeaw.ac.at/pmb65017.html</idno>
               <idno type="URL" subtype="pmb">https://pmb.acdh.oeaw.ac.at/entity/148650/</idno>
               <idno type="URL" subtype="wikidata">http://www.wikidata.org/entity/Q271814</idno>
               <idno type="URL" subtype="gnd">https://d-nb.info/gnd/118626558</idno>
               <idno type="URL" subtype="wikipedia">https://de.wikipedia.org/wiki/Giovanni_Verga</idno>
               <idno type="URL" subtype="bahr-textverzeichnis">https://bahr-textverzeichnis.acdh.oeaw.ac.at/pmb148650.html</idno>
               <idno type="URL" subtype="hanslick-online">https://hanslick.acdh.oeaw.ac.at/hsl_person_id_2005.html</idno>
               <listBibl>
                  <bibl type="collections" n="16">Bahr Textverzeichnis</bibl>
               </listBibl>
            </person>
            <person xml:id="pmb148654">
               <persName>
                  <forename>Emmanuel</forename>
                  <surname>Chabrier</surname>
               </persName>
               <birth>
                  <date when-iso="1841-01-18">1841-01-18</date>
                  <settlement key="148655">
                     <placeName type="pref">Ambert</placeName>
                     <location>
                        <geo>45,549444444444 3,7416666666667</geo>
                     </location>
                  </settlement>
               </birth>
               <death>
                  <date when-iso="1894-09-13">1894-09-13</date>
                  <settlement key="148657">
                     <placeName type="pref">9th arrondissement of Paris</placeName>
                     <location>
                        <geo>48,878280555556 2,3369666666667</geo>
                     </location>
                  </settlement>
               </death>
               <sex value="male"/>
               <idno type="URL" subtype="pmb">https://pmb.acdh.oeaw.ac.at/entity/148654/</idno>
               <idno type="URL" subtype="wikidata">http://www.wikidata.org/entity/Q313374</idno>
               <idno type="URL" subtype="gnd">https://d-nb.info/gnd/11866901X</idno>
               <idno type="URL" subtype="wikipedia">https://de.wikipedia.org/wiki/Emmanuel_Chabrier</idno>
               <idno type="URL" subtype="bahr-textverzeichnis">https://bahr-textverzeichnis.acdh.oeaw.ac.at/pmb148654.html</idno>
               <idno type="URL" subtype="hanslick-online">https://hanslick.acdh.oeaw.ac.at/hsl_person_id_1729.html</idno>
               <listBibl>
                  <bibl type="collections" n="16">Bahr Textverzeichnis</bibl>
               </listBibl>
            </person>
            <person xml:id="pmb153937">
               <persName>
                  <forename>Paul</forename>
                  <surname>Vidal</surname>
               </persName>
               <sex value="not-set"/>
               <idno type="URL" subtype="pmb">https://pmb.acdh.oeaw.ac.at/entity/153937/</idno>
               <idno type="URL" subtype="bahr-textverzeichnis">https://bahr-textverzeichnis.acdh.oeaw.ac.at/pmb153937.html</idno>
               <listBibl>
                  <bibl type="collections" n="16">Bahr Textverzeichnis</bibl>
               </listBibl>
            </person>
            <person xml:id="pmb3272">
               <persName>
                  <surname>Molière</surname>
               </persName>
               <persName type="person_geburtsname_vorname">Jean-Baptiste</persName>
               <persName type="person_geburtsname_nachname">Poquelin</persName>
               <persName type="person_pseudonym">Molière</persName>
               <persName type="legacy-name-merge">Poquelin, Jean Baptiste</persName>
               <persName type="legacy-name-merge">Molière</persName>
               <persName type="legacy-name-merge">Molière</persName>
               <birth>
                  <date when-iso="1622-01-14">14.01.1622</date>
                  <settlement key="182">
                     <placeName type="pref">Paris</placeName>
                     <location>
                        <geo>48,85341 2,3488</geo>
                     </location>
                  </settlement>
               </birth>
               <death>
                  <date when-iso="1673-02-17">17.02.1673</date>
                  <settlement key="182">
                     <placeName type="pref">Paris</placeName>
                     <location>
                        <geo>48,85341 2,3488</geo>
                     </location>
                  </settlement>
               </death>
               <sex value="male"/>
               <occupation key="90">Schriftsteller/Schriftstellerin</occupation>
               <occupation key="103">Theaterleiter/Theaterleiterin</occupation>
               <occupation key="105">Schauspieler/Schauspielerin</occupation>
               <idno type="URL" subtype="gnd">https://d-nb.info/gnd/11858331X</idno>
               <idno type="URL" subtype="schnitzler-tagebuch">https://schnitzler-tagebuch.acdh.oeaw.ac.at/person_18214.html</idno>
               <idno type="URL" subtype="schnitzler-bahr">https://schnitzler-bahr.acdh.oeaw.ac.at/pmb3272.html</idno>
               <idno type="URL" subtype="pmb">https://pmb.acdh.oeaw.ac.at/entity/3272/</idno>
               <idno type="URL" subtype="pmb">https://pmb.acdh.oeaw.ac.at/entity/22808/</idno>
               <idno type="URL" subtype="schnitzler-briefe">https://schnitzler-briefe.acdh.oeaw.ac.at/pmb3272.html</idno>
               <idno type="URL" subtype="schnitzler-lektueren">https://schnitzler-lektueren.acdh.oeaw.ac.at/pmb3272.html</idno>
               <idno type="URL" subtype="bahr-textverzeichnis">https://bahr-textverzeichnis.acdh.oeaw.ac.at/pmb3272.html</idno>
               <idno type="URL" subtype="fackel">https://fackel.oeaw.ac.at/?p=fackelp50292</idno>
               <idno type="URL" subtype="wikidata">http://www.wikidata.org/entity/Q687</idno>
               <idno type="URL" subtype="wikipedia">https://de.wikipedia.org/wiki/Moli%C3%A8re</idno>
               <idno type="URL" subtype="schnitzler-kino">https://schnitzler-kino.acdh.oeaw.ac.at/pmb3272.html</idno>
               <idno type="URL" subtype="schnitzler-interviews">https://schnitzler-interviews.acdh.oeaw.ac.at/pmb3272.html</idno>
               <idno type="URL" subtype="bahr-tsn">https://bahr-textverzeichnis.acdh.oeaw.ac.at/TSN-listperson.html#pmb161360</idno>
               <idno type="URL" subtype="pmb">https://pmb.acdh.oeaw.ac.at/entity/161360/</idno>
               <idno type="URL" subtype="pmb">https://pmb.acdh.oeaw.ac.at/entity/161361/</idno>
               <idno type="URL" subtype="hanslick-online">https://hanslick.acdh.oeaw.ac.at/hsl_person_id_864.html</idno>
               <listBibl>
                  <bibl type="collections" n="12">Fackel</bibl>
                  <bibl type="collections" n="15">Schnitzler-Kino</bibl>
                  <bibl type="collections" n="16">Bahr Textverzeichnis</bibl>
               </listBibl>
               <note type="references"> </note>
               <figure>
                  <graphic url="https://commons.wikimedia.org/w/index.php?title=Special:Redirect/file/Pierre%20Mignard%20-%20Portrait%20de%20Jean-Baptiste%20Poquelin%20dit%20Moli%C3%A8re%20%281622-1673%29%20-%20Google%20Art%20Project%20%28cropped%29.jpg"/>
               </figure>
            </person>
            <person xml:id="pmb52643">
               <persName>
                  <forename>Théophile</forename>
                  <surname>Gautier</surname>
               </persName>
               <persName type="legacy-name-merge">Gautier, Théophile</persName>
               <persName type="legacy-name-merge">Gautier, Théophile</persName>
               <persName type="legacy-name-merge">Gautier, Théophile</persName>
               <persName type="legacy-name-merge">Gautier, Théophile</persName>
               <birth>
                  <date when-iso="1811-08-30">1811-08-30</date>
               </birth>
               <death>
                  <date when-iso="1872-10-23">1872-10-23</date>
                  <settlement key="36749">
                     <placeName type="pref">Neuilly-sur-Seine</placeName>
                     <location>
                        <geo>48,8846 2,26965</geo>
                     </location>
                  </settlement>
               </death>
               <sex value="male"/>
               <occupation key="90">Schriftsteller/Schriftstellerin</occupation>
               <occupation key="100">Kritiker/Kritikerin</occupation>
               <occupation key="110">Maler/Malerin</occupation>
               <occupation key="251">Kunstkritiker/Kunstkritikerin</occupation>
               <idno type="URL" subtype="pmb">https://pmb.acdh.oeaw.ac.at/entity/52642/</idno>
               <idno type="URL" subtype="pmb">https://pmb.acdh.oeaw.ac.at/entity/52643/</idno>
               <idno type="URL" subtype="pmb">https://pmb.acdh.oeaw.ac.at/entity/64943/</idno>
               <idno type="URL" subtype="schnitzler-lektueren">https://schnitzler-lektueren.acdh.oeaw.ac.at/pmb64943.html</idno>
               <idno type="URL" subtype="legalkraus">https://kraus.wienbibliothek.at/register/personen/pmb52643</idno>
               <idno type="URL" subtype="bahr-textverzeichnis">https://bahr-textverzeichnis.acdh.oeaw.ac.at/pmb52643.html</idno>
               <idno type="URL" subtype="fackel">https://fackel.oeaw.ac.at/?p=fackelp54063</idno>
               <idno type="URL" subtype="pmb">https://pmb.acdh.oeaw.ac.at/entity/116236/</idno>
               <idno type="URL" subtype="gnd">https://d-nb.info/gnd/11853789X</idno>
               <idno type="URL" subtype="wikidata">http://www.wikidata.org/entity/Q183713</idno>
               <idno type="URL" subtype="wikipedia">https://de.wikipedia.org/wiki/Th%C3%A9ophile_Gautier</idno>
               <idno type="URL" subtype="pmb">https://pmb.acdh.oeaw.ac.at/entity/160174/</idno>
               <idno type="URL" subtype="bahr-tsn">https://bahr-textverzeichnis.acdh.oeaw.ac.at/TSN-listperson.html#pmb52643</idno>
               <listBibl>
                  <bibl type="collections" n="5">legalkraus</bibl>
                  <bibl type="collections" n="12">Fackel</bibl>
                  <bibl type="collections" n="16">Bahr Textverzeichnis</bibl>
               </listBibl>
               <note type="references"> </note>
               <figure>
                  <graphic url="https://commons.wikimedia.org/w/index.php?title=Special:Redirect/file/Th%C3%A9ophile%20Gautier%201857.JPG"/>
               </figure>
            </person>
            <person xml:id="pmb12608">
               <persName>
                  <forename>Charles Augustin de</forename>
                  <surname>Sainte-Beuve</surname>
               </persName>
               <persName type="namensvariante">Sainte Beuve Charles Augustin</persName>
               <persName type="legacy-name-merge">Sainte-Beuve, Charles Augustin</persName>
               <birth>
                  <date when-iso="1804-12-23">23.12.1804</date>
                  <settlement key="54953">
                     <placeName type="pref">Boulogne-sur-Mer</placeName>
                     <location>
                        <geo>50,72571 1,61392</geo>
                     </location>
                  </settlement>
               </birth>
               <death>
                  <date when-iso="1869-10-13">13.10.1869</date>
                  <settlement key="182">
                     <placeName type="pref">Paris</placeName>
                     <location>
                        <geo>48,85341 2,3488</geo>
                     </location>
                  </settlement>
               </death>
               <sex value="male"/>
               <occupation key="90">Schriftsteller/Schriftstellerin</occupation>
               <idno type="URL" subtype="gnd">https://d-nb.info/gnd/118604899</idno>
               <idno type="URL" subtype="schnitzler-tagebuch">https://schnitzler-tagebuch.acdh.oeaw.ac.at/person_19526.html</idno>
               <idno type="URL" subtype="pmb">https://pmb.acdh.oeaw.ac.at/entity/12608/</idno>
               <idno type="URL" subtype="schnitzler-briefe">https://schnitzler-briefe.acdh.oeaw.ac.at/pmb12608.html</idno>
               <idno type="URL" subtype="fackel">https://fackel.oeaw.ac.at/?p=fackelp52687</idno>
               <idno type="URL" subtype="wikidata">http://www.wikidata.org/entity/Q1063392</idno>
               <idno type="URL" subtype="wikipedia">https://de.wikipedia.org/wiki/Charles-Augustin_Sainte-Beuve</idno>
               <idno type="URL" subtype="pmb">https://pmb.acdh.oeaw.ac.at/entity/162003/</idno>
               <idno type="URL" subtype="bahr-tsn">https://bahr-textverzeichnis.acdh.oeaw.ac.at/TSN-listperson.html#pmb162003</idno>
               <idno type="URL" subtype="bahr-textverzeichnis">https://bahr-textverzeichnis.acdh.oeaw.ac.at/pmb12608.html</idno>
               <listBibl>
                  <bibl type="collections" n="12">Fackel</bibl>
                  <bibl type="collections" n="16">Bahr Textverzeichnis</bibl>
               </listBibl>
               <note type="references">None </note>
               <figure>
                  <graphic url="https://commons.wikimedia.org/w/index.php?title=Special:Redirect/file/Sainte-Beuve.jpg"/>
               </figure>
            </person>
         </listPerson>
      </back>
   </text>
</TEI>
