<?xml version="1.0" encoding="UTF-8"?>
<TEI xmlns="http://www.tei-c.org/ns/1.0"
     xmlns:tei="http://www.tei-c.org/ns/1.0"
     xml:id="pmb122817.xml"
     prev="pmb122819"
     next="pmb132263">
   <teiHeader>
      <fileDesc>
         <titleStmt>
            <title level="s">Hermann Bahr – Textverzeichnis</title>
            <title level="a">Theater, Kunst und Literatur. Deutsches
                     Volkstheater</title>
            <title type="iso-date">1903-05-07</title>
            <respStmt>
               <resp>providing the content</resp>
               <name>Martin Anton Müller</name>
            </respStmt>
            <respStmt>
               <resp>converted to XML encoding</resp>
               <name>Martin Anton Müller</name>
            </respStmt>
         </titleStmt>
         <publicationStmt>
            <publisher>Austrian Centre for Digital Humanities and Cultural
                                    Heritage (ACDH-CH)</publisher>
            <date>2024-03-19+01:00</date>
            <idno type="URI">https://id.acdh.oeaw.ac.at/bahr-textverzeichnis/pmb122817.xml</idno>
         </publicationStmt>
         <sourceDesc>
            <p>Bibliografische Angaben eines in Druck erschienen Texts von
                                    Bahr</p>
         </sourceDesc>
      </fileDesc>
   </teiHeader>
   <text>
      <body>
         <div type="bibliografische-angabe">
            <biblStruct xml:id="pmb122817"
                        type="Journal-Article"
                        status="checked"
                        prev="pmb122819"
                        next="pmb132263">
               <analytic>
                  <author ref="pmb10815">H. B.</author>
                  <title level="a" ref="pmb122817">Theater, Kunst und Literatur. Deutsches
                     Volkstheater</title>
               </analytic>
               <monogr>
                  <title level="j" ref="pmb41321">Neues Wiener Tagblatt</title>
                  <imprint>
                     <biblScope unit="jg">37</biblScope>
                     <biblScope unit="issue">125</biblScope>
                     <biblScope unit="page">9–10</biblScope>
                     <date when="1903-05-07">7.5.1903</date>
                  </imprint>
               </monogr>
               <note type="review-of">
                  <bibl>
                     <title level="m">Pelléas und Mélisande</title>
                     <author>Maurice Maeterlinck</author>
                  </bibl>
               </note>
               <note type="monographies">
                  <bibl type="obsolete">
                     <title level="m" ref="pmb30685">Glossen. Zum Wiener Theater
                        (1903 bis 1906)</title>
                     <biblScope unit="page">248–255</biblScope>
                     <title level="a" ref="pmb131705">Pelléas und Mélisande. (Von Maurice Maeterlinck,
                        deutsch von Friedrich von Oppeln-Bronikowski)</title>
                  </bibl>
                  <bibl>
                     <author>Hermann Bahr</author>
                     <title level="m" ref="HB-tv_3383">Kritiken</title>
                     <note>Herausgeber Heinz Kindermann</note>
                     <pubPlace>Wien</pubPlace>
                     <publisher>Bauer</publisher>
                     <date type="year">1963</date>
                     <biblScope unit="page">233–237</biblScope>
                  </bibl>
               </note>
               <note type="incipit">Vierte Vorstellung des Kleinen Theaters: »Pelleas und Melisande«
                  von Maurice Maeterlinck, deutsch von Friedrich v. Oppeln-Bronikowski. An diesem
                  Stücke, das man ja auch bei uns schon aus einer Aufführung in der Josefstadt
                  kennt</note>
               <ref type="URL">https://anno.onb.ac.at/cgi-content/anno?aid=nwg&amp;datum=19030507&amp;seite=9</ref>
               <noteGrp type="keywords">
                  <note type="Journal-Article">Artikel in einem Periodikum</note>
               </noteGrp>
               <note type="bibliographical-statement">H. B.: Theater, Kunst und Literatur. Deutsches
                  Volkstheater. In: Neues Wiener Tagblatt, Jg. 37, Nr. 125, 7.5.1903,
                  S. 9–10.</note>
               <ref type="abdrucke">
                  <listRef>
                     <ptr type="textref" target="pmb131705"/>
                  </listRef>
               </ref>
            </biblStruct>
         </div>
      </body>
      <back/>
   </text>
</TEI>
