<?xml version="1.0" encoding="UTF-8"?>
<TEI xmlns="http://www.tei-c.org/ns/1.0"
     xmlns:tei="http://www.tei-c.org/ns/1.0"
     xml:id="pmb122807.xml"
     prev="pmb134909"
     next="pmb132329">
   <teiHeader>
      <fileDesc>
         <titleStmt>
            <title level="s">Hermann Bahr – Textverzeichnis</title>
            <title level="a">L’Istruttoria. (L’enquête, Drama in zwei Akten
                     von Henriot. Zum ersten Mal aufgeführt duch Novelli im Raimund-Theater am 14.
                     Mai 1903)</title>
            <title type="iso-date">1903-05-14</title>
            <respStmt>
               <resp>providing the content</resp>
               <name>Martin Anton Müller</name>
            </respStmt>
            <respStmt>
               <resp>converted to XML encoding</resp>
               <name>Martin Anton Müller</name>
            </respStmt>
         </titleStmt>
         <publicationStmt>
            <publisher>Austrian Centre for Digital Humanities and Cultural
                                    Heritage (ACDH-CH)</publisher>
            <date>2024-03-19+01:00</date>
            <idno type="URI">https://id.acdh.oeaw.ac.at/bahr-textverzeichnis/pmb122807.xml</idno>
         </publicationStmt>
         <sourceDesc>
            <p>Bibliografische Angaben eines in Druck erschienen Texts von
                                    Bahr</p>
         </sourceDesc>
      </fileDesc>
   </teiHeader>
   <text>
      <body>
         <div type="bibliografische-angabe">
            <biblStruct xml:id="pmb122807"
                        type="Journal-Article"
                        status="checked"
                        prev="pmb134909"
                        next="pmb132329">
               <analytic>
                  <author ref="pmb10815">H. B.</author>
                  <title level="a" ref="pmb122807">L’Istruttoria. (L’enquête, Drama in zwei Akten
                     von Henriot. Zum ersten Mal aufgeführt duch Novelli im Raimund-Theater am 14.
                     Mai 1903)</title>
               </analytic>
               <monogr>
                  <title level="j" ref="pmb41321">Neues Wiener Tagblatt</title>
                  <imprint>
                     <biblScope unit="jg">37</biblScope>
                     <biblScope unit="issue">132</biblScope>
                     <biblScope unit="page">9</biblScope>
                     <date when="1903-05-14">14.5.1903</date>
                  </imprint>
               </monogr>
               <note type="incipit">Eines Tages kommt Roger, der berühmte Pariser Arzt, Spezialist
                  in allen Nervositäten, zum Direktor Antoine</note>
               <ref type="URL">https://anno.onb.ac.at/cgi-content/anno?aid=nwg&amp;datum=19030514&amp;seite=9</ref>
               <noteGrp type="keywords">
                  <note type="Journal-Article">Artikel in einem Periodikum</note>
               </noteGrp>
               <note type="bibliographical-statement">H. B.: L’Istruttoria. (L’enquête, Drama in
                  zwei Akten von Henriot. Zum ersten Mal aufgeführt duch Novelli im Raimund-Theater
                  am 14. Mai 1903). In: Neues Wiener Tagblatt, Jg. 37, Nr. 132, 14.5.1903,
                  S. 9.</note>
               <ref type="abdrucke">
                  <listRef>
                     <ptr type="textref" target="pmb131663"/>
                  </listRef>
               </ref>
            </biblStruct>
         </div>
      </body>
      <back/>
   </text>
</TEI>
