<?xml version="1.0" encoding="UTF-8"?>
<TEI xmlns="http://www.tei-c.org/ns/1.0"
     xmlns:tei="http://www.tei-c.org/ns/1.0"
     xml:id="pmb122673.xml"
     prev="pmb122623"
     next="pmb134845">
   <teiHeader>
      <fileDesc>
         <titleStmt>
            <title level="s">Hermann Bahr – Textverzeichnis</title>
            <title level="a">Theater an der Wien</title>
            <title type="iso-date">1905-06-09</title>
            <respStmt>
               <resp>providing the content</resp>
               <name>Martin Anton Müller</name>
            </respStmt>
            <respStmt>
               <resp>converted to XML encoding</resp>
               <name>Martin Anton Müller</name>
            </respStmt>
         </titleStmt>
         <publicationStmt>
            <publisher>Austrian Centre for Digital Humanities and Cultural
                                    Heritage (ACDH-CH)</publisher>
            <date>2024-03-19+01:00</date>
            <idno type="URI">https://id.acdh.oeaw.ac.at/bahr-textverzeichnis/pmb122673.xml</idno>
         </publicationStmt>
         <sourceDesc>
            <p>Bibliografische Angaben eines in Druck erschienen Texts von
                                    Bahr</p>
         </sourceDesc>
      </fileDesc>
   </teiHeader>
   <text>
      <body>
         <div type="bibliografische-angabe">
            <biblStruct xml:id="pmb122673"
                        type="Journal-Article"
                        status="checked"
                        prev="pmb122623"
                        next="pmb134845">
               <analytic>
                  <author ref="pmb10815">H. B.</author>
                  <title level="a" ref="pmb122673">Theater an der Wien</title>
               </analytic>
               <monogr>
                  <title level="j" ref="pmb65921">Neues Wiener Abendblatt</title>
                  <imprint>
                     <biblScope unit="jg">39</biblScope>
                     <biblScope unit="issue">158</biblScope>
                     <biblScope unit="page">5</biblScope>
                     <date when="1905-06-09">9.6.1905</date>
                  </imprint>
               </monogr>
               <note type="review-of">
                  <bibl>
                     <title level="m">Minna von Barnhelm</title>
                     <author>Gotthold Ephraim Lessing</author>
                  </bibl>
               </note>
               <note type="incipit">Die Berliner haben uns nun auch noch durch ihre ganz
                  unvergleichlich feine glockenhelle Vorstellung der »Minna von Barnhelm« entzückt,
                  die wieder Reinhardts vollkommene Kunst, uns die Luft einer Dichtung und den um
                  sie schwebenden Dunst</note>
               <noteGrp type="keywords">
                  <note type="Journal-Article">Artikel in einem Periodikum</note>
               </noteGrp>
               <note type="bibliographical-statement">H. B.: Theater an der Wien. In: Neues Wiener
                  Abendblatt, Jg. 39, Nr. 158, 9.6.1905, S. 5.</note>
               <ref type="abdrucke">
                  <listRef>
                     <ptr type="textref" target="pmb131575"/>
                  </listRef>
               </ref>
            </biblStruct>
         </div>
      </body>
      <back/>
   </text>
</TEI>
