<?xml version="1.0" encoding="UTF-8"?>
<TEI xmlns="http://www.tei-c.org/ns/1.0"
     xmlns:tei="http://www.tei-c.org/ns/1.0"
     xml:id="pmb122873.xml"
     prev="pmb132577"
     next="pmb132609">
   <teiHeader>
      <fileDesc>
         <titleStmt>
            <title level="s">Hermann Bahr – Textverzeichnis</title>
            <title level="a">Theater, Kunst und Literatur.
                     Raimund-Theater</title>
            <title type="iso-date">1902-12-05</title>
            <respStmt>
               <resp>providing the content</resp>
               <name>Martin Anton Müller</name>
            </respStmt>
            <respStmt>
               <resp>converted to XML encoding</resp>
               <name>Martin Anton Müller</name>
            </respStmt>
         </titleStmt>
         <publicationStmt>
            <publisher>Austrian Centre for Digital Humanities and Cultural
                                    Heritage (ACDH-CH)</publisher>
            <date>2024-03-19+01:00</date>
            <idno type="URI">https://id.acdh.oeaw.ac.at/bahr-textverzeichnis/pmb122873.xml</idno>
         </publicationStmt>
         <sourceDesc>
            <p>Bibliografische Angaben eines in Druck erschienen Texts von
                                    Bahr</p>
         </sourceDesc>
      </fileDesc>
   </teiHeader>
   <text>
      <body>
         <div type="bibliografische-angabe">
            <biblStruct xml:id="pmb122873"
                        type="Journal-Article"
                        status="checked"
                        prev="pmb132577"
                        next="pmb132609">
               <analytic>
                  <author ref="pmb10815">H. B.</author>
                  <title level="a" ref="pmb122873">Theater, Kunst und Literatur.
                     Raimund-Theater</title>
               </analytic>
               <monogr>
                  <title level="j" ref="pmb41321">Neues Wiener Tagblatt</title>
                  <imprint>
                     <biblScope unit="jg">36</biblScope>
                     <biblScope unit="issue">333</biblScope>
                     <biblScope unit="page">12</biblScope>
                     <date when="1902-12-05">5.12.1902</date>
                  </imprint>
               </monogr>
               <note type="review-of">
                  <bibl>
                     <title level="m">Мещане (Die Kleinbürger)</title>
                     <author>Maxim Gorki</author>
                  </bibl>
               </note>
               <note type="monographies"> </note>
               <note type="incipit">Es wurde neulich erzählt, Maxim Gorki habe bei einer Aufführung
                  seiner »Kleinbürger« das Stück selbst sehr langweilig gefunden</note>
               <ref type="URL">https://anno.onb.ac.at/cgi-content/anno?aid=nwg&amp;datum=19021205&amp;seite=12</ref>
               <noteGrp type="keywords">
                  <note type="Journal-Article">Artikel in einem Periodikum</note>
               </noteGrp>
               <note type="bibliographical-statement">H. B.: Theater, Kunst und Literatur.
                  Raimund-Theater. In: Neues Wiener Tagblatt, Jg. 36, Nr. 333, 5.12.1902,
                  S. 12.</note>
               <ref type="abdrucke">
                  <listRef>
                     <ptr type="textref" target="pmb132101"/>
                  </listRef>
               </ref>
            </biblStruct>
         </div>
      </body>
      <back/>
   </text>
</TEI>
