<?xml version="1.0" encoding="UTF-8"?>
<TEI xmlns="http://www.tei-c.org/ns/1.0"
     xmlns:tei="http://www.tei-c.org/ns/1.0"
     xml:id="pmb122675.xml"
     prev="pmb134845"
     next="pmb131979">
   <teiHeader>
      <fileDesc>
         <titleStmt>
            <title level="s">Hermann Bahr – Textverzeichnis</title>
            <title level="a">Deutsches Volkstheater. [Gastspiel des Berliner
                     Ensembles unter der Leitung von Karl Meinhard]</title>
            <title type="iso-date">1905-06-14</title>
            <respStmt>
               <resp>providing the content</resp>
               <name>Martin Anton Müller</name>
            </respStmt>
            <respStmt>
               <resp>converted to XML encoding</resp>
               <name>Martin Anton Müller</name>
            </respStmt>
         </titleStmt>
         <publicationStmt>
            <publisher>Austrian Centre for Digital Humanities and Cultural
                                    Heritage (ACDH-CH)</publisher>
            <date>2024-03-19+01:00</date>
            <idno type="URI">https://id.acdh.oeaw.ac.at/bahr-textverzeichnis/pmb122675.xml</idno>
         </publicationStmt>
         <sourceDesc>
            <p>Bibliografische Angaben eines in Druck erschienen Texts von
                                    Bahr</p>
         </sourceDesc>
      </fileDesc>
   </teiHeader>
   <text>
      <body>
         <div type="bibliografische-angabe">
            <biblStruct xml:id="pmb122675"
                        type="Journal-Article"
                        subtype="Nachtkritik"
                        status="checked"
                        prev="pmb134845"
                        next="pmb131979">
               <analytic>
                  <author ref="pmb10815">H. B.</author>
                  <title level="a" ref="pmb122675">Deutsches Volkstheater. [Gastspiel des Berliner
                     Ensembles unter der Leitung von Karl Meinhard]</title>
               </analytic>
               <monogr>
                  <title level="j" ref="pmb41321">Neues Wiener Tagblatt</title>
                  <imprint>
                     <biblScope unit="jg">39</biblScope>
                     <biblScope unit="issue">162</biblScope>
                     <biblScope unit="page">11</biblScope>
                     <date when="1905-06-14">14.6.1905</date>
                  </imprint>
               </monogr>
               <note type="review-of">
                  <bibl>
                     <title level="m">Rose Bernd</title>
                     <author>Gerhart Hauptmann</author>
                  </bibl>
               </note>
               <note type="incipit">Wieder Berliner. Nach Reinhardt Meinhard, der ja schon, als
                  jener von Brahm ging, versucht hat, ihm im Deutschen Theater nachzurücken</note>
               <ref type="personenindex">
                  <listRef>
                     <ptr type="pmb" target="pmb12504"/>
                     <ptr type="pmb" target="pmb8889"/>
                     <ptr type="pmb" target="pmb10986"/>
                     <ptr type="pmb" target="pmb10844"/>
                     <ptr type="pmb" target="pmb8948"/>
                     <ptr type="pmb" target="pmb2865"/>
                     <ptr type="pmb" target="pmb12530"/>
                     <ptr type="pmb" target="pmb11617"/>
                     <ptr type="pmb" target="pmb12491"/>
                     <ptr type="pmb" target="pmb148753"/>
                     <ptr type="pmb" target="pmb153974"/>
                     <ptr type="pmb" target="pmb153999"/>
                  </listRef>
               </ref>
               <ref type="URL">https://anno.onb.ac.at/cgi-content/anno?aid=nwg&amp;datum=19050614&amp;seite=11</ref>
               <noteGrp type="keywords">
                  <note type="Journal-Article">Artikel in einem Periodikum</note>
                  <note subtype="Nachtkritik">Nachtkritik</note>
               </noteGrp>
               <note type="bibliographical-statement">H. B.: Deutsches Volkstheater. [Gastspiel des
                  Berliner Ensembles unter der Leitung von Karl Meinhard]. In: Neues Wiener
                  Tagblatt, Jg. 39, Nr. 162, 14.6.1905, S. 11.</note>
            </biblStruct>
         </div>
      </body>
      <back>
         <listPerson>
            <person xml:id="pmb12504">
               <persName>
                  <forename>Max</forename>
                  <surname>Reinhardt</surname>
               </persName>
               <persName type="person_geburtsname_nachname">Goldmann</persName>
               <persName type="legacy-name-merge">Reinhardt, Max</persName>
               <birth>
                  <date when-iso="1873-09-09">09.09.1873</date>
                  <settlement key="662">
                     <placeName type="pref">Baden bei Wien</placeName>
                     <location>
                        <geo>48,00543 16,23264</geo>
                     </location>
                  </settlement>
               </birth>
               <death>
                  <date when-iso="1943-10-30">30.10.1943</date>
                  <settlement key="44053">
                     <placeName type="pref">New York City</placeName>
                     <location>
                        <geo>40,71427 -74,00597</geo>
                     </location>
                  </settlement>
               </death>
               <sex value="male"/>
               <occupation key="103">Theaterleiter/Theaterleiterin</occupation>
               <occupation key="104">Regisseur/Regisseurin</occupation>
               <occupation key="105">Schauspieler/Schauspielerin</occupation>
               <idno type="URL" subtype="gnd">https://d-nb.info/gnd/118599380</idno>
               <idno type="URL" subtype="schnitzler-tagebuch">https://schnitzler-tagebuch.acdh.oeaw.ac.at/person_19154.html</idno>
               <idno type="URL" subtype="schnitzler-bahr">https://schnitzler-bahr.acdh.oeaw.ac.at/pmb12504.html</idno>
               <idno type="URL" subtype="pmb">https://pmb.acdh.oeaw.ac.at/entity/12504/</idno>
               <idno type="URL" subtype="schnitzler-briefe">https://schnitzler-briefe.acdh.oeaw.ac.at/pmb12504.html</idno>
               <idno type="URL" subtype="legalkraus">https://kraus.wienbibliothek.at/register/personen/pmb12504</idno>
               <idno type="URL" subtype="fackel">https://fackel.oeaw.ac.at/?p=fackelp49966</idno>
               <idno type="URL" subtype="dritte-walpurgisnacht">https://kraus1933.ace.oeaw.ac.at/Gesamt.xml?template=register_personen.html&amp;letter=R#DWpers0195</idno>
               <idno type="URL" subtype="oebl">https://doi.org/10.1553/0x002840f0</idno>
               <idno type="URL" subtype="wikidata">http://www.wikidata.org/entity/Q78639</idno>
               <idno type="URL" subtype="wikipedia">https://de.wikipedia.org/wiki/Max_Reinhardt</idno>
               <idno type="URL" subtype="oeml">https://dx.doi.org/10.1553/0x0001decb</idno>
               <idno type="URL" subtype="schnitzler-kino">https://schnitzler-kino.acdh.oeaw.ac.at/pmb12504.html</idno>
               <idno type="URL" subtype="schnitzler-interviews">https://schnitzler-interviews.acdh.oeaw.ac.at/pmb12504.html</idno>
               <idno type="URL" subtype="bahr-textverzeichnis">https://bahr-textverzeichnis.acdh.oeaw.ac.at/pmb12504.html</idno>
               <idno type="URL" subtype="pmb">https://pmb.acdh.oeaw.ac.at/entity/161833/</idno>
               <idno type="URL" subtype="bahr-tsn">https://bahr-textverzeichnis.acdh.oeaw.ac.at/TSN-listperson.html#pmb12504</idno>
               <affiliation notBefore-iso="1902-01-01"
                            when-iso="1902-01-01"
                            notAfter-iso="1902-12-31">
                  <term key="1409">besitzt</term>
                  <orgName key="45417">Reinhardt-Bühnen</orgName>
                  <idno type="URL" subtype="pmb">https://pmb.acdh.oeaw.ac.at/entity/45417/</idno>
                  <idno type="URL" subtype="wikidata">http://www.wikidata.org/entity/Q2141170</idno>
                  <idno type="URL" subtype="wikipedia">https://de.wikipedia.org/wiki/Reinhardt-B%C3%BChnen</idno>
               </affiliation>
               <affiliation notBefore-iso="1905-10-01"
                            when-iso="1905-10-01"
                            notAfter-iso="1905-10-31">
                  <term key="1182">arbeitet für</term>
                  <orgName key="35597">Deutsches Theater Berlin</orgName>
                  <idno type="URL" subtype="wikidata">http://www.wikidata.org/entity/Q703955</idno>
                  <idno type="URL" subtype="gnd">https://d-nb.info/gnd/4058252-8</idno>
                  <idno type="URL" subtype="pmb">https://pmb.acdh.oeaw.ac.at/entity/35597/</idno>
                  <idno type="URL" subtype="schnitzler-briefe">https://schnitzler-briefe.acdh.oeaw.ac.at/pmb35597.html</idno>
                  <idno type="URL" subtype="legalkraus">https://kraus.wienbibliothek.at/register/institutionen/pmb35597</idno>
                  <idno type="URL" subtype="wikipedia">https://de.wikipedia.org/wiki/Deutsches_Theater_Berlin</idno>
                  <idno type="URL" subtype="schnitzler-interviews">https://schnitzler-interviews.acdh.oeaw.ac.at/pmb35597.html</idno>
               </affiliation>
               <affiliation notBefore-iso="1909-01-01"
                            when-iso="1909-01-01"
                            notAfter-iso="1909-12-31">
                  <term key="1409">besitzt</term>
                  <orgName key="47607">Münchner Künstlertheater</orgName>
                  <idno type="URL" subtype="pmb">https://pmb.acdh.oeaw.ac.at/entity/47607/</idno>
                  <idno type="URL" subtype="schnitzler-briefe">https://schnitzler-briefe.acdh.oeaw.ac.at/pmb47607.html</idno>
               </affiliation>
               <affiliation>
                  <term key="1409">besitzt</term>
                  <orgName key="118599">Schall und Rauch</orgName>
                  <idno type="URL" subtype="pmb">https://pmb.acdh.oeaw.ac.at/entity/118599/</idno>
                  <idno type="URL" subtype="gnd">https://d-nb.info/gnd/2082127-X</idno>
               </affiliation>
               <affiliation>
                  <term key="1182">arbeitet für</term>
                  <orgName key="142554">Secessionsbühne</orgName>
                  <idno type="URL" subtype="pmb">https://pmb.acdh.oeaw.ac.at/entity/142554/</idno>
                  <idno type="URL" subtype="wikidata">http://www.wikidata.org/entity/Q106352887</idno>
                  <idno type="URL" subtype="wikipedia">https://de.wikipedia.org/wiki/Secessionsb%C3%BChne</idno>
               </affiliation>
               <listEvent>
                  <event key="40436" when-iso="1893-01-14">
                     <desc n="1256">ist Arbeitskraft bei</desc>
                     <label>Aufführung von Die Räuber, 14.1.1893</label>
                     <idno type="URL" subtype="pmb">https://pmb.acdh.oeaw.ac.at/entity/40436/</idno>
                  </event>
                  <event key="35152" when-iso="1896-11-03">
                     <desc n="1256">ist Arbeitskraft bei</desc>
                     <label>Uraufführung von Freiwild. Schauspiel in 3 Akten, 3.11.1896</label>
                     <idno type="URL" subtype="pmb">https://pmb.acdh.oeaw.ac.at/entity/35152/</idno>
                  </event>
                  <event key="35482" when-iso="1899-04-29">
                     <desc n="1256">ist Arbeitskraft bei</desc>
                     <label>Premiere von Der grüne Kakadu – Paracelsus – Die Gefährtin. Drei
                           Einakter, 29.4.1899</label>
                     <idno type="URL" subtype="pmb">https://pmb.acdh.oeaw.ac.at/entity/35482/</idno>
                  </event>
                  <event key="144171" when-iso="1901-11-27">
                     <desc n="1256">ist Arbeitskraft bei</desc>
                     <label>Uraufführung Der rothe Hahn, 27.11.1901</label>
                     <idno type="URL" subtype="pmb">https://pmb.acdh.oeaw.ac.at/entity/144171/</idno>
                  </event>
                  <event key="35104" when-iso="1902-01-04">
                     <desc n="1256">ist Arbeitskraft bei</desc>
                     <label>Uraufführung von Lebendige Stunden, 4.1.1902</label>
                     <idno type="URL" subtype="pmb">https://pmb.acdh.oeaw.ac.at/entity/35104/</idno>
                  </event>
                  <event key="44934" when-iso="1903-10-30">
                     <desc n="1256">ist Arbeitskraft bei</desc>
                     <label>Uraufführung von Elektra, 30.10.1903</label>
                     <idno type="URL" subtype="pmb">https://pmb.acdh.oeaw.ac.at/entity/44934/</idno>
                  </event>
                  <event key="35167" when-iso="1905-03-10">
                     <desc n="1256">ist Arbeitskraft bei</desc>
                     <label>Uraufführung von Sanna, 10.3.1905</label>
                     <idno type="URL" subtype="pmb">https://pmb.acdh.oeaw.ac.at/entity/35167/</idno>
                  </event>
                  <event key="42037" when-iso="1905-05-15">
                     <desc n="1256">ist Arbeitskraft bei</desc>
                     <label>Premiere von Der Graf von Charolais, 15.5.1905</label>
                     <idno type="URL" subtype="pmb">https://pmb.acdh.oeaw.ac.at/entity/42037/</idno>
                  </event>
                  <event key="147278" when-iso="1905-05-20">
                     <desc n="1256">ist Arbeitskraft bei</desc>
                     <label>Aufführung von Ein Sommernachtstraum, 20.5.1905</label>
                     <idno type="URL" subtype="pmb">https://pmb.acdh.oeaw.ac.at/entity/147278/</idno>
                  </event>
                  <event key="147419" when-iso="1906-03-31">
                     <desc n="1256">ist Arbeitskraft bei</desc>
                     <label>Premiere von Cäsar und Cleopatra, 31.3.1906</label>
                     <idno type="URL" subtype="pmb">https://pmb.acdh.oeaw.ac.at/entity/147419/</idno>
                  </event>
                  <event key="46814" when-iso="1910-02-11">
                     <desc n="1256">ist Arbeitskraft bei</desc>
                     <label>Uraufführung von Cristinas Heimreise, 11.2.1910</label>
                     <idno type="URL" subtype="pmb">https://pmb.acdh.oeaw.ac.at/entity/46814/</idno>
                  </event>
                  <event key="46921" when-iso="1910-09-25">
                     <desc n="1256">ist Arbeitskraft bei</desc>
                     <label>Premiere von König Ödipus, 25.9.1910</label>
                     <idno type="URL" subtype="pmb">https://pmb.acdh.oeaw.ac.at/entity/46921/</idno>
                  </event>
                  <event key="148391" when-iso="1912-09-18">
                     <desc n="1256">ist Arbeitskraft bei</desc>
                     <label>Premiere von Das Mirakel, 18.9.1912</label>
                     <idno type="URL" subtype="pmb">https://pmb.acdh.oeaw.ac.at/entity/148391/</idno>
                  </event>
                  <event key="48402" when-iso="1922-08-12">
                     <desc n="1256">ist Arbeitskraft bei</desc>
                     <label>Uraufführung von Das Salzburger große Welttheater, 12.8.1922</label>
                     <idno type="URL" subtype="pmb">https://pmb.acdh.oeaw.ac.at/entity/48402/</idno>
                  </event>
                  <event key="56623" when-iso="1925-12-23">
                     <desc n="1256">ist Arbeitskraft bei</desc>
                     <label>Premiere von Riviera, 23.12.1925</label>
                     <idno type="URL" subtype="pmb">https://pmb.acdh.oeaw.ac.at/entity/56623/</idno>
                  </event>
               </listEvent>
               <listBibl>
                  <bibl type="collections" n="5">legalkraus</bibl>
                  <bibl type="collections" n="10">Karl Kraus 1933: Dritte Walpurgisnacht</bibl>
                  <bibl type="collections" n="11">ÖBL nach 1850 geboren</bibl>
                  <bibl type="collections" n="12">Fackel</bibl>
                  <bibl type="collections" n="16">Bahr Textverzeichnis</bibl>
               </listBibl>
               <note type="references"> </note>
               <figure>
                  <graphic url="https://commons.wikimedia.org/w/index.php?title=Special:Redirect/file/Max%20Reinhardt.jpg"/>
               </figure>
            </person>
            <person xml:id="pmb8889">
               <persName>
                  <forename>Carl</forename>
                  <surname>Meinhard</surname>
               </persName>
               <persName type="legacy-name-merge">Meinhard, Carl</persName>
               <birth>
                  <date when-iso="1875-11-28">28.11.1875</date>
                  <settlement key="44092">
                     <placeName type="pref">Jihlava</placeName>
                     <location>
                        <geo>49,3961 15,59124</geo>
                     </location>
                  </settlement>
               </birth>
               <death>
                  <date when-iso="1949-02-12">12.02.1949</date>
                  <settlement key="54042">
                     <placeName type="pref">Buenos Aires</placeName>
                     <location>
                        <geo>-34,61315 -58,37723</geo>
                     </location>
                  </settlement>
               </death>
               <sex value="male"/>
               <occupation key="103">Theaterleiter/Theaterleiterin</occupation>
               <idno type="URL" subtype="schnitzler-tagebuch">https://schnitzler-tagebuch.acdh.oeaw.ac.at/person_18047.html</idno>
               <idno type="URL" subtype="pmb">https://pmb.acdh.oeaw.ac.at/entity/8889/</idno>
               <idno type="URL" subtype="wikidata">http://www.wikidata.org/entity/Q1039720</idno>
               <idno type="URL" subtype="wikipedia">https://de.wikipedia.org/wiki/Carl_Meinhard</idno>
               <idno type="URL" subtype="gnd">https://d-nb.info/gnd/116863641</idno>
               <idno type="URL" subtype="pmb">https://pmb.acdh.oeaw.ac.at/entity/161274/</idno>
               <idno type="URL" subtype="bahr-textverzeichnis">https://bahr-textverzeichnis.acdh.oeaw.ac.at/pmb8889.html</idno>
               <idno type="URL" subtype="bahr-tsn">https://bahr-textverzeichnis.acdh.oeaw.ac.at/TSN-listperson.html#pmb8889</idno>
               <listEvent>
                  <event key="35482" when-iso="1899-04-29">
                     <desc n="1256">ist Arbeitskraft bei</desc>
                     <label>Premiere von Der grüne Kakadu – Paracelsus – Die Gefährtin. Drei
                           Einakter, 29.4.1899</label>
                     <idno type="URL" subtype="pmb">https://pmb.acdh.oeaw.ac.at/entity/35482/</idno>
                  </event>
                  <event key="35098" when-iso="1903-03-07">
                     <desc n="1256">ist Arbeitskraft bei</desc>
                     <label>Premiere von Der Schleier der Beatrice, 7.3.1903</label>
                     <idno type="URL" subtype="pmb">https://pmb.acdh.oeaw.ac.at/entity/35098/</idno>
                  </event>
               </listEvent>
               <listBibl>
                  <bibl type="collections" n="16">Bahr Textverzeichnis</bibl>
               </listBibl>
               <note type="references"> </note>
               <figure>
                  <graphic url="https://commons.wikimedia.org/w/index.php?title=Special:Redirect/file/Carl%20Meinhard%20%28BerlLeben%201908-09%29.jpg"/>
               </figure>
            </person>
            <person xml:id="pmb10986">
               <persName>
                  <forename>Otto</forename>
                  <surname>Brahm</surname>
               </persName>
               <persName type="person_geburtsname_nachname">Abrahamson</persName>
               <persName type="legacy-name-merge">Brahm, Otto</persName>
               <birth>
                  <date when-iso="1856-02-05">05.02.1856</date>
                  <settlement key="506">
                     <placeName type="pref">Hamburg</placeName>
                     <location>
                        <geo>53,57532 10,01534</geo>
                     </location>
                  </settlement>
               </birth>
               <death>
                  <date when-iso="1912-11-28">28.11.1912</date>
                  <settlement key="168">
                     <placeName type="pref">Berlin</placeName>
                     <location>
                        <geo>52,52437 13,41053</geo>
                     </location>
                  </settlement>
               </death>
               <sex value="male"/>
               <occupation key="103">Theaterleiter/Theaterleiterin</occupation>
               <occupation key="104">Regisseur/Regisseurin</occupation>
               <idno type="URL" subtype="gnd">https://d-nb.info/gnd/118514245</idno>
               <idno type="URL" subtype="schnitzler-tagebuch">https://schnitzler-tagebuch.acdh.oeaw.ac.at/person_13913.html</idno>
               <idno type="URL" subtype="schnitzler-bahr">https://schnitzler-bahr.acdh.oeaw.ac.at/pmb10986.html</idno>
               <idno type="URL" subtype="pmb">https://pmb.acdh.oeaw.ac.at/entity/10986/</idno>
               <idno type="URL" subtype="schnitzler-briefe">https://schnitzler-briefe.acdh.oeaw.ac.at/pmb10986.html</idno>
               <idno type="URL" subtype="schnitzler-lektueren">https://schnitzler-lektueren.acdh.oeaw.ac.at/pmb10986.html</idno>
               <idno type="URL" subtype="legalkraus">https://kraus.wienbibliothek.at/register/personen/pmb10986</idno>
               <idno type="URL" subtype="bahr-textverzeichnis">https://bahr-textverzeichnis.acdh.oeaw.ac.at/pmb10986.html</idno>
               <idno type="URL" subtype="fackel">https://fackel.oeaw.ac.at/?p=fackelp50936</idno>
               <idno type="URL" subtype="wikidata">http://www.wikidata.org/entity/Q71903</idno>
               <idno type="URL" subtype="wikipedia">https://de.wikipedia.org/wiki/Otto_Brahm</idno>
               <idno type="URL" subtype="schnitzler-interviews">https://schnitzler-interviews.acdh.oeaw.ac.at/pmb10986.html</idno>
               <idno type="URL" subtype="pmb">https://pmb.acdh.oeaw.ac.at/entity/159461/</idno>
               <idno type="URL" subtype="bahr-tsn">https://bahr-textverzeichnis.acdh.oeaw.ac.at/TSN-listperson.html#pmb10986</idno>
               <affiliation when-iso="1889-04-05">
                  <term key="1182">arbeitet für</term>
                  <orgName key="29561">Freie Bühne</orgName>
                  <idno type="URL" subtype="pmb">https://pmb.acdh.oeaw.ac.at/entity/29561/</idno>
                  <idno type="URL" subtype="schnitzler-briefe">https://schnitzler-briefe.acdh.oeaw.ac.at/pmb29561.html</idno>
                  <idno type="URL" subtype="wikidata">http://www.wikidata.org/entity/Q1453924</idno>
                  <idno type="URL" subtype="wikipedia">https://de.wikipedia.org/wiki/Freie_B%C3%BChne_Berlin</idno>
               </affiliation>
               <affiliation notBefore-iso="1894-01-01"
                            when-iso="1894-01-01"
                            notAfter-iso="1894-12-31">
                  <term key="1182">arbeitet für</term>
                  <orgName key="35597">Deutsches Theater Berlin</orgName>
                  <idno type="URL" subtype="wikidata">http://www.wikidata.org/entity/Q703955</idno>
                  <idno type="URL" subtype="gnd">https://d-nb.info/gnd/4058252-8</idno>
                  <idno type="URL" subtype="pmb">https://pmb.acdh.oeaw.ac.at/entity/35597/</idno>
                  <idno type="URL" subtype="schnitzler-briefe">https://schnitzler-briefe.acdh.oeaw.ac.at/pmb35597.html</idno>
                  <idno type="URL" subtype="legalkraus">https://kraus.wienbibliothek.at/register/institutionen/pmb35597</idno>
                  <idno type="URL" subtype="wikipedia">https://de.wikipedia.org/wiki/Deutsches_Theater_Berlin</idno>
                  <idno type="URL" subtype="schnitzler-interviews">https://schnitzler-interviews.acdh.oeaw.ac.at/pmb35597.html</idno>
               </affiliation>
               <affiliation when-iso="1904-07-01">
                  <term key="1182">arbeitet für</term>
                  <orgName key="35053">Lessing-Theater</orgName>
                  <idno type="URL" subtype="pmb">https://pmb.acdh.oeaw.ac.at/entity/35053/</idno>
                  <idno type="URL" subtype="schnitzler-briefe">https://schnitzler-briefe.acdh.oeaw.ac.at/pmb35053.html</idno>
                  <idno type="URL" subtype="legalkraus">https://kraus.wienbibliothek.at/register/institutionen/pmb35053</idno>
                  <idno type="URL" subtype="schnitzler-interviews">https://schnitzler-interviews.acdh.oeaw.ac.at/pmb35053.html</idno>
                  <idno type="URL" subtype="wikidata">http://www.wikidata.org/entity/Q261757</idno>
                  <idno type="URL" subtype="wikipedia">https://de.wikipedia.org/wiki/Lessingtheater_(Berlin)</idno>
               </affiliation>
               <listEvent>
                  <event key="43326" when-iso="1896-01-31">
                     <desc n="1256">ist Arbeitskraft bei</desc>
                     <label>Probe Liebelei, 31.1.1896</label>
                     <idno type="URL" subtype="pmb">https://pmb.acdh.oeaw.ac.at/entity/43326/</idno>
                  </event>
                  <event key="35206" when-iso="1896-02-04">
                     <desc n="1370">teilgenommen an</desc>
                     <label>Premiere von Liebelei und Der zerbrochene Krug, 4.2.1896</label>
                     <idno type="URL" subtype="pmb">https://pmb.acdh.oeaw.ac.at/entity/35206/</idno>
                  </event>
                  <event key="41414" when-iso="1896-05-23">
                     <desc n="1370">teilgenommen an</desc>
                     <label>Premiere von Der Zerrissene, 23.5.1896</label>
                     <idno type="URL" subtype="pmb">https://pmb.acdh.oeaw.ac.at/entity/41414/</idno>
                  </event>
                  <event key="43387" when-iso="1896-10-17">
                     <desc n="1370">teilgenommen an</desc>
                     <label>Premiere von Die Mütter, 17.10.1896</label>
                     <idno type="URL" subtype="pmb">https://pmb.acdh.oeaw.ac.at/entity/43387/</idno>
                  </event>
                  <event key="143068" when-iso="1898-10-04">
                     <desc n="1370">teilgenommen an</desc>
                     <label>Aufführung von Cyrano von Bergerac, 4.10.1898</label>
                     <idno type="URL" subtype="pmb">https://pmb.acdh.oeaw.ac.at/entity/143068/</idno>
                  </event>
                  <event key="35382" when-iso="1898-10-08">
                     <desc n="1370">teilgenommen an</desc>
                     <label>Uraufführung von Das Vermächtnis, 8.10.1898</label>
                     <idno type="URL" subtype="pmb">https://pmb.acdh.oeaw.ac.at/entity/35382/</idno>
                  </event>
                  <event key="35479" when-iso="1899-03-01">
                     <desc n="1370">teilgenommen an</desc>
                     <label>Uraufführung von Der grüne Kakadu – Paracelsus – Die Gefährtin. Drei
                           Einakter, 1.3.1899</label>
                     <idno type="URL" subtype="pmb">https://pmb.acdh.oeaw.ac.at/entity/35479/</idno>
                  </event>
                  <event key="43926" when-iso="1899-03-18">
                     <desc n="1256">ist Arbeitskraft bei</desc>
                     <label>Berliner Uraufführung Der Abenteurer und die Sängerin und Die
                           Hochzeit der Sobeide, 18.3.1899</label>
                     <idno type="URL" subtype="pmb">https://pmb.acdh.oeaw.ac.at/entity/43926/</idno>
                  </event>
                  <event key="35482" when-iso="1899-04-29">
                     <desc n="1256">ist Arbeitskraft bei</desc>
                     <label>Premiere von Der grüne Kakadu – Paracelsus – Die Gefährtin. Drei
                           Einakter, 29.4.1899</label>
                     <idno type="URL" subtype="pmb">https://pmb.acdh.oeaw.ac.at/entity/35482/</idno>
                  </event>
                  <event key="141501" when-iso="1899-10-07">
                     <desc n="1370">teilgenommen an</desc>
                     <label>Private Lesung von Der Schleier der Beatrice, 7. 10. 1899</label>
                     <idno type="URL" subtype="pmb">https://pmb.acdh.oeaw.ac.at/entity/141501/</idno>
                  </event>
                  <event key="35149" when-iso="1901-11-08">
                     <desc n="1370">teilgenommen an</desc>
                     <label>Uraufführung von Der Apostel, 8.11.1901</label>
                     <idno type="URL" subtype="pmb">https://pmb.acdh.oeaw.ac.at/entity/35149/</idno>
                  </event>
                  <event key="35107" when-iso="1902-05-06">
                     <desc n="1256">ist Arbeitskraft bei</desc>
                     <label>Premiere von Lebendige Stunden, 6.5.1902</label>
                     <idno type="URL" subtype="pmb">https://pmb.acdh.oeaw.ac.at/entity/35107/</idno>
                  </event>
                  <event key="35272" when-iso="1904-02-03">
                     <desc n="1256">ist Arbeitskraft bei</desc>
                     <label>Uraufführung von Der einsame Weg, 13.2.1904</label>
                     <idno type="URL" subtype="pmb">https://pmb.acdh.oeaw.ac.at/entity/35272/</idno>
                  </event>
                  <event key="35176" when-iso="1905-11-25">
                     <desc n="1370">teilgenommen an</desc>
                     <label>Premiere von Zwischenspiel, 25.11.1905</label>
                     <idno type="URL" subtype="pmb">https://pmb.acdh.oeaw.ac.at/entity/35176/</idno>
                  </event>
                  <event key="145637" when-iso="1905-11-26">
                     <desc n="1370">teilgenommen an</desc>
                     <label>Aufführung von Zwischenspiel, 26.11.1905</label>
                     <idno type="URL" subtype="pmb">https://pmb.acdh.oeaw.ac.at/entity/145637/</idno>
                  </event>
                  <event key="35179" when-iso="1906-02-24">
                     <desc n="1256">ist Arbeitskraft bei</desc>
                     <label>Premiere von Der Ruf des Lebens, 24.2.1906</label>
                     <idno type="URL" subtype="pmb">https://pmb.acdh.oeaw.ac.at/entity/35179/</idno>
                  </event>
                  <event key="147446" when-iso="1906-04-19">
                     <desc n="1256">ist Arbeitskraft bei</desc>
                     <label>Aufführung von Der einsame Weg, 19.4.1906</label>
                     <idno type="URL" subtype="pmb">https://pmb.acdh.oeaw.ac.at/entity/147446/</idno>
                  </event>
               </listEvent>
               <listBibl>
                  <bibl type="collections" n="5">legalkraus</bibl>
                  <bibl type="collections" n="12">Fackel</bibl>
                  <bibl type="collections" n="16">Bahr Textverzeichnis</bibl>
               </listBibl>
               <figure>
                  <graphic url="https://commons.wikimedia.org/w/index.php?title=Special:Redirect/file/Otto%20brahm%20critic%201905.jpg"/>
               </figure>
            </person>
            <person xml:id="pmb10844">
               <persName>
                  <forename>Albert</forename>
                  <surname>Bassermann</surname>
               </persName>
               <birth>
                  <date when-iso="1867-09-07">07.09.1867</date>
                  <settlement key="881">
                     <placeName type="pref">Mannheim</placeName>
                     <location>
                        <geo>49,4891 8,46694</geo>
                     </location>
                  </settlement>
               </birth>
               <death>
                  <date when-iso="1952-05-15">15.05.1952</date>
                  <settlement key="12376">
                     <placeName type="pref">Atlantischer Ozean</placeName>
                     <location>
                        <geo>7,0 -31,0</geo>
                     </location>
                  </settlement>
               </death>
               <sex value="male"/>
               <occupation key="105">Schauspieler/Schauspielerin</occupation>
               <idno type="URL" subtype="gnd">https://d-nb.info/gnd/118653407</idno>
               <idno type="URL" subtype="schnitzler-tagebuch">https://schnitzler-tagebuch.acdh.oeaw.ac.at/person_13457.html</idno>
               <idno type="URL" subtype="schnitzler-bahr">https://schnitzler-bahr.acdh.oeaw.ac.at/pmb10844.html</idno>
               <idno type="URL" subtype="pmb">https://pmb.acdh.oeaw.ac.at/entity/10844/</idno>
               <idno type="URL" subtype="schnitzler-briefe">https://schnitzler-briefe.acdh.oeaw.ac.at/pmb10844.html</idno>
               <idno type="URL" subtype="legalkraus">https://kraus.wienbibliothek.at/register/personen/pmb10844</idno>
               <idno type="URL" subtype="fackel">https://fackel.oeaw.ac.at/?p=fackelp37905</idno>
               <idno type="URL" subtype="wikidata">http://www.wikidata.org/entity/Q64150</idno>
               <idno type="URL" subtype="wikipedia">https://de.wikipedia.org/wiki/Albert_Bassermann</idno>
               <idno type="URL" subtype="schnitzler-kino">https://schnitzler-kino.acdh.oeaw.ac.at/pmb10844.html</idno>
               <idno type="URL" subtype="schnitzler-interviews">https://schnitzler-interviews.acdh.oeaw.ac.at/pmb10844.html</idno>
               <idno type="URL" subtype="bahr-textverzeichnis">https://bahr-textverzeichnis.acdh.oeaw.ac.at/pmb10844.html</idno>
               <affiliation>
                  <term key="1182">arbeitet für</term>
                  <orgName key="37214">Neue Wiener Bühne</orgName>
                  <idno type="URL" subtype="pmb">https://pmb.acdh.oeaw.ac.at/entity/37214/</idno>
                  <idno type="URL" subtype="schnitzler-briefe">https://schnitzler-briefe.acdh.oeaw.ac.at/pmb37214.html</idno>
                  <idno type="URL" subtype="pmb">https://pmb.acdh.oeaw.ac.at/entity/60476/</idno>
                  <idno type="URL" subtype="legalkraus">https://kraus.wienbibliothek.at/register/institutionen/pmb37214</idno>
                  <idno type="URL" subtype="wiengeschichtewiki">https://www.geschichtewiki.wien.gv.at/Neue_Wiener_Bühne</idno>
               </affiliation>
               <listEvent>
                  <event key="144171" when-iso="1901-11-27">
                     <desc n="1256">ist Arbeitskraft bei</desc>
                     <label>Uraufführung Der rothe Hahn, 27.11.1901</label>
                     <idno type="URL" subtype="pmb">https://pmb.acdh.oeaw.ac.at/entity/144171/</idno>
                  </event>
                  <event key="35104" when-iso="1902-01-04">
                     <desc n="1256">ist Arbeitskraft bei</desc>
                     <label>Uraufführung von Lebendige Stunden, 4.1.1902</label>
                     <idno type="URL" subtype="pmb">https://pmb.acdh.oeaw.ac.at/entity/35104/</idno>
                  </event>
                  <event key="35098" when-iso="1903-03-07">
                     <desc n="1256">ist Arbeitskraft bei</desc>
                     <label>Premiere von Der Schleier der Beatrice, 7.3.1903</label>
                     <idno type="URL" subtype="pmb">https://pmb.acdh.oeaw.ac.at/entity/35098/</idno>
                  </event>
                  <event key="35116" when-iso="1903-09-12">
                     <desc n="1256">ist Arbeitskraft bei</desc>
                     <label>Uraufführung von Der Puppenspieler, Premiere von Das Trugbild,
                           12.9.1903</label>
                     <idno type="URL" subtype="pmb">https://pmb.acdh.oeaw.ac.at/entity/35116/</idno>
                  </event>
                  <event key="35272" when-iso="1904-02-03">
                     <desc n="1256">ist Arbeitskraft bei</desc>
                     <label>Uraufführung von Der einsame Weg, 13.2.1904</label>
                     <idno type="URL" subtype="pmb">https://pmb.acdh.oeaw.ac.at/entity/35272/</idno>
                  </event>
                  <event key="35176" when-iso="1905-11-25">
                     <desc n="1256">ist Arbeitskraft bei</desc>
                     <label>Premiere von Zwischenspiel, 25.11.1905</label>
                     <idno type="URL" subtype="pmb">https://pmb.acdh.oeaw.ac.at/entity/35176/</idno>
                  </event>
                  <event key="35179" when-iso="1906-02-24">
                     <desc n="1256">ist Arbeitskraft bei</desc>
                     <label>Premiere von Der Ruf des Lebens, 24.2.1906</label>
                     <idno type="URL" subtype="pmb">https://pmb.acdh.oeaw.ac.at/entity/35179/</idno>
                  </event>
                  <event key="59624" when-iso="1906-05-15">
                     <desc n="1256">ist Arbeitskraft bei</desc>
                     <label>Aufführung von Der einsame Weg, 15.5.1906</label>
                     <idno type="URL" subtype="pmb">https://pmb.acdh.oeaw.ac.at/entity/59624/</idno>
                  </event>
                  <event key="147729" when-iso="1907-10-15">
                     <desc n="1256">ist Arbeitskraft bei</desc>
                     <label>Uraufführung von Vom andern Ufer, 15.10.1907</label>
                     <idno type="URL" subtype="pmb">https://pmb.acdh.oeaw.ac.at/entity/147729/</idno>
                  </event>
                  <event key="163044" when-iso="1915-10-23">
                     <desc n="1256">ist Arbeitskraft bei</desc>
                     <label>Premiere von Komödie der Worte, 23.10.1915</label>
                     <idno type="URL" subtype="pmb">https://pmb.acdh.oeaw.ac.at/entity/163044/</idno>
                  </event>
                  <event key="59390" when-iso="1924-09-18">
                     <desc n="1256">ist Arbeitskraft bei</desc>
                     <label>Premiere von Der einsame Weg, 18.9.1924</label>
                     <idno type="URL" subtype="pmb">https://pmb.acdh.oeaw.ac.at/entity/59390/</idno>
                  </event>
                  <event key="59579" when-iso="1925-11-14">
                     <desc n="1256">ist Arbeitskraft bei</desc>
                     <label>Premiere von Der einsame Weg, 14.11.1925</label>
                     <idno type="URL" subtype="pmb">https://pmb.acdh.oeaw.ac.at/entity/59579/</idno>
                  </event>
               </listEvent>
               <listBibl>
                  <bibl type="collections" n="5">legalkraus</bibl>
                  <bibl type="collections" n="12">Fackel</bibl>
               </listBibl>
               <figure>
                  <graphic url="https://commons.wikimedia.org/w/index.php?title=Special:Redirect/file/Foreign%20Correspondent%20trailer%2020%20Basserman.jpg"/>
               </figure>
            </person>
            <person xml:id="pmb8948">
               <persName>
                  <forename>Octave</forename>
                  <surname>Mirbeau</surname>
               </persName>
               <birth>
                  <date when-iso="1848-02-16">16.02.1848</date>
                  <settlement key="61089">
                     <placeName type="pref">Trévières</placeName>
                     <location>
                        <geo>49,30869 -0,90428</geo>
                     </location>
                  </settlement>
               </birth>
               <death>
                  <date when-iso="1917-02-16">16.02.1917</date>
                  <settlement key="182">
                     <placeName type="pref">Paris</placeName>
                     <location>
                        <geo>48,85341 2,3488</geo>
                     </location>
                  </settlement>
               </death>
               <sex value="male"/>
               <occupation key="90">Schriftsteller/Schriftstellerin</occupation>
               <occupation key="99">Journalist/Journalistin</occupation>
               <idno type="URL" subtype="gnd">https://d-nb.info/gnd/118784226</idno>
               <idno type="URL" subtype="schnitzler-tagebuch">https://schnitzler-tagebuch.acdh.oeaw.ac.at/person_18185.html</idno>
               <idno type="URL" subtype="schnitzler-bahr">https://schnitzler-bahr.acdh.oeaw.ac.at/pmb8948.html</idno>
               <idno type="URL" subtype="pmb">https://pmb.acdh.oeaw.ac.at/entity/8948/</idno>
               <idno type="URL" subtype="schnitzler-lektueren">https://schnitzler-lektueren.acdh.oeaw.ac.at/pmb8948.html</idno>
               <idno type="URL" subtype="bahr-textverzeichnis">https://bahr-textverzeichnis.acdh.oeaw.ac.at/pmb8948.html</idno>
               <idno type="URL" subtype="fackel">https://fackel.oeaw.ac.at/?p=fackelp50782</idno>
               <idno type="URL" subtype="wikidata">http://www.wikidata.org/entity/Q23441</idno>
               <idno type="URL" subtype="wikipedia">https://de.wikipedia.org/wiki/Octave_Mirbeau</idno>
               <idno type="URL" subtype="schnitzler-interviews">https://schnitzler-interviews.acdh.oeaw.ac.at/pmb8948.html</idno>
               <listBibl>
                  <bibl type="collections" n="12">Fackel</bibl>
               </listBibl>
               <figure>
                  <graphic url="https://commons.wikimedia.org/w/index.php?title=Special:Redirect/file/Octave%20Mirbeau%20portrait.jpg"/>
               </figure>
            </person>
            <person xml:id="pmb2865">
               <persName>
                  <forename>Else</forename>
                  <surname>Lehmann</surname>
               </persName>
               <persName type="person_ehename_nachname">Kuh</persName>
               <persName type="legacy-name-merge">Lehmann, Else</persName>
               <persName type="legacy-name-merge">Lehmann, Else</persName>
               <persName type="legacy-name-merge">Lehmann Else</persName>
               <birth>
                  <date when-iso="1866-06-27">27.06.1866</date>
                  <settlement key="168">
                     <placeName type="pref">Berlin</placeName>
                     <location>
                        <geo>52,52437 13,41053</geo>
                     </location>
                  </settlement>
               </birth>
               <death>
                  <date when-iso="1940-03-06">6.3.1940</date>
                  <settlement key="652">
                     <placeName type="pref">Prag</placeName>
                     <location>
                        <geo>50,08333 14,46667</geo>
                     </location>
                  </settlement>
               </death>
               <sex value="female"/>
               <occupation key="105">Schauspieler/Schauspielerin</occupation>
               <idno type="URL" subtype="schnitzler-bahr">https://schnitzler-bahr.acdh.oeaw.ac.at/pmb2865.html</idno>
               <idno type="URL" subtype="pmb">https://pmb.acdh.oeaw.ac.at/entity/2865/</idno>
               <idno type="URL" subtype="schnitzler-tagebuch">https://schnitzler-tagebuch.acdh.oeaw.ac.at/person_17404.html</idno>
               <idno type="URL" subtype="fackel">https://fackel.oeaw.ac.at/?p=fackelp42564</idno>
               <idno type="URL" subtype="wikidata">http://www.wikidata.org/entity/Q1333664</idno>
               <idno type="URL" subtype="wikipedia">https://de.wikipedia.org/wiki/Else_Lehmann</idno>
               <idno type="URL" subtype="gnd">https://d-nb.info/gnd/116862319</idno>
               <idno type="URL" subtype="bahr-textverzeichnis">https://bahr-textverzeichnis.acdh.oeaw.ac.at/pmb2865.html</idno>
               <idno type="URL" subtype="pmb">https://pmb.acdh.oeaw.ac.at/entity/161012/</idno>
               <idno type="URL" subtype="pmb">https://pmb.acdh.oeaw.ac.at/entity/161011/</idno>
               <idno type="URL" subtype="bahr-tsn">https://bahr-textverzeichnis.acdh.oeaw.ac.at/TSN-listperson.html#pmb2865</idno>
               <idno type="URL" subtype="bahr-tsn">https://bahr-textverzeichnis.acdh.oeaw.ac.at/TSN-listperson.html#pmb161012</idno>
               <idno type="URL" subtype="schnitzler-interviews">https://schnitzler-interviews.acdh.oeaw.ac.at/pmb2865.html</idno>
               <listEvent>
                  <event key="46453" when-iso="1889-10-20">
                     <desc n="1256">ist Arbeitskraft bei</desc>
                     <label>Uraufführung von Vor Sonnenaufgang, 20.10.1889</label>
                     <idno type="URL" subtype="pmb">https://pmb.acdh.oeaw.ac.at/entity/46453/</idno>
                  </event>
                  <event key="141479" when-iso="1900-02-03">
                     <desc n="1256">ist Arbeitskraft bei</desc>
                     <label>Uraufführung von Schluck und Jau, 3. 2. 1900</label>
                     <idno type="URL" subtype="pmb">https://pmb.acdh.oeaw.ac.at/entity/141479/</idno>
                  </event>
                  <event key="35272" when-iso="1904-02-13">
                     <desc n="1256">ist Arbeitskraft bei</desc>
                     <label>Uraufführung von Der einsame Weg, 13.2.1904</label>
                     <idno type="URL" subtype="pmb">https://pmb.acdh.oeaw.ac.at/entity/35272/</idno>
                  </event>
                  <event key="35179" when-iso="1906-02-24">
                     <desc n="1256">ist Arbeitskraft bei</desc>
                     <label>Premiere von Der Ruf des Lebens, 24.2.1906</label>
                     <idno type="URL" subtype="pmb">https://pmb.acdh.oeaw.ac.at/entity/35179/</idno>
                  </event>
                  <event key="59624" when-iso="1906-05-15">
                     <desc n="1256">ist Arbeitskraft bei</desc>
                     <label>Aufführung von Der einsame Weg, 15.5.1906</label>
                     <idno type="URL" subtype="pmb">https://pmb.acdh.oeaw.ac.at/entity/59624/</idno>
                  </event>
               </listEvent>
               <listBibl>
                  <bibl type="collections" n="12">Fackel</bibl>
                  <bibl type="collections" n="16">Bahr Textverzeichnis</bibl>
               </listBibl>
               <note type="references"> </note>
               <figure>
                  <graphic url="https://commons.wikimedia.org/w/index.php?title=Special:Redirect/file/Else%20Lehmann.jpg"/>
               </figure>
            </person>
            <person xml:id="pmb12530">
               <persName>
                  <forename>Rudolf</forename>
                  <surname>Rittner</surname>
               </persName>
               <persName type="legacy-name-merge">Rittner, Rudolf</persName>
               <birth>
                  <date when-iso="1869-06-30">30.06.1869</date>
                  <settlement key="40151">
                     <placeName type="pref">Bílý Potok</placeName>
                     <location>
                        <geo>50,87374 15,22209</geo>
                     </location>
                  </settlement>
               </birth>
               <death>
                  <date when-iso="1943-02-04">04.02.1943</date>
                  <settlement key="40151">
                     <placeName type="pref">Bílý Potok</placeName>
                     <location>
                        <geo>50,87374 15,22209</geo>
                     </location>
                  </settlement>
               </death>
               <sex value="male"/>
               <occupation key="103">Theaterleiter/Theaterleiterin</occupation>
               <occupation key="105">Schauspieler/Schauspielerin</occupation>
               <idno type="URL" subtype="gnd">https://d-nb.info/gnd/118788981</idno>
               <idno type="URL" subtype="schnitzler-tagebuch">https://schnitzler-tagebuch.acdh.oeaw.ac.at/person_19288.html</idno>
               <idno type="URL" subtype="schnitzler-bahr">https://schnitzler-bahr.acdh.oeaw.ac.at/pmb12530.html</idno>
               <idno type="URL" subtype="pmb">https://pmb.acdh.oeaw.ac.at/entity/12530/</idno>
               <idno type="URL" subtype="schnitzler-briefe">https://schnitzler-briefe.acdh.oeaw.ac.at/pmb12530.html</idno>
               <idno type="URL" subtype="fackel">https://fackel.oeaw.ac.at/?p=fackelp52606</idno>
               <idno type="URL" subtype="oebl">https://doi.org/10.1553/0x0028425b</idno>
               <idno type="URL" subtype="wikidata">http://www.wikidata.org/entity/Q90655</idno>
               <idno type="URL" subtype="bahr-textverzeichnis">https://bahr-textverzeichnis.acdh.oeaw.ac.at/pmb12530.html</idno>
               <idno type="URL" subtype="wikipedia">https://de.wikipedia.org/wiki/Rudolf_Rittner</idno>
               <idno type="URL" subtype="schnitzler-kino">https://schnitzler-kino.acdh.oeaw.ac.at/pmb12530.html</idno>
               <idno type="URL" subtype="schnitzler-interviews">https://schnitzler-interviews.acdh.oeaw.ac.at/pmb12530.html</idno>
               <idno type="URL" subtype="pmb">https://pmb.acdh.oeaw.ac.at/entity/161887/</idno>
               <idno type="URL" subtype="bahr-tsn">https://bahr-textverzeichnis.acdh.oeaw.ac.at/TSN-listperson.html#pmb12530</idno>
               <listEvent>
                  <event key="63396" when-iso="1893-03-29">
                     <desc n="1256">ist Arbeitskraft bei</desc>
                     <label>Vorstellung zu Gunsten der Rettungsgesellschaft (Gläubiger, Die
                           Statue des Kommandeurs), 29.3.1893</label>
                     <idno type="URL" subtype="pmb">https://pmb.acdh.oeaw.ac.at/entity/63396/</idno>
                  </event>
                  <event key="35206" when-iso="1896-02-04">
                     <desc n="1370">teilgenommen an</desc>
                     <label>Premiere von Liebelei und Der zerbrochene Krug, 4.2.1896</label>
                     <idno type="URL" subtype="pmb">https://pmb.acdh.oeaw.ac.at/entity/35206/</idno>
                  </event>
                  <event key="35382" when-iso="1898-10-08">
                     <desc n="1256">ist Arbeitskraft bei</desc>
                     <label>Uraufführung von Das Vermächtnis, 8.10.1898</label>
                     <idno type="URL" subtype="pmb">https://pmb.acdh.oeaw.ac.at/entity/35382/</idno>
                  </event>
                  <event key="35482" when-iso="1899-04-29">
                     <desc n="1256">ist Arbeitskraft bei</desc>
                     <label>Premiere von Der grüne Kakadu – Paracelsus – Die Gefährtin. Drei
                           Einakter, 29.4.1899</label>
                     <idno type="URL" subtype="pmb">https://pmb.acdh.oeaw.ac.at/entity/35482/</idno>
                  </event>
                  <event key="141479" when-iso="1900-02-03">
                     <desc n="1256">ist Arbeitskraft bei</desc>
                     <label>Uraufführung von Schluck und Jau, 3. 2. 1900</label>
                     <idno type="URL" subtype="pmb">https://pmb.acdh.oeaw.ac.at/entity/141479/</idno>
                  </event>
                  <event key="144171" when-iso="1901-11-27">
                     <desc n="1256">ist Arbeitskraft bei</desc>
                     <label>Uraufführung Der rothe Hahn, 27.11.1901</label>
                     <idno type="URL" subtype="pmb">https://pmb.acdh.oeaw.ac.at/entity/144171/</idno>
                  </event>
                  <event key="35104" when-iso="1902-01-04">
                     <desc n="1256">ist Arbeitskraft bei</desc>
                     <label>Uraufführung von Lebendige Stunden, 4.1.1902</label>
                     <idno type="URL" subtype="pmb">https://pmb.acdh.oeaw.ac.at/entity/35104/</idno>
                  </event>
                  <event key="35098" when-iso="1903-03-07">
                     <desc n="1256">ist Arbeitskraft bei</desc>
                     <label>Premiere von Der Schleier der Beatrice, 7.3.1903</label>
                     <idno type="URL" subtype="pmb">https://pmb.acdh.oeaw.ac.at/entity/35098/</idno>
                  </event>
                  <event key="35272" when-iso="1904-02-13">
                     <desc n="1256">ist Arbeitskraft bei</desc>
                     <label>Uraufführung von Der einsame Weg, 13.2.1904</label>
                     <idno type="URL" subtype="pmb">https://pmb.acdh.oeaw.ac.at/entity/35272/</idno>
                  </event>
                  <event key="35179" when-iso="1906-02-24">
                     <desc n="1256">ist Arbeitskraft bei</desc>
                     <label>Premiere von Der Ruf des Lebens, 24.2.1906</label>
                     <idno type="URL" subtype="pmb">https://pmb.acdh.oeaw.ac.at/entity/35179/</idno>
                  </event>
               </listEvent>
               <listBibl>
                  <bibl type="collections" n="11">ÖBL nach 1850 geboren</bibl>
                  <bibl type="collections" n="12">Fackel</bibl>
                  <bibl type="collections" n="16">Bahr Textverzeichnis</bibl>
               </listBibl>
               <note type="references"> </note>
               <figure>
                  <graphic url="https://commons.wikimedia.org/w/index.php?title=Special:Redirect/file/Lovis%20Corinth%20Portr%C3%A4t%20des%20Rudolf%20Rittner%20als%20Florian%20Geyer%201906.jpg"/>
               </figure>
            </person>
            <person xml:id="pmb11617">
               <persName>
                  <forename>Gerhart</forename>
                  <surname>Hauptmann</surname>
               </persName>
               <persName type="legacy-name-merge">Hauptmann, Gerhart</persName>
               <birth>
                  <date when-iso="1862-11-15">15.11.1862</date>
                  <settlement key="64427">
                     <placeName type="pref">Szczawno-Zdrój</placeName>
                     <location>
                        <geo>50,79512 16,22375</geo>
                     </location>
                  </settlement>
               </birth>
               <death>
                  <date when-iso="1946-06-06">06.06.1946</date>
                  <settlement key="735">
                     <placeName type="pref">Agnetendorf</placeName>
                     <location>
                        <geo>50,816944 15,609444</geo>
                     </location>
                  </settlement>
               </death>
               <sex value="male"/>
               <occupation key="90">Schriftsteller/Schriftstellerin</occupation>
               <idno type="URL" subtype="gnd">https://d-nb.info/gnd/118546937</idno>
               <idno type="URL" subtype="schnitzler-bahr">https://schnitzler-bahr.acdh.oeaw.ac.at/pmb11617.html</idno>
               <idno type="URL" subtype="pmb">https://pmb.acdh.oeaw.ac.at/entity/11617/</idno>
               <idno type="URL" subtype="schnitzler-briefe">https://schnitzler-briefe.acdh.oeaw.ac.at/pmb11617.html</idno>
               <idno type="URL" subtype="schnitzler-lektueren">https://schnitzler-lektueren.acdh.oeaw.ac.at/pmb11617.html</idno>
               <idno type="URL" subtype="legalkraus">https://kraus.wienbibliothek.at/register/personen/pmb11617</idno>
               <idno type="URL" subtype="bahr-textverzeichnis">https://bahr-textverzeichnis.acdh.oeaw.ac.at/pmb11617.html</idno>
               <idno type="URL" subtype="fackel">https://fackel.oeaw.ac.at/?p=fackelp44354</idno>
               <idno type="URL" subtype="dritte-walpurgisnacht">https://kraus1933.ace.oeaw.ac.at/Gesamt.xml?template=register_personen.html&amp;letter=H#DWpers0097</idno>
               <idno type="URL" subtype="wikidata">http://www.wikidata.org/entity/Q43523</idno>
               <idno type="URL" subtype="wikipedia">https://de.wikipedia.org/wiki/Gerhart_Hauptmann</idno>
               <idno type="URL" subtype="schnitzler-kino">https://schnitzler-kino.acdh.oeaw.ac.at/pmb11617.html</idno>
               <idno type="URL" subtype="schnitzler-interviews">https://schnitzler-interviews.acdh.oeaw.ac.at/pmb11617.html</idno>
               <idno type="URL" subtype="pmb">https://pmb.acdh.oeaw.ac.at/entity/160417/</idno>
               <idno type="URL" subtype="schnitzler-tagebuch">https://schnitzler-tagebuch.acdh.oeaw.ac.at/person_15980.html</idno>
               <idno type="URL" subtype="bahr-tsn">https://bahr-textverzeichnis.acdh.oeaw.ac.at/TSN-listperson.html#pmb11617</idno>
               <affiliation notBefore-iso="1889-01-01"
                            when-iso="1889-01-01"
                            notAfter-iso="1889-12-31">
                  <term key="1182">arbeitet für</term>
                  <orgName key="29561">Freie Bühne</orgName>
                  <idno type="URL" subtype="pmb">https://pmb.acdh.oeaw.ac.at/entity/29561/</idno>
                  <idno type="URL" subtype="schnitzler-briefe">https://schnitzler-briefe.acdh.oeaw.ac.at/pmb29561.html</idno>
                  <idno type="URL" subtype="wikidata">http://www.wikidata.org/entity/Q1453924</idno>
                  <idno type="URL" subtype="wikipedia">https://de.wikipedia.org/wiki/Freie_B%C3%BChne_Berlin</idno>
               </affiliation>
               <affiliation notBefore-iso="1918-11-01"
                            when-iso="1918-11-01"
                            notAfter-iso="1918-11-30">
                  <term key="1534">unterstützt</term>
                  <orgName key="159040">Demokratischer Volksbund</orgName>
                  <idno type="URL" subtype="pmb">https://pmb.acdh.oeaw.ac.at/entity/159040/</idno>
               </affiliation>
               <listEvent>
                  <event key="92922" when-iso="1894-02-01">
                     <desc n="1370">teilgenommen an</desc>
                     <label>Premiere von L’Assomption de Hannele Mattern, 1.2.1894</label>
                     <idno type="URL" subtype="pmb">https://pmb.acdh.oeaw.ac.at/entity/92922/</idno>
                  </event>
                  <event key="42740" when-iso="1896-10-31">
                     <desc n="1370">teilgenommen an</desc>
                     <label>Generalprobe Freiwild, 31.10.1896</label>
                     <idno type="URL" subtype="pmb">https://pmb.acdh.oeaw.ac.at/entity/42740/</idno>
                  </event>
                  <event key="35176" when-iso="1905-11-25">
                     <desc n="1370">teilgenommen an</desc>
                     <label>Premiere von Zwischenspiel, 25.11.1905</label>
                     <idno type="URL" subtype="pmb">https://pmb.acdh.oeaw.ac.at/entity/35176/</idno>
                  </event>
                  <event key="47517" when-iso="1912-11-17">
                     <desc n="1370">teilgenommen an</desc>
                     <label>Hauptmann-Bankett der Concordia, 17.11.1912</label>
                     <idno type="URL" subtype="pmb">https://pmb.acdh.oeaw.ac.at/entity/47517/</idno>
                  </event>
                  <event key="47534" when-iso="1912-11-17">
                     <desc n="1256">ist Arbeitskraft bei</desc>
                     <label>Lesung von Gerhart Hauptmann, 17.11.1912</label>
                     <idno type="URL" subtype="pmb">https://pmb.acdh.oeaw.ac.at/entity/47534/</idno>
                  </event>
                  <event key="35355" when-iso="1912-11-28">
                     <desc n="1370">teilgenommen an</desc>
                     <label>Uraufführung von Professor Bernhardi, 28.11.1912</label>
                     <idno type="URL" subtype="pmb">https://pmb.acdh.oeaw.ac.at/entity/35355/</idno>
                  </event>
                  <event key="43870" when-iso="1929-12-02">
                     <desc n="1370">teilgenommen an</desc>
                     <label>Generalprobe von Spuk, 2.12.1929</label>
                     <idno type="URL" subtype="pmb">https://pmb.acdh.oeaw.ac.at/entity/43870/</idno>
                  </event>
                  <event key="43865" when-iso="1929-12-03">
                     <desc n="1370">teilgenommen an</desc>
                     <label>Uraufführung von Spuk, 3.12.1929</label>
                     <idno type="URL" subtype="pmb">https://pmb.acdh.oeaw.ac.at/entity/43865/</idno>
                  </event>
               </listEvent>
               <listBibl>
                  <bibl type="collections" n="5">legalkraus</bibl>
                  <bibl type="collections" n="10">Karl Kraus 1933: Dritte Walpurgisnacht</bibl>
                  <bibl type="collections" n="12">Fackel</bibl>
                  <bibl type="collections" n="16">Bahr Textverzeichnis</bibl>
               </listBibl>
               <figure>
                  <graphic url="https://commons.wikimedia.org/w/index.php?title=Special:Redirect/file/Gerhart%20Hauptmann%20nobel.jpg"/>
               </figure>
            </person>
            <person xml:id="pmb12491">
               <persName>
                  <forename>Emanuel</forename>
                  <surname>Reicher</surname>
               </persName>
               <persName type="legacy-name-merge">Reicher, Emanuel</persName>
               <birth>
                  <date when-iso="1849-06-18">18.06.1849</date>
                  <settlement key="59412">
                     <placeName type="pref">Bochnia</placeName>
                     <location>
                        <geo>49,96905 20,43028</geo>
                     </location>
                  </settlement>
               </birth>
               <death>
                  <date when-iso="1924-05-15">15.05.1924</date>
                  <settlement key="168">
                     <placeName type="pref">Berlin</placeName>
                     <location>
                        <geo>52,52437 13,41053</geo>
                     </location>
                  </settlement>
               </death>
               <sex value="male"/>
               <occupation key="105">Schauspieler/Schauspielerin</occupation>
               <idno type="URL" subtype="gnd">https://d-nb.info/gnd/116398949</idno>
               <idno type="URL" subtype="schnitzler-tagebuch">https://schnitzler-tagebuch.acdh.oeaw.ac.at/person_19126.html</idno>
               <idno type="URL" subtype="schnitzler-bahr">https://schnitzler-bahr.acdh.oeaw.ac.at/pmb12491.html</idno>
               <idno type="URL" subtype="pmb">https://pmb.acdh.oeaw.ac.at/entity/12491/</idno>
               <idno type="URL" subtype="schnitzler-briefe">https://schnitzler-briefe.acdh.oeaw.ac.at/pmb12491.html</idno>
               <idno type="URL" subtype="bahr-textverzeichnis">https://bahr-textverzeichnis.acdh.oeaw.ac.at/pmb12491.html</idno>
               <idno type="URL" subtype="fackel">https://fackel.oeaw.ac.at/?p=fackelp42589</idno>
               <idno type="URL" subtype="wikidata">http://www.wikidata.org/entity/Q87440</idno>
               <idno type="URL" subtype="wikipedia">https://de.wikipedia.org/wiki/Emanuel_Reicher</idno>
               <idno type="URL" subtype="oebl">https://doi.org/10.1553/0x002840d0</idno>
               <idno type="URL" subtype="schnitzler-interviews">https://schnitzler-interviews.acdh.oeaw.ac.at/pmb12491.html</idno>
               <idno type="URL" subtype="pmb">https://pmb.acdh.oeaw.ac.at/entity/161823/</idno>
               <idno type="URL" subtype="bahr-tsn">https://bahr-textverzeichnis.acdh.oeaw.ac.at/TSN-listperson.html#pmb12491</idno>
               <listEvent>
                  <event key="144147" when-iso="1891-01-11">
                     <desc n="1256">ist Arbeitskraft bei</desc>
                     <label>Uraufführung von Einsame Menschen, 11.1.1891</label>
                     <idno type="URL" subtype="pmb">https://pmb.acdh.oeaw.ac.at/entity/144147/</idno>
                  </event>
                  <event key="48776" when-iso="1892-02-08">
                     <desc n="1370">teilgenommen an</desc>
                     <label>Premiere von College Crampton, 8.2.1892</label>
                     <idno type="URL" subtype="pmb">https://pmb.acdh.oeaw.ac.at/entity/48776/</idno>
                  </event>
                  <event key="42992" when-iso="1893-01-10">
                     <desc n="1256">ist Arbeitskraft bei</desc>
                     <label>Privataufführung von Frage an das Schicksal, 10.1.1893</label>
                     <idno type="URL" subtype="pmb">https://pmb.acdh.oeaw.ac.at/entity/42992/</idno>
                  </event>
                  <event key="35152" when-iso="1896-11-03">
                     <desc n="1256">ist Arbeitskraft bei</desc>
                     <label>Uraufführung von Freiwild. Schauspiel in 3 Akten, 3.11.1896</label>
                     <idno type="URL" subtype="pmb">https://pmb.acdh.oeaw.ac.at/entity/35152/</idno>
                  </event>
                  <event key="51741" when-iso="1905-06-27">
                     <desc n="1256">ist Arbeitskraft bei</desc>
                     <label>Aufführung von Die Juden, 27.6.1905</label>
                     <idno type="URL" subtype="pmb">https://pmb.acdh.oeaw.ac.at/entity/51741/</idno>
                  </event>
                  <event key="35179" when-iso="1906-02-24">
                     <desc n="1256">ist Arbeitskraft bei</desc>
                     <label>Premiere von Der Ruf des Lebens, 24.2.1906</label>
                     <idno type="URL" subtype="pmb">https://pmb.acdh.oeaw.ac.at/entity/35179/</idno>
                  </event>
                  <event key="147446" when-iso="1906-04-19">
                     <desc n="1256">ist Arbeitskraft bei</desc>
                     <label>Aufführung von Der einsame Weg, 19.4.1906</label>
                     <idno type="URL" subtype="pmb">https://pmb.acdh.oeaw.ac.at/entity/147446/</idno>
                  </event>
                  <event key="59624" when-iso="1906-05-15">
                     <desc n="1256">ist Arbeitskraft bei</desc>
                     <label>Aufführung von Der einsame Weg, 15.5.1906</label>
                     <idno type="URL" subtype="pmb">https://pmb.acdh.oeaw.ac.at/entity/59624/</idno>
                  </event>
                  <event key="47101" when-iso="1911-02-27">
                     <desc n="1256">ist Arbeitskraft bei</desc>
                     <label>40. Aufführung von Anatol, 27.2.1911</label>
                     <idno type="URL" subtype="pmb">https://pmb.acdh.oeaw.ac.at/entity/47101/</idno>
                  </event>
               </listEvent>
               <listBibl>
                  <bibl type="collections" n="12">Fackel</bibl>
                  <bibl type="collections" n="16">Bahr Textverzeichnis</bibl>
               </listBibl>
               <note type="references"> </note>
               <figure>
                  <graphic url="https://commons.wikimedia.org/w/index.php?title=Special:Redirect/file/Emanuel%20Reicher.jpg"/>
               </figure>
            </person>
            <person xml:id="pmb148753">
               <persName>
                  <forename>Jean-Baptiste</forename>
                  <surname>Forest</surname>
               </persName>
               <birth>
                  <date when-iso="1635-06-05">1635-06-05</date>
                  <settlement key="182">
                     <placeName type="pref">Paris</placeName>
                     <location>
                        <geo>48,85341 2,3488</geo>
                     </location>
                  </settlement>
               </birth>
               <death>
                  <date when-iso="1712-03-17">1712-03-17</date>
                  <settlement key="182">
                     <placeName type="pref">Paris</placeName>
                     <location>
                        <geo>48,85341 2,3488</geo>
                     </location>
                  </settlement>
               </death>
               <sex value="male"/>
               <occupation key="105">Schauspieler/Schauspielerin</occupation>
               <idno type="URL" subtype="pmb">https://pmb.acdh.oeaw.ac.at/entity/148753/</idno>
               <idno type="URL" subtype="wikidata">http://www.wikidata.org/entity/Q6168908</idno>
               <idno type="URL" subtype="gnd">https://d-nb.info/gnd/136326137</idno>
               <idno type="URL" subtype="bahr-textverzeichnis">https://bahr-textverzeichnis.acdh.oeaw.ac.at/pmb148753.html</idno>
               <listBibl>
                  <bibl type="collections" n="16">Bahr Textverzeichnis</bibl>
                  <bibl type="collections" n="22">No german Wikipedia-Site found</bibl>
               </listBibl>
            </person>
            <person xml:id="pmb153974">
               <persName>
                  <forename>Oscar</forename>
                  <surname>Sauer</surname>
               </persName>
               <birth>
                  <date notBefore-iso="1856-01-01"
                        when-iso="1856-01-01"
                        notAfter-iso="1856-12-31">1856</date>
               </birth>
               <death>
                  <date when-iso="1918-01-01" notAfter-iso="1918-12-31">1918</date>
               </death>
               <sex value="not-set"/>
               <idno type="URL" subtype="pmb">https://pmb.acdh.oeaw.ac.at/entity/153974/</idno>
               <idno type="URL" subtype="bahr-textverzeichnis">https://bahr-textverzeichnis.acdh.oeaw.ac.at/pmb153974.html</idno>
               <listBibl>
                  <bibl type="collections" n="16">Bahr Textverzeichnis</bibl>
               </listBibl>
            </person>
            <person xml:id="pmb153999">
               <persName>
                  <surname>Marr</surname>
               </persName>
               <sex value="not-set"/>
               <occupation key="105">Schauspieler/Schauspielerin</occupation>
               <idno type="URL" subtype="pmb">https://pmb.acdh.oeaw.ac.at/entity/153999/</idno>
               <idno type="URL" subtype="bahr-textverzeichnis">https://bahr-textverzeichnis.acdh.oeaw.ac.at/pmb153999.html</idno>
               <listBibl>
                  <bibl type="collections" n="16">Bahr Textverzeichnis</bibl>
               </listBibl>
            </person>
         </listPerson>
      </back>
   </text>
</TEI>
