<?xml version="1.0" encoding="UTF-8"?>
<TEI xmlns="http://www.tei-c.org/ns/1.0"
     xmlns:tei="http://www.tei-c.org/ns/1.0"
     xml:id="pmb122851.xml"
     prev="pmb122931"
     next="pmb132575">
   <teiHeader>
      <fileDesc>
         <titleStmt>
            <title level="s">Hermann Bahr – Textverzeichnis</title>
            <title level="a">Theater, Kunst und Literatur. Theater in der
                     Josephstadt</title>
            <title type="iso-date">1902-03-01</title>
            <respStmt>
               <resp>providing the content</resp>
               <name>Martin Anton Müller</name>
            </respStmt>
            <respStmt>
               <resp>converted to XML encoding</resp>
               <name>Martin Anton Müller</name>
            </respStmt>
         </titleStmt>
         <publicationStmt>
            <publisher>Austrian Centre for Digital Humanities and Cultural
                                    Heritage (ACDH-CH)</publisher>
            <date>2024-03-19+01:00</date>
            <idno type="URI">https://id.acdh.oeaw.ac.at/bahr-textverzeichnis/pmb122851.xml</idno>
         </publicationStmt>
         <sourceDesc>
            <p>Bibliografische Angaben eines in Druck erschienen Texts von
                                    Bahr</p>
         </sourceDesc>
      </fileDesc>
   </teiHeader>
   <text>
      <body>
         <div type="bibliografische-angabe">
            <biblStruct xml:id="pmb122851"
                        type="Journal-Article"
                        subtype="Nachtkritik"
                        status="checked"
                        prev="pmb122931"
                        next="pmb132575">
               <analytic>
                  <author ref="pmb10815">H. B.</author>
                  <title level="a" ref="pmb122851">Theater, Kunst und Literatur. Theater in der
                     Josephstadt</title>
               </analytic>
               <monogr>
                  <title level="j" ref="pmb41321">Neues Wiener Tagblatt</title>
                  <imprint>
                     <biblScope unit="jg">36</biblScope>
                     <biblScope unit="issue">59</biblScope>
                     <biblScope unit="page">9</biblScope>
                     <date when="1902-03-01">1.3.1902</date>
                  </imprint>
               </monogr>
               <note type="review-of">
                  <bibl>
                     <title level="m">M’Amour (Die Japanische Vase)</title>
                     <author>Paul Bilhaud</author>
                     <author>Maurice Hennequin</author>
                  </bibl>
               </note>
               <note type="incipit">Soll eine Frau ihren Mann mit einem seiner guten Freunde
                  betrügen, oder ist es besser, wenn es mit einem Unbekannten geschieht?</note>
               <ref type="personenindex">
                  <listRef>
                     <ptr type="pmb" target="pmb14211"/>
                     <ptr type="pmb" target="pmb18114"/>
                     <ptr type="pmb" target="pmb5125"/>
                     <ptr type="pmb" target="pmb2601"/>
                     <ptr type="pmb" target="pmb12179"/>
                     <ptr type="pmb" target="pmb22098"/>
                     <ptr type="pmb" target="pmb154091"/>
                     <ptr type="pmb" target="pmb153983"/>
                     <ptr type="pmb" target="pmb112693"/>
                  </listRef>
               </ref>
               <ref type="URL">https://anno.onb.ac.at/cgi-content/anno?aid=nwg&amp;datum=19020301&amp;seite=9</ref>
               <noteGrp type="keywords">
                  <note type="Journal-Article">Artikel in einem Periodikum</note>
                  <note subtype="Nachtkritik">Nachtkritik</note>
               </noteGrp>
               <note type="bibliographical-statement">H. B.: Theater, Kunst und Literatur. Theater
                  in der Josephstadt. In: Neues Wiener Tagblatt, Jg. 36, Nr. 59, 1.3.1902,
                  S. 9.</note>
            </biblStruct>
         </div>
      </body>
      <back>
         <listPerson>
            <person xml:id="pmb14211">
               <persName>
                  <forename>Paul</forename>
                  <surname>Bilhaud</surname>
               </persName>
               <birth>
                  <date when-iso="1854-12-31">1854-12-31</date>
                  <settlement key="53955">
                     <placeName type="pref">Allichamps</placeName>
                     <location>
                        <geo>48,5614 4,89392</geo>
                     </location>
                  </settlement>
               </birth>
               <death>
                  <date when-iso="1932-01-08">08.01.1932</date>
               </death>
               <sex value="male"/>
               <occupation key="90">Schriftsteller/Schriftstellerin</occupation>
               <idno type="URL" subtype="schnitzler-tagebuch">https://schnitzler-tagebuch.acdh.oeaw.ac.at/person_13728.html</idno>
               <idno type="URL" subtype="pmb">https://pmb.acdh.oeaw.ac.at/entity/14211/</idno>
               <idno type="URL" subtype="wikidata">http://www.wikidata.org/entity/Q15969802</idno>
               <idno type="URL" subtype="bahr-textverzeichnis">https://bahr-textverzeichnis.acdh.oeaw.ac.at/pmb14211.html</idno>
               <idno type="URL" subtype="bahr-tsn">https://bahr-textverzeichnis.acdh.oeaw.ac.at/TSN-listperson.html#pmb14211</idno>
               <listBibl>
                  <bibl type="collections" n="14">Kein deutscher Wikipedia-Eintrag
                        gefunden</bibl>
                  <bibl type="collections" n="16">Bahr Textverzeichnis</bibl>
                  <bibl type="collections" n="22">No german Wikipedia-Site found</bibl>
               </listBibl>
            </person>
            <person xml:id="pmb18114">
               <persName>
                  <forename>Maurice</forename>
                  <surname>Hennequin</surname>
               </persName>
               <persName type="legacy-name-merge">Hennequin, Maurice</persName>
               <birth>
                  <date when-iso="1863-01-01">1863</date>
                  <settlement key="272">
                     <placeName type="pref">Lüttich</placeName>
                     <location>
                        <geo>50,63373 5,56749</geo>
                     </location>
                  </settlement>
               </birth>
               <death>
                  <date when-iso="1926-01-01">1926</date>
                  <settlement key="40482">
                     <placeName type="pref">Montreux</placeName>
                     <location>
                        <geo>46,45179 6,94084</geo>
                     </location>
                  </settlement>
               </death>
               <sex value="male"/>
               <occupation key="90">Schriftsteller/Schriftstellerin</occupation>
               <idno type="URL" subtype="schnitzler-tagebuch">https://schnitzler-tagebuch.acdh.oeaw.ac.at/person_16089.html</idno>
               <idno type="URL" subtype="pmb">https://pmb.acdh.oeaw.ac.at/entity/18114/</idno>
               <idno type="URL" subtype="schnitzler-kino">https://schnitzler-kino.acdh.oeaw.ac.at/pmb18114.html</idno>
               <idno type="URL" subtype="bahr-textverzeichnis">https://bahr-textverzeichnis.acdh.oeaw.ac.at/pmb18114.html</idno>
               <idno type="URL" subtype="pmb">https://pmb.acdh.oeaw.ac.at/entity/160473/</idno>
               <idno type="URL" subtype="bahr-tsn">https://bahr-textverzeichnis.acdh.oeaw.ac.at/TSN-listperson.html#pmb18114</idno>
               <listBibl>
                  <bibl type="collections" n="16">Bahr Textverzeichnis</bibl>
               </listBibl>
               <note type="references">None </note>
            </person>
            <person xml:id="pmb5125">
               <persName>
                  <forename>Oscar</forename>
                  <surname>Méténier</surname>
               </persName>
               <persName type="legacy-name-merge">Métenier, Oscar</persName>
               <birth>
                  <date when-iso="1859-01-07">07.01.1859</date>
                  <settlement key="55335">
                     <placeName type="pref">Sancoins</placeName>
                     <location>
                        <geo>46,83314 2,92238</geo>
                     </location>
                  </settlement>
               </birth>
               <death>
                  <date when-iso="1913-02-09">09.02.1913</date>
                  <settlement key="54268">
                     <placeName type="pref">Saint-Mandé</placeName>
                     <location>
                        <geo>48,83864 2,41579</geo>
                     </location>
                  </settlement>
               </death>
               <sex value="male"/>
               <occupation key="90">Schriftsteller/Schriftstellerin</occupation>
               <idno type="URL" subtype="gnd">https://d-nb.info/gnd/1027523315</idno>
               <idno type="URL" subtype="schnitzler-tagebuch">https://schnitzler-tagebuch.acdh.oeaw.ac.at/person_18096.html</idno>
               <idno type="URL" subtype="pmb">https://pmb.acdh.oeaw.ac.at/entity/5125/</idno>
               <idno type="URL" subtype="schnitzler-lektueren">https://schnitzler-lektueren.acdh.oeaw.ac.at/pmb5125.html</idno>
               <idno type="URL" subtype="bahr-textverzeichnis">https://bahr-textverzeichnis.acdh.oeaw.ac.at/pmb5125.html</idno>
               <idno type="URL" subtype="wikidata">http://www.wikidata.org/entity/Q1651513</idno>
               <idno type="URL" subtype="wikipedia">https://de.wikipedia.org/wiki/Oscar_M%C3%A9t%C3%A9nier</idno>
               <idno type="URL" subtype="schnitzler-interviews">https://schnitzler-interviews.acdh.oeaw.ac.at/pmb5125.html</idno>
               <idno type="URL" subtype="pmb">https://pmb.acdh.oeaw.ac.at/entity/161427/</idno>
               <idno type="URL" subtype="bahr-tsn">https://bahr-textverzeichnis.acdh.oeaw.ac.at/TSN-listperson.html#pmb5125</idno>
               <listBibl>
                  <bibl type="collections" n="16">Bahr Textverzeichnis</bibl>
               </listBibl>
               <note type="references">None </note>
               <figure>
                  <graphic url="https://commons.wikimedia.org/w/index.php?title=Special:Redirect/file/Metenier%2C%20Oscar.jpg"/>
               </figure>
            </person>
            <person xml:id="pmb2601">
               <persName>
                  <forename>Josef</forename>
                  <surname>Jarno</surname>
               </persName>
               <persName type="person_geburtsname_nachname">Kohner</persName>
               <persName type="namensvariante">Cohner</persName>
               <persName type="legacy-name-merge">Jarno, Josef</persName>
               <persName type="legacy-name-merge">Jarno, Josef</persName>
               <birth>
                  <date when-iso="1865-08-24">24.08.1865</date>
                  <settlement key="43471">
                     <placeName type="pref">Budapest</placeName>
                     <location>
                        <geo>47,49835 19,04045</geo>
                     </location>
                  </settlement>
               </birth>
               <death>
                  <date when-iso="1932-01-11">11.01.1932</date>
                  <settlement key="50">
                     <placeName type="pref">Wien</placeName>
                     <location>
                        <geo>48,2066 16,37341</geo>
                     </location>
                  </settlement>
               </death>
               <sex value="male"/>
               <occupation key="103">Theaterleiter/Theaterleiterin</occupation>
               <occupation key="105">Schauspieler/Schauspielerin</occupation>
               <idno type="URL" subtype="gnd">https://d-nb.info/gnd/116653981</idno>
               <idno type="URL" subtype="schnitzler-bahr">https://schnitzler-bahr.acdh.oeaw.ac.at/pmb2601.html</idno>
               <idno type="URL" subtype="pmb">https://pmb.acdh.oeaw.ac.at/entity/2601/</idno>
               <idno type="URL" subtype="schnitzler-tagebuch">https://schnitzler-tagebuch.acdh.oeaw.ac.at/person_16517.html</idno>
               <idno type="URL" subtype="schnitzler-briefe">https://schnitzler-briefe.acdh.oeaw.ac.at/pmb2601.html</idno>
               <idno type="URL" subtype="legalkraus">https://kraus.wienbibliothek.at/register/personen/pmb2601</idno>
               <idno type="URL" subtype="fackel">https://fackel.oeaw.ac.at/?p=fackelp47098</idno>
               <idno type="URL" subtype="oebl">https://doi.org/10.1553/0x00281fa7</idno>
               <idno type="URL" subtype="wikidata">http://www.wikidata.org/entity/Q86314</idno>
               <idno type="URL" subtype="wikipedia">https://de.wikipedia.org/wiki/Josef_Jarno</idno>
               <idno type="URL" subtype="schnitzler-interviews">https://schnitzler-interviews.acdh.oeaw.ac.at/pmb2601.html</idno>
               <idno type="URL" subtype="pmb">https://pmb.acdh.oeaw.ac.at/entity/160663/</idno>
               <idno type="URL" subtype="bahr-tsn">https://bahr-textverzeichnis.acdh.oeaw.ac.at/TSN-listperson.html#pmb2601</idno>
               <idno type="URL" subtype="bahr-textverzeichnis">https://bahr-textverzeichnis.acdh.oeaw.ac.at/pmb2601.html</idno>
               <affiliation notBefore-iso="1893-01-01"
                            when-iso="1893-01-01"
                            notAfter-iso="1893-12-31">
                  <term key="1182">arbeitet für</term>
                  <orgName key="42649">Saisontheater Ischl</orgName>
                  <idno type="URL" subtype="pmb">https://pmb.acdh.oeaw.ac.at/entity/42649/</idno>
                  <idno type="URL" subtype="schnitzler-briefe">https://schnitzler-briefe.acdh.oeaw.ac.at/pmb42649.html</idno>
               </affiliation>
               <affiliation notBefore-iso="1899-01-01"
                            when-iso="1899-01-01"
                            notAfter-iso="1899-12-31">
                  <term key="1182">arbeitet für</term>
                  <orgName key="39689">Theater in der Josefstadt</orgName>
                  <idno type="URL" subtype="gnd">https://d-nb.info/gnd/251387-0</idno>
                  <idno type="URL" subtype="pmb">https://pmb.acdh.oeaw.ac.at/entity/39689/</idno>
                  <idno type="URL" subtype="schnitzler-briefe">https://schnitzler-briefe.acdh.oeaw.ac.at/pmb39689.html</idno>
                  <idno type="URL" subtype="legalkraus">https://kraus.wienbibliothek.at/register/institutionen/pmb39689</idno>
                  <idno type="URL" subtype="wikidata">http://www.wikidata.org/entity/Q113470585</idno>
                  <idno type="URL" subtype="schnitzler-interviews">https://schnitzler-interviews.acdh.oeaw.ac.at/pmb39689.html</idno>
               </affiliation>
               <listEvent>
                  <event key="63396" when-iso="1893-03-29">
                     <desc n="1256">ist Arbeitskraft bei</desc>
                     <label>Vorstellung zu Gunsten der Rettungsgesellschaft (Gläubiger, Die
                           Statue des Kommandeurs), 29.3.1893</label>
                     <idno type="URL" subtype="pmb">https://pmb.acdh.oeaw.ac.at/entity/63396/</idno>
                  </event>
                  <event key="35284" when-iso="1893-07-14">
                     <desc n="1256">ist Arbeitskraft bei</desc>
                     <label>Uraufführung von Abschiedssouper, 14.7.1893</label>
                     <idno type="URL" subtype="pmb">https://pmb.acdh.oeaw.ac.at/entity/35284/</idno>
                  </event>
                  <event key="35382" when-iso="1898-10-08">
                     <desc n="1370">teilgenommen an</desc>
                     <label>Uraufführung von Das Vermächtnis, 8.10.1898</label>
                     <idno type="URL" subtype="pmb">https://pmb.acdh.oeaw.ac.at/entity/35382/</idno>
                  </event>
                  <event key="63002" when-iso="1900-02-23">
                     <desc n="1256">ist Arbeitskraft bei</desc>
                     <label>Einakterabend (Bagatelle; Er, sie und er; Abschied vom Regiment,
                           Abschiedssouper), 23.2.1900</label>
                     <idno type="URL" subtype="pmb">https://pmb.acdh.oeaw.ac.at/entity/63002/</idno>
                  </event>
                  <event key="143820" when-iso="1900-04-15">
                     <desc n="1370">teilgenommen an</desc>
                     <label>Bankett für Ludwig Speidel, 15.4.1900</label>
                     <idno type="URL" subtype="pmb">https://pmb.acdh.oeaw.ac.at/entity/143820/</idno>
                  </event>
                  <event key="35113" when-iso="1904-12-12">
                     <desc n="1256">ist Arbeitskraft bei</desc>
                     <label>Premiere von Literatur, Die letzten Masken, Der Puppenspieler,
                           12.12.1904</label>
                     <idno type="URL" subtype="pmb">https://pmb.acdh.oeaw.ac.at/entity/35113/</idno>
                  </event>
               </listEvent>
               <listBibl>
                  <bibl type="collections" n="5">legalkraus</bibl>
                  <bibl type="collections" n="11">ÖBL nach 1850 geboren</bibl>
                  <bibl type="collections" n="12">Fackel</bibl>
                  <bibl type="collections" n="16">Bahr Textverzeichnis</bibl>
               </listBibl>
               <note type="references"> </note>
               <figure>
                  <graphic url="https://commons.wikimedia.org/w/index.php?title=Special:Redirect/file/Josef%20Jarno%201901%20Scolik.jpg"/>
               </figure>
            </person>
            <person xml:id="pmb12179">
               <persName>
                  <forename>Gustav</forename>
                  <surname>Maran</surname>
               </persName>
               <persName type="namensvariante">Dolezal</persName>
               <persName type="legacy-name-merge">Maran, Gustav</persName>
               <birth>
                  <date when-iso="1854-01-08">08.01.1854</date>
                  <settlement key="50">
                     <placeName type="pref">Wien</placeName>
                     <location>
                        <geo>48,2066 16,37341</geo>
                     </location>
                  </settlement>
               </birth>
               <death>
                  <date when-iso="1917-05-18">18.05.1917</date>
                  <settlement key="19055">
                     <placeName type="pref">Sulz im Wienerwald</placeName>
                     <location>
                        <geo>48,1008317 16,1374028</geo>
                     </location>
                  </settlement>
               </death>
               <sex value="male"/>
               <occupation key="105">Schauspieler/Schauspielerin</occupation>
               <idno type="URL" subtype="gnd">https://d-nb.info/gnd/130141283</idno>
               <idno type="URL" subtype="schnitzler-tagebuch">https://schnitzler-tagebuch.acdh.oeaw.ac.at/person_17849.html</idno>
               <idno type="URL" subtype="schnitzler-bahr">https://schnitzler-bahr.acdh.oeaw.ac.at/pmb12179.html</idno>
               <idno type="URL" subtype="pmb">https://pmb.acdh.oeaw.ac.at/entity/12179/</idno>
               <idno type="URL" subtype="fackel">https://fackel.oeaw.ac.at/?p=fackelp49591</idno>
               <idno type="URL" subtype="wikidata">http://www.wikidata.org/entity/Q1556180</idno>
               <idno type="URL" subtype="wikipedia">https://de.wikipedia.org/wiki/Gustav_Maran</idno>
               <idno type="URL" subtype="bahr-textverzeichnis">https://bahr-textverzeichnis.acdh.oeaw.ac.at/pmb12179.html</idno>
               <idno type="URL" subtype="pmb">https://pmb.acdh.oeaw.ac.at/entity/161182/</idno>
               <idno type="URL" subtype="bahr-tsn">https://bahr-textverzeichnis.acdh.oeaw.ac.at/TSN-listperson.html#pmb12179</idno>
               <listEvent>
                  <event key="45067" when-iso="1904-10-05">
                     <desc n="1256">ist Arbeitskraft bei</desc>
                     <label>Aufführung von Herzogin Crevette, 5.10.1904</label>
                     <idno type="URL" subtype="pmb">https://pmb.acdh.oeaw.ac.at/entity/45067/</idno>
                  </event>
               </listEvent>
               <listBibl>
                  <bibl type="collections" n="12">Fackel</bibl>
                  <bibl type="collections" n="16">Bahr Textverzeichnis</bibl>
               </listBibl>
               <note type="references">None </note>
               <figure>
                  <graphic url="https://commons.wikimedia.org/w/index.php?title=Special:Redirect/file/Gustav%20Maran%20wenige%20Wochen%20vor%20seinem%20Tode%201917%20Charles%20Scolik.png"/>
               </figure>
            </person>
            <person xml:id="pmb22098">
               <persName>
                  <forename>Helene</forename>
                  <surname>Odilon</surname>
               </persName>
               <persName type="person_geburtsname_nachname">Petermann</persName>
               <persName type="person_geschieden">Girardi</persName>
               <persName type="legacy-name-merge">Odilon, Helene</persName>
               <persName type="legacy-name-merge">Odilon, Helene</persName>
               <birth>
                  <date when-iso="1863-07-31">31.07.1863</date>
                  <settlement key="866">
                     <placeName type="pref">Dresden</placeName>
                     <location>
                        <geo>51,0833 13,7666</geo>
                     </location>
                  </settlement>
               </birth>
               <death>
                  <date when-iso="1939-02-09">09.02.1939</date>
                  <settlement key="662">
                     <placeName type="pref">Baden bei Wien</placeName>
                     <location>
                        <geo>48,00543 16,23264</geo>
                     </location>
                  </settlement>
               </death>
               <sex value="female"/>
               <occupation key="105">Schauspieler/Schauspielerin</occupation>
               <idno type="URL" subtype="schnitzler-tagebuch">https://schnitzler-tagebuch.acdh.oeaw.ac.at/person_18518.html</idno>
               <idno type="URL" subtype="schnitzler-bahr">https://schnitzler-bahr.acdh.oeaw.ac.at/pmb22098.html</idno>
               <idno type="URL" subtype="pmb">https://pmb.acdh.oeaw.ac.at/entity/22098/</idno>
               <idno type="URL" subtype="bahr-textverzeichnis">https://bahr-textverzeichnis.acdh.oeaw.ac.at/pmb22098.html</idno>
               <idno type="URL" subtype="fackel">https://fackel.oeaw.ac.at/?p=fackelp50784</idno>
               <idno type="URL" subtype="pmb">https://pmb.acdh.oeaw.ac.at/entity/101305/</idno>
               <idno type="URL" subtype="gnd">https://d-nb.info/gnd/116444533</idno>
               <idno type="URL" subtype="oebl">https://doi.org/10.1553/0x00283ce6</idno>
               <idno type="URL" subtype="wikidata">http://www.wikidata.org/entity/Q1602007</idno>
               <idno type="URL" subtype="wikipedia">https://de.wikipedia.org/wiki/Helene_Odilon</idno>
               <idno type="URL" subtype="schnitzler-interviews">https://schnitzler-interviews.acdh.oeaw.ac.at/pmb22098.html</idno>
               <listEvent>
                  <event key="143045" when-iso="1898-10-08">
                     <desc n="1256">ist Arbeitskraft bei</desc>
                     <label>Premiere von Mutter Erde, 8.10.1898</label>
                     <idno type="URL" subtype="pmb">https://pmb.acdh.oeaw.ac.at/entity/143045/</idno>
                  </event>
               </listEvent>
               <listBibl>
                  <bibl type="collections" n="11">ÖBL nach 1850 geboren</bibl>
                  <bibl type="collections" n="12">Fackel</bibl>
               </listBibl>
               <figure>
                  <graphic url="https://commons.wikimedia.org/w/index.php?title=Special:Redirect/file/Helene%20Odilon-2.jpg"/>
               </figure>
            </person>
            <person xml:id="pmb154091">
               <persName>
                  <surname>Bittner</surname>
               </persName>
               <sex value="not-set"/>
               <occupation key="105">Schauspieler/Schauspielerin</occupation>
               <idno type="URL" subtype="pmb">https://pmb.acdh.oeaw.ac.at/entity/154091/</idno>
               <idno type="URL" subtype="bahr-textverzeichnis">https://bahr-textverzeichnis.acdh.oeaw.ac.at/pmb154091.html</idno>
               <listBibl>
                  <bibl type="collections" n="16">Bahr Textverzeichnis</bibl>
               </listBibl>
            </person>
            <person xml:id="pmb153983">
               <persName>
                  <forename>Lili</forename>
                  <surname>Petri</surname>
               </persName>
               <birth>
                  <date>1864/67</date>
               </birth>
               <death>
                  <date when-iso="1915-01-01" notAfter-iso="1915-12-31">1915</date>
               </death>
               <sex value="not-set"/>
               <idno type="URL" subtype="bahr-textverzeichnis">https://bahr-textverzeichnis.acdh.oeaw.ac.at/pmb153983.html</idno>
               <idno type="URL" subtype="pmb">https://pmb.acdh.oeaw.ac.at/entity/153983/</idno>
               <listBibl>
                  <bibl type="collections" n="16">Bahr Textverzeichnis</bibl>
               </listBibl>
            </person>
            <person xml:id="pmb112693">
               <persName>
                  <forename>Annie</forename>
                  <surname>Dirkens</surname>
               </persName>
               <birth>
                  <date when-iso="1869-09-25">1869-09-25</date>
               </birth>
               <death>
                  <date when-iso="1942-11-11">1942-11-11</date>
               </death>
               <sex value="female"/>
               <occupation key="2137">Sopranist/Sopranistin</occupation>
               <occupation key="2261">Opernsänger/Opernsängerin</occupation>
               <idno type="URL" subtype="fackel">https://fackel.oeaw.ac.at/?p=fackelp38310</idno>
               <idno type="URL" subtype="pmb">https://pmb.acdh.oeaw.ac.at/entity/112693/</idno>
               <idno type="URL" subtype="gnd">https://d-nb.info/gnd/116141255</idno>
               <idno type="URL" subtype="wikidata">http://www.wikidata.org/entity/Q566929</idno>
               <idno type="URL" subtype="wikipedia">https://de.wikipedia.org/wiki/Annie_Dirkens</idno>
               <idno type="URL" subtype="oeml">https://dx.doi.org/10.1553/0x0001cbc6</idno>
               <idno type="URL" subtype="bahr-textverzeichnis">https://bahr-textverzeichnis.acdh.oeaw.ac.at/pmb112693.html</idno>
               <idno type="URL" subtype="hanslick-online">https://hanslick.acdh.oeaw.ac.at/hsl_person_id_1645.html</idno>
               <listBibl>
                  <bibl type="collections" n="12">Fackel</bibl>
                  <bibl type="collections" n="16">Bahr Textverzeichnis</bibl>
               </listBibl>
            </person>
         </listPerson>
      </back>
   </text>
</TEI>
