<?xml version="1.0" encoding="UTF-8"?>
<TEI xmlns="http://www.tei-c.org/ns/1.0"
     xmlns:tei="http://www.tei-c.org/ns/1.0"
     xml:id="pmb122605.xml"
     prev="pmb141002"
     next="pmb131815">
   <teiHeader>
      <fileDesc>
         <titleStmt>
            <title level="s">Hermann Bahr – Textverzeichnis</title>
            <title level="a">Theater, Kunst und Literatur. Deutsches
                     Volkstheater</title>
            <title type="iso-date">1906-01-06</title>
            <respStmt>
               <resp>providing the content</resp>
               <name>Martin Anton Müller</name>
            </respStmt>
            <respStmt>
               <resp>converted to XML encoding</resp>
               <name>Martin Anton Müller</name>
            </respStmt>
         </titleStmt>
         <publicationStmt>
            <publisher>Austrian Centre for Digital Humanities and Cultural
                                    Heritage (ACDH-CH)</publisher>
            <date>2024-03-19+01:00</date>
            <idno type="URI">https://id.acdh.oeaw.ac.at/bahr-textverzeichnis/pmb122605.xml</idno>
         </publicationStmt>
         <sourceDesc>
            <p>Bibliografische Angaben eines in Druck erschienen Texts von
                                    Bahr</p>
         </sourceDesc>
      </fileDesc>
   </teiHeader>
   <text>
      <body>
         <div type="bibliografische-angabe">
            <biblStruct xml:id="pmb122605"
                        type="Journal-Article"
                        subtype="Nachtkritik"
                        status="checked"
                        prev="pmb141002"
                        next="pmb131815">
               <analytic>
                  <author ref="pmb10815">H. B.</author>
                  <title level="a" ref="pmb122605">Theater, Kunst und Literatur. Deutsches
                     Volkstheater</title>
               </analytic>
               <monogr>
                  <title level="j" ref="pmb41321">Neues Wiener Tagblatt</title>
                  <imprint>
                     <biblScope unit="jg">40</biblScope>
                     <biblScope unit="issue">5</biblScope>
                     <biblScope unit="page">13</biblScope>
                     <date when="1906-01-06">6.1.1906</date>
                  </imprint>
               </monogr>
               <note type="review-of">
                  <bibl>
                     <title level="m">Der Privatdozent</title>
                     <author>Ferdinand Wittenbauer</author>
                  </bibl>
               </note>
               <note type="incipit">»Der Privatdozent« von Ferdinand Wittenbauer. Ein braves
                  Theaterstück, voll Gesinnung</note>
               <ref type="personenindex">
                  <listRef>
                     <ptr type="pmb" target="pmb12980"/>
                     <ptr type="pmb" target="pmb113855"/>
                     <ptr type="pmb" target="pmb2868"/>
                  </listRef>
               </ref>
               <ref type="URL">https://anno.onb.ac.at/cgi-content/anno?aid=nwg&amp;datum=19060106&amp;seite=13</ref>
               <noteGrp type="keywords">
                  <note type="Journal-Article">Artikel in einem Periodikum</note>
                  <note subtype="Nachtkritik">Nachtkritik</note>
               </noteGrp>
               <note type="bibliographical-statement">H. B.: Theater, Kunst und Literatur. Deutsches
                  Volkstheater. In: Neues Wiener Tagblatt, Jg. 40, Nr. 5, 6.1.1906, S. 13.</note>
            </biblStruct>
         </div>
      </body>
      <back>
         <listPerson>
            <person xml:id="pmb12980">
               <persName>
                  <forename>Rudolf</forename>
                  <surname>Tyrolt</surname>
               </persName>
               <persName type="legacy-name-merge">Tyrolt, Rudolf</persName>
               <birth>
                  <date when-iso="1848-11-23">23.11.1848</date>
                  <settlement key="88765">
                     <placeName type="pref">Rottenmann</placeName>
                     <location>
                        <geo>47,52529 14,35747</geo>
                     </location>
                  </settlement>
               </birth>
               <death>
                  <date when-iso="1929-06-22">22.06.1929</date>
                  <settlement key="1036">
                     <placeName type="pref">Gutenstein</placeName>
                     <location>
                        <geo>47,875833333333 15,889166666667</geo>
                     </location>
                  </settlement>
               </death>
               <sex value="male"/>
               <occupation key="105">Schauspieler/Schauspielerin</occupation>
               <idno type="URL" subtype="gnd">https://d-nb.info/gnd/117439983</idno>
               <idno type="URL" subtype="schnitzler-bahr">https://schnitzler-bahr.acdh.oeaw.ac.at/pmb12980.html</idno>
               <idno type="URL" subtype="pmb">https://pmb.acdh.oeaw.ac.at/entity/12980/</idno>
               <idno type="URL" subtype="fackel">https://fackel.oeaw.ac.at/?p=fackelp52618</idno>
               <idno type="URL" subtype="wikidata">http://www.wikidata.org/entity/Q1721446</idno>
               <idno type="URL" subtype="wikipedia">https://de.wikipedia.org/wiki/Rudolf_Tyrolt</idno>
               <idno type="URL" subtype="oebl">https://doi.org/10.1553/0x00341d41</idno>
               <idno type="URL" subtype="schnitzler-interviews">https://schnitzler-interviews.acdh.oeaw.ac.at/pmb12980.html</idno>
               <idno type="URL" subtype="pmb">https://pmb.acdh.oeaw.ac.at/entity/162585/</idno>
               <idno type="URL" subtype="schnitzler-tagebuch">https://schnitzler-tagebuch.acdh.oeaw.ac.at/person_20849.html</idno>
               <idno type="URL" subtype="bahr-tsn">https://bahr-textverzeichnis.acdh.oeaw.ac.at/TSN-listperson.html#pmb12980</idno>
               <idno type="URL" subtype="bahr-textverzeichnis">https://bahr-textverzeichnis.acdh.oeaw.ac.at/pmb12980.html</idno>
               <listEvent>
                  <event key="46600" when-iso="1897-11-20">
                     <desc n="1256">ist Arbeitskraft bei</desc>
                     <label>Uraufführung von Die Bürgermeisterwahl, 20.11.1897</label>
                     <idno type="URL" subtype="pmb">https://pmb.acdh.oeaw.ac.at/entity/46600/</idno>
                  </event>
                  <event key="143042" when-iso="1898-11-11">
                     <desc n="1256">ist Arbeitskraft bei</desc>
                     <label>Aufführung von Im weißen Rössl, 11.11.1898</label>
                     <idno type="URL" subtype="pmb">https://pmb.acdh.oeaw.ac.at/entity/143042/</idno>
                  </event>
               </listEvent>
               <listBibl>
                  <bibl type="collections" n="12">Fackel</bibl>
                  <bibl type="collections" n="16">Bahr Textverzeichnis</bibl>
               </listBibl>
               <note type="references"> </note>
               <figure>
                  <graphic url="https://commons.wikimedia.org/w/index.php?title=Special:Redirect/file/Dr.%20Rudolf%20Tyrolt%201901%20Krziwanek.jpg"/>
               </figure>
            </person>
            <person xml:id="pmb113855">
               <persName>
                  <forename>Ferdinand</forename>
                  <surname>Wittenbauer</surname>
               </persName>
               <birth>
                  <date when-iso="1857-02-18">1857-02-18</date>
               </birth>
               <death>
                  <date when-iso="1922-02-16">1922-02-16</date>
               </death>
               <sex value="male"/>
               <occupation key="90">Schriftsteller/Schriftstellerin</occupation>
               <occupation key="458">Ingenieur/Ingenieurin</occupation>
               <idno type="URL" subtype="pmb">https://pmb.acdh.oeaw.ac.at/entity/113855/</idno>
               <idno type="URL" subtype="gnd">https://d-nb.info/gnd/119138476</idno>
               <idno type="URL" subtype="fackel">https://fackel.oeaw.ac.at/?p=fackelp43234</idno>
               <idno type="URL" subtype="wikidata">http://www.wikidata.org/entity/Q1405895</idno>
               <idno type="URL" subtype="wikipedia">https://de.wikipedia.org/wiki/Ferdinand_Wittenbauer</idno>
               <idno type="URL" subtype="bahr-textverzeichnis">https://bahr-textverzeichnis.acdh.oeaw.ac.at/pmb113855.html</idno>
               <idno type="URL" subtype="bahr-tsn">https://bahr-textverzeichnis.acdh.oeaw.ac.at/TSN-listperson.html#pmb113855</idno>
               <listBibl>
                  <bibl type="collections" n="12">Fackel</bibl>
                  <bibl type="collections" n="16">Bahr Textverzeichnis</bibl>
               </listBibl>
            </person>
            <person xml:id="pmb2868">
               <persName>
                  <forename>Victor</forename>
                  <surname>Kutschera</surname>
               </persName>
               <persName type="legacy-name-merge">Kutschera, Victor</persName>
               <birth>
                  <date when-iso="1863-05-02">1863-05-02</date>
                  <settlement key="50">
                     <placeName type="pref">Wien</placeName>
                     <location>
                        <geo>48,2066 16,37341</geo>
                     </location>
                  </settlement>
               </birth>
               <death>
                  <date when-iso="1933-01-20">1933-01-20</date>
                  <settlement key="50">
                     <placeName type="pref">Wien</placeName>
                     <location>
                        <geo>48,2066 16,37341</geo>
                     </location>
                  </settlement>
               </death>
               <sex value="male"/>
               <occupation key="104">Regisseur/Regisseurin</occupation>
               <occupation key="105">Schauspieler/Schauspielerin</occupation>
               <idno type="URL" subtype="gnd">https://d-nb.info/gnd/116628081</idno>
               <idno type="URL" subtype="schnitzler-tagebuch">https://schnitzler-tagebuch.acdh.oeaw.ac.at/person_17223.html</idno>
               <idno type="URL" subtype="schnitzler-bahr">https://schnitzler-bahr.acdh.oeaw.ac.at/pmb2868.html</idno>
               <idno type="URL" subtype="pmb">https://pmb.acdh.oeaw.ac.at/entity/2868/</idno>
               <idno type="URL" subtype="bahr-textverzeichnis">https://bahr-textverzeichnis.acdh.oeaw.ac.at/pmb2868.html</idno>
               <idno type="URL" subtype="fackel">https://fackel.oeaw.ac.at/?p=fackelp54884</idno>
               <idno type="URL" subtype="oebl">https://doi.org/10.1553/0x002826c6</idno>
               <idno type="URL" subtype="wikidata">http://www.wikidata.org/entity/Q2524322</idno>
               <idno type="URL" subtype="wikipedia">https://de.wikipedia.org/wiki/Viktor_Kutschera</idno>
               <idno type="URL" subtype="schnitzler-kino">https://schnitzler-kino.acdh.oeaw.ac.at/pmb2868.html</idno>
               <idno type="URL" subtype="pmb">https://pmb.acdh.oeaw.ac.at/entity/160915/</idno>
               <idno type="URL" subtype="bahr-tsn">https://bahr-textverzeichnis.acdh.oeaw.ac.at/TSN-listperson.html#pmb2868</idno>
               <listEvent>
                  <event key="142819" when-iso="1892-05-21">
                     <desc n="1256">ist Arbeitskraft bei</desc>
                     <label>Aufführung von Thermidor, 21.5.1892</label>
                     <idno type="URL" subtype="pmb">https://pmb.acdh.oeaw.ac.at/entity/142819/</idno>
                  </event>
                  <event key="143021" when-iso="1893-02-15">
                     <desc n="1256">ist Arbeitskraft bei</desc>
                     <label>Premiere von Francillon, 15.2.1893</label>
                     <idno type="URL" subtype="pmb">https://pmb.acdh.oeaw.ac.at/entity/143021/</idno>
                  </event>
                  <event key="35068" when-iso="1893-12-01">
                     <desc n="1256">ist Arbeitskraft bei</desc>
                     <label>Uraufführung von Das Märchen, 1.12.1893</label>
                     <idno type="URL" subtype="pmb">https://pmb.acdh.oeaw.ac.at/entity/35068/</idno>
                  </event>
                  <event key="146985" when-iso="1894-03-31">
                     <desc n="1256">ist Arbeitskraft bei</desc>
                     <label>Uraufführung von Rausch, 31.3.1894</label>
                     <idno type="URL" subtype="pmb">https://pmb.acdh.oeaw.ac.at/entity/146985/</idno>
                  </event>
                  <event key="35203" when-iso="1895-10-09">
                     <desc n="1256">ist Arbeitskraft bei</desc>
                     <label>Uraufführung von Liebelei, Premiere von Rechte der Seele,
                           9.10.1895</label>
                     <idno type="URL" subtype="pmb">https://pmb.acdh.oeaw.ac.at/entity/35203/</idno>
                  </event>
                  <event key="42439" when-iso="1895-11-11">
                     <desc n="1256">ist Arbeitskraft bei</desc>
                     <label>Uraufführung von Das Glück im Winkel, 11.11.1895</label>
                     <idno type="URL" subtype="pmb">https://pmb.acdh.oeaw.ac.at/entity/42439/</idno>
                  </event>
                  <event key="143121" when-iso="1898-05-03">
                     <desc n="1370">teilgenommen an</desc>
                     <label>Aufführung von Liebelei, 3.5.1898</label>
                     <idno type="URL" subtype="pmb">https://pmb.acdh.oeaw.ac.at/entity/143121/</idno>
                  </event>
                  <event key="143045" when-iso="1898-10-08">
                     <desc n="1256">ist Arbeitskraft bei</desc>
                     <label>Premiere von Mutter Erde, 8.10.1898</label>
                     <idno type="URL" subtype="pmb">https://pmb.acdh.oeaw.ac.at/entity/143045/</idno>
                  </event>
                  <event key="143042" when-iso="1898-11-11">
                     <desc n="1256">ist Arbeitskraft bei</desc>
                     <label>Aufführung von Im weißen Rössl, 11.11.1898</label>
                     <idno type="URL" subtype="pmb">https://pmb.acdh.oeaw.ac.at/entity/143042/</idno>
                  </event>
                  <event key="48470" when-iso="1905-04-13">
                     <desc n="1256">ist Arbeitskraft bei</desc>
                     <label>Uraufführung von Rat Schrimpf, 13.4.1905</label>
                     <idno type="URL" subtype="pmb">https://pmb.acdh.oeaw.ac.at/entity/48470/</idno>
                  </event>
                  <event key="35215" when-iso="1909-01-05">
                     <desc n="1256">ist Arbeitskraft bei</desc>
                     <label>Premiere von Liebelei, deutschsprachige Uraufführung von Komtesse
                           Mizzi, 5.1.1909</label>
                     <idno type="URL" subtype="pmb">https://pmb.acdh.oeaw.ac.at/entity/35215/</idno>
                  </event>
                  <event key="46552" when-iso="1909-12-10">
                     <desc n="1256">ist Arbeitskraft bei</desc>
                     <label>Generalprobe von Der Ruf des Lebens, 10.12.1909</label>
                     <idno type="URL" subtype="pmb">https://pmb.acdh.oeaw.ac.at/entity/46552/</idno>
                  </event>
                  <event key="35185" when-iso="1909-12-11">
                     <desc n="1256">ist Arbeitskraft bei</desc>
                     <label>Premiere von Der Ruf des Lebens, 11.12.1909</label>
                     <idno type="URL" subtype="pmb">https://pmb.acdh.oeaw.ac.at/entity/35185/</idno>
                  </event>
                  <event key="59579" when-iso="1925-11-14">
                     <desc n="1256">ist Arbeitskraft bei</desc>
                     <label>Premiere von Der einsame Weg, 14.11.1925</label>
                     <idno type="URL" subtype="pmb">https://pmb.acdh.oeaw.ac.at/entity/59579/</idno>
                  </event>
               </listEvent>
               <listBibl>
                  <bibl type="collections" n="11">ÖBL nach 1850 geboren</bibl>
                  <bibl type="collections" n="12">Fackel</bibl>
                  <bibl type="collections" n="16">Bahr Textverzeichnis</bibl>
               </listBibl>
               <note type="references"> </note>
               <figure>
                  <graphic url="https://commons.wikimedia.org/w/index.php?title=Special:Redirect/file/Viktor%20Kutschera.jpg"/>
               </figure>
            </person>
         </listPerson>
      </back>
   </text>
</TEI>
