<?xml version="1.0" encoding="UTF-8"?>
<TEI xmlns="http://www.tei-c.org/ns/1.0"
     xmlns:tei="http://www.tei-c.org/ns/1.0"
     xml:id="pmb122533.xml"
     prev="pmb122531"
     next="pmb123809">
   <teiHeader>
      <fileDesc>
         <titleStmt>
            <title level="s">Hermann Bahr – Textverzeichnis</title>
            <title level="a">Bücher. Georges Fillion: Entre Slaves</title>
            <title type="iso-date">1894-10-13</title>
            <respStmt>
               <resp>providing the content</resp>
               <name>Martin Anton Müller</name>
            </respStmt>
            <respStmt>
               <resp>converted to XML encoding</resp>
               <name>Martin Anton Müller</name>
            </respStmt>
         </titleStmt>
         <publicationStmt>
            <publisher>Austrian Centre for Digital Humanities and Cultural
                                    Heritage (ACDH-CH)</publisher>
            <date>2024-03-19+01:00</date>
            <idno type="URI">https://id.acdh.oeaw.ac.at/bahr-textverzeichnis/pmb122533.xml</idno>
         </publicationStmt>
         <sourceDesc>
            <p>Bibliografische Angaben eines in Druck erschienen Texts von
                                    Bahr</p>
         </sourceDesc>
      </fileDesc>
   </teiHeader>
   <text>
      <body>
         <div type="bibliografische-angabe">
            <biblStruct xml:id="pmb122533"
                        type="Journal-Article"
                        subtype="Rezension"
                        status="checked"
                        prev="pmb122531"
                        next="pmb123809">
               <analytic>
                  <author ref="pmb10815">hr</author>
                  <title level="a" ref="pmb122533">Bücher. Georges Fillion: Entre Slaves</title>
               </analytic>
               <monogr>
                  <title level="j" ref="pmb36340">Die Zeit</title>
                  <imprint>
                     <biblScope unit="jg">1</biblScope>
                     <biblScope unit="issue">2</biblScope>
                     <biblScope unit="page">28</biblScope>
                     <date when="1894-10-13">13.10.1894</date>
                  </imprint>
               </monogr>
               <note type="review-of">
                  <bibl>
                     <author>Georges Fillion</author>
                     <title level="m">Entre Slaves. Le Prince Alexandre. – Russes, Bulgares et
                        Serbes. – Stamboulof. – Le Prince Ferdinand</title>
                     <note>Paris: Société des Écrivains français <date type="year">1894</date>
                     </note>
                  </bibl>
               </note>
               <note type="incipit">Der Autor des vorliegenden Buches hat als Correspondent der
                  »Agence Havas« den serbisch-bulgarischen Krieg</note>
               <ref type="personenindex">
                  <listRef>
                     <ptr type="pmb" target="pmb153942"/>
                     <ptr type="pmb" target="pmb153943"/>
                     <ptr type="pmb" target="pmb148659"/>
                     <ptr type="pmb" target="pmb23858"/>
                  </listRef>
               </ref>
               <ref type="URL">https://bahr.univie.ac.at/sites/all/txt/die-zeit/2-28.pdf</ref>
               <noteGrp type="keywords">
                  <note type="Journal-Article">Artikel in einem Periodikum</note>
                  <note subtype="Rezension">Rezension</note>
               </noteGrp>
               <note type="bibliographical-statement">hr: Bücher. Georges Fillion: Entre Slaves. In:
                  Die Zeit, Jg. 1, Nr. 2, 13.10.1894, S. 28.</note>
            </biblStruct>
         </div>
      </body>
      <back>
         <listPerson>
            <person xml:id="pmb153942">
               <persName>
                  <forename>Georges</forename>
                  <surname>Fillion</surname>
               </persName>
               <sex value="not-set"/>
               <idno type="URL" subtype="pmb">https://pmb.acdh.oeaw.ac.at/entity/153942/</idno>
               <idno type="URL" subtype="bahr-textverzeichnis">https://bahr-textverzeichnis.acdh.oeaw.ac.at/pmb153942.html</idno>
               <listBibl>
                  <bibl type="collections" n="16">Bahr Textverzeichnis</bibl>
               </listBibl>
            </person>
            <person xml:id="pmb153943">
               <persName>
                  <forename>Ljuben</forename>
                  <surname>Karawelow</surname>
               </persName>
               <birth>
                  <date notBefore-iso="1834-01-01"
                        when-iso="1834-01-01"
                        notAfter-iso="1834-12-31">1834</date>
               </birth>
               <death>
                  <date when-iso="1879-01-01" notAfter-iso="1879-12-31">1879</date>
               </death>
               <sex value="not-set"/>
               <idno type="URL" subtype="pmb">https://pmb.acdh.oeaw.ac.at/entity/153943/</idno>
               <idno type="URL" subtype="bahr-textverzeichnis">https://bahr-textverzeichnis.acdh.oeaw.ac.at/pmb153943.html</idno>
               <listBibl>
                  <bibl type="collections" n="16">Bahr Textverzeichnis</bibl>
               </listBibl>
            </person>
            <person xml:id="pmb148659">
               <persName>
                  <forename>Stefan</forename>
                  <surname>Stefan Stambolov</surname>
               </persName>
               <sex value="male"/>
               <idno type="URL" subtype="bahr-textverzeichnis">https://bahr-textverzeichnis.acdh.oeaw.ac.at/pmb148659.html</idno>
               <idno type="URL" subtype="pmb">https://pmb.acdh.oeaw.ac.at/entity/148659/</idno>
               <idno type="URL" subtype="wikidata">http://www.wikidata.org/entity/Q313833</idno>
               <idno type="URL" subtype="gnd">https://d-nb.info/gnd/11875260X</idno>
               <idno type="URL" subtype="wikipedia">https://de.wikipedia.org/wiki/Stefan_Stambolow</idno>
               <listBibl>
                  <bibl type="collections" n="16">Bahr Textverzeichnis</bibl>
               </listBibl>
            </person>
            <person xml:id="pmb23858">
               <persName>
                  <forename>Ferdinand von</forename>
                  <surname>Sachsen-Coburg-Gotha</surname>
               </persName>
               <persName type="legacy-name-merge">Ferdinand I., Bulgarien, König, -</persName>
               <birth>
                  <date when-iso="1861-02-26">26.02.1861</date>
                  <settlement key="50">
                     <placeName type="pref">Wien</placeName>
                     <location>
                        <geo>48,2066 16,37341</geo>
                     </location>
                  </settlement>
               </birth>
               <death>
                  <date when-iso="1948-09-10">10.09.1948</date>
                  <settlement key="55076">
                     <placeName type="pref">Coburg</placeName>
                     <location>
                        <geo>50,25937 10,96384</geo>
                     </location>
                  </settlement>
               </death>
               <sex value="male"/>
               <idno type="URL" subtype="schnitzler-tagebuch">https://schnitzler-tagebuch.acdh.oeaw.ac.at/person_19512.html</idno>
               <idno type="URL" subtype="pmb">https://pmb.acdh.oeaw.ac.at/entity/23858/</idno>
               <idno type="URL" subtype="pmb">https://pmb.acdh.oeaw.ac.at/entity/146470/</idno>
               <idno type="URL" subtype="gnd">https://d-nb.info/gnd/118686720</idno>
               <idno type="URL" subtype="fackel">https://fackel.oeaw.ac.at/?p=fackelp48012</idno>
               <idno type="URL" subtype="wikidata">http://www.wikidata.org/entity/Q151667</idno>
               <idno type="URL" subtype="wikipedia">https://de.wikipedia.org/wiki/Ferdinand_I._(Bulgarien)</idno>
               <idno type="URL" subtype="bahr-tsn">https://bahr-textverzeichnis.acdh.oeaw.ac.at/TSN-listperson.html#pmb146470</idno>
               <idno type="URL" subtype="bahr-textverzeichnis">https://bahr-textverzeichnis.acdh.oeaw.ac.at/pmb146470.html</idno>
               <listBibl>
                  <bibl type="collections" n="12">Fackel</bibl>
                  <bibl type="collections" n="16">Bahr Textverzeichnis</bibl>
                  <bibl type="collections" n="19">Standardimport</bibl>
               </listBibl>
               <note type="references">None </note>
            </person>
         </listPerson>
      </back>
   </text>
</TEI>
