<?xml version="1.0" encoding="UTF-8"?>
<TEI xmlns="http://www.tei-c.org/ns/1.0"
     xmlns:tei="http://www.tei-c.org/ns/1.0"
     xml:id="pmb122843.xml"
     prev="pmb122933"
     next="pmb132597">
   <teiHeader>
      <fileDesc>
         <titleStmt>
            <title level="s">Hermann Bahr – Textverzeichnis</title>
            <title level="a">Theater und Kunst. Burgtheater</title>
            <title type="iso-date">1902-02-19</title>
            <respStmt>
               <resp>providing the content</resp>
               <name>Martin Anton Müller</name>
            </respStmt>
            <respStmt>
               <resp>converted to XML encoding</resp>
               <name>Martin Anton Müller</name>
            </respStmt>
         </titleStmt>
         <publicationStmt>
            <publisher>Austrian Centre for Digital Humanities and Cultural
                                    Heritage (ACDH-CH)</publisher>
            <date>2024-03-19+01:00</date>
            <idno type="URI">https://id.acdh.oeaw.ac.at/bahr-textverzeichnis/pmb122843.xml</idno>
         </publicationStmt>
         <sourceDesc>
            <p>Bibliografische Angaben eines in Druck erschienen Texts von
                                    Bahr</p>
         </sourceDesc>
      </fileDesc>
   </teiHeader>
   <text>
      <body>
         <div type="bibliografische-angabe">
            <biblStruct xml:id="pmb122843"
                        type="Journal-Article"
                        subtype="Nachtkritik"
                        status="checked"
                        prev="pmb122933"
                        next="pmb132597">
               <analytic>
                  <author ref="pmb10815">H. B.</author>
                  <title level="a" ref="pmb122843">Theater und Kunst. Burgtheater</title>
               </analytic>
               <monogr>
                  <title level="j" ref="pmb41552">Österreichische Volks-Zeitung</title>
                  <imprint>
                     <biblScope unit="jg">48</biblScope>
                     <biblScope unit="issue">49</biblScope>
                     <biblScope unit="page">7 (2 Kreuzer–Ausgabe: 9)</biblScope>
                     <date when="1902-02-19">19.2.1902</date>
                  </imprint>
               </monogr>
               <note type="review-of">
                  <bibl>
                     <title level="m">Das Komplott</title>
                     <author>Friedrich Gustav Triesch</author>
                  </bibl>
               </note>
               <note type="monographies"> </note>
               <note type="incipit">Herr Friedrich Gustav Triesch ist ein sehr netter und braver
                  Mann, der, wenn er nicht gerade schreibt, sonst keinem Menschen was thut</note>
               <ref type="personenindex">
                  <listRef>
                     <ptr type="pmb" target="pmb12974"/>
                     <ptr type="pmb" target="pmb12498"/>
                     <ptr type="pmb" target="pmb27259"/>
                     <ptr type="pmb" target="pmb5150"/>
                     <ptr type="pmb" target="pmb2249"/>
                     <ptr type="pmb" target="pmb154089"/>
                     <ptr type="pmb" target="pmb12971"/>
                  </listRef>
               </ref>
               <noteGrp type="keywords">
                  <note type="Journal-Article">Artikel in einem Periodikum</note>
                  <note subtype="Nachtkritik">Nachtkritik</note>
               </noteGrp>
               <note type="bibliographical-statement">H. B.: Theater und Kunst. Burgtheater. In:
                  Österreichische Volks-Zeitung, Jg. 48, Nr. 49, 19.2.1902, S. 7 (2 Kreuzer–Ausgabe:
                  9).</note>
               <ref type="abdrucke">
                  <listRef>
                     <ptr type="textref" target="pmb132239"/>
                  </listRef>
               </ref>
            </biblStruct>
         </div>
      </body>
      <back>
         <listPerson>
            <person xml:id="pmb12974">
               <persName>
                  <forename>Friedrich Gustav</forename>
                  <surname>Triesch</surname>
               </persName>
               <persName type="legacy-name-merge">Triesch, Friedrich Gustav</persName>
               <birth>
                  <date when-iso="1845-06-16">16.06.1845</date>
                  <settlement key="50">
                     <placeName type="pref">Wien</placeName>
                     <location>
                        <geo>48,2066 16,37341</geo>
                     </location>
                  </settlement>
               </birth>
               <death>
                  <date when-iso="1907-05-24">24.05.1907</date>
                  <settlement key="50">
                     <placeName type="pref">Wien</placeName>
                     <location>
                        <geo>48,2066 16,37341</geo>
                     </location>
                  </settlement>
               </death>
               <sex value="male"/>
               <occupation key="90">Schriftsteller/Schriftstellerin</occupation>
               <idno type="URL" subtype="gnd">https://d-nb.info/gnd/117418323</idno>
               <idno type="URL" subtype="schnitzler-tagebuch">https://schnitzler-tagebuch.acdh.oeaw.ac.at/person_20810.html</idno>
               <idno type="URL" subtype="schnitzler-bahr">https://schnitzler-bahr.acdh.oeaw.ac.at/pmb12974.html</idno>
               <idno type="URL" subtype="pmb">https://pmb.acdh.oeaw.ac.at/entity/12974/</idno>
               <idno type="URL" subtype="fackel">https://fackel.oeaw.ac.at/?p=fackelp43832</idno>
               <idno type="URL" subtype="wikidata">http://www.wikidata.org/entity/Q55675343</idno>
               <idno type="URL" subtype="schnitzler-interviews">https://schnitzler-interviews.acdh.oeaw.ac.at/pmb12974.html</idno>
               <idno type="URL" subtype="bahr-textverzeichnis">https://bahr-textverzeichnis.acdh.oeaw.ac.at/pmb12974.html</idno>
               <idno type="URL" subtype="pmb">https://pmb.acdh.oeaw.ac.at/entity/162565/</idno>
               <idno type="URL" subtype="bahr-tsn">https://bahr-textverzeichnis.acdh.oeaw.ac.at/TSN-listperson.html#pmb12974</idno>
               <affiliation>
                  <term key="1182">arbeitet für</term>
                  <orgName key="29634">Verein der Literaturfreunde</orgName>
                  <idno type="URL" subtype="schnitzler-bahr">https://schnitzler-bahr.acdh.oeaw.ac.at/pmb29634.html</idno>
                  <idno type="URL" subtype="pmb">https://pmb.acdh.oeaw.ac.at/entity/29634/</idno>
               </affiliation>
               <affiliation>
                  <term key="1182">arbeitet für</term>
                  <orgName key="29794">Saubermänner</orgName>
                  <idno type="URL" subtype="schnitzler-bahr">https://schnitzler-bahr.acdh.oeaw.ac.at/pmb29794.html</idno>
                  <idno type="URL" subtype="pmb">https://pmb.acdh.oeaw.ac.at/entity/29794/</idno>
                  <idno type="URL" subtype="schnitzler-briefe">https://schnitzler-briefe.acdh.oeaw.ac.at/pmb29794.html</idno>
               </affiliation>
               <listEvent>
                  <event key="94343" when-iso="1893-04-19">
                     <desc n="1370">teilgenommen an</desc>
                     <label>Gründungstreffen Saubermänner, 19.4.1893</label>
                     <idno type="URL" subtype="pmb">https://pmb.acdh.oeaw.ac.at/entity/94343/</idno>
                  </event>
               </listEvent>
               <listBibl>
                  <bibl type="collections" n="12">Fackel</bibl>
                  <bibl type="collections" n="14">Kein deutscher Wikipedia-Eintrag
                        gefunden</bibl>
                  <bibl type="collections" n="16">Bahr Textverzeichnis</bibl>
                  <bibl type="collections" n="22">No german Wikipedia-Site found</bibl>
               </listBibl>
               <note type="references"> </note>
               <figure>
                  <graphic url="https://commons.wikimedia.org/w/index.php?title=Special:Redirect/file/Otto%20Friedrich%20Portrait%20of%20Friedrich%20Gustav%20Triesch%201897.jpg"/>
               </figure>
            </person>
            <person xml:id="pmb12498">
               <persName>
                  <forename>Georg</forename>
                  <surname>Reimers</surname>
               </persName>
               <persName type="legacy-name-merge">Reimers, Georg</persName>
               <birth>
                  <date when-iso="1860-04-04">04.04.1860</date>
                  <settlement key="1259">
                     <placeName type="pref">Altona</placeName>
                     <location>
                        <geo>53,5725 9,8262</geo>
                     </location>
                  </settlement>
               </birth>
               <death>
                  <date when-iso="1936-04-15">15.04.1936</date>
                  <settlement key="50">
                     <placeName type="pref">Wien</placeName>
                     <location>
                        <geo>48,2066 16,37341</geo>
                     </location>
                  </settlement>
               </death>
               <sex value="male"/>
               <occupation key="105">Schauspieler/Schauspielerin</occupation>
               <idno type="URL" subtype="gnd">https://d-nb.info/gnd/11641488X</idno>
               <idno type="URL" subtype="schnitzler-tagebuch">https://schnitzler-tagebuch.acdh.oeaw.ac.at/person_19139.html</idno>
               <idno type="URL" subtype="schnitzler-bahr">https://schnitzler-bahr.acdh.oeaw.ac.at/pmb12498.html</idno>
               <idno type="URL" subtype="pmb">https://pmb.acdh.oeaw.ac.at/entity/12498/</idno>
               <idno type="URL" subtype="schnitzler-briefe">https://schnitzler-briefe.acdh.oeaw.ac.at/pmb12498.html</idno>
               <idno type="URL" subtype="bahr-textverzeichnis">https://bahr-textverzeichnis.acdh.oeaw.ac.at/pmb12498.html</idno>
               <idno type="URL" subtype="fackel">https://fackel.oeaw.ac.at/?p=fackelp52080</idno>
               <idno type="URL" subtype="oebl">https://doi.org/10.1553/0x002840e8</idno>
               <idno type="URL" subtype="wikidata">http://www.wikidata.org/entity/Q1505717</idno>
               <idno type="URL" subtype="wikipedia">https://de.wikipedia.org/wiki/Georg_Reimers</idno>
               <idno type="URL" subtype="schnitzler-interviews">https://schnitzler-interviews.acdh.oeaw.ac.at/pmb12498.html</idno>
               <idno type="URL" subtype="pmb">https://pmb.acdh.oeaw.ac.at/entity/161829/</idno>
               <idno type="URL" subtype="bahr-tsn">https://bahr-textverzeichnis.acdh.oeaw.ac.at/TSN-listperson.html#pmb12498</idno>
               <idno type="URL" subtype="hanslick-online">https://hanslick.acdh.oeaw.ac.at/hsl_person_id_3580.html</idno>
               <listEvent>
                  <event key="61712" when-iso="1891-04-11">
                     <desc n="1370">teilgenommen an</desc>
                     <label>Ibsen-Bankett, 11.4.1891</label>
                     <idno type="URL" subtype="pmb">https://pmb.acdh.oeaw.ac.at/entity/61712/</idno>
                  </event>
                  <event key="51297" when-iso="1891-10-28">
                     <desc n="1256">ist Arbeitskraft bei</desc>
                     <label>Freie Bühne, Erster geselliger Abend, 28.10.1891</label>
                     <idno type="URL" subtype="pmb">https://pmb.acdh.oeaw.ac.at/entity/51297/</idno>
                  </event>
                  <event key="94354" when-iso="1895-05-02">
                     <desc n="1256">ist Arbeitskraft bei</desc>
                     <label>Premiere von Tabarin und Verbotene Früchte, 2.5.1895</label>
                     <idno type="URL" subtype="pmb">https://pmb.acdh.oeaw.ac.at/entity/94354/</idno>
                  </event>
                  <event key="94377" when-iso="1895-05-07">
                     <desc n="1256">ist Arbeitskraft bei</desc>
                     <label>Aufführung von Tabarin, Die Wespe, 7.5.1895</label>
                     <idno type="URL" subtype="pmb">https://pmb.acdh.oeaw.ac.at/entity/94377/</idno>
                  </event>
                  <event key="35479" when-iso="1899-03-01">
                     <desc n="1256">ist Arbeitskraft bei</desc>
                     <label>Uraufführung von Der grüne Kakadu – Paracelsus – Die Gefährtin. Drei
                           Einakter, 1.3.1899</label>
                     <idno type="URL" subtype="pmb">https://pmb.acdh.oeaw.ac.at/entity/35479/</idno>
                  </event>
                  <event key="141417" when-iso="1899-12-17">
                     <desc n="1256">ist Arbeitskraft bei</desc>
                     <label>Aufführung von Der Verschwender, 17.12.1899</label>
                     <idno type="URL" subtype="pmb">https://pmb.acdh.oeaw.ac.at/entity/141417/</idno>
                  </event>
                  <event key="63372" when-iso="1904-02-11">
                     <desc n="1256">ist Arbeitskraft bei</desc>
                     <label>Premiere von Rose Bernd, 11.2.1904</label>
                     <idno type="URL" subtype="pmb">https://pmb.acdh.oeaw.ac.at/entity/63372/</idno>
                  </event>
                  <event key="35251" when-iso="1910-11-24">
                     <desc n="1256">ist Arbeitskraft bei</desc>
                     <label>Uraufführung von Der junge Medardus, 24.11.1910</label>
                     <idno type="URL" subtype="pmb">https://pmb.acdh.oeaw.ac.at/entity/35251/</idno>
                  </event>
                  <event key="88534" when-iso="1911-10-14">
                     <desc n="1256">ist Arbeitskraft bei</desc>
                     <label>Premiere von Das weite Land, 14.10.1911 [I.]</label>
                     <idno type="URL" subtype="pmb">https://pmb.acdh.oeaw.ac.at/entity/35364/</idno>
                     <idno type="URL" subtype="pmb">https://pmb.acdh.oeaw.ac.at/entity/88534/</idno>
                  </event>
                  <event key="35361" when-iso="1924-10-11">
                     <desc n="1256">ist Arbeitskraft bei</desc>
                     <label>Uraufführung von Komödie der Verführung, 11.10.1924</label>
                     <idno type="URL" subtype="pmb">https://pmb.acdh.oeaw.ac.at/entity/35361/</idno>
                  </event>
                  <event key="35418" when-iso="1931-02-14">
                     <desc n="1370">teilgenommen an</desc>
                     <label>Uraufführung von Der Gang zum Weiher, 14.2.1931</label>
                     <idno type="URL" subtype="pmb">https://pmb.acdh.oeaw.ac.at/entity/35418/</idno>
                  </event>
               </listEvent>
               <listBibl>
                  <bibl type="collections" n="11">ÖBL nach 1850 geboren</bibl>
                  <bibl type="collections" n="12">Fackel</bibl>
                  <bibl type="collections" n="16">Bahr Textverzeichnis</bibl>
               </listBibl>
               <note type="references"> </note>
               <figure>
                  <graphic url="https://commons.wikimedia.org/w/index.php?title=Special:Redirect/file/Georg%20Reimers%201910%20Pietzner.png"/>
               </figure>
            </person>
            <person xml:id="pmb27259">
               <persName>
                  <forename>Lotte</forename>
                  <surname>Witt</surname>
               </persName>
               <persName type="person_ehename_nachname">Borotha</persName>
               <persName type="legacy-name-merge">Witt, Lotte</persName>
               <persName type="legacy-name-merge">Witt, Lotte</persName>
               <birth>
                  <date when-iso="1870-04-24">24.04.1870</date>
                  <settlement key="168">
                     <placeName type="pref">Berlin</placeName>
                     <location>
                        <geo>52,52437 13,41053</geo>
                     </location>
                  </settlement>
               </birth>
               <death>
                  <date when-iso="1938-12-28">28.12.1938</date>
                  <settlement key="50">
                     <placeName type="pref">Wien</placeName>
                     <location>
                        <geo>48,2066 16,37341</geo>
                     </location>
                  </settlement>
               </death>
               <sex value="female"/>
               <occupation key="105">Schauspieler/Schauspielerin</occupation>
               <idno type="URL" subtype="schnitzler-bahr">https://schnitzler-bahr.acdh.oeaw.ac.at/pmb27259.html</idno>
               <idno type="URL" subtype="pmb">https://pmb.acdh.oeaw.ac.at/entity/27259/</idno>
               <idno type="URL" subtype="schnitzler-briefe">https://schnitzler-briefe.acdh.oeaw.ac.at/pmb27259.html</idno>
               <idno type="URL" subtype="bahr-textverzeichnis">https://bahr-textverzeichnis.acdh.oeaw.ac.at/pmb27259.html</idno>
               <idno type="URL" subtype="fackel">https://fackel.oeaw.ac.at/?p=fackelp55651</idno>
               <idno type="URL" subtype="gnd">https://d-nb.info/gnd/117416363</idno>
               <idno type="URL" subtype="wikidata">http://www.wikidata.org/entity/Q59653357</idno>
               <idno type="URL" subtype="pmb">https://pmb.acdh.oeaw.ac.at/entity/116605/</idno>
               <idno type="URL" subtype="wikipedia">https://de.wikipedia.org/wiki/Lotte_Witt</idno>
               <idno type="URL" subtype="pmb">https://pmb.acdh.oeaw.ac.at/entity/162858/</idno>
               <idno type="URL" subtype="schnitzler-tagebuch">https://schnitzler-tagebuch.acdh.oeaw.ac.at/person_21403.html</idno>
               <idno type="URL" subtype="bahr-tsn">https://bahr-textverzeichnis.acdh.oeaw.ac.at/TSN-listperson.html#pmb27259</idno>
               <listEvent>
                  <event key="35479" when-iso="1899-03-01">
                     <desc n="1256">ist Arbeitskraft bei</desc>
                     <label>Uraufführung von Der grüne Kakadu – Paracelsus – Die Gefährtin. Drei
                           Einakter, 1.3.1899</label>
                     <idno type="URL" subtype="pmb">https://pmb.acdh.oeaw.ac.at/entity/35479/</idno>
                  </event>
                  <event key="35173" when-iso="1905-10-12">
                     <desc n="1256">ist Arbeitskraft bei</desc>
                     <label>Uraufführung von Zwischenspiel, 12.10.1905</label>
                     <idno type="URL" subtype="pmb">https://pmb.acdh.oeaw.ac.at/entity/35173/</idno>
                  </event>
                  <event key="35361" when-iso="1924-10-11">
                     <desc n="1256">ist Arbeitskraft bei</desc>
                     <label>Uraufführung von Komödie der Verführung, 11.10.1924</label>
                     <idno type="URL" subtype="pmb">https://pmb.acdh.oeaw.ac.at/entity/35361/</idno>
                  </event>
               </listEvent>
               <listBibl>
                  <bibl type="collections" n="12">Fackel</bibl>
                  <bibl type="collections" n="16">Bahr Textverzeichnis</bibl>
               </listBibl>
               <note type="references"> </note>
            </person>
            <person xml:id="pmb5150">
               <persName>
                  <forename>Eduard</forename>
                  <surname>Devrient</surname>
               </persName>
               <persName type="legacy-name-merge">Devrient, Eduard</persName>
               <birth>
                  <date when-iso="1801-08-11">11.08.1801</date>
                  <settlement key="168">
                     <placeName type="pref">Berlin</placeName>
                     <location>
                        <geo>52,52437 13,41053</geo>
                     </location>
                  </settlement>
               </birth>
               <death>
                  <date when-iso="1877-10-04">04.10.1877</date>
                  <settlement key="871">
                     <placeName type="pref">Karlsruhe</placeName>
                     <location>
                        <geo>49,00937 8,40444</geo>
                     </location>
                  </settlement>
               </death>
               <sex value="male"/>
               <occupation key="103">Theaterleiter/Theaterleiterin</occupation>
               <occupation key="105">Schauspieler/Schauspielerin</occupation>
               <idno type="URL" subtype="gnd">https://d-nb.info/gnd/118525042</idno>
               <idno type="URL" subtype="pmb">https://pmb.acdh.oeaw.ac.at/entity/5150/</idno>
               <idno type="URL" subtype="wikidata">http://www.wikidata.org/entity/Q67901</idno>
               <idno type="URL" subtype="wikipedia">https://de.wikipedia.org/wiki/Eduard_Devrient</idno>
               <idno type="URL" subtype="bahr-textverzeichnis">https://bahr-textverzeichnis.acdh.oeaw.ac.at/pmb5150.html</idno>
               <idno type="URL" subtype="pmb">https://pmb.acdh.oeaw.ac.at/entity/159773/</idno>
               <idno type="URL" subtype="bahr-tsn">https://bahr-textverzeichnis.acdh.oeaw.ac.at/TSN-listperson.html#pmb5150</idno>
               <idno type="URL" subtype="schnitzler-interviews">https://schnitzler-interviews.acdh.oeaw.ac.at/pmb5150.html</idno>
               <idno type="URL" subtype="hanslick-online">https://hanslick.acdh.oeaw.ac.at/hsl_person_id_58.html</idno>
               <listEvent>
                  <event key="141446" when-iso="1899-12-01">
                     <desc n="1256">ist Arbeitskraft bei</desc>
                     <label>Aufführung Prinz Friedrich von Homburg, 1.12.1899</label>
                     <idno type="URL" subtype="pmb">https://pmb.acdh.oeaw.ac.at/entity/141446/</idno>
                  </event>
               </listEvent>
               <listBibl>
                  <bibl type="collections" n="16">Bahr Textverzeichnis</bibl>
               </listBibl>
               <note type="references">None </note>
               <figure>
                  <graphic url="https://commons.wikimedia.org/w/index.php?title=Special:Redirect/file/Eduard%20Devrient.jpg"/>
               </figure>
            </person>
            <person xml:id="pmb2249">
               <persName>
                  <forename>Arnold</forename>
                  <surname>Korff</surname>
               </persName>
               <persName type="person_geburtsname_nachname">Kirsch</persName>
               <persName type="legacy-name-merge">Korff, Arnold</persName>
               <birth>
                  <date when-iso="1868-08-02">02.08.1868</date>
                  <settlement key="50">
                     <placeName type="pref">Wien</placeName>
                     <location>
                        <geo>48,2066 16,37341</geo>
                     </location>
                  </settlement>
               </birth>
               <death>
                  <date when-iso="1944-06-02">02.06.1944</date>
                  <settlement key="44053">
                     <placeName type="pref">New York City</placeName>
                     <location>
                        <geo>40,71427 -74,00597</geo>
                     </location>
                  </settlement>
               </death>
               <sex value="male"/>
               <occupation key="105">Schauspieler/Schauspielerin</occupation>
               <idno type="URL" subtype="gnd">https://d-nb.info/gnd/101334071X</idno>
               <idno type="URL" subtype="schnitzler-tagebuch">https://schnitzler-tagebuch.acdh.oeaw.ac.at/person_17046.html</idno>
               <idno type="URL" subtype="schnitzler-bahr">https://schnitzler-bahr.acdh.oeaw.ac.at/pmb2249.html</idno>
               <idno type="URL" subtype="pmb">https://pmb.acdh.oeaw.ac.at/entity/2249/</idno>
               <idno type="URL" subtype="schnitzler-briefe">https://schnitzler-briefe.acdh.oeaw.ac.at/pmb2249.html</idno>
               <idno type="URL" subtype="fackel">https://fackel.oeaw.ac.at/?p=fackelp38449</idno>
               <idno type="URL" subtype="oebl">https://doi.org/10.1553/0x0028289a</idno>
               <idno type="URL" subtype="wikidata">http://www.wikidata.org/entity/Q89060</idno>
               <idno type="URL" subtype="wikipedia">https://de.wikipedia.org/wiki/Arnold_Korff</idno>
               <idno type="URL" subtype="schnitzler-kino">https://schnitzler-kino.acdh.oeaw.ac.at/pmb2249.html</idno>
               <idno type="URL" subtype="schnitzler-interviews">https://schnitzler-interviews.acdh.oeaw.ac.at/pmb2249.html</idno>
               <idno type="URL" subtype="pmb">https://pmb.acdh.oeaw.ac.at/entity/160858/</idno>
               <idno type="URL" subtype="bahr-tsn">https://bahr-textverzeichnis.acdh.oeaw.ac.at/TSN-listperson.html#pmb2249</idno>
               <idno type="URL" subtype="bahr-textverzeichnis">https://bahr-textverzeichnis.acdh.oeaw.ac.at/pmb2249.html</idno>
               <listEvent>
                  <event key="35161" when-iso="1898-02-04">
                     <desc n="1256">ist Arbeitskraft bei</desc>
                     <label>Premiere von Freiwild. Schauspiel in 3 Akten, 4.2.1898</label>
                     <idno type="URL" subtype="pmb">https://pmb.acdh.oeaw.ac.at/entity/35161/</idno>
                  </event>
                  <event key="43248" when-iso="1899-11-25">
                     <desc n="1256">ist Arbeitskraft bei</desc>
                     <label>Aufführung von Liebelei, 25.11.1899</label>
                     <idno type="URL" subtype="pmb">https://pmb.acdh.oeaw.ac.at/entity/43248/</idno>
                  </event>
                  <event key="42714" when-iso="1905-05-29">
                     <desc n="1256">ist Arbeitskraft bei</desc>
                     <label>Geschlossene Aufführung Die Büchse der Pandora, 29.5.1905</label>
                     <idno type="URL" subtype="pmb">https://pmb.acdh.oeaw.ac.at/entity/42714/</idno>
                  </event>
                  <event key="143145" when-iso="1905-09-29">
                     <desc n="1256">ist Arbeitskraft bei</desc>
                     <label>Aufführung von Liebelei, 29.9.1905</label>
                     <idno type="URL" subtype="pmb">https://pmb.acdh.oeaw.ac.at/entity/143145/</idno>
                  </event>
                  <event key="35173" when-iso="1905-10-12">
                     <desc n="1256">ist Arbeitskraft bei</desc>
                     <label>Uraufführung von Zwischenspiel, 12.10.1905</label>
                     <idno type="URL" subtype="pmb">https://pmb.acdh.oeaw.ac.at/entity/35173/</idno>
                  </event>
                  <event key="88534" when-iso="1911-10-14">
                     <desc n="1256">ist Arbeitskraft bei</desc>
                     <label>Premiere von Das weite Land, 14.10.1911 [I.]</label>
                     <idno type="URL" subtype="pmb">https://pmb.acdh.oeaw.ac.at/entity/35364/</idno>
                     <idno type="URL" subtype="pmb">https://pmb.acdh.oeaw.ac.at/entity/88534/</idno>
                  </event>
                  <event key="62220" when-iso="1923-04-16">
                     <desc n="1256">ist Arbeitskraft bei</desc>
                     <label>Aufführung Das weite Land, 16.4.1923</label>
                     <idno type="URL" subtype="pmb">https://pmb.acdh.oeaw.ac.at/entity/62220/</idno>
                  </event>
               </listEvent>
               <listBibl>
                  <bibl type="collections" n="11">ÖBL nach 1850 geboren</bibl>
                  <bibl type="collections" n="12">Fackel</bibl>
                  <bibl type="collections" n="15">Schnitzler-Kino</bibl>
                  <bibl type="collections" n="16">Bahr Textverzeichnis</bibl>
               </listBibl>
               <note type="references">None </note>
               <figure>
                  <graphic url="https://commons.wikimedia.org/w/index.php?title=Special:Redirect/file/Arnold%20Korff%201897%20Vilimek.jpg"/>
               </figure>
            </person>
            <person xml:id="pmb154089">
               <persName>
                  <forename>Margarethe von</forename>
                  <surname>Flindt</surname>
               </persName>
               <sex value="not-set"/>
               <idno type="URL" subtype="pmb">https://pmb.acdh.oeaw.ac.at/entity/154089/</idno>
               <idno type="URL" subtype="bahr-textverzeichnis">https://bahr-textverzeichnis.acdh.oeaw.ac.at/pmb154089.html</idno>
               <listBibl>
                  <bibl type="collections" n="16">Bahr Textverzeichnis</bibl>
               </listBibl>
            </person>
            <person xml:id="pmb12971">
               <persName>
                  <forename>Otto</forename>
                  <surname>Tressler</surname>
               </persName>
               <persName type="namensvariante">Mayer</persName>
               <birth>
                  <date when-iso="1871-04-13">13.04.1871</date>
                  <settlement key="872">
                     <placeName type="pref">Stuttgart</placeName>
                     <location>
                        <geo>48,78232 9,17702</geo>
                     </location>
                  </settlement>
               </birth>
               <death>
                  <date when-iso="1965-04-27">27.04.1965</date>
                  <settlement key="50">
                     <placeName type="pref">Wien</placeName>
                     <location>
                        <geo>48,2066 16,37341</geo>
                     </location>
                  </settlement>
               </death>
               <sex value="male"/>
               <occupation key="105">Schauspieler/Schauspielerin</occupation>
               <occupation key="150">Bildhauer/Bildhauerin</occupation>
               <idno type="URL" subtype="gnd">https://d-nb.info/gnd/117414719</idno>
               <idno type="URL" subtype="schnitzler-tagebuch">https://schnitzler-tagebuch.acdh.oeaw.ac.at/person_20803.html</idno>
               <idno type="URL" subtype="schnitzler-bahr">https://schnitzler-bahr.acdh.oeaw.ac.at/pmb12971.html</idno>
               <idno type="URL" subtype="pmb">https://pmb.acdh.oeaw.ac.at/entity/12971/</idno>
               <idno type="URL" subtype="schnitzler-briefe">https://schnitzler-briefe.acdh.oeaw.ac.at/pmb12971.html</idno>
               <idno type="URL" subtype="fackel">https://fackel.oeaw.ac.at/?p=fackelp51003</idno>
               <idno type="URL" subtype="wikidata">http://www.wikidata.org/entity/Q86437</idno>
               <idno type="URL" subtype="wikipedia">https://de.wikipedia.org/wiki/Otto_Tressler</idno>
               <idno type="URL" subtype="schnitzler-kino">https://schnitzler-kino.acdh.oeaw.ac.at/pmb12971.html</idno>
               <idno type="URL" subtype="bahr-textverzeichnis">https://bahr-textverzeichnis.acdh.oeaw.ac.at/pmb12971.html</idno>
               <listEvent>
                  <event key="42893" when-iso="1898-05-16">
                     <desc n="1256">ist Arbeitskraft bei</desc>
                     <label>Uraufführung von Mädchentraum, 16.5.1898</label>
                     <idno type="URL" subtype="pmb">https://pmb.acdh.oeaw.ac.at/entity/42893/</idno>
                  </event>
                  <event key="35385" when-iso="1898-11-30">
                     <desc n="1256">ist Arbeitskraft bei</desc>
                     <label>Premiere von Das Vermächtnis, 30.11.1898</label>
                     <idno type="URL" subtype="pmb">https://pmb.acdh.oeaw.ac.at/entity/35385/</idno>
                  </event>
                  <event key="35479" when-iso="1899-03-01">
                     <desc n="1256">ist Arbeitskraft bei</desc>
                     <label>Uraufführung von Der grüne Kakadu – Paracelsus – Die Gefährtin. Drei
                           Einakter, 1.3.1899</label>
                     <idno type="URL" subtype="pmb">https://pmb.acdh.oeaw.ac.at/entity/35479/</idno>
                  </event>
                  <event key="141446" when-iso="1899-12-01">
                     <desc n="1256">ist Arbeitskraft bei</desc>
                     <label>Aufführung Prinz Friedrich von Homburg, 1.12.1899</label>
                     <idno type="URL" subtype="pmb">https://pmb.acdh.oeaw.ac.at/entity/141446/</idno>
                  </event>
                  <event key="141417" when-iso="1899-12-17">
                     <desc n="1256">ist Arbeitskraft bei</desc>
                     <label>Aufführung von Der Verschwender, 17.12.1899</label>
                     <idno type="URL" subtype="pmb">https://pmb.acdh.oeaw.ac.at/entity/141417/</idno>
                  </event>
                  <event key="35113" when-iso="1904-12-12">
                     <desc n="1256">ist Arbeitskraft bei</desc>
                     <label>Premiere von Literatur, Die letzten Masken, Der Puppenspieler,
                           12.12.1904</label>
                     <idno type="URL" subtype="pmb">https://pmb.acdh.oeaw.ac.at/entity/35113/</idno>
                  </event>
                  <event key="35173" when-iso="1905-10-12">
                     <desc n="1256">ist Arbeitskraft bei</desc>
                     <label>Uraufführung von Zwischenspiel, 12.10.1905</label>
                     <idno type="URL" subtype="pmb">https://pmb.acdh.oeaw.ac.at/entity/35173/</idno>
                  </event>
                  <event key="47592" when-iso="1908-11-29">
                     <desc n="1256">ist Arbeitskraft bei</desc>
                     <label>Heine-Feier des Vereins für Kunst und Kultur, 29.11.1908</label>
                     <idno type="URL" subtype="pmb">https://pmb.acdh.oeaw.ac.at/entity/47592/</idno>
                  </event>
                  <event key="35251" when-iso="1910-11-24">
                     <desc n="1256">ist Arbeitskraft bei</desc>
                     <label>Uraufführung von Der junge Medardus, 24.11.1910</label>
                     <idno type="URL" subtype="pmb">https://pmb.acdh.oeaw.ac.at/entity/35251/</idno>
                  </event>
                  <event key="88534" when-iso="1911-10-14">
                     <desc n="1256">ist Arbeitskraft bei</desc>
                     <label>Premiere von Das weite Land, 14.10.1911 [I.]</label>
                     <idno type="URL" subtype="pmb">https://pmb.acdh.oeaw.ac.at/entity/35364/</idno>
                     <idno type="URL" subtype="pmb">https://pmb.acdh.oeaw.ac.at/entity/88534/</idno>
                  </event>
                  <event key="35424" when-iso="1920-03-26">
                     <desc n="1256">ist Arbeitskraft bei</desc>
                     <label>Uraufführung von Die Schwestern oder Casanova in Spa,
                           26.3.1920</label>
                     <idno type="URL" subtype="pmb">https://pmb.acdh.oeaw.ac.at/entity/35424/</idno>
                  </event>
               </listEvent>
               <listBibl>
                  <bibl type="collections" n="12">Fackel</bibl>
                  <bibl type="collections" n="16">Bahr Textverzeichnis</bibl>
               </listBibl>
               <figure>
                  <graphic url="https://commons.wikimedia.org/w/index.php?title=Special:Redirect/file/Otto%20Tre%C3%9Fler%20by%20Carl%20Pietzner.jpg"/>
               </figure>
            </person>
         </listPerson>
      </back>
   </text>
</TEI>
