<?xml version="1.0" encoding="UTF-8"?>
<TEI xmlns="http://www.tei-c.org/ns/1.0"
     xmlns:tei="http://www.tei-c.org/ns/1.0"
     xml:id="pmb122383.xml"
     prev="pmb133625"
     next="pmb123591">
   <teiHeader>
      <fileDesc>
         <titleStmt>
            <title level="s">Hermann Bahr – Textverzeichnis</title>
            <title level="a">Ein Brief</title>
            <title type="iso-date">1896-04-25</title>
            <respStmt>
               <resp>providing the content</resp>
               <name>Martin Anton Müller</name>
            </respStmt>
            <respStmt>
               <resp>converted to XML encoding</resp>
               <name>Martin Anton Müller</name>
            </respStmt>
         </titleStmt>
         <publicationStmt>
            <publisher>Austrian Centre for Digital Humanities and Cultural
                                    Heritage (ACDH-CH)</publisher>
            <date>2024-03-19+01:00</date>
            <idno type="URI">https://id.acdh.oeaw.ac.at/bahr-textverzeichnis/pmb122383.xml</idno>
         </publicationStmt>
         <sourceDesc>
            <p>Bibliografische Angaben eines in Druck erschienen Texts von
                                    Bahr</p>
         </sourceDesc>
      </fileDesc>
   </teiHeader>
   <text>
      <body>
         <div type="bibliografische-angabe">
            <biblStruct xml:id="pmb122383"
                        type="Journal-Article"
                        status="checked"
                        prev="pmb133625"
                        next="pmb123591">
               <analytic>
                  <author ref="pmb43745">Tilgner, Victor</author>
                  <title level="a" ref="pmb122383">Ein Brief</title>
               </analytic>
               <monogr>
                  <title level="j" ref="pmb36340">Die Zeit</title>
                  <imprint>
                     <biblScope unit="jg">7</biblScope>
                     <biblScope unit="issue">82</biblScope>
                     <biblScope unit="page">57–58</biblScope>
                     <date when="1896-04-25">25.4.1896</date>
                  </imprint>
               </monogr>
               <note>
                  <p>Die nicht gezeichnete Einleitung stammt von Bahr. Er spielt auf den in den
                     Studien zur Kritik der Moderne aufgenommenen Aufsatz »Die Bildende Kunst in
                     Österreich. Meister Tilgner« an (S. 225-231), der davor in der Deutschen
                     Zeitung erschienen ist (23 (1893) #7609, 1-2).</p>
               </note>
               <note type="incipit">Vor drei Jahren bin ich einmal bei Tilgner gewesen, um mit ihm
                  über die bildende Kunst in Österreich zu sprechen und zu hören, woran es denn
                  eigentlich bei uns fehlt und wie man helfen könnte. Zwei Stunden haben wir damals
                  geplaudert und seine Meinungen verdienen wohl, daß ich sie jetzt wiederhole. Es
                  ist ja seitdem allmählich ein bischen besser geworden, aber es geht doch langsam:
                  seine frischen und tapferen Worte sind leider immer noch »actuell«. // Seine Art,
                  sich zu betragen und zu reden, habe ich mir damals so notiert:</note>
               <ref type="URL">https://bahr.univie.ac.at/sites/all/txt/die-zeit/1896-7/82-57.pdf</ref>
               <ref type="URL">https://bahr.univie.ac.at/sites/all/txt/die-zeit/1896-7/82-58.pdf</ref>
               <noteGrp type="keywords">
                  <note type="Journal-Article">Artikel in einem Periodikum</note>
               </noteGrp>
               <note type="bibliographical-statement">Victor Tilgner: Ein Brief. In: Die Zeit,
                  Jg. 7, Nr. 82, 25.4.1896, S. 57–58.</note>
            </biblStruct>
         </div>
      </body>
      <back/>
   </text>
</TEI>
