<?xml version="1.0" encoding="UTF-8"?>
<TEI xmlns="http://www.tei-c.org/ns/1.0"
     xmlns:tei="http://www.tei-c.org/ns/1.0"
     xml:id="pmb122909.xml"
     prev="pmb122957"
     next="pmb132649">
   <teiHeader>
      <fileDesc>
         <titleStmt>
            <title level="s">Hermann Bahr – Textverzeichnis</title>
            <title level="a">Theater, Kunst und Literatur.
                     Raimund-Theater</title>
            <title type="iso-date">1902-04-26</title>
            <respStmt>
               <resp>providing the content</resp>
               <name>Martin Anton Müller</name>
            </respStmt>
            <respStmt>
               <resp>converted to XML encoding</resp>
               <name>Martin Anton Müller</name>
            </respStmt>
         </titleStmt>
         <publicationStmt>
            <publisher>Austrian Centre for Digital Humanities and Cultural
                                    Heritage (ACDH-CH)</publisher>
            <date>2024-03-19+01:00</date>
            <idno type="URI">https://id.acdh.oeaw.ac.at/bahr-textverzeichnis/pmb122909.xml</idno>
         </publicationStmt>
         <sourceDesc>
            <p>Bibliografische Angaben eines in Druck erschienen Texts von
                                    Bahr</p>
         </sourceDesc>
      </fileDesc>
   </teiHeader>
   <text>
      <body>
         <div type="bibliografische-angabe">
            <biblStruct xml:id="pmb122909"
                        type="Journal-Article"
                        subtype="Nachtkritik"
                        status="checked"
                        prev="pmb122957"
                        next="pmb132649">
               <analytic>
                  <author ref="pmb10815">H. B.</author>
                  <title level="a" ref="pmb122909">Theater, Kunst und Literatur.
                     Raimund-Theater</title>
               </analytic>
               <monogr>
                  <title level="j" ref="pmb41321">Neues Wiener Tagblatt</title>
                  <imprint>
                     <biblScope unit="jg">36</biblScope>
                     <biblScope unit="issue">114</biblScope>
                     <biblScope unit="page">9</biblScope>
                     <date when="1902-04-26">26.4.1902</date>
                  </imprint>
               </monogr>
               <note type="review-of">
                  <bibl>
                     <title level="m">Les Demi-Vierges</title>
                     <author>Marcel Prévost</author>
                  </bibl>
               </note>
               <note type="incipit">Jane Hading, den Wienern von ihrem Gastspiele im Carl-Theater
                  (October 1898) her bekannt, hat gestern die Maud in den »Demi-Vierges«
                  gespielt.</note>
               <ref type="personenindex">
                  <listRef>
                     <ptr type="pmb" target="pmb9386"/>
                     <ptr type="pmb" target="pmb10899"/>
                     <ptr type="pmb" target="pmb11201"/>
                     <ptr type="pmb" target="pmb21317"/>
                     <ptr type="pmb" target="pmb154117"/>
                     <ptr type="pmb" target="pmb116261"/>
                     <ptr type="pmb" target="pmb154118"/>
                  </listRef>
               </ref>
               <ref type="URL">https://anno.onb.ac.at/cgi-content/anno?aid=nwg&amp;datum=19020426&amp;seite=9</ref>
               <noteGrp type="keywords">
                  <note type="Journal-Article">Artikel in einem Periodikum</note>
                  <note subtype="Nachtkritik">Nachtkritik</note>
               </noteGrp>
               <note type="bibliographical-statement">H. B.: Theater, Kunst und Literatur.
                  Raimund-Theater. In: Neues Wiener Tagblatt, Jg. 36, Nr. 114, 26.4.1902,
                  S. 9.</note>
            </biblStruct>
         </div>
      </body>
      <back>
         <listPerson>
            <person xml:id="pmb9386">
               <persName>
                  <forename>Marcel</forename>
                  <surname>Prévost</surname>
               </persName>
               <persName type="namensvariante">Marcel Eugène</persName>
               <persName type="legacy-name-merge">Prévost, Marcel</persName>
               <birth>
                  <date when-iso="1862-05-01">01.05.1862</date>
                  <settlement key="182">
                     <placeName type="pref">Paris</placeName>
                     <location>
                        <geo>48,85341 2,3488</geo>
                     </location>
                  </settlement>
               </birth>
               <death>
                  <date when-iso="1941-04-08">08.04.1941</date>
                  <settlement key="44347">
                     <placeName type="pref">Vianne</placeName>
                     <location>
                        <geo>44,1972 0,32056</geo>
                     </location>
                  </settlement>
               </death>
               <sex value="male"/>
               <occupation key="90">Schriftsteller/Schriftstellerin</occupation>
               <idno type="URL" subtype="gnd">https://d-nb.info/gnd/11864176X</idno>
               <idno type="URL" subtype="schnitzler-tagebuch">https://schnitzler-tagebuch.acdh.oeaw.ac.at/person_18961.html</idno>
               <idno type="URL" subtype="pmb">https://pmb.acdh.oeaw.ac.at/entity/9386/</idno>
               <idno type="URL" subtype="schnitzler-briefe">https://schnitzler-briefe.acdh.oeaw.ac.at/pmb9386.html</idno>
               <idno type="URL" subtype="fackel">https://fackel.oeaw.ac.at/?p=fackelp49601</idno>
               <idno type="URL" subtype="wikidata">http://www.wikidata.org/entity/Q326138</idno>
               <idno type="URL" subtype="wikipedia">https://de.wikipedia.org/wiki/Marcel_Pr%C3%A9vost</idno>
               <idno type="URL" subtype="pmb">https://pmb.acdh.oeaw.ac.at/entity/161762/</idno>
               <idno type="URL" subtype="bahr-tsn">https://bahr-textverzeichnis.acdh.oeaw.ac.at/TSN-listperson.html#pmb9386</idno>
               <idno type="URL" subtype="bahr-textverzeichnis">https://bahr-textverzeichnis.acdh.oeaw.ac.at/pmb9386.html</idno>
               <listBibl>
                  <bibl type="collections" n="12">Fackel</bibl>
                  <bibl type="collections" n="16">Bahr Textverzeichnis</bibl>
               </listBibl>
               <note type="references">None </note>
               <figure>
                  <graphic url="https://commons.wikimedia.org/w/index.php?title=Special:Redirect/file/Marcel%20Pr%C3%A9vost%201910.jpg"/>
               </figure>
            </person>
            <person xml:id="pmb10899">
               <persName>
                  <forename>Sarah</forename>
                  <surname>Bernhardt</surname>
               </persName>
               <persName type="person_geburtsname_vorname">Sara Marie Henriette-Rosine</persName>
               <persName type="person_geburtsname_nachname">Bernardt</persName>
               <persName type="person_verwitwet">Damala</persName>
               <persName type="legacy-name-merge">Bernhardt, Sarah</persName>
               <birth>
                  <date when-iso="1844-10-22">22.10.1844</date>
                  <settlement key="182">
                     <placeName type="pref">Paris</placeName>
                     <location>
                        <geo>48,85341 2,3488</geo>
                     </location>
                  </settlement>
               </birth>
               <death>
                  <date when-iso="1923-03-26">26.03.1923</date>
                  <settlement key="182">
                     <placeName type="pref">Paris</placeName>
                     <location>
                        <geo>48,85341 2,3488</geo>
                     </location>
                  </settlement>
               </death>
               <sex value="female"/>
               <occupation key="105">Schauspieler/Schauspielerin</occupation>
               <idno type="URL" subtype="gnd">https://d-nb.info/gnd/118509896</idno>
               <idno type="URL" subtype="schnitzler-tagebuch">https://schnitzler-tagebuch.acdh.oeaw.ac.at/person_13673.html</idno>
               <idno type="URL" subtype="schnitzler-bahr">https://schnitzler-bahr.acdh.oeaw.ac.at/pmb10899.html</idno>
               <idno type="URL" subtype="pmb">https://pmb.acdh.oeaw.ac.at/entity/10899/</idno>
               <idno type="URL" subtype="schnitzler-briefe">https://schnitzler-briefe.acdh.oeaw.ac.at/pmb10899.html</idno>
               <idno type="URL" subtype="bahr-textverzeichnis">https://bahr-textverzeichnis.acdh.oeaw.ac.at/pmb10899.html</idno>
               <idno type="URL" subtype="fackel">https://fackel.oeaw.ac.at/?p=fackelp52770</idno>
               <idno type="URL" subtype="wikidata">http://www.wikidata.org/entity/Q4605</idno>
               <idno type="URL" subtype="wikipedia">https://de.wikipedia.org/wiki/Sarah_Bernhardt</idno>
               <idno type="URL" subtype="schnitzler-kino">https://schnitzler-kino.acdh.oeaw.ac.at/pmb10899.html</idno>
               <idno type="URL" subtype="schnitzler-interviews">https://schnitzler-interviews.acdh.oeaw.ac.at/pmb10899.html</idno>
               <idno type="URL" subtype="pmb">https://pmb.acdh.oeaw.ac.at/entity/159364/</idno>
               <idno type="URL" subtype="bahr-tsn">https://bahr-textverzeichnis.acdh.oeaw.ac.at/TSN-listperson.html#pmb10899</idno>
               <affiliation>
                  <term key="1182">arbeitet für</term>
                  <orgName key="87981">Théâtre de la Renaissance</orgName>
                  <idno type="URL" subtype="pmb">https://pmb.acdh.oeaw.ac.at/entity/87981/</idno>
                  <idno type="URL" subtype="gnd">https://d-nb.info/gnd/7586652-3</idno>
                  <idno type="URL" subtype="wikidata">http://www.wikidata.org/entity/Q3527713</idno>
                  <idno type="URL" subtype="wikipedia">https://de.wikipedia.org/wiki/Th%C3%A9%C3%A2tre_de_la_Renaissance</idno>
               </affiliation>
               <listEvent>
                  <event key="42481" when-iso="1892-10-14">
                     <desc n="1256">ist Arbeitskraft bei</desc>
                     <label>Gastspiel Sarah Bernhardt, Die Kameliendame, 14.10.1892</label>
                     <idno type="URL" subtype="pmb">https://pmb.acdh.oeaw.ac.at/entity/42481/</idno>
                  </event>
                  <event key="87976" when-iso="1894-10-31">
                     <desc n="1256">ist Arbeitskraft bei</desc>
                     <label>Uraufführung von Gismonda, 31.10.1894</label>
                     <idno type="URL" subtype="pmb">https://pmb.acdh.oeaw.ac.at/entity/87976/</idno>
                  </event>
                  <event key="118148" when-iso="1896-12-03">
                     <desc n="1256">ist Arbeitskraft bei</desc>
                     <label>Uraufführung von Lorenzaccio, 3.12.1896</label>
                     <idno type="URL" subtype="pmb">https://pmb.acdh.oeaw.ac.at/entity/118148/</idno>
                  </event>
               </listEvent>
               <listBibl>
                  <bibl type="collections" n="12">Fackel</bibl>
                  <bibl type="collections" n="15">Schnitzler-Kino</bibl>
                  <bibl type="collections" n="16">Bahr Textverzeichnis</bibl>
               </listBibl>
               <note type="references"> </note>
               <figure>
                  <graphic url="https://commons.wikimedia.org/w/index.php?title=Special:Redirect/file/Sarah%20Bernhardt%20by%20Paul%20Nadar%20%28crop%29.jpg"/>
               </figure>
            </person>
            <person xml:id="pmb11201">
               <persName>
                  <forename>Eleonora</forename>
                  <surname>Duse</surname>
               </persName>
               <persName type="person_ehename_nachname">Marchetti</persName>
               <persName type="legacy-name-merge">Duse, Eleonora</persName>
               <birth>
                  <date when-iso="1858-10-03">03.10.1858</date>
                  <settlement key="58890">
                     <placeName type="pref">Vigevano</placeName>
                     <location>
                        <geo>45,31407 8,85437</geo>
                     </location>
                  </settlement>
               </birth>
               <death>
                  <date when-iso="1924-04-21">21.04.1924</date>
                  <settlement key="56126">
                     <placeName type="pref">Pittsburgh</placeName>
                     <location>
                        <geo>40,44062 -79,99589</geo>
                     </location>
                  </settlement>
               </death>
               <sex value="female"/>
               <occupation key="105">Schauspieler/Schauspielerin</occupation>
               <idno type="URL" subtype="gnd">https://d-nb.info/gnd/118681354</idno>
               <idno type="URL" subtype="schnitzler-tagebuch">https://schnitzler-tagebuch.acdh.oeaw.ac.at/person_14574.html</idno>
               <idno type="URL" subtype="schnitzler-bahr">https://schnitzler-bahr.acdh.oeaw.ac.at/pmb11201.html</idno>
               <idno type="URL" subtype="pmb">https://pmb.acdh.oeaw.ac.at/entity/11201/</idno>
               <idno type="URL" subtype="schnitzler-briefe">https://schnitzler-briefe.acdh.oeaw.ac.at/pmb11201.html</idno>
               <idno type="URL" subtype="bahr-textverzeichnis">https://bahr-textverzeichnis.acdh.oeaw.ac.at/pmb11201.html</idno>
               <idno type="URL" subtype="fackel">https://fackel.oeaw.ac.at/?p=fackelp42497</idno>
               <idno type="URL" subtype="wikidata">http://www.wikidata.org/entity/Q275970</idno>
               <idno type="URL" subtype="wikipedia">https://de.wikipedia.org/wiki/Eleonora_Duse</idno>
               <idno type="URL" subtype="schnitzler-interviews">https://schnitzler-interviews.acdh.oeaw.ac.at/pmb11201.html</idno>
               <idno type="URL" subtype="pmb">https://pmb.acdh.oeaw.ac.at/entity/159846/</idno>
               <idno type="URL" subtype="bahr-tsn">https://bahr-textverzeichnis.acdh.oeaw.ac.at/TSN-listperson.html#pmb11201</idno>
               <listEvent>
                  <event key="44795" when-iso="1902-04-02">
                     <desc n="1256">ist Arbeitskraft bei</desc>
                     <label>Aufführung von Francesca da Rimini, 2.4.1902</label>
                     <idno type="URL" subtype="pmb">https://pmb.acdh.oeaw.ac.at/entity/44795/</idno>
                  </event>
                  <event key="41447" when-iso="1904-10-06">
                     <desc n="1256">ist Arbeitskraft bei</desc>
                     <label>Gastspiel Eleonora Duse in Kameliendame, 6.10.1904</label>
                     <idno type="URL" subtype="pmb">https://pmb.acdh.oeaw.ac.at/entity/41447/</idno>
                  </event>
               </listEvent>
               <listBibl>
                  <bibl type="collections" n="12">Fackel</bibl>
                  <bibl type="collections" n="16">Bahr Textverzeichnis</bibl>
               </listBibl>
               <figure>
                  <graphic url="https://commons.wikimedia.org/w/index.php?title=Special:Redirect/file/Dupont%2C%20Aim%C3%A9%20%281842-1900%29%20-%20Eleonora%20Duse%20%C3%AC%20--%20New%20York%2C%201896.jpg"/>
               </figure>
            </person>
            <person xml:id="pmb21317">
               <persName>
                  <forename>Catulle</forename>
                  <surname>Mendès</surname>
               </persName>
               <persName type="legacy-name-merge">Mendès, Catulle</persName>
               <birth>
                  <date when-iso="1841-05-20">20.05.1841</date>
                  <settlement key="4870">
                     <placeName type="pref">Bordeaux</placeName>
                  </settlement>
               </birth>
               <death>
                  <date when-iso="1909-02-08">08.02.1909</date>
                  <settlement key="982">
                     <placeName type="pref">Saint-Germain-en-Laye</placeName>
                     <location>
                        <geo>48,9 2,08333</geo>
                     </location>
                  </settlement>
               </death>
               <sex value="male"/>
               <occupation key="90">Schriftsteller/Schriftstellerin</occupation>
               <idno type="URL" subtype="schnitzler-tagebuch">https://schnitzler-tagebuch.acdh.oeaw.ac.at/person_18067.html</idno>
               <idno type="URL" subtype="pmb">https://pmb.acdh.oeaw.ac.at/entity/21317/</idno>
               <idno type="URL" subtype="gnd">https://d-nb.info/gnd/118783203</idno>
               <idno type="URL" subtype="schnitzler-lektueren">https://schnitzler-lektueren.acdh.oeaw.ac.at/pmb21317.html</idno>
               <idno type="URL" subtype="wikidata">http://www.wikidata.org/entity/Q971215</idno>
               <idno type="URL" subtype="wikipedia">https://de.wikipedia.org/wiki/Catulle_Mend%C3%A8s</idno>
               <idno type="URL" subtype="pmb">https://pmb.acdh.oeaw.ac.at/entity/161289/</idno>
               <idno type="URL" subtype="bahr-tsn">https://bahr-textverzeichnis.acdh.oeaw.ac.at/TSN-listperson.html#pmb21317</idno>
               <idno type="URL" subtype="bahr-textverzeichnis">https://bahr-textverzeichnis.acdh.oeaw.ac.at/pmb21317.html</idno>
               <idno type="URL" subtype="hanslick-online">https://hanslick.acdh.oeaw.ac.at/hsl_person_id_1760.html</idno>
               <listBibl>
                  <bibl type="collections" n="16">Bahr Textverzeichnis</bibl>
               </listBibl>
               <note type="references"> </note>
               <figure>
                  <graphic url="https://commons.wikimedia.org/w/index.php?title=Special:Redirect/file/Portrait%20of%20Catulle%20Mend%C3%A8s.jpg"/>
               </figure>
            </person>
            <person xml:id="pmb154117">
               <persName>
                  <forename>Jane</forename>
                  <surname>Hading</surname>
               </persName>
               <birth>
                  <date notBefore-iso="1859-01-01"
                        when-iso="1859-01-01"
                        notAfter-iso="1859-12-31">1859</date>
               </birth>
               <death>
                  <date when-iso="1940-01-01" notAfter-iso="1940-12-31">1940</date>
               </death>
               <sex value="not-set"/>
               <idno type="URL" subtype="bahr-textverzeichnis">https://bahr-textverzeichnis.acdh.oeaw.ac.at/pmb154117.html</idno>
               <idno type="URL" subtype="pmb">https://pmb.acdh.oeaw.ac.at/entity/154117/</idno>
               <listBibl>
                  <bibl type="collections" n="16">Bahr Textverzeichnis</bibl>
               </listBibl>
            </person>
            <person xml:id="pmb116261">
               <persName>
                  <forename>Tina</forename>
                  <surname>Di Lorenzo</surname>
               </persName>
               <birth>
                  <date when-iso="1872-12-04">1872-12-04</date>
               </birth>
               <death>
                  <date when-iso="1930-03-25">1930-03-25</date>
               </death>
               <sex value="female"/>
               <occupation key="105">Schauspieler/Schauspielerin</occupation>
               <idno type="URL" subtype="pmb">https://pmb.acdh.oeaw.ac.at/entity/116261/</idno>
               <idno type="URL" subtype="gnd">https://d-nb.info/gnd/1115482068</idno>
               <idno type="URL" subtype="fackel">https://fackel.oeaw.ac.at/?p=fackelp54133</idno>
               <idno type="URL" subtype="wikidata">http://www.wikidata.org/entity/Q3991525</idno>
               <idno type="URL" subtype="wikipedia">https://de.wikipedia.org/wiki/Tina_Di_Lorenzo</idno>
               <idno type="URL" subtype="bahr-textverzeichnis">https://bahr-textverzeichnis.acdh.oeaw.ac.at/pmb116261.html</idno>
               <listBibl>
                  <bibl type="collections" n="12">Fackel</bibl>
                  <bibl type="collections" n="16">Bahr Textverzeichnis</bibl>
               </listBibl>
            </person>
            <person xml:id="pmb154118">
               <persName>
                  <surname>Remy</surname>
               </persName>
               <sex value="not-set"/>
               <occupation key="105">Schauspieler/Schauspielerin</occupation>
               <idno type="URL" subtype="pmb">https://pmb.acdh.oeaw.ac.at/entity/154118/</idno>
               <idno type="URL" subtype="bahr-textverzeichnis">https://bahr-textverzeichnis.acdh.oeaw.ac.at/pmb154118.html</idno>
               <listBibl>
                  <bibl type="collections" n="16">Bahr Textverzeichnis</bibl>
               </listBibl>
            </person>
         </listPerson>
      </back>
   </text>
</TEI>
