<?xml version="1.0" encoding="UTF-8"?>
<TEI xmlns="http://www.tei-c.org/ns/1.0"
     xmlns:tei="http://www.tei-c.org/ns/1.0"
     xml:id="pmb123059.xml"
     prev="pmb30989"
     next="pmb132733">
   <teiHeader>
      <fileDesc>
         <titleStmt>
            <title level="s">Hermann Bahr – Textverzeichnis</title>
            <title level="a">Theater, Kunst und Literatur.
                     Raimund-Theater</title>
            <title type="iso-date">1901-05-28</title>
            <respStmt>
               <resp>providing the content</resp>
               <name>Martin Anton Müller</name>
            </respStmt>
            <respStmt>
               <resp>converted to XML encoding</resp>
               <name>Martin Anton Müller</name>
            </respStmt>
         </titleStmt>
         <publicationStmt>
            <publisher>Austrian Centre for Digital Humanities and Cultural
                                    Heritage (ACDH-CH)</publisher>
            <date>2024-03-19+01:00</date>
            <idno type="URI">https://id.acdh.oeaw.ac.at/bahr-textverzeichnis/pmb123059.xml</idno>
         </publicationStmt>
         <sourceDesc>
            <p>Bibliografische Angaben eines in Druck erschienen Texts von
                                    Bahr</p>
         </sourceDesc>
      </fileDesc>
   </teiHeader>
   <text>
      <body>
         <div type="bibliografische-angabe">
            <biblStruct xml:id="pmb123059"
                        type="Journal-Article"
                        subtype="Nachtkritik"
                        status="checked"
                        prev="pmb30989"
                        next="pmb132733">
               <analytic>
                  <author ref="pmb10815">H. B.</author>
                  <title level="a" ref="pmb123059">Theater, Kunst und Literatur.
                     Raimund-Theater</title>
               </analytic>
               <monogr>
                  <title level="j" ref="pmb41321">Neues Wiener Tagblatt</title>
                  <imprint>
                     <biblScope unit="jg">35</biblScope>
                     <biblScope unit="issue">144</biblScope>
                     <biblScope unit="page">6</biblScope>
                     <date when="1901-05-28">28.5.1901</date>
                  </imprint>
               </monogr>
               <note type="review-of">
                  <bibl>
                     <title level="m">Der Proceßhansl</title>
                     <author>Ludwig Ganghofer</author>
                     <author>Hans Neuert</author>
                  </bibl>
               </note>
               <note type="incipit">Tegernsee ist ganz nahe bei Schliersee, man geht über die
                  Gindlalm kaum zwei Stunden hin, und so stellt denn die Truppe der Tegernseer, die
                  wir schon vor ein paar Jahren im Carl-Theater gesehen haben, dieselbe frische und
                  frohe Volksart dar wie die von Conrad Dreher, die wir bald wieder im Volkstheater
                  sehen werden.</note>
               <ref type="personenindex">
                  <listRef>
                     <ptr type="pmb" target="pmb11402"/>
                     <ptr type="pmb" target="pmb3982"/>
                     <ptr type="pmb" target="pmb3998"/>
                     <ptr type="pmb" target="pmb11171"/>
                     <ptr type="pmb" target="pmb154215"/>
                  </listRef>
               </ref>
               <ref type="URL">https://anno.onb.ac.at/cgi-content/anno?aid=nwg&amp;datum=19010528&amp;seite=6</ref>
               <noteGrp type="keywords">
                  <note type="Journal-Article">Artikel in einem Periodikum</note>
                  <note subtype="Nachtkritik">Nachtkritik</note>
               </noteGrp>
               <note type="bibliographical-statement">H. B.: Theater, Kunst und Literatur.
                  Raimund-Theater. In: Neues Wiener Tagblatt, Jg. 35, Nr. 144, 28.5.1901,
                  S. 6.</note>
            </biblStruct>
         </div>
      </body>
      <back>
         <listPerson>
            <person xml:id="pmb11402">
               <persName>
                  <forename>Ludwig</forename>
                  <surname>Ganghofer</surname>
               </persName>
               <persName type="legacy-name-merge">Ganghofer, Ludwig</persName>
               <birth>
                  <date when-iso="1855-07-07">07.07.1855</date>
                  <settlement key="47256">
                     <placeName type="pref">Kaufbeuren</placeName>
                     <location>
                        <geo>47,88238 10,62192</geo>
                     </location>
                  </settlement>
               </birth>
               <death>
                  <date when-iso="1920-07-24">24.07.1920</date>
                  <settlement key="39752">
                     <placeName type="pref">Tegernsee</placeName>
                     <location>
                        <geo>47,7123 11,7582</geo>
                     </location>
                  </settlement>
               </death>
               <sex value="male"/>
               <occupation key="90">Schriftsteller/Schriftstellerin</occupation>
               <idno type="URL" subtype="gnd">https://d-nb.info/gnd/118537490</idno>
               <idno type="URL" subtype="schnitzler-tagebuch">https://schnitzler-tagebuch.acdh.oeaw.ac.at/person_15336.html</idno>
               <idno type="URL" subtype="schnitzler-bahr">https://schnitzler-bahr.acdh.oeaw.ac.at/pmb11402.html</idno>
               <idno type="URL" subtype="pmb">https://pmb.acdh.oeaw.ac.at/entity/11402/</idno>
               <idno type="URL" subtype="schnitzler-briefe">https://schnitzler-briefe.acdh.oeaw.ac.at/pmb11402.html</idno>
               <idno type="URL" subtype="legalkraus">https://kraus.wienbibliothek.at/register/personen/pmb11402</idno>
               <idno type="URL" subtype="bahr-textverzeichnis">https://bahr-textverzeichnis.acdh.oeaw.ac.at/pmb11402.html</idno>
               <idno type="URL" subtype="fackel">https://fackel.oeaw.ac.at/?p=fackelp49293</idno>
               <idno type="URL" subtype="wikidata">http://www.wikidata.org/entity/Q77475</idno>
               <idno type="URL" subtype="wikipedia">https://de.wikipedia.org/wiki/Ludwig_Ganghofer</idno>
               <idno type="URL" subtype="pmb">https://pmb.acdh.oeaw.ac.at/entity/160164/</idno>
               <idno type="URL" subtype="bahr-tsn">https://bahr-textverzeichnis.acdh.oeaw.ac.at/TSN-listperson.html#pmb11402</idno>
               <idno type="URL" subtype="hanslick-online">https://hanslick.acdh.oeaw.ac.at/hsl_person_id_3506.html</idno>
               <affiliation>
                  <term key="1182">arbeitet für</term>
                  <orgName key="50639">Münchener Litterarische Gesellschaft</orgName>
                  <idno type="URL" subtype="pmb">https://pmb.acdh.oeaw.ac.at/entity/50639/</idno>
                  <idno type="URL" subtype="schnitzler-briefe">https://schnitzler-briefe.acdh.oeaw.ac.at/pmb50639.html</idno>
               </affiliation>
               <listEvent>
                  <event key="50630" when-iso="1899-04-29">
                     <desc n="1370">teilgenommen an</desc>
                     <label>Premieren von Traum eines Frühlingsmorgens, Mein Fürst, Der grüne
                           Kakadu, 29.4.1899</label>
                     <idno type="URL" subtype="pmb">https://pmb.acdh.oeaw.ac.at/entity/50630/</idno>
                  </event>
               </listEvent>
               <listBibl>
                  <bibl type="collections" n="5">legalkraus</bibl>
                  <bibl type="collections" n="12">Fackel</bibl>
                  <bibl type="collections" n="16">Bahr Textverzeichnis</bibl>
               </listBibl>
               <note type="references"> </note>
               <figure>
                  <graphic url="https://commons.wikimedia.org/w/index.php?title=Special:Redirect/file/Wenzl%20Weis%20-%20Ludwig%20Ganghofer.jpg"/>
               </figure>
            </person>
            <person xml:id="pmb3982">
               <persName>
                  <forename>Xaver</forename>
                  <surname>Terofal</surname>
               </persName>
               <persName type="legacy-name-merge">Terofal, Xaver</persName>
               <birth>
                  <date when-iso="1862-01-20">1862-01-20</date>
                  <settlement key="55670">
                     <placeName type="pref">Dorfen</placeName>
                     <location>
                        <geo>48,27037 12,16056</geo>
                     </location>
                  </settlement>
               </birth>
               <death>
                  <date when-iso="1940-04-04">1940-04-04</date>
                  <settlement key="936">
                     <placeName type="pref">Schliersee</placeName>
                     <location>
                        <geo>47,73621 11,85936</geo>
                     </location>
                  </settlement>
               </death>
               <sex value="male"/>
               <occupation key="103">Theaterleiter/Theaterleiterin</occupation>
               <occupation key="105">Schauspieler/Schauspielerin</occupation>
               <idno type="URL" subtype="gnd">https://d-nb.info/gnd/117273619</idno>
               <idno type="URL" subtype="schnitzler-bahr">https://schnitzler-bahr.acdh.oeaw.ac.at/pmb3982.html</idno>
               <idno type="URL" subtype="pmb">https://pmb.acdh.oeaw.ac.at/entity/3982/</idno>
               <idno type="URL" subtype="fackel">https://fackel.oeaw.ac.at/?p=fackelp54084</idno>
               <idno type="URL" subtype="wikidata">http://www.wikidata.org/entity/Q43906</idno>
               <idno type="URL" subtype="wikipedia">https://de.wikipedia.org/wiki/Xaver_Terofal</idno>
               <idno type="URL" subtype="bahr-textverzeichnis">https://bahr-textverzeichnis.acdh.oeaw.ac.at/pmb3982.html</idno>
               <idno type="URL" subtype="pmb">https://pmb.acdh.oeaw.ac.at/entity/162495/</idno>
               <idno type="URL" subtype="bahr-tsn">https://bahr-textverzeichnis.acdh.oeaw.ac.at/TSN-listperson.html#pmb3982</idno>
               <listBibl>
                  <bibl type="collections" n="12">Fackel</bibl>
                  <bibl type="collections" n="16">Bahr Textverzeichnis</bibl>
               </listBibl>
               <note type="references"> </note>
            </person>
            <person xml:id="pmb3998">
               <persName>
                  <forename>Hans</forename>
                  <surname>Neuert</surname>
               </persName>
               <persName type="person_geburtsname_vorname">Johann</persName>
               <persName type="person_geburtsname_nachname">Reitinger</persName>
               <birth>
                  <date when-iso="1838-03-16">16.3.1838</date>
                  <settlement key="45258">
                     <placeName type="pref">München</placeName>
                     <location>
                        <geo>48,13743 11,57549</geo>
                     </location>
                  </settlement>
               </birth>
               <death>
                  <date when-iso="1912-06-26">26.6.1912</date>
                  <settlement key="4000">
                     <placeName type="pref">Baden bei Zürich</placeName>
                     <location>
                        <geo>47,47291 8,30799</geo>
                     </location>
                  </settlement>
               </death>
               <sex value="male"/>
               <occupation key="90">Schriftsteller/Schriftstellerin</occupation>
               <occupation key="105">Schauspieler/Schauspielerin</occupation>
               <idno type="URL" subtype="gnd">https://d-nb.info/gnd/11643239X</idno>
               <idno type="URL" subtype="bahr-textverzeichnis">https://bahr-textverzeichnis.acdh.oeaw.ac.at/pmb3998.html</idno>
               <idno type="URL" subtype="schnitzler-bahr">https://schnitzler-bahr.acdh.oeaw.ac.at/pmb3998.html</idno>
               <idno type="URL" subtype="pmb">https://pmb.acdh.oeaw.ac.at/entity/3998/</idno>
               <idno type="URL" subtype="fackel">https://fackel.oeaw.ac.at/?p=fackelp50606</idno>
               <idno type="URL" subtype="wikidata">http://www.wikidata.org/entity/Q65096168</idno>
               <listBibl>
                  <bibl type="collections" n="12">Fackel</bibl>
                  <bibl type="collections" n="14">Kein deutscher Wikipedia-Eintrag
                        gefunden</bibl>
                  <bibl type="collections" n="22">No german Wikipedia-Site found</bibl>
               </listBibl>
            </person>
            <person xml:id="pmb11171">
               <persName>
                  <forename>Konrad</forename>
                  <surname>Dreher</surname>
               </persName>
               <persName type="legacy-name-merge">Dreher, Konrad</persName>
               <birth>
                  <date when-iso="1859-10-30">30.10.1859</date>
                  <settlement key="45258">
                     <placeName type="pref">München</placeName>
                     <location>
                        <geo>48,13743 11,57549</geo>
                     </location>
                  </settlement>
               </birth>
               <death>
                  <date when-iso="1944-12-07">07.12.1944</date>
                  <settlement key="63758">
                     <placeName type="pref">Fessenheim</placeName>
                     <location>
                        <geo>47,91565 7,53499</geo>
                     </location>
                  </settlement>
               </death>
               <sex value="male"/>
               <occupation key="105">Schauspieler/Schauspielerin</occupation>
               <idno type="URL" subtype="gnd">https://d-nb.info/gnd/116213035</idno>
               <idno type="URL" subtype="schnitzler-tagebuch">https://schnitzler-tagebuch.acdh.oeaw.ac.at/person_14509.html</idno>
               <idno type="URL" subtype="schnitzler-bahr">https://schnitzler-bahr.acdh.oeaw.ac.at/pmb11171.html</idno>
               <idno type="URL" subtype="pmb">https://pmb.acdh.oeaw.ac.at/entity/11171/</idno>
               <idno type="URL" subtype="fackel">https://fackel.oeaw.ac.at/?p=fackelp48102</idno>
               <idno type="URL" subtype="wikidata">http://www.wikidata.org/entity/Q43790</idno>
               <idno type="URL" subtype="wikipedia">https://de.wikipedia.org/wiki/Konrad_Dreher</idno>
               <idno type="URL" subtype="pmb">https://pmb.acdh.oeaw.ac.at/entity/159815/</idno>
               <idno type="URL" subtype="bahr-tsn">https://bahr-textverzeichnis.acdh.oeaw.ac.at/TSN-listperson.html#pmb11171</idno>
               <idno type="URL" subtype="bahr-textverzeichnis">https://bahr-textverzeichnis.acdh.oeaw.ac.at/pmb11171.html</idno>
               <listBibl>
                  <bibl type="collections" n="12">Fackel</bibl>
                  <bibl type="collections" n="16">Bahr Textverzeichnis</bibl>
               </listBibl>
               <note type="references"> </note>
               <figure>
                  <graphic url="https://commons.wikimedia.org/w/index.php?title=Special:Redirect/file/Konrad%20Dreher%20%281859%E2%80%931944%29%20um%201904.jpg"/>
               </figure>
            </person>
            <person xml:id="pmb154215">
               <persName>
                  <forename>Anna</forename>
                  <surname>Dengg</surname>
               </persName>
               <sex value="not-set"/>
               <idno type="URL" subtype="pmb">https://pmb.acdh.oeaw.ac.at/entity/154215/</idno>
               <idno type="URL" subtype="bahr-textverzeichnis">https://bahr-textverzeichnis.acdh.oeaw.ac.at/pmb154215.html</idno>
               <listBibl>
                  <bibl type="collections" n="16">Bahr Textverzeichnis</bibl>
               </listBibl>
            </person>
         </listPerson>
      </back>
   </text>
</TEI>
