<?xml version="1.0" encoding="UTF-8"?>
<TEI xmlns="http://www.tei-c.org/ns/1.0"
     xmlns:tei="http://www.tei-c.org/ns/1.0"
     xml:id="pmb122671.xml"
     prev="pmb122659"
     next="pmb122657">
   <teiHeader>
      <fileDesc>
         <titleStmt>
            <title level="s">Hermann Bahr – Textverzeichnis</title>
            <title level="a">Theater, Kunst und Literatur. Deutsches
                     Volkstheater</title>
            <title type="iso-date">1905-06-27</title>
            <respStmt>
               <resp>providing the content</resp>
               <name>Martin Anton Müller</name>
            </respStmt>
            <respStmt>
               <resp>converted to XML encoding</resp>
               <name>Martin Anton Müller</name>
            </respStmt>
         </titleStmt>
         <publicationStmt>
            <publisher>Austrian Centre for Digital Humanities and Cultural
                                    Heritage (ACDH-CH)</publisher>
            <date>2024-03-19+01:00</date>
            <idno type="URI">https://id.acdh.oeaw.ac.at/bahr-textverzeichnis/pmb122671.xml</idno>
         </publicationStmt>
         <sourceDesc>
            <p>Bibliografische Angaben eines in Druck erschienen Texts von
                                    Bahr</p>
         </sourceDesc>
      </fileDesc>
   </teiHeader>
   <text>
      <body>
         <div type="bibliografische-angabe">
            <biblStruct xml:id="pmb122671"
                        type="Journal-Article"
                        subtype="Nachtkritik"
                        status="checked"
                        prev="pmb122659"
                        next="pmb122657">
               <analytic>
                  <author ref="pmb10815">H. B.</author>
                  <title level="a" ref="pmb122671">Theater, Kunst und Literatur. Deutsches
                     Volkstheater</title>
               </analytic>
               <monogr>
                  <title level="j" ref="pmb41321">Neues Wiener Tagblatt</title>
                  <imprint>
                     <biblScope unit="jg">39</biblScope>
                     <biblScope unit="issue">175</biblScope>
                     <biblScope unit="page">12</biblScope>
                     <date when="1905-06-27">27.6.1905</date>
                  </imprint>
               </monogr>
               <note type="review-of">
                  <bibl>
                     <title level="m">Erotik</title>
                     <author>Gustav Wied</author>
                  </bibl>
                  <bibl>
                     <title level="m">Le Miracle de Saint Antoine (Das Glück des heiligen
                        Antimus)</title>
                     <author>Maurice Maeterlinck</author>
                  </bibl>
               </note>
               <note type="incipit">Wie zwei Gutsbesitzer, ein großer dicker dämlicher und ein
                  kleiner dünner hämischer, eingefangen werden, am Ende doch, so sehr sie sich
                  wehren, ihre beiden alten Haushälterinnen zu heiraten, zeigt Gustav Wied in seiner
                  »Erotik«.</note>
               <ref type="personenindex">
                  <listRef>
                     <ptr type="pmb" target="pmb13107"/>
                     <ptr type="pmb" target="pmb13037"/>
                     <ptr type="pmb" target="pmb12156"/>
                     <ptr type="pmb" target="pmb13068"/>
                     <ptr type="pmb" target="pmb2381"/>
                     <ptr type="pmb" target="pmb10896"/>
                     <ptr type="pmb" target="pmb8889"/>
                     <ptr type="pmb" target="pmb114988"/>
                     <ptr type="pmb" target="pmb114573"/>
                     <ptr type="pmb" target="pmb153998"/>
                  </listRef>
               </ref>
               <ref type="URL">https://anno.onb.ac.at/cgi-content/anno?aid=nwg&amp;datum=19050627&amp;seite=12</ref>
               <noteGrp type="keywords">
                  <note type="Journal-Article">Artikel in einem Periodikum</note>
                  <note subtype="Nachtkritik">Nachtkritik</note>
               </noteGrp>
               <note type="bibliographical-statement">H. B.: Theater, Kunst und Literatur. Deutsches
                  Volkstheater. In: Neues Wiener Tagblatt, Jg. 39, Nr. 175, 27.6.1905, S. 12.</note>
            </biblStruct>
         </div>
      </body>
      <back>
         <listPerson>
            <person xml:id="pmb13107">
               <persName>
                  <forename>Gustav</forename>
                  <surname>Wied</surname>
               </persName>
               <persName type="legacy-name-merge">Wied, Gustav</persName>
               <birth>
                  <date when-iso="1858-03-06">06.03.1858</date>
                  <settlement key="57939">
                     <placeName type="pref">Branderslev</placeName>
                     <location>
                        <geo>54,86115 11,11359</geo>
                     </location>
                  </settlement>
               </birth>
               <death>
                  <date when-iso="1914-10-24">24.10.1914</date>
                  <settlement key="57941">
                     <placeName type="pref">Roskilde</placeName>
                     <location>
                        <geo>55,64152 12,08035</geo>
                     </location>
                  </settlement>
               </death>
               <sex value="male"/>
               <occupation key="90">Schriftsteller/Schriftstellerin</occupation>
               <idno type="URL" subtype="gnd">https://d-nb.info/gnd/11900965X</idno>
               <idno type="URL" subtype="schnitzler-tagebuch">https://schnitzler-tagebuch.acdh.oeaw.ac.at/person_21295.html</idno>
               <idno type="URL" subtype="schnitzler-bahr">https://schnitzler-bahr.acdh.oeaw.ac.at/pmb13107.html</idno>
               <idno type="URL" subtype="pmb">https://pmb.acdh.oeaw.ac.at/entity/13107/</idno>
               <idno type="URL" subtype="schnitzler-briefe">https://schnitzler-briefe.acdh.oeaw.ac.at/pmb13107.html</idno>
               <idno type="URL" subtype="wikidata">http://www.wikidata.org/entity/Q1556531</idno>
               <idno type="URL" subtype="wikipedia">https://de.wikipedia.org/wiki/Gustav_Wied</idno>
               <idno type="URL" subtype="schnitzler-interviews">https://schnitzler-interviews.acdh.oeaw.ac.at/pmb13107.html</idno>
               <idno type="URL" subtype="bahr-textverzeichnis">https://bahr-textverzeichnis.acdh.oeaw.ac.at/pmb13107.html</idno>
               <idno type="URL" subtype="pmb">https://pmb.acdh.oeaw.ac.at/entity/162805/</idno>
               <idno type="URL" subtype="bahr-tsn">https://bahr-textverzeichnis.acdh.oeaw.ac.at/TSN-listperson.html#pmb13107</idno>
               <listBibl>
                  <bibl type="collections" n="16">Bahr Textverzeichnis</bibl>
               </listBibl>
               <note type="references"> </note>
               <figure>
                  <graphic url="https://commons.wikimedia.org/w/index.php?title=Special:Redirect/file/Gustav%20Wied.jpg"/>
               </figure>
            </person>
            <person xml:id="pmb13037">
               <persName>
                  <forename>Karl</forename>
                  <surname>Walser</surname>
               </persName>
               <persName type="legacy-name-merge">Walser, Karl</persName>
               <birth>
                  <date when-iso="1877-04-08">08.04.1877</date>
                  <settlement key="36477">
                     <placeName type="pref">Biel</placeName>
                     <location>
                        <geo>47,13713 7,24608</geo>
                     </location>
                  </settlement>
               </birth>
               <death>
                  <date when-iso="1943-09-28">28.09.1943</date>
                  <settlement key="1223">
                     <placeName type="pref">Bern</placeName>
                     <location>
                        <geo>46,9489 7,4638</geo>
                     </location>
                  </settlement>
               </death>
               <sex value="male"/>
               <occupation key="110">Maler/Malerin</occupation>
               <occupation key="136">Grafiker/Grafikerin</occupation>
               <occupation key="184">Bühnenbildner/Bühnenbildnerin</occupation>
               <occupation key="415">Illustrator/Illustratorin</occupation>
               <idno type="URL" subtype="gnd">https://d-nb.info/gnd/118764152</idno>
               <idno type="URL" subtype="schnitzler-tagebuch">https://schnitzler-tagebuch.acdh.oeaw.ac.at/person_21076.html</idno>
               <idno type="URL" subtype="schnitzler-bahr">https://schnitzler-bahr.acdh.oeaw.ac.at/pmb13037.html</idno>
               <idno type="URL" subtype="pmb">https://pmb.acdh.oeaw.ac.at/entity/13037/</idno>
               <idno type="URL" subtype="wikidata">http://www.wikidata.org/entity/Q1733293</idno>
               <idno type="URL" subtype="wikipedia">https://de.wikipedia.org/wiki/Karl_Walser</idno>
               <idno type="URL" subtype="pmb">https://pmb.acdh.oeaw.ac.at/entity/162717/</idno>
               <idno type="URL" subtype="bahr-textverzeichnis">https://bahr-textverzeichnis.acdh.oeaw.ac.at/pmb13037.html</idno>
               <idno type="URL" subtype="bahr-tsn">https://bahr-textverzeichnis.acdh.oeaw.ac.at/TSN-listperson.html#pmb13037</idno>
               <listBibl>
                  <bibl type="collections" n="16">Bahr Textverzeichnis</bibl>
               </listBibl>
               <note type="references"> </note>
               <figure>
                  <graphic url="https://commons.wikimedia.org/w/index.php?title=Special:Redirect/file/Karl%20walser1897.jpg"/>
               </figure>
            </person>
            <person xml:id="pmb12156">
               <persName>
                  <forename>Maurice</forename>
                  <surname>Maeterlinck</surname>
               </persName>
               <persName type="legacy-name-merge">Maeterlinck, Maurice</persName>
               <birth>
                  <date when-iso="1862-08-29">29.08.1862</date>
                  <settlement key="58674">
                     <placeName type="pref">Ghent</placeName>
                     <location>
                        <geo>51,05 3,71667</geo>
                     </location>
                  </settlement>
               </birth>
               <death>
                  <date when-iso="1949-05-06">06.05.1949</date>
                  <settlement key="926">
                     <placeName type="pref">Nizza</placeName>
                     <location>
                        <geo>43,70313 7,26608</geo>
                     </location>
                  </settlement>
               </death>
               <sex value="male"/>
               <occupation key="90">Schriftsteller/Schriftstellerin</occupation>
               <idno type="URL" subtype="gnd">https://d-nb.info/gnd/118576089</idno>
               <idno type="URL" subtype="schnitzler-tagebuch">https://schnitzler-tagebuch.acdh.oeaw.ac.at/person_17779.html</idno>
               <idno type="URL" subtype="schnitzler-bahr">https://schnitzler-bahr.acdh.oeaw.ac.at/pmb12156.html</idno>
               <idno type="URL" subtype="pmb">https://pmb.acdh.oeaw.ac.at/entity/12156/</idno>
               <idno type="URL" subtype="schnitzler-briefe">https://schnitzler-briefe.acdh.oeaw.ac.at/pmb12156.html</idno>
               <idno type="URL" subtype="schnitzler-lektueren">https://schnitzler-lektueren.acdh.oeaw.ac.at/pmb12156.html</idno>
               <idno type="URL" subtype="bahr-textverzeichnis">https://bahr-textverzeichnis.acdh.oeaw.ac.at/pmb12156.html</idno>
               <idno type="URL" subtype="fackel">https://fackel.oeaw.ac.at/?p=fackelp49517</idno>
               <idno type="URL" subtype="wikidata">http://www.wikidata.org/entity/Q49747</idno>
               <idno type="URL" subtype="wikipedia">https://de.wikipedia.org/wiki/Maurice_Maeterlinck</idno>
               <idno type="URL" subtype="schnitzler-interviews">https://schnitzler-interviews.acdh.oeaw.ac.at/pmb12156.html</idno>
               <idno type="URL" subtype="pmb">https://pmb.acdh.oeaw.ac.at/entity/161163/</idno>
               <idno type="URL" subtype="bahr-tsn">https://bahr-textverzeichnis.acdh.oeaw.ac.at/TSN-listperson.html#pmb12156</idno>
               <listBibl>
                  <bibl type="collections" n="12">Fackel</bibl>
                  <bibl type="collections" n="16">Bahr Textverzeichnis</bibl>
               </listBibl>
               <note type="references"> </note>
               <figure>
                  <graphic url="https://commons.wikimedia.org/w/index.php?title=Special:Redirect/file/Picture%20of%20Maurice%20Maeterlinck.jpg"/>
               </figure>
            </person>
            <person xml:id="pmb13068">
               <persName>
                  <forename>Frank</forename>
                  <surname>Wedekind</surname>
               </persName>
               <persName type="legacy-name-merge">Wedekind, Frank</persName>
               <birth>
                  <date when-iso="1864-07-24">24.07.1864</date>
                  <settlement key="890">
                     <placeName type="pref">Hannover</placeName>
                     <location>
                        <geo>52,37052 9,73322</geo>
                     </location>
                  </settlement>
               </birth>
               <death>
                  <date when-iso="1918-03-09">09.03.1918</date>
                  <settlement key="45258">
                     <placeName type="pref">München</placeName>
                     <location>
                        <geo>48,13743 11,57549</geo>
                     </location>
                  </settlement>
               </death>
               <sex value="male"/>
               <occupation key="90">Schriftsteller/Schriftstellerin</occupation>
               <occupation key="105">Schauspieler/Schauspielerin</occupation>
               <idno type="URL" subtype="gnd">https://d-nb.info/gnd/118629867</idno>
               <idno type="URL" subtype="schnitzler-tagebuch">https://schnitzler-tagebuch.acdh.oeaw.ac.at/person_21130.html</idno>
               <idno type="URL" subtype="schnitzler-bahr">https://schnitzler-bahr.acdh.oeaw.ac.at/pmb13068.html</idno>
               <idno type="URL" subtype="pmb">https://pmb.acdh.oeaw.ac.at/entity/13068/</idno>
               <idno type="URL" subtype="schnitzler-briefe">https://schnitzler-briefe.acdh.oeaw.ac.at/pmb13068.html</idno>
               <idno type="URL" subtype="schnitzler-lektueren">https://schnitzler-lektueren.acdh.oeaw.ac.at/pmb13068.html</idno>
               <idno type="URL" subtype="legalkraus">https://kraus.wienbibliothek.at/register/personen/pmb13068</idno>
               <idno type="URL" subtype="fackel">https://fackel.oeaw.ac.at/?p=fackelp43433</idno>
               <idno type="URL" subtype="dritte-walpurgisnacht">https://kraus1933.ace.oeaw.ac.at/Gesamt.xml?template=register_personen.html&amp;letter=W#DWpers0250</idno>
               <idno type="URL" subtype="wikidata">http://www.wikidata.org/entity/Q57619</idno>
               <idno type="URL" subtype="wikipedia">https://de.wikipedia.org/wiki/Frank_Wedekind</idno>
               <idno type="URL" subtype="schnitzler-kino">https://schnitzler-kino.acdh.oeaw.ac.at/pmb13068.html</idno>
               <idno type="URL" subtype="bahr-textverzeichnis">https://bahr-textverzeichnis.acdh.oeaw.ac.at/pmb13068.html</idno>
               <idno type="URL" subtype="pmb">https://pmb.acdh.oeaw.ac.at/entity/162749/</idno>
               <idno type="URL" subtype="bahr-tsn">https://bahr-textverzeichnis.acdh.oeaw.ac.at/TSN-listperson.html#pmb13068</idno>
               <idno type="URL" subtype="schnitzler-interviews">https://schnitzler-interviews.acdh.oeaw.ac.at/pmb13068.html</idno>
               <listEvent>
                  <event key="143202" when-iso="1901-11-16">
                     <desc n="1256">ist Arbeitskraft bei</desc>
                     <label>Generalprobe Jung-Wiener Theater zum Lieben Augustin,
                           16.11.1901</label>
                     <idno type="URL" subtype="pmb">https://pmb.acdh.oeaw.ac.at/entity/143202/</idno>
                  </event>
                  <event key="144203" when-iso="1901-11-16">
                     <desc n="1256">ist Arbeitskraft bei</desc>
                     <label>Eröffnungsveranstaltung Jung-Wiener-Theater »Zum lieben Augustin«,
                           16.11.1901</label>
                     <idno type="URL" subtype="pmb">https://pmb.acdh.oeaw.ac.at/entity/144203/</idno>
                  </event>
                  <event key="42714" when-iso="1905-05-29">
                     <desc n="1256">ist Arbeitskraft bei</desc>
                     <label>Geschlossene Aufführung Die Büchse der Pandora, 29.5.1905</label>
                     <idno type="URL" subtype="pmb">https://pmb.acdh.oeaw.ac.at/entity/42714/</idno>
                  </event>
               </listEvent>
               <listBibl>
                  <bibl type="collections" n="5">legalkraus</bibl>
                  <bibl type="collections" n="10">Karl Kraus 1933: Dritte Walpurgisnacht</bibl>
                  <bibl type="collections" n="12">Fackel</bibl>
                  <bibl type="collections" n="16">Bahr Textverzeichnis</bibl>
               </listBibl>
               <note type="references"> </note>
               <figure>
                  <graphic url="https://commons.wikimedia.org/w/index.php?title=Special:Redirect/file/Frank%20Wedekind.jpg"/>
               </figure>
            </person>
            <person xml:id="pmb2381">
               <persName>
                  <forename>George Bernard</forename>
                  <surname>Shaw</surname>
               </persName>
               <persName type="legacy-name-merge">Shaw, G. Bernard</persName>
               <persName type="legacy-name-merge">Shaw, George Bernard</persName>
               <birth>
                  <date when-iso="1856-07-26">26.07.1856</date>
                  <settlement key="1267">
                     <placeName type="pref">Dublin</placeName>
                     <location>
                        <geo>53,3469 -6,2794</geo>
                     </location>
                  </settlement>
               </birth>
               <death>
                  <date when-iso="1950-11-02">02.11.1950</date>
                  <settlement key="43686">
                     <placeName type="pref">Ayot Saint Lawrence</placeName>
                     <location>
                        <geo>51,8362 -0,26822</geo>
                     </location>
                  </settlement>
               </death>
               <sex value="male"/>
               <occupation key="90">Schriftsteller/Schriftstellerin</occupation>
               <idno type="URL" subtype="gnd">https://d-nb.info/gnd/118642375</idno>
               <idno type="URL" subtype="schnitzler-tagebuch">https://schnitzler-tagebuch.acdh.oeaw.ac.at/person_20080.html</idno>
               <idno type="URL" subtype="schnitzler-bahr">https://schnitzler-bahr.acdh.oeaw.ac.at/pmb2381.html</idno>
               <idno type="URL" subtype="pmb">https://pmb.acdh.oeaw.ac.at/entity/2381/</idno>
               <idno type="URL" subtype="schnitzler-lektueren">https://schnitzler-lektueren.acdh.oeaw.ac.at/pmb2381.html</idno>
               <idno type="URL" subtype="legalkraus">https://kraus.wienbibliothek.at/register/personen/pmb2381</idno>
               <idno type="URL" subtype="fackel">https://fackel.oeaw.ac.at/?p=fackelp39112</idno>
               <idno type="URL" subtype="dritte-walpurgisnacht">https://kraus1933.ace.oeaw.ac.at/Gesamt.xml?template=register_personen.html&amp;letter=S#DWpers0221</idno>
               <idno type="URL" subtype="wikidata">http://www.wikidata.org/entity/Q19185</idno>
               <idno type="URL" subtype="wikipedia">https://de.wikipedia.org/wiki/George_Bernard_Shaw</idno>
               <idno type="URL" subtype="schnitzler-interviews">https://schnitzler-interviews.acdh.oeaw.ac.at/pmb2381.html</idno>
               <idno type="URL" subtype="bahr-textverzeichnis">https://bahr-textverzeichnis.acdh.oeaw.ac.at/pmb2381.html</idno>
               <idno type="URL" subtype="pmb">https://pmb.acdh.oeaw.ac.at/entity/162257/</idno>
               <idno type="URL" subtype="bahr-tsn">https://bahr-textverzeichnis.acdh.oeaw.ac.at/TSN-listperson.html#pmb2381</idno>
               <listBibl>
                  <bibl type="collections" n="5">legalkraus</bibl>
                  <bibl type="collections" n="10">Karl Kraus 1933: Dritte Walpurgisnacht</bibl>
                  <bibl type="collections" n="12">Fackel</bibl>
                  <bibl type="collections" n="16">Bahr Textverzeichnis</bibl>
               </listBibl>
               <figure>
                  <graphic url="https://commons.wikimedia.org/w/index.php?title=Special:Redirect/file/George%20Bernard%20Shaw%201936.jpg"/>
               </figure>
            </person>
            <person xml:id="pmb10896">
               <persName>
                  <forename>Rudolf</forename>
                  <surname>Bernauer</surname>
               </persName>
               <birth>
                  <date when-iso="1880-01-20">20.01.1880</date>
                  <settlement key="50">
                     <placeName type="pref">Wien</placeName>
                     <location>
                        <geo>48,2066 16,37341</geo>
                     </location>
                  </settlement>
               </birth>
               <death>
                  <date when-iso="1953-11-27">27.11.1953</date>
                  <settlement key="224">
                     <placeName type="pref">London</placeName>
                     <location>
                        <geo>51,50853 -0,12574</geo>
                     </location>
                  </settlement>
               </death>
               <sex value="male"/>
               <occupation key="103">Theaterleiter/Theaterleiterin</occupation>
               <occupation key="105">Schauspieler/Schauspielerin</occupation>
               <idno type="URL" subtype="schnitzler-tagebuch">https://schnitzler-tagebuch.acdh.oeaw.ac.at/person_13664.html</idno>
               <idno type="URL" subtype="schnitzler-bahr">https://schnitzler-bahr.acdh.oeaw.ac.at/pmb10896.html</idno>
               <idno type="URL" subtype="pmb">https://pmb.acdh.oeaw.ac.at/entity/10896/</idno>
               <idno type="URL" subtype="wikidata">http://www.wikidata.org/entity/Q87821</idno>
               <idno type="URL" subtype="wikipedia">https://de.wikipedia.org/wiki/Rudolf_Bernauer</idno>
               <idno type="URL" subtype="schnitzler-kino">https://schnitzler-kino.acdh.oeaw.ac.at/pmb10896.html</idno>
               <idno type="URL" subtype="gnd">https://d-nb.info/gnd/118656295</idno>
               <idno type="URL" subtype="bahr-textverzeichnis">https://bahr-textverzeichnis.acdh.oeaw.ac.at/pmb10896.html</idno>
               <idno type="URL" subtype="bahr-tsn">https://bahr-textverzeichnis.acdh.oeaw.ac.at/TSN-listperson.html#pmb10896</idno>
               <listEvent>
                  <event key="51741" when-iso="1905-06-27">
                     <desc n="1256">ist Arbeitskraft bei</desc>
                     <label>Aufführung von Die Juden, 27.6.1905</label>
                     <idno type="URL" subtype="pmb">https://pmb.acdh.oeaw.ac.at/entity/51741/</idno>
                  </event>
               </listEvent>
               <listBibl>
                  <bibl type="collections" n="16">Bahr Textverzeichnis</bibl>
               </listBibl>
               <figure>
                  <graphic url="https://commons.wikimedia.org/w/index.php?title=Special:Redirect/file/Rudolf%20Bernauer%20%28BerlLeben%201908-09%29.jpg"/>
               </figure>
            </person>
            <person xml:id="pmb8889">
               <persName>
                  <forename>Carl</forename>
                  <surname>Meinhard</surname>
               </persName>
               <persName type="legacy-name-merge">Meinhard, Carl</persName>
               <birth>
                  <date when-iso="1875-11-28">28.11.1875</date>
                  <settlement key="44092">
                     <placeName type="pref">Jihlava</placeName>
                     <location>
                        <geo>49,3961 15,59124</geo>
                     </location>
                  </settlement>
               </birth>
               <death>
                  <date when-iso="1949-02-12">12.02.1949</date>
                  <settlement key="54042">
                     <placeName type="pref">Buenos Aires</placeName>
                     <location>
                        <geo>-34,61315 -58,37723</geo>
                     </location>
                  </settlement>
               </death>
               <sex value="male"/>
               <occupation key="103">Theaterleiter/Theaterleiterin</occupation>
               <idno type="URL" subtype="schnitzler-tagebuch">https://schnitzler-tagebuch.acdh.oeaw.ac.at/person_18047.html</idno>
               <idno type="URL" subtype="pmb">https://pmb.acdh.oeaw.ac.at/entity/8889/</idno>
               <idno type="URL" subtype="wikidata">http://www.wikidata.org/entity/Q1039720</idno>
               <idno type="URL" subtype="wikipedia">https://de.wikipedia.org/wiki/Carl_Meinhard</idno>
               <idno type="URL" subtype="gnd">https://d-nb.info/gnd/116863641</idno>
               <idno type="URL" subtype="pmb">https://pmb.acdh.oeaw.ac.at/entity/161274/</idno>
               <idno type="URL" subtype="bahr-textverzeichnis">https://bahr-textverzeichnis.acdh.oeaw.ac.at/pmb8889.html</idno>
               <idno type="URL" subtype="bahr-tsn">https://bahr-textverzeichnis.acdh.oeaw.ac.at/TSN-listperson.html#pmb8889</idno>
               <listEvent>
                  <event key="35482" when-iso="1899-04-29">
                     <desc n="1256">ist Arbeitskraft bei</desc>
                     <label>Premiere von Der grüne Kakadu – Paracelsus – Die Gefährtin. Drei
                           Einakter, 29.4.1899</label>
                     <idno type="URL" subtype="pmb">https://pmb.acdh.oeaw.ac.at/entity/35482/</idno>
                  </event>
                  <event key="35098" when-iso="1903-03-07">
                     <desc n="1256">ist Arbeitskraft bei</desc>
                     <label>Premiere von Der Schleier der Beatrice, 7.3.1903</label>
                     <idno type="URL" subtype="pmb">https://pmb.acdh.oeaw.ac.at/entity/35098/</idno>
                  </event>
               </listEvent>
               <listBibl>
                  <bibl type="collections" n="16">Bahr Textverzeichnis</bibl>
               </listBibl>
               <note type="references"> </note>
               <figure>
                  <graphic url="https://commons.wikimedia.org/w/index.php?title=Special:Redirect/file/Carl%20Meinhard%20%28BerlLeben%201908-09%29.jpg"/>
               </figure>
            </person>
            <person xml:id="pmb114988">
               <persName>
                  <forename>Konstantin Andreevič</forename>
                  <surname>Somov</surname>
               </persName>
               <birth>
                  <date when-iso="1869-11-30">1869-11-30</date>
               </birth>
               <death>
                  <date when-iso="1939-01-01" notAfter-iso="1939-12-31">1939</date>
               </death>
               <sex value="male"/>
               <occupation key="110">Maler/Malerin</occupation>
               <idno type="URL" subtype="wikidata">http://www.wikidata.org/entity/Q433067</idno>
               <idno type="URL" subtype="pmb">https://pmb.acdh.oeaw.ac.at/entity/114988/</idno>
               <idno type="URL" subtype="gnd">https://d-nb.info/gnd/12895826X</idno>
               <idno type="URL" subtype="fackel">https://fackel.oeaw.ac.at/?p=fackelp48113</idno>
               <idno type="URL" subtype="wikipedia">https://de.wikipedia.org/wiki/Konstantin_Andrejewitsch_Somow</idno>
               <idno type="URL" subtype="bahr-textverzeichnis">https://bahr-textverzeichnis.acdh.oeaw.ac.at/pmb114988.html</idno>
               <listBibl>
                  <bibl type="collections" n="12">Fackel</bibl>
                  <bibl type="collections" n="16">Bahr Textverzeichnis</bibl>
               </listBibl>
            </person>
            <person xml:id="pmb114573">
               <persName>
                  <forename>-</forename>
                  <surname>Antonius, von Padua, Heiliger</surname>
               </persName>
               <birth>
                  <date when-iso="1195-08-15">1195-08-15</date>
               </birth>
               <death>
                  <date when-iso="1231-06-13">1231-06-13</date>
               </death>
               <sex value="male"/>
               <occupation key="917">Mönch/Nonne</occupation>
               <occupation key="2250">Katholischer Theologe/Katholische Theologin</occupation>
               <occupation key="3021">Kirchenlehrer/Kirchenlehrerin</occupation>
               <idno type="URL" subtype="pmb">https://pmb.acdh.oeaw.ac.at/entity/114573/</idno>
               <idno type="URL" subtype="gnd">https://d-nb.info/gnd/118503510</idno>
               <idno type="URL" subtype="fackel">https://fackel.oeaw.ac.at/?p=fackelp46145</idno>
               <idno type="URL" subtype="wikidata">http://www.wikidata.org/entity/Q167477</idno>
               <idno type="URL" subtype="wikipedia">https://de.wikipedia.org/wiki/Antonius_von_Padua</idno>
               <idno type="URL" subtype="bahr-textverzeichnis">https://bahr-textverzeichnis.acdh.oeaw.ac.at/pmb114573.html</idno>
               <listBibl>
                  <bibl type="collections" n="12">Fackel</bibl>
                  <bibl type="collections" n="16">Bahr Textverzeichnis</bibl>
               </listBibl>
            </person>
            <person xml:id="pmb153998">
               <persName>
                  <surname>Marr</surname>
               </persName>
               <sex value="not-set"/>
               <occupation key="105">Schauspieler/Schauspielerin</occupation>
               <idno type="URL" subtype="pmb">https://pmb.acdh.oeaw.ac.at/entity/153998/</idno>
               <idno type="URL" subtype="bahr-textverzeichnis">https://bahr-textverzeichnis.acdh.oeaw.ac.at/pmb153998.html</idno>
               <listBibl>
                  <bibl type="collections" n="16">Bahr Textverzeichnis</bibl>
               </listBibl>
            </person>
         </listPerson>
      </back>
   </text>
</TEI>
