<?xml version="1.0" encoding="UTF-8"?>
<TEI xmlns="http://www.tei-c.org/ns/1.0"
     xmlns:tei="http://www.tei-c.org/ns/1.0"
     xml:id="pmb122539.xml"
     prev="pmb141051"
     next="pmb122541">
   <teiHeader>
      <fileDesc>
         <titleStmt>
            <title level="s">Hermann Bahr – Textverzeichnis</title>
            <title level="a">Die Jubelausstellung im Wiener Künstlerhause. V.
                     Die historische Abtheilung</title>
            <title type="iso-date">1888</title>
            <respStmt>
               <resp>providing the content</resp>
               <name>Martin Anton Müller</name>
            </respStmt>
            <respStmt>
               <resp>converted to XML encoding</resp>
               <name>Martin Anton Müller</name>
            </respStmt>
         </titleStmt>
         <publicationStmt>
            <publisher>Austrian Centre for Digital Humanities and Cultural
                                    Heritage (ACDH-CH)</publisher>
            <date>2024-03-19+01:00</date>
            <idno type="URI">https://id.acdh.oeaw.ac.at/bahr-textverzeichnis/pmb122539.xml</idno>
         </publicationStmt>
         <sourceDesc>
            <p>Bibliografische Angaben eines in Druck erschienen Texts von
                                    Bahr</p>
         </sourceDesc>
      </fileDesc>
   </teiHeader>
   <text>
      <body>
         <div type="bibliografische-angabe">
            <biblStruct xml:id="pmb122539"
                        type="Journal-Article"
                        status="checked"
                        prev="pmb141051"
                        next="pmb122541">
               <analytic>
                  <author ref="pmb10815">hr</author>
                  <title level="a" ref="pmb122539">Die Jubelausstellung im Wiener Künstlerhause. V.
                     Die historische Abtheilung</title>
               </analytic>
               <monogr>
                  <title level="j" ref="pmb122067">Deutsche Wochenschrift</title>
                  <imprint>
                     <biblScope unit="jg">6</biblScope>
                     <biblScope unit="issue">17</biblScope>
                     <biblScope unit="page">2–4</biblScope>
                     <date when="1888">1888</date>
                  </imprint>
               </monogr>
               <note>
                  <p>Womöglich ein Fehler in der Zählung, ein 4. Teil der »Jubelausstellung« ist
                     nicht erschienen. Denkbar ist auch, dass die #16 wegen Teil 4 konfisziert und
                     ohne in 2. Auflage gedruckt wurde. Der inkriminierte Titel hieß »Die
                     Tschechen«. In jedem Fall ist es verwunderlich, dass in die Buchausgabe weder
                     ein mutmaßlicher 4. noch der hier abgedruckte 5. Teil aufgenommen wurde. Bahr
                     begegnet der Auswahl sehr kritisch: Zwar eigne sie sich, Erinnerungen
                     auszulösen, doch als gültiges Bild der jüngeren österreichischen
                     Kunstgeschichte könne sie nicht herhalten.</p>
               </note>
               <note type="incipit">Eine historische Ausstellung, wenn sie ihrem Berufe gerecht
                  werden soll, muß eine Illustration der von ihr vorgenommenen Geschichte
                  sein</note>
               <ref type="personenindex">
                  <listRef>
                     <ptr type="pmb" target="pmb9814"/>
                     <ptr type="pmb" target="pmb19864"/>
                     <ptr type="pmb" target="pmb6704"/>
                     <ptr type="pmb" target="pmb4579"/>
                     <ptr type="pmb" target="pmb12167"/>
                     <ptr type="pmb" target="pmb10424"/>
                     <ptr type="pmb" target="pmb148666"/>
                     <ptr type="pmb" target="pmb148669"/>
                     <ptr type="pmb" target="pmb148672"/>
                     <ptr type="pmb" target="pmb64805"/>
                     <ptr type="pmb" target="pmb148675"/>
                     <ptr type="pmb" target="pmb153947"/>
                     <ptr type="pmb" target="pmb148678"/>
                     <ptr type="pmb" target="pmb153948"/>
                     <ptr type="pmb" target="pmb148681"/>
                     <ptr type="pmb" target="pmb153949"/>
                     <ptr type="pmb" target="pmb113044"/>
                     <ptr type="pmb" target="pmb153950"/>
                     <ptr type="pmb" target="pmb148685"/>
                     <ptr type="pmb" target="pmb148688"/>
                     <ptr type="pmb" target="pmb153951"/>
                     <ptr type="pmb" target="pmb148692"/>
                     <ptr type="pmb" target="pmb153952"/>
                     <ptr type="pmb" target="pmb148695"/>
                     <ptr type="pmb" target="pmb148698"/>
                  </listRef>
               </ref>
               <ref type="URL">https://bahr.univie.ac.at/sites/all/txt/deutsche-wochenschrift/1888_deutschte-wochenschrift.pdf</ref>
               <noteGrp type="keywords">
                  <note type="Journal-Article">Artikel in einem Periodikum</note>
               </noteGrp>
               <note type="bibliographical-statement">hr: Die Jubelausstellung im Wiener
                  Künstlerhause. V. Die historische Abtheilung. In: Deutsche Wochenschrift, Jg. 6
                  (1888) Nr. 17, S. 2–4.</note>
            </biblStruct>
         </div>
      </body>
      <back>
         <listPerson>
            <person xml:id="pmb9814">
               <persName>
                  <forename>Moritz von</forename>
                  <surname>Schwind</surname>
               </persName>
               <birth>
                  <date when-iso="1804-01-21">21.01.1804</date>
                  <settlement key="50">
                     <placeName type="pref">Wien</placeName>
                     <location>
                        <geo>48,2066 16,37341</geo>
                     </location>
                  </settlement>
               </birth>
               <death>
                  <date when-iso="1871-02-08">08.02.1871</date>
                  <settlement key="45258">
                     <placeName type="pref">München</placeName>
                     <location>
                        <geo>48,13743 11,57549</geo>
                     </location>
                  </settlement>
               </death>
               <sex value="male"/>
               <occupation key="110">Maler/Malerin</occupation>
               <idno type="URL" subtype="gnd">https://d-nb.info/gnd/118612271</idno>
               <idno type="URL" subtype="schnitzler-tagebuch">https://schnitzler-tagebuch.acdh.oeaw.ac.at/person_20003.html</idno>
               <idno type="URL" subtype="pmb">https://pmb.acdh.oeaw.ac.at/entity/9814/</idno>
               <idno type="URL" subtype="schnitzler-briefe">https://schnitzler-briefe.acdh.oeaw.ac.at/pmb9814.html</idno>
               <idno type="URL" subtype="bahr-textverzeichnis">https://bahr-textverzeichnis.acdh.oeaw.ac.at/pmb9814.html</idno>
               <idno type="URL" subtype="fackel">https://fackel.oeaw.ac.at/?p=fackelp53123</idno>
               <idno type="URL" subtype="wikidata">http://www.wikidata.org/entity/Q551901</idno>
               <idno type="URL" subtype="wikipedia">https://de.wikipedia.org/wiki/Moritz_von_Schwind</idno>
               <idno type="URL" subtype="oebl">https://doi.org/10.1553/0x00284892</idno>
               <idno type="URL" subtype="freud">https://freud.acdh-dev.oeaw.ac.at/frd_person_60.html</idno>
               <idno type="URL" subtype="bahr-tsn">https://bahr-textverzeichnis.acdh.oeaw.ac.at/TSN-listperson.html#pmb9814</idno>
               <idno type="URL" subtype="hanslick-online">https://hanslick.acdh.oeaw.ac.at/hsl_person_id_283.html</idno>
               <listBibl>
                  <bibl type="collections" n="12">Fackel</bibl>
                  <bibl type="collections" n="16">Bahr Textverzeichnis</bibl>
               </listBibl>
               <figure>
                  <graphic url="https://commons.wikimedia.org/w/index.php?title=Special:Redirect/file/Hanfstaengl%2C%20Franz%20-%20Moritz%20von%20Schwind%20%281804-1871%29%20%28Zeno%20Fotografie%29.jpg"/>
               </figure>
            </person>
            <person xml:id="pmb19864">
               <persName>
                  <forename>Leopold</forename>
                  <surname>Kupelwieser</surname>
               </persName>
               <persName type="person_rufname">Lony</persName>
               <birth>
                  <date when-iso="1876-04-01">01.04.1876</date>
                  <settlement key="19865">
                     <placeName type="pref">Weißkischlitz</placeName>
                  </settlement>
               </birth>
               <death>
                  <date when-iso="1943-08-21">21.08.1943</date>
                  <settlement key="50">
                     <placeName type="pref">Wien</placeName>
                     <location>
                        <geo>48,2066 16,37341</geo>
                     </location>
                  </settlement>
               </death>
               <sex value="male"/>
               <idno type="URL" subtype="schnitzler-tagebuch">https://schnitzler-tagebuch.acdh.oeaw.ac.at/person_17205.html</idno>
               <idno type="URL" subtype="pmb">https://pmb.acdh.oeaw.ac.at/entity/19864/</idno>
               <idno type="URL" subtype="bahr-textverzeichnis">https://bahr-textverzeichnis.acdh.oeaw.ac.at/pmb19864.html</idno>
            </person>
            <person xml:id="pmb6704">
               <persName>
                  <forename>Peter</forename>
                  <surname>Cornelius</surname>
               </persName>
               <birth>
                  <date when-iso="1824-12-24">24.12.1824</date>
                  <settlement key="44119">
                     <placeName type="pref">Mainz</placeName>
                     <location>
                        <geo>49,98419 8,2791</geo>
                     </location>
                  </settlement>
               </birth>
               <death>
                  <date when-iso="1874-10-26">26.10.1874</date>
                  <settlement key="44119">
                     <placeName type="pref">Mainz</placeName>
                     <location>
                        <geo>49,98419 8,2791</geo>
                     </location>
                  </settlement>
               </death>
               <sex value="male"/>
               <occupation key="129">Komponist/Komponistin</occupation>
               <idno type="URL" subtype="gnd">https://d-nb.info/gnd/118522213</idno>
               <idno type="URL" subtype="schnitzler-tagebuch">https://schnitzler-tagebuch.acdh.oeaw.ac.at/person_14281.html</idno>
               <idno type="URL" subtype="pmb">https://pmb.acdh.oeaw.ac.at/entity/6704/</idno>
               <idno type="URL" subtype="bahr-textverzeichnis">https://bahr-textverzeichnis.acdh.oeaw.ac.at/pmb6704.html</idno>
               <idno type="URL" subtype="wikidata">http://www.wikidata.org/entity/Q57257</idno>
               <idno type="URL" subtype="wikipedia">https://de.wikipedia.org/wiki/Peter_Cornelius_(Komponist)</idno>
               <idno type="URL" subtype="oeml">https://dx.doi.org/10.1553/0x0001cb27</idno>
               <idno type="URL" subtype="thun-korrespondenz">https://thun-korrespondenz.acdh.oeaw.ac.at/cornelius-peter.html</idno>
               <idno type="URL" subtype="hanslick-online">https://hanslick.acdh.oeaw.ac.at/hsl_person_id_3409.html</idno>
               <figure>
                  <graphic url="https://commons.wikimedia.org/w/index.php?title=Special:Redirect/file/Peter%20cornelius.jpg"/>
               </figure>
            </person>
            <person xml:id="pmb4579">
               <persName>
                  <forename>Arnold</forename>
                  <surname>Böcklin</surname>
               </persName>
               <persName type="legacy-name-merge">Böcklin, Arnold</persName>
               <birth>
                  <date when-iso="1827-10-16">1827-10-16</date>
                  <settlement key="854">
                     <placeName type="pref">Basel</placeName>
                     <location>
                        <geo>47,55839 7,57327</geo>
                     </location>
                  </settlement>
               </birth>
               <death>
                  <date when-iso="1901-01-16">1901-01-16</date>
                  <settlement key="48621">
                     <placeName type="pref">Fiesole</placeName>
                     <location>
                        <geo>43,80455 11,29487</geo>
                     </location>
                  </settlement>
               </death>
               <sex value="male"/>
               <occupation key="110">Maler/Malerin</occupation>
               <idno type="URL" subtype="gnd">https://d-nb.info/gnd/118512374</idno>
               <idno type="URL" subtype="schnitzler-bahr">https://schnitzler-bahr.acdh.oeaw.ac.at/pmb4579.html</idno>
               <idno type="URL" subtype="pmb">https://pmb.acdh.oeaw.ac.at/entity/4579/</idno>
               <idno type="URL" subtype="schnitzler-briefe">https://schnitzler-briefe.acdh.oeaw.ac.at/pmb4579.html</idno>
               <idno type="URL" subtype="bahr-textverzeichnis">https://bahr-textverzeichnis.acdh.oeaw.ac.at/pmb4579.html</idno>
               <idno type="URL" subtype="fackel">https://fackel.oeaw.ac.at/?p=fackelp39373</idno>
               <idno type="URL" subtype="wikidata">http://www.wikidata.org/entity/Q123071</idno>
               <idno type="URL" subtype="wikipedia">https://de.wikipedia.org/wiki/Arnold_B%C3%B6cklin</idno>
               <idno type="URL" subtype="pmb">https://pmb.acdh.oeaw.ac.at/entity/159548/</idno>
               <idno type="URL" subtype="bahr-tsn">https://bahr-textverzeichnis.acdh.oeaw.ac.at/TSN-listperson.html#pmb4579</idno>
               <idno type="URL" subtype="hanslick-online">https://hanslick.acdh.oeaw.ac.at/hsl_person_id_1037.html</idno>
               <listBibl>
                  <bibl type="collections" n="12">Fackel</bibl>
                  <bibl type="collections" n="16">Bahr Textverzeichnis</bibl>
               </listBibl>
               <note type="references"> </note>
               <figure>
                  <graphic url="https://commons.wikimedia.org/w/index.php?title=Special:Redirect/file/Arnold%20B%C3%B6cklin%20%281827%20-%201901%29%2C%20Selbstportrait%20%281873%29.jpg"/>
               </figure>
            </person>
            <person xml:id="pmb12167">
               <persName>
                  <forename>Hans</forename>
                  <surname>Makart</surname>
               </persName>
               <persName type="legacy-name-merge">Makart, Hans</persName>
               <birth>
                  <date when-iso="1840-05-28">28.05.1840</date>
                  <settlement key="30">
                     <placeName type="pref">Salzburg</placeName>
                     <location>
                        <geo>47,80067 13,04532</geo>
                     </location>
                  </settlement>
               </birth>
               <death>
                  <date when-iso="1884-10-03">03.10.1884</date>
                  <settlement key="50">
                     <placeName type="pref">Wien</placeName>
                     <location>
                        <geo>48,2066 16,37341</geo>
                     </location>
                  </settlement>
               </death>
               <sex value="male"/>
               <occupation key="110">Maler/Malerin</occupation>
               <idno type="URL" subtype="gnd">https://d-nb.info/gnd/118730347</idno>
               <idno type="URL" subtype="schnitzler-tagebuch">https://schnitzler-tagebuch.acdh.oeaw.ac.at/person_17796.html</idno>
               <idno type="URL" subtype="bahr-textverzeichnis">https://bahr-textverzeichnis.acdh.oeaw.ac.at/pmb12167.html</idno>
               <idno type="URL" subtype="schnitzler-bahr">https://schnitzler-bahr.acdh.oeaw.ac.at/pmb12167.html</idno>
               <idno type="URL" subtype="pmb">https://pmb.acdh.oeaw.ac.at/entity/12167/</idno>
               <idno type="URL" subtype="fackel">https://fackel.oeaw.ac.at/?p=fackelp49544</idno>
               <idno type="URL" subtype="wikidata">http://www.wikidata.org/entity/Q511444</idno>
               <idno type="URL" subtype="wikipedia">https://de.wikipedia.org/wiki/Hans_Makart</idno>
               <idno type="URL" subtype="oebl">https://doi.org/10.1553/0x002832c7</idno>
               <idno type="URL" subtype="pmb">https://pmb.acdh.oeaw.ac.at/entity/161171/</idno>
               <idno type="URL" subtype="bahr-tsn">https://bahr-textverzeichnis.acdh.oeaw.ac.at/TSN-listperson.html#pmb12167</idno>
               <idno type="URL" subtype="hanslick-online">https://hanslick.acdh.oeaw.ac.at/hsl_person_id_3130.html</idno>
               <listBibl>
                  <bibl type="collections" n="12">Fackel</bibl>
                  <bibl type="collections" n="16">Bahr Textverzeichnis</bibl>
               </listBibl>
               <figure>
                  <graphic url="https://commons.wikimedia.org/w/index.php?title=Special:Redirect/file/Makart%20hans%20selbstportrat.jpg"/>
               </figure>
            </person>
            <person xml:id="pmb10424">
               <persName>
                  <forename>Ferdinand Georg</forename>
                  <surname>Waldmüller</surname>
               </persName>
               <persName type="legacy-name-merge">Waldmüller, Ferdinand</persName>
               <birth>
                  <date when-iso="1793-01-15">15.01.1793</date>
                  <settlement key="50">
                     <placeName type="pref">Wien</placeName>
                     <location>
                        <geo>48,2066 16,37341</geo>
                     </location>
                  </settlement>
               </birth>
               <death>
                  <date when-iso="1865-08-23">23.08.1865</date>
                  <settlement key="75">
                     <placeName type="pref">Hinterbrühl</placeName>
                     <location>
                        <geo>48,08611 16,24809</geo>
                     </location>
                  </settlement>
               </death>
               <sex value="male"/>
               <occupation key="110">Maler/Malerin</occupation>
               <idno type="URL" subtype="gnd">https://d-nb.info/gnd/118628674</idno>
               <idno type="URL" subtype="schnitzler-tagebuch">https://schnitzler-tagebuch.acdh.oeaw.ac.at/person_21060.html</idno>
               <idno type="URL" subtype="pmb">https://pmb.acdh.oeaw.ac.at/entity/10424/</idno>
               <idno type="URL" subtype="bahr-textverzeichnis">https://bahr-textverzeichnis.acdh.oeaw.ac.at/pmb10424.html</idno>
               <idno type="URL" subtype="fackel">https://fackel.oeaw.ac.at/?p=fackelp57883</idno>
               <idno type="URL" subtype="wikidata">http://www.wikidata.org/entity/Q186816</idno>
               <idno type="URL" subtype="wikipedia">https://de.wikipedia.org/wiki/Ferdinand_Georg_Waldm%C3%BCller</idno>
               <idno type="URL" subtype="thun-korrespondenz">https://thun-korrespondenz.acdh.oeaw.ac.at/waldmueller-ferdinand-georg.html</idno>
               <idno type="URL" subtype="oebl">https://doi.org/10.1553/0x003a016e</idno>
               <idno type="URL" subtype="pmb">https://pmb.acdh.oeaw.ac.at/entity/162707/</idno>
               <idno type="URL" subtype="bahr-tsn">https://bahr-textverzeichnis.acdh.oeaw.ac.at/TSN-listperson.html#pmb10424</idno>
               <listBibl>
                  <bibl type="collections" n="12">Fackel</bibl>
                  <bibl type="collections" n="16">Bahr Textverzeichnis</bibl>
               </listBibl>
               <figure>
                  <graphic url="https://commons.wikimedia.org/w/index.php?title=Special:Redirect/file/Ferdinand-Georg-Waldm%C3%BCller-1828.jpg"/>
               </figure>
            </person>
            <person xml:id="pmb148666">
               <persName>
                  <forename>Eduard</forename>
                  <surname>Steinle</surname>
               </persName>
               <birth>
                  <date when-iso="1810-07-02">1810-07-02</date>
                  <settlement key="50">
                     <placeName type="pref">Wien</placeName>
                     <location>
                        <geo>48,2066 16,37341</geo>
                     </location>
                  </settlement>
               </birth>
               <death>
                  <date when-iso="1886-09-19">1886-09-19</date>
                  <settlement key="146">
                     <placeName type="pref">Frankfurt am Main</placeName>
                     <location>
                        <geo>50,11552 8,68417</geo>
                     </location>
                  </settlement>
               </death>
               <sex value="male"/>
               <idno type="URL" subtype="pmb">https://pmb.acdh.oeaw.ac.at/entity/148666/</idno>
               <idno type="URL" subtype="wikidata">http://www.wikidata.org/entity/Q85077</idno>
               <idno type="URL" subtype="gnd">https://d-nb.info/gnd/118798634</idno>
               <idno type="URL" subtype="wikipedia">https://de.wikipedia.org/wiki/Edward_von_Steinle</idno>
               <idno type="URL" subtype="bahr-tsn">https://bahr-textverzeichnis.acdh.oeaw.ac.at/TSN-listperson.html#pmb148666</idno>
               <idno type="URL" subtype="bahr-textverzeichnis">https://bahr-textverzeichnis.acdh.oeaw.ac.at/pmb148666.html</idno>
               <listBibl>
                  <bibl type="collections" n="16">Bahr Textverzeichnis</bibl>
               </listBibl>
            </person>
            <person xml:id="pmb148669">
               <persName>
                  <forename>Joseph</forename>
                  <surname>Führich</surname>
               </persName>
               <birth>
                  <date when-iso="1800-02-09">1800-02-09</date>
                  <settlement key="50298">
                     <placeName type="pref">Chrastava</placeName>
                     <location>
                        <geo>50,81693 14,96884</geo>
                     </location>
                  </settlement>
               </birth>
               <death>
                  <date when-iso="1876-03-13">1876-03-13</date>
                  <settlement key="50">
                     <placeName type="pref">Wien</placeName>
                     <location>
                        <geo>48,2066 16,37341</geo>
                     </location>
                  </settlement>
               </death>
               <sex value="male"/>
               <idno type="URL" subtype="pmb">https://pmb.acdh.oeaw.ac.at/entity/148669/</idno>
               <idno type="URL" subtype="wikidata">http://www.wikidata.org/entity/Q324318</idno>
               <idno type="URL" subtype="gnd">https://d-nb.info/gnd/11869409X</idno>
               <idno type="URL" subtype="wikipedia">https://de.wikipedia.org/wiki/Joseph_von_F%C3%BChrich</idno>
               <idno type="URL" subtype="bahr-textverzeichnis">https://bahr-textverzeichnis.acdh.oeaw.ac.at/pmb148669.html</idno>
               <listBibl>
                  <bibl type="collections" n="16">Bahr Textverzeichnis</bibl>
               </listBibl>
            </person>
            <person xml:id="pmb148672">
               <persName>
                  <forename>Johann</forename>
                  <surname>Overbeck</surname>
               </persName>
               <birth>
                  <date when-iso="1789-07-03">1789-07-03</date>
                  <settlement key="884">
                     <placeName type="pref">Lübeck</placeName>
                     <location>
                        <geo>53,86893 10,68729</geo>
                     </location>
                  </settlement>
               </birth>
               <death>
                  <date when-iso="1869-11-12">1869-11-12</date>
                  <settlement key="445">
                     <placeName type="pref">Rom</placeName>
                     <location>
                        <geo>41,89193 12,51133</geo>
                     </location>
                  </settlement>
               </death>
               <sex value="male"/>
               <idno type="URL" subtype="pmb">https://pmb.acdh.oeaw.ac.at/entity/148672/</idno>
               <idno type="URL" subtype="wikidata">http://www.wikidata.org/entity/Q169311</idno>
               <idno type="URL" subtype="gnd">https://d-nb.info/gnd/118840266</idno>
               <idno type="URL" subtype="wikipedia">https://de.wikipedia.org/wiki/Friedrich_Overbeck</idno>
               <idno type="URL" subtype="bahr-textverzeichnis">https://bahr-textverzeichnis.acdh.oeaw.ac.at/pmb148672.html</idno>
               <idno type="URL" subtype="hanslick-online">https://hanslick.acdh.oeaw.ac.at/hsl_person_id_702.html</idno>
               <listBibl>
                  <bibl type="collections" n="16">Bahr Textverzeichnis</bibl>
               </listBibl>
            </person>
            <person xml:id="pmb64805">
               <persName>
                  <forename>Anselm</forename>
                  <surname>Feuerbach</surname>
               </persName>
               <persName type="legacy-name-merge">Feuerbach, Anselm</persName>
               <birth>
                  <date when-iso="1829-09-12">1829-09-12</date>
                  <settlement key="38577">
                     <placeName type="pref">Speyer</placeName>
                     <location>
                        <geo>49,32083 8,43111</geo>
                     </location>
                  </settlement>
               </birth>
               <death>
                  <date when-iso="1880-01-04">1880-01-04</date>
                  <settlement key="462">
                     <placeName type="pref">Venedig</placeName>
                     <location>
                        <geo>45,43713 12,33265</geo>
                     </location>
                  </settlement>
               </death>
               <sex value="male"/>
               <occupation key="110">Maler/Malerin</occupation>
               <occupation key="361">Künstler/Künstlerin</occupation>
               <idno type="URL" subtype="pmb">https://pmb.acdh.oeaw.ac.at/entity/64805/</idno>
               <idno type="URL" subtype="schnitzler-lektueren">https://schnitzler-lektueren.acdh.oeaw.ac.at/pmb64805.html</idno>
               <idno type="URL" subtype="bahr-textverzeichnis">https://bahr-textverzeichnis.acdh.oeaw.ac.at/pmb64805.html</idno>
               <idno type="URL" subtype="fackel">https://fackel.oeaw.ac.at/?p=fackelp38318</idno>
               <idno type="URL" subtype="pmb">https://pmb.acdh.oeaw.ac.at/entity/112698/</idno>
               <idno type="URL" subtype="gnd">https://d-nb.info/gnd/118532731</idno>
               <idno type="URL" subtype="wikidata">http://www.wikidata.org/entity/Q250194</idno>
               <idno type="URL" subtype="wikipedia">https://de.wikipedia.org/wiki/Anselm_Feuerbach</idno>
               <idno type="URL" subtype="thun-korrespondenz">https://thun-korrespondenz.acdh.oeaw.ac.at/feuerbach-joseph-anselm.html</idno>
               <idno type="URL" subtype="bahr-tsn">https://bahr-textverzeichnis.acdh.oeaw.ac.at/TSN-listperson.html#pmb64805</idno>
               <idno type="URL" subtype="hanslick-online">https://hanslick.acdh.oeaw.ac.at/hsl_person_id_1067.html</idno>
               <listBibl>
                  <bibl type="collections" n="12">Fackel</bibl>
                  <bibl type="collections" n="16">Bahr Textverzeichnis</bibl>
               </listBibl>
               <figure>
                  <graphic url="https://commons.wikimedia.org/w/index.php?title=Special:Redirect/file/Anselm%20Feuerbach%20007.jpg"/>
               </figure>
            </person>
            <person xml:id="pmb148675">
               <persName>
                  <forename>Carl</forename>
                  <surname>Rahl</surname>
               </persName>
               <birth>
                  <date when-iso="1812-08-13">1812-08-13</date>
                  <settlement key="50">
                     <placeName type="pref">Wien</placeName>
                     <location>
                        <geo>48,2066 16,37341</geo>
                     </location>
                  </settlement>
               </birth>
               <death>
                  <date when-iso="1865-07-09">1865-07-09</date>
                  <settlement key="50">
                     <placeName type="pref">Wien</placeName>
                     <location>
                        <geo>48,2066 16,37341</geo>
                     </location>
                  </settlement>
               </death>
               <sex value="male"/>
               <idno type="URL" subtype="bahr-textverzeichnis">https://bahr-textverzeichnis.acdh.oeaw.ac.at/pmb148675.html</idno>
               <idno type="URL" subtype="pmb">https://pmb.acdh.oeaw.ac.at/entity/148675/</idno>
               <idno type="URL" subtype="wikidata">http://www.wikidata.org/entity/Q671839</idno>
               <idno type="URL" subtype="gnd">https://d-nb.info/gnd/116324554</idno>
               <idno type="URL" subtype="wikipedia">https://de.wikipedia.org/wiki/Carl_Rahl</idno>
               <listBibl>
                  <bibl type="collections" n="16">Bahr Textverzeichnis</bibl>
               </listBibl>
            </person>
            <person xml:id="pmb153947">
               <persName>
                  <forename>Adolf Friedrich von</forename>
                  <surname>Schack</surname>
               </persName>
               <birth>
                  <date notBefore-iso="1815-01-01"
                        when-iso="1815-01-01"
                        notAfter-iso="1815-12-31">1815</date>
               </birth>
               <death>
                  <date when-iso="1894-01-01" notAfter-iso="1894-12-31">1894</date>
               </death>
               <sex value="not-set"/>
               <idno type="URL" subtype="bahr-textverzeichnis">https://bahr-textverzeichnis.acdh.oeaw.ac.at/pmb153947.html</idno>
               <idno type="URL" subtype="pmb">https://pmb.acdh.oeaw.ac.at/entity/153947/</idno>
               <listBibl>
                  <bibl type="collections" n="16">Bahr Textverzeichnis</bibl>
               </listBibl>
            </person>
            <person xml:id="pmb148678">
               <persName>
                  <forename>Julius</forename>
                  <surname>Julius Schnorr von Carolsfeld</surname>
               </persName>
               <birth>
                  <date when-iso="1794-03-26">1794-03-26</date>
                  <settlement key="864">
                     <placeName type="pref">Leipzig</placeName>
                     <location>
                        <geo>51,33962 12,37129</geo>
                     </location>
                  </settlement>
               </birth>
               <death>
                  <date when-iso="1872-05-24">1872-05-24</date>
                  <settlement key="866">
                     <placeName type="pref">Dresden</placeName>
                     <location>
                        <geo>51,0833 13,7666</geo>
                     </location>
                  </settlement>
               </death>
               <sex value="male"/>
               <idno type="URL" subtype="bahr-textverzeichnis">https://bahr-textverzeichnis.acdh.oeaw.ac.at/pmb148678.html</idno>
               <idno type="URL" subtype="pmb">https://pmb.acdh.oeaw.ac.at/entity/148678/</idno>
               <idno type="URL" subtype="wikidata">http://www.wikidata.org/entity/Q703458</idno>
               <idno type="URL" subtype="gnd">https://d-nb.info/gnd/118609815</idno>
               <idno type="URL" subtype="wikipedia">https://de.wikipedia.org/wiki/Julius_Schnorr_von_Carolsfeld</idno>
               <listBibl>
                  <bibl type="collections" n="16">Bahr Textverzeichnis</bibl>
               </listBibl>
            </person>
            <person xml:id="pmb153948">
               <persName>
                  <forename>Leopold</forename>
                  <surname>Schulz</surname>
               </persName>
               <birth>
                  <date notBefore-iso="1804-01-01"
                        when-iso="1804-01-01"
                        notAfter-iso="1804-12-31">1804</date>
               </birth>
               <death>
                  <date when-iso="1873-01-01" notAfter-iso="1873-12-31">1873</date>
               </death>
               <sex value="not-set"/>
               <idno type="URL" subtype="bahr-textverzeichnis">https://bahr-textverzeichnis.acdh.oeaw.ac.at/pmb153948.html</idno>
               <idno type="URL" subtype="pmb">https://pmb.acdh.oeaw.ac.at/entity/153948/</idno>
               <listBibl>
                  <bibl type="collections" n="16">Bahr Textverzeichnis</bibl>
               </listBibl>
            </person>
            <person xml:id="pmb148681">
               <persName>
                  <forename>Karl</forename>
                  <surname>Piloty</surname>
               </persName>
               <persName type="legacy-name-merge">Piloty, Karl von</persName>
               <birth>
                  <date when-iso="1826-10-01">1826-10-01</date>
                  <settlement key="45258">
                     <placeName type="pref">München</placeName>
                     <location>
                        <geo>48,13743 11,57549</geo>
                     </location>
                  </settlement>
               </birth>
               <death>
                  <date when-iso="1886-07-21">1886-07-21</date>
                  <settlement key="148683">
                     <placeName type="pref">Münsing</placeName>
                     <location>
                        <geo>47,9 11,366666666667</geo>
                     </location>
                  </settlement>
               </death>
               <sex value="male"/>
               <idno type="URL" subtype="bahr-textverzeichnis">https://bahr-textverzeichnis.acdh.oeaw.ac.at/pmb148681.html</idno>
               <idno type="URL" subtype="pmb">https://pmb.acdh.oeaw.ac.at/entity/148681/</idno>
               <idno type="URL" subtype="wikidata">http://www.wikidata.org/entity/Q505758</idno>
               <idno type="URL" subtype="gnd">https://d-nb.info/gnd/118641662</idno>
               <idno type="URL" subtype="pmb">https://pmb.acdh.oeaw.ac.at/entity/161690/</idno>
               <idno type="URL" subtype="wikipedia">https://de.wikipedia.org/wiki/Carl_Theodor_von_Piloty</idno>
               <idno type="URL" subtype="bahr-tsn">https://bahr-textverzeichnis.acdh.oeaw.ac.at/TSN-listperson.html#pmb161690</idno>
               <idno type="URL" subtype="hanslick-online">https://hanslick.acdh.oeaw.ac.at/hsl_person_id_1435.html</idno>
               <listBibl>
                  <bibl type="collections" n="16">Bahr Textverzeichnis</bibl>
               </listBibl>
               <note type="references">None </note>
            </person>
            <person xml:id="pmb153949">
               <persName>
                  <forename>Bianca von</forename>
                  <surname>Teschenberg</surname>
               </persName>
               <sex value="not-set"/>
               <idno type="URL" subtype="bahr-textverzeichnis">https://bahr-textverzeichnis.acdh.oeaw.ac.at/pmb153949.html</idno>
               <idno type="URL" subtype="pmb">https://pmb.acdh.oeaw.ac.at/entity/153949/</idno>
               <listBibl>
                  <bibl type="collections" n="16">Bahr Textverzeichnis</bibl>
               </listBibl>
            </person>
            <person xml:id="pmb113044">
               <persName>
                  <forename>Hans</forename>
                  <surname>Canon</surname>
               </persName>
               <birth>
                  <date when-iso="1829-03-13">1829-03-13</date>
               </birth>
               <death>
                  <date when-iso="1885-09-12">1885-09-12</date>
               </death>
               <sex value="male"/>
               <occupation key="110">Maler/Malerin</occupation>
               <idno type="URL" subtype="bahr-textverzeichnis">https://bahr-textverzeichnis.acdh.oeaw.ac.at/pmb113044.html</idno>
               <idno type="URL" subtype="pmb">https://pmb.acdh.oeaw.ac.at/entity/113044/</idno>
               <idno type="URL" subtype="gnd">https://d-nb.info/gnd/119165457</idno>
               <idno type="URL" subtype="fackel">https://fackel.oeaw.ac.at/?p=fackelp39722</idno>
               <idno type="URL" subtype="wikidata">http://www.wikidata.org/entity/Q673664</idno>
               <idno type="URL" subtype="wikipedia">https://de.wikipedia.org/wiki/Hans_Canon</idno>
               <idno type="URL" subtype="oebl">https://doi.org/10.1553/0x00284fc2</idno>
               <listBibl>
                  <bibl type="collections" n="12">Fackel</bibl>
                  <bibl type="collections" n="16">Bahr Textverzeichnis</bibl>
               </listBibl>
            </person>
            <person xml:id="pmb153950">
               <persName>
                  <forename>Carl</forename>
                  <surname>Herbsthofer</surname>
               </persName>
               <sex value="not-set"/>
               <idno type="URL" subtype="bahr-textverzeichnis">https://bahr-textverzeichnis.acdh.oeaw.ac.at/pmb153950.html</idno>
               <idno type="URL" subtype="pmb">https://pmb.acdh.oeaw.ac.at/entity/153950/</idno>
               <listBibl>
                  <bibl type="collections" n="16">Bahr Textverzeichnis</bibl>
               </listBibl>
            </person>
            <person xml:id="pmb148685">
               <persName>
                  <forename>Johann</forename>
                  <surname>Matthias Ranftl</surname>
               </persName>
               <birth>
                  <date when-iso="1804-01-20">1804-01-20</date>
                  <settlement key="50">
                     <placeName type="pref">Wien</placeName>
                     <location>
                        <geo>48,2066 16,37341</geo>
                     </location>
                  </settlement>
               </birth>
               <death>
                  <date when-iso="1854-11-01">1854-11-01</date>
                  <settlement key="50">
                     <placeName type="pref">Wien</placeName>
                     <location>
                        <geo>48,2066 16,37341</geo>
                     </location>
                  </settlement>
               </death>
               <sex value="male"/>
               <idno type="URL" subtype="bahr-textverzeichnis">https://bahr-textverzeichnis.acdh.oeaw.ac.at/pmb148685.html</idno>
               <idno type="URL" subtype="pmb">https://pmb.acdh.oeaw.ac.at/entity/148685/</idno>
               <idno type="URL" subtype="wikidata">http://www.wikidata.org/entity/Q1695465</idno>
               <idno type="URL" subtype="gnd">https://d-nb.info/gnd/125990413</idno>
               <idno type="URL" subtype="wikipedia">https://de.wikipedia.org/wiki/Johann_Matthias_Ranftl</idno>
               <listBibl>
                  <bibl type="collections" n="16">Bahr Textverzeichnis</bibl>
               </listBibl>
            </person>
            <person xml:id="pmb148688">
               <persName>
                  <forename>Ignaz</forename>
                  <surname>Ignaz Raffalt</surname>
               </persName>
               <birth>
                  <date when-iso="1800-07-21">1800-07-21</date>
                  <settlement key="148689">
                     <placeName type="pref">Weißkirchen in Steiermark</placeName>
                     <location>
                        <geo>47,153888888889 14,738611111111</geo>
                     </location>
                  </settlement>
               </birth>
               <death>
                  <date when-iso="1857-07-06">1857-07-06</date>
                  <settlement key="50">
                     <placeName type="pref">Wien</placeName>
                     <location>
                        <geo>48,2066 16,37341</geo>
                     </location>
                  </settlement>
               </death>
               <sex value="male"/>
               <idno type="URL" subtype="bahr-textverzeichnis">https://bahr-textverzeichnis.acdh.oeaw.ac.at/pmb148688.html</idno>
               <idno type="URL" subtype="pmb">https://pmb.acdh.oeaw.ac.at/entity/148688/</idno>
               <idno type="URL" subtype="wikidata">http://www.wikidata.org/entity/Q1657504</idno>
               <idno type="URL" subtype="gnd">https://d-nb.info/gnd/1019375248</idno>
               <idno type="URL" subtype="wikipedia">https://de.wikipedia.org/wiki/Ignaz_Raffalt</idno>
               <listBibl>
                  <bibl type="collections" n="16">Bahr Textverzeichnis</bibl>
               </listBibl>
            </person>
            <person xml:id="pmb153951">
               <persName>
                  <forename>Hipolit</forename>
                  <surname>Lipiński</surname>
               </persName>
               <birth>
                  <date notBefore-iso="1846-01-01"
                        when-iso="1846-01-01"
                        notAfter-iso="1846-12-31">1846</date>
               </birth>
               <death>
                  <date when-iso="1884-01-01" notAfter-iso="1884-12-31">1884</date>
               </death>
               <sex value="not-set"/>
               <idno type="URL" subtype="bahr-textverzeichnis">https://bahr-textverzeichnis.acdh.oeaw.ac.at/pmb153951.html</idno>
               <idno type="URL" subtype="pmb">https://pmb.acdh.oeaw.ac.at/entity/153951/</idno>
               <listBibl>
                  <bibl type="collections" n="16">Bahr Textverzeichnis</bibl>
               </listBibl>
            </person>
            <person xml:id="pmb148692">
               <persName>
                  <forename>Eduard</forename>
                  <surname>Kurzbauer</surname>
               </persName>
               <birth>
                  <date when-iso="1840-03-02">1840-03-02</date>
                  <settlement key="46224">
                     <placeName type="pref">Lviv</placeName>
                     <location>
                        <geo>49,83826 24,02324</geo>
                     </location>
                  </settlement>
               </birth>
               <death>
                  <date when-iso="1879-01-13">1879-01-13</date>
                  <settlement key="45258">
                     <placeName type="pref">München</placeName>
                     <location>
                        <geo>48,13743 11,57549</geo>
                     </location>
                  </settlement>
               </death>
               <sex value="male"/>
               <idno type="URL" subtype="pmb">https://pmb.acdh.oeaw.ac.at/entity/148692/</idno>
               <idno type="URL" subtype="wikidata">http://www.wikidata.org/entity/Q655041</idno>
               <idno type="URL" subtype="gnd">https://d-nb.info/gnd/116626283</idno>
               <idno type="URL" subtype="wikipedia">https://de.wikipedia.org/wiki/Eduard_Kurzbauer</idno>
               <idno type="URL" subtype="bahr-textverzeichnis">https://bahr-textverzeichnis.acdh.oeaw.ac.at/pmb148692.html</idno>
               <listBibl>
                  <bibl type="collections" n="16">Bahr Textverzeichnis</bibl>
               </listBibl>
            </person>
            <person xml:id="pmb153952">
               <persName>
                  <forename>Carlo</forename>
                  <surname>Kunz</surname>
               </persName>
               <birth>
                  <date notBefore-iso="1813-01-01"
                        when-iso="1813-01-01"
                        notAfter-iso="1813-12-31">1813</date>
               </birth>
               <death>
                  <date when-iso="1888-01-01" notAfter-iso="1888-12-31">1888</date>
               </death>
               <sex value="not-set"/>
               <idno type="URL" subtype="pmb">https://pmb.acdh.oeaw.ac.at/entity/153952/</idno>
               <idno type="URL" subtype="bahr-textverzeichnis">https://bahr-textverzeichnis.acdh.oeaw.ac.at/pmb153952.html</idno>
               <listBibl>
                  <bibl type="collections" n="16">Bahr Textverzeichnis</bibl>
               </listBibl>
            </person>
            <person xml:id="pmb148695">
               <persName>
                  <forename>Károly</forename>
                  <surname>Markó</surname>
               </persName>
               <birth>
                  <date when-iso="1791-09-25">1791-09-25</date>
                  <settlement key="40029">
                     <placeName type="pref">Levoča</placeName>
                     <location>
                        <geo>49,02173 20,59212</geo>
                     </location>
                  </settlement>
               </birth>
               <death>
                  <date when-iso="1860-11-19">1860-11-19</date>
                  <settlement key="263">
                     <placeName type="pref">Florenz</placeName>
                     <location>
                        <geo>43,77925 11,24626</geo>
                     </location>
                  </settlement>
               </death>
               <sex value="male"/>
               <idno type="URL" subtype="bahr-textverzeichnis">https://bahr-textverzeichnis.acdh.oeaw.ac.at/pmb148695.html</idno>
               <idno type="URL" subtype="pmb">https://pmb.acdh.oeaw.ac.at/entity/148695/</idno>
               <idno type="URL" subtype="wikidata">http://www.wikidata.org/entity/Q938311</idno>
               <idno type="URL" subtype="gnd">https://d-nb.info/gnd/119532158</idno>
               <idno type="URL" subtype="wikipedia">https://de.wikipedia.org/wiki/K%C3%A1roly_Mark%C3%B3_der_%C3%84ltere</idno>
               <listBibl>
                  <bibl type="collections" n="16">Bahr Textverzeichnis</bibl>
               </listBibl>
            </person>
            <person xml:id="pmb148698">
               <persName>
                  <forename>Friedrich</forename>
                  <surname>Gauermann</surname>
               </persName>
               <birth>
                  <date when-iso="1807-09-20">1807-09-20</date>
                  <settlement key="148699">
                     <placeName type="pref">Scheuchenstein</placeName>
                     <location>
                        <geo>47,8369 15,9861</geo>
                     </location>
                  </settlement>
               </birth>
               <death>
                  <date when-iso="1862-07-07">1862-07-07</date>
                  <settlement key="50">
                     <placeName type="pref">Wien</placeName>
                     <location>
                        <geo>48,2066 16,37341</geo>
                     </location>
                  </settlement>
               </death>
               <sex value="male"/>
               <idno type="URL" subtype="bahr-textverzeichnis">https://bahr-textverzeichnis.acdh.oeaw.ac.at/pmb148698.html</idno>
               <idno type="URL" subtype="pmb">https://pmb.acdh.oeaw.ac.at/entity/148698/</idno>
               <idno type="URL" subtype="wikidata">http://www.wikidata.org/entity/Q669760</idno>
               <idno type="URL" subtype="gnd">https://d-nb.info/gnd/118689789</idno>
               <idno type="URL" subtype="wikipedia">https://de.wikipedia.org/wiki/Friedrich_Gauermann</idno>
               <listBibl>
                  <bibl type="collections" n="16">Bahr Textverzeichnis</bibl>
               </listBibl>
            </person>
         </listPerson>
      </back>
   </text>
</TEI>
