<?xml version="1.0" encoding="UTF-8"?>
<TEI xmlns="http://www.tei-c.org/ns/1.0"
     xmlns:tei="http://www.tei-c.org/ns/1.0"
     xml:id="pmb122915.xml"
     prev="pmb132651"
     next="pmb132591">
   <teiHeader>
      <fileDesc>
         <titleStmt>
            <title level="s">Hermann Bahr – Textverzeichnis</title>
            <title level="a">Theater, Kunst und Literatur.
                     Raimund-Theater</title>
            <title type="iso-date">1902-04-18</title>
            <respStmt>
               <resp>providing the content</resp>
               <name>Martin Anton Müller</name>
            </respStmt>
            <respStmt>
               <resp>converted to XML encoding</resp>
               <name>Martin Anton Müller</name>
            </respStmt>
         </titleStmt>
         <publicationStmt>
            <publisher>Austrian Centre for Digital Humanities and Cultural
                                    Heritage (ACDH-CH)</publisher>
            <date>2024-03-19+01:00</date>
            <idno type="URI">https://id.acdh.oeaw.ac.at/bahr-textverzeichnis/pmb122915.xml</idno>
         </publicationStmt>
         <sourceDesc>
            <p>Bibliografische Angaben eines in Druck erschienen Texts von
                                    Bahr</p>
         </sourceDesc>
      </fileDesc>
   </teiHeader>
   <text>
      <body>
         <div type="bibliografische-angabe">
            <biblStruct xml:id="pmb122915"
                        type="Journal-Article"
                        subtype="Nachtkritik"
                        status="checked"
                        prev="pmb132651"
                        next="pmb132591">
               <analytic>
                  <author ref="pmb10815">H. B.</author>
                  <title level="a" ref="pmb122915">Theater, Kunst und Literatur.
                     Raimund-Theater</title>
               </analytic>
               <monogr>
                  <title level="j" ref="pmb41321">Neues Wiener Tagblatt</title>
                  <imprint>
                     <biblScope unit="jg">36</biblScope>
                     <biblScope unit="issue">106</biblScope>
                     <biblScope unit="page">7</biblScope>
                     <date when="1902-04-18">18.4.1902</date>
                  </imprint>
               </monogr>
               <note type="review-of">
                  <bibl>
                     <title level="m">König Ödipus</title>
                     <author>Sophokles</author>
                  </bibl>
               </note>
               <note type="incipit">Der »Ödipus«, den Gustavo Salvini gestern gab, war das Beste,
                  was wir bisher von ihm gesehen haben.</note>
               <ref type="personenindex">
                  <listRef>
                     <ptr type="pmb" target="pmb2693"/>
                     <ptr type="pmb" target="pmb154120"/>
                     <ptr type="pmb" target="pmb21668"/>
                  </listRef>
               </ref>
               <ref type="URL">https://anno.onb.ac.at/cgi-content/anno?aid=nwg&amp;datum=19020418&amp;seite=7</ref>
               <noteGrp type="keywords">
                  <note type="Journal-Article">Artikel in einem Periodikum</note>
                  <note subtype="Nachtkritik">Nachtkritik</note>
               </noteGrp>
               <note type="bibliographical-statement">H. B.: Theater, Kunst und Literatur.
                  Raimund-Theater. In: Neues Wiener Tagblatt, Jg. 36, Nr. 106, 18.4.1902,
                  S. 7.</note>
            </biblStruct>
         </div>
      </body>
      <back>
         <listPerson>
            <person xml:id="pmb2693">
               <persName>
                  <surname>Sophokles</surname>
               </persName>
               <birth>
                  <date when-iso="0001-01-01">497/496? v. u. Z.</date>
                  <settlement key="53840">
                     <placeName type="pref">Kolonos</placeName>
                     <location>
                        <geo>37,99495 23,7139</geo>
                     </location>
                  </settlement>
               </birth>
               <death>
                  <date>406/405 v. u. Z.</date>
                  <settlement key="505">
                     <placeName type="pref">Athen</placeName>
                     <location>
                        <geo>37,97945 23,71622</geo>
                     </location>
                  </settlement>
               </death>
               <sex value="male"/>
               <occupation key="90">Schriftsteller/Schriftstellerin</occupation>
               <idno type="URL" subtype="gnd">https://d-nb.info/gnd/118615688</idno>
               <idno type="URL" subtype="schnitzler-tagebuch">https://schnitzler-tagebuch.acdh.oeaw.ac.at/person_20215.html</idno>
               <idno type="URL" subtype="bahr-textverzeichnis">https://bahr-textverzeichnis.acdh.oeaw.ac.at/pmb2693.html</idno>
               <idno type="URL" subtype="schnitzler-bahr">https://schnitzler-bahr.acdh.oeaw.ac.at/pmb2693.html</idno>
               <idno type="URL" subtype="pmb">https://pmb.acdh.oeaw.ac.at/entity/2693/</idno>
               <idno type="URL" subtype="schnitzler-briefe">https://schnitzler-briefe.acdh.oeaw.ac.at/pmb2693.html</idno>
               <idno type="URL" subtype="schnitzler-lektueren">https://schnitzler-lektueren.acdh.oeaw.ac.at/pmb2693.html</idno>
               <idno type="URL" subtype="fackel">https://fackel.oeaw.ac.at/?p=fackelp53424</idno>
               <idno type="URL" subtype="wikidata">http://www.wikidata.org/entity/Q7235</idno>
               <idno type="URL" subtype="wikipedia">https://de.wikipedia.org/wiki/Sophokles</idno>
               <idno type="URL" subtype="thun-korrespondenz">https://thun-korrespondenz.acdh.oeaw.ac.at/camerarius-joachim.html</idno>
               <idno type="URL" subtype="hanslick-online">https://hanslick.acdh.oeaw.ac.at/hsl_person_id_368.html</idno>
               <idno type="URL" subtype="schnitzler-interviews">https://schnitzler-interviews.acdh.oeaw.ac.at/pmb2693.html</idno>
               <listBibl>
                  <bibl type="collections" n="12">Fackel</bibl>
               </listBibl>
               <figure>
                  <graphic url="https://commons.wikimedia.org/w/index.php?title=Special:Redirect/file/Sophocles%20pushkin.jpg"/>
               </figure>
            </person>
            <person xml:id="pmb154120">
               <persName>
                  <forename>Gustavo</forename>
                  <surname>Salvini</surname>
               </persName>
               <birth>
                  <date notBefore-iso="1859-01-01"
                        when-iso="1859-01-01"
                        notAfter-iso="1859-12-31">1859</date>
               </birth>
               <death>
                  <date when-iso="1930-01-01" notAfter-iso="1930-12-31">1930</date>
               </death>
               <sex value="not-set"/>
               <idno type="URL" subtype="pmb">https://pmb.acdh.oeaw.ac.at/entity/154120/</idno>
               <idno type="URL" subtype="bahr-textverzeichnis">https://bahr-textverzeichnis.acdh.oeaw.ac.at/pmb154120.html</idno>
               <listBibl>
                  <bibl type="collections" n="16">Bahr Textverzeichnis</bibl>
               </listBibl>
            </person>
            <person xml:id="pmb21668">
               <persName>
                  <forename>Jean</forename>
                  <surname>Mounet-Sully</surname>
               </persName>
               <persName type="person_geburtsname_nachname">Mounet</persName>
               <persName type="person_geburtsname_vorname">Jean-Sully</persName>
               <persName type="legacy-name-merge">Mounet-Sully, Jean</persName>
               <birth>
                  <date when-iso="1841-02-27">27.02.1841</date>
                  <settlement key="58937">
                     <placeName type="pref">Bergerac</placeName>
                     <location>
                        <geo>44,85157 0,48171</geo>
                     </location>
                  </settlement>
                  <settlement key="34154">
                     <placeName type="pref">Bergerac</placeName>
                     <location>
                        <geo>18,11366 -73,93018</geo>
                     </location>
                  </settlement>
               </birth>
               <death>
                  <date when-iso="1916-03-01">01.03.1916</date>
                  <settlement key="182">
                     <placeName type="pref">Paris</placeName>
                     <location>
                        <geo>48,85341 2,3488</geo>
                     </location>
                  </settlement>
                  <settlement key="182">
                     <placeName type="pref">Paris</placeName>
                     <location>
                        <geo>48,85341 2,3488</geo>
                     </location>
                  </settlement>
               </death>
               <sex value="male"/>
               <occupation key="105">Schauspieler/Schauspielerin</occupation>
               <occupation key="106">Rechtsanwalt/Rechtsanwältin</occupation>
               <idno type="URL" subtype="schnitzler-tagebuch">https://schnitzler-tagebuch.acdh.oeaw.ac.at/person_18281.html</idno>
               <idno type="URL" subtype="pmb">https://pmb.acdh.oeaw.ac.at/entity/21668/</idno>
               <idno type="URL" subtype="schnitzler-briefe">https://schnitzler-briefe.acdh.oeaw.ac.at/pmb21668.html</idno>
               <idno type="URL" subtype="bahr-textverzeichnis">https://bahr-textverzeichnis.acdh.oeaw.ac.at/pmb21668.html</idno>
               <idno type="URL" subtype="fackel">https://fackel.oeaw.ac.at/?p=fackelp50418</idno>
               <idno type="URL" subtype="gnd">https://d-nb.info/gnd/122999304</idno>
               <idno type="URL" subtype="wikidata">http://www.wikidata.org/entity/Q2657745</idno>
               <idno type="URL" subtype="pmb">https://pmb.acdh.oeaw.ac.at/entity/161407/</idno>
               <idno type="URL" subtype="bahr-tsn">https://bahr-textverzeichnis.acdh.oeaw.ac.at/TSN-listperson.html#pmb21668</idno>
               <listEvent>
                  <event key="118263" when-iso="1894-01-21">
                     <desc n="1256">ist Arbeitskraft bei</desc>
                     <label>Aufführung von Hamlet, 21.1.1894</label>
                     <idno type="URL" subtype="pmb">https://pmb.acdh.oeaw.ac.at/entity/118263/</idno>
                  </event>
               </listEvent>
               <listBibl>
                  <bibl type="collections" n="12">Fackel</bibl>
                  <bibl type="collections" n="14">Kein deutscher Wikipedia-Eintrag
                        gefunden</bibl>
                  <bibl type="collections" n="16">Bahr Textverzeichnis</bibl>
                  <bibl type="collections" n="22">No german Wikipedia-Site found</bibl>
               </listBibl>
               <note type="references"> </note>
               <figure>
                  <graphic url="https://commons.wikimedia.org/w/index.php?title=Special:Redirect/file/MOUNET-SULLY%20-%20Portrait%20par%20JM%20LOPEZ.jpg"/>
               </figure>
            </person>
         </listPerson>
      </back>
   </text>
</TEI>
