<?xml version="1.0" encoding="UTF-8"?>
<TEI xmlns="http://www.tei-c.org/ns/1.0"
     xmlns:tei="http://www.tei-c.org/ns/1.0"
     xml:id="pmb122679.xml"
     prev="pmb132005"
     next="pmb131889">
   <teiHeader>
      <fileDesc>
         <titleStmt>
            <title level="s">Hermann Bahr – Textverzeichnis</title>
            <title level="a">Theater, Kunst und Literatur. Deutsches
                     Volkstheater</title>
            <title type="iso-date">1905-12-27</title>
            <respStmt>
               <resp>providing the content</resp>
               <name>Martin Anton Müller</name>
            </respStmt>
            <respStmt>
               <resp>converted to XML encoding</resp>
               <name>Martin Anton Müller</name>
            </respStmt>
         </titleStmt>
         <publicationStmt>
            <publisher>Austrian Centre for Digital Humanities and Cultural
                                    Heritage (ACDH-CH)</publisher>
            <date>2024-03-19+01:00</date>
            <idno type="URI">https://id.acdh.oeaw.ac.at/bahr-textverzeichnis/pmb122679.xml</idno>
         </publicationStmt>
         <sourceDesc>
            <p>Bibliografische Angaben eines in Druck erschienen Texts von
                                    Bahr</p>
         </sourceDesc>
      </fileDesc>
   </teiHeader>
   <text>
      <body>
         <div type="bibliografische-angabe">
            <biblStruct xml:id="pmb122679"
                        type="Journal-Article"
                        subtype="Nachtkritik"
                        status="checked"
                        prev="pmb132005"
                        next="pmb131889">
               <analytic>
                  <author ref="pmb10815">H. B.</author>
                  <title level="a" ref="pmb122679">Theater, Kunst und Literatur. Deutsches
                     Volkstheater</title>
               </analytic>
               <monogr>
                  <title level="j" ref="pmb41321">Neues Wiener Tagblatt</title>
                  <imprint>
                     <biblScope unit="jg">39</biblScope>
                     <biblScope unit="issue">356</biblScope>
                     <biblScope unit="page">8</biblScope>
                     <date when="1905-12-27">27.12.1905</date>
                  </imprint>
               </monogr>
               <note>
                  <p>Bahr deutet an, dass es keinen Harald Mac Naughton gebe. Tags darauf meldet das
                     Blatt (Nr. 357, S. 9 und Abendblatt, Nr. 357, S. 4), dass Conan Doyle zwar
                     nicht, die Rechteinhaber aber sehr wahrscheinlich gerichtlich gegen Schönthan
                     vorgehen wollen. Am 29. bringt das Blatt einen Brief Schönthans, der gesteht,
                     Verfasser des Stücks zu sein und alle darin erzählten Vorkommnisse frei
                     erfunden zu haben (Nr. 358, S. 9).</p>
               </note>
               <note type="review-of">
                  <bibl>
                     <title level="m">Sherlock Holmes. Drei Erlebnisse eines englischen
                        Detektives</title>
                     <author>Harald Mac Naughton</author>
                     <note>deutsch von Franz von Schönthan</note>
                  </bibl>
               </note>
               <note type="incipit">»Sherlock Holmes.« Der Sherlock Holmes des Conan Doyle wirkt auf
                  den gemeinen Geschmack ebenso stark als auf den guten</note>
               <ref type="personenindex">
                  <listRef>
                     <ptr type="pmb" target="pmb3490"/>
                     <ptr type="pmb" target="pmb12428"/>
                     <ptr type="pmb" target="pmb12265"/>
                     <ptr type="pmb" target="pmb13068"/>
                     <ptr type="pmb" target="pmb11981"/>
                     <ptr type="pmb" target="pmb26628"/>
                     <ptr type="pmb" target="pmb18489"/>
                     <ptr type="pmb" target="pmb4179"/>
                     <ptr type="pmb" target="pmb17109"/>
                     <ptr type="pmb" target="pmb11153"/>
                     <ptr type="pmb" target="pmb24702"/>
                     <ptr type="pmb" target="pmb154001"/>
                     <ptr type="pmb" target="pmb153972"/>
                     <ptr type="pmb" target="pmb154002"/>
                  </listRef>
               </ref>
               <ref type="URL">https://anno.onb.ac.at/cgi-content/anno?aid=nwg&amp;datum=19051227&amp;seite=8</ref>
               <noteGrp type="keywords">
                  <note type="Journal-Article">Artikel in einem Periodikum</note>
                  <note subtype="Nachtkritik">Nachtkritik</note>
               </noteGrp>
               <note type="bibliographical-statement">H. B.: Theater, Kunst und Literatur. Deutsches
                  Volkstheater. In: Neues Wiener Tagblatt, Jg. 39, Nr. 356, 27.12.1905, S. 8.</note>
            </biblStruct>
         </div>
      </body>
      <back>
         <listPerson>
            <person xml:id="pmb3490">
               <persName>
                  <forename>Arthur Conan</forename>
                  <surname>Doyle</surname>
               </persName>
               <persName type="legacy-name-merge">Doyle, Sir Arthur Conan</persName>
               <persName type="legacy-name-merge">Doyle, Sir Arthur Conan</persName>
               <birth>
                  <date when-iso="1859-05-22">22.5.1859</date>
                  <settlement key="44234">
                     <placeName type="pref">Edinburgh</placeName>
                     <location>
                        <geo>55,95206 -3,19648</geo>
                     </location>
                  </settlement>
               </birth>
               <death>
                  <date when-iso="1930-07-07">7.7.1930</date>
                  <settlement key="44236">
                     <placeName type="pref">Crowborough</placeName>
                     <location>
                        <geo>51,06098 0,16342</geo>
                     </location>
                  </settlement>
               </death>
               <sex value="male"/>
               <occupation key="90">Schriftsteller/Schriftstellerin</occupation>
               <idno type="URL" subtype="gnd">https://d-nb.info/gnd/11852710X</idno>
               <idno type="URL" subtype="schnitzler-tagebuch">https://schnitzler-tagebuch.acdh.oeaw.ac.at/person_14502.html</idno>
               <idno type="URL" subtype="pmb">https://pmb.acdh.oeaw.ac.at/entity/3490/</idno>
               <idno type="URL" subtype="pmb">https://pmb.acdh.oeaw.ac.at/entity/15462/</idno>
               <idno type="URL" subtype="fackel">https://fackel.oeaw.ac.at/?p=fackelp40062</idno>
               <idno type="URL" subtype="wikidata">http://www.wikidata.org/entity/Q35610</idno>
               <idno type="URL" subtype="wikipedia">https://de.wikipedia.org/wiki/Arthur_Conan_Doyle</idno>
               <idno type="URL" subtype="schnitzler-kino">https://schnitzler-kino.acdh.oeaw.ac.at/pmb3490.html</idno>
               <idno type="URL" subtype="pmb">https://pmb.acdh.oeaw.ac.at/entity/159808/</idno>
               <idno type="URL" subtype="bahr-textverzeichnis">https://bahr-textverzeichnis.acdh.oeaw.ac.at/pmb3490.html</idno>
               <idno type="URL" subtype="bahr-tsn">https://bahr-textverzeichnis.acdh.oeaw.ac.at/TSN-listperson.html#pmb159808</idno>
               <idno type="URL" subtype="schnitzler-interviews">https://schnitzler-interviews.acdh.oeaw.ac.at/pmb3490.html</idno>
               <listBibl>
                  <bibl type="collections" n="12">Fackel</bibl>
                  <bibl type="collections" n="16">Bahr Textverzeichnis</bibl>
               </listBibl>
               <note type="references"> </note>
               <figure>
                  <graphic url="https://commons.wikimedia.org/w/index.php?title=Special:Redirect/file/Arthur%20Conan%20Doyle%20by%20Walter%20Benington%2C%201914.png"/>
               </figure>
            </person>
            <person xml:id="pmb12428">
               <persName>
                  <forename>Edgar Allan</forename>
                  <surname>Poe</surname>
               </persName>
               <persName type="legacy-name-merge">Poe, Edgar Allan</persName>
               <birth>
                  <date when-iso="1809-01-19">19.01.1809</date>
                  <settlement key="889">
                     <placeName type="pref">Boston (Massachusetts)</placeName>
                     <location>
                        <geo>42,35843 -71,05977</geo>
                     </location>
                  </settlement>
               </birth>
               <death>
                  <date when-iso="1849-10-07">07.10.1849</date>
                  <settlement key="55347">
                     <placeName type="pref">Baltimore</placeName>
                     <location>
                        <geo>39,29038 -76,61219</geo>
                     </location>
                  </settlement>
               </death>
               <sex value="male"/>
               <occupation key="90">Schriftsteller/Schriftstellerin</occupation>
               <idno type="URL" subtype="gnd">https://d-nb.info/gnd/11859527X</idno>
               <idno type="URL" subtype="schnitzler-tagebuch">https://schnitzler-tagebuch.acdh.oeaw.ac.at/person_18839.html</idno>
               <idno type="URL" subtype="schnitzler-bahr">https://schnitzler-bahr.acdh.oeaw.ac.at/pmb12428.html</idno>
               <idno type="URL" subtype="pmb">https://pmb.acdh.oeaw.ac.at/entity/12428/</idno>
               <idno type="URL" subtype="schnitzler-lektueren">https://schnitzler-lektueren.acdh.oeaw.ac.at/pmb12428.html</idno>
               <idno type="URL" subtype="bahr-textverzeichnis">https://bahr-textverzeichnis.acdh.oeaw.ac.at/pmb12428.html</idno>
               <idno type="URL" subtype="fackel">https://fackel.oeaw.ac.at/?p=fackelp42261</idno>
               <idno type="URL" subtype="wikidata">http://www.wikidata.org/entity/Q16867</idno>
               <idno type="URL" subtype="wikipedia">https://de.wikipedia.org/wiki/Edgar_Allan_Poe</idno>
               <idno type="URL" subtype="schnitzler-interviews">https://schnitzler-interviews.acdh.oeaw.ac.at/pmb12428.html</idno>
               <idno type="URL" subtype="pmb">https://pmb.acdh.oeaw.ac.at/entity/161712/</idno>
               <idno type="URL" subtype="bahr-tsn">https://bahr-textverzeichnis.acdh.oeaw.ac.at/TSN-listperson.html#pmb12428</idno>
               <listBibl>
                  <bibl type="collections" n="12">Fackel</bibl>
                  <bibl type="collections" n="16">Bahr Textverzeichnis</bibl>
               </listBibl>
               <note type="references"> </note>
               <figure>
                  <graphic url="https://commons.wikimedia.org/w/index.php?title=Special:Redirect/file/Edgar%20Allan%20Poe%2C%20circa%201849%2C%20restored%2C%20squared%20off.jpg"/>
               </figure>
            </person>
            <person xml:id="pmb12265">
               <persName>
                  <forename>Friedrich</forename>
                  <surname>Mitterwurzer</surname>
               </persName>
               <persName type="legacy-name-merge">Mitterwurzer, Friedrich</persName>
               <birth>
                  <date when-iso="1844-10-16">16.10.1844</date>
                  <settlement key="866">
                     <placeName type="pref">Dresden</placeName>
                     <location>
                        <geo>51,0833 13,7666</geo>
                     </location>
                  </settlement>
               </birth>
               <death>
                  <date when-iso="1897-02-13">13.02.1897</date>
                  <settlement key="50">
                     <placeName type="pref">Wien</placeName>
                     <location>
                        <geo>48,2066 16,37341</geo>
                     </location>
                  </settlement>
               </death>
               <sex value="male"/>
               <occupation key="105">Schauspieler/Schauspielerin</occupation>
               <idno type="URL" subtype="gnd">https://d-nb.info/gnd/117064858</idno>
               <idno type="URL" subtype="schnitzler-tagebuch">https://schnitzler-tagebuch.acdh.oeaw.ac.at/person_18190.html</idno>
               <idno type="URL" subtype="schnitzler-bahr">https://schnitzler-bahr.acdh.oeaw.ac.at/pmb12265.html</idno>
               <idno type="URL" subtype="pmb">https://pmb.acdh.oeaw.ac.at/entity/12265/</idno>
               <idno type="URL" subtype="schnitzler-briefe">https://schnitzler-briefe.acdh.oeaw.ac.at/pmb12265.html</idno>
               <idno type="URL" subtype="bahr-textverzeichnis">https://bahr-textverzeichnis.acdh.oeaw.ac.at/pmb12265.html</idno>
               <idno type="URL" subtype="fackel">https://fackel.oeaw.ac.at/?p=fackelp43852</idno>
               <idno type="URL" subtype="dritte-walpurgisnacht">https://kraus1933.ace.oeaw.ac.at/Gesamt.xml?template=register_personen.html&amp;letter=M#DWpers0167</idno>
               <idno type="URL" subtype="wikidata">http://www.wikidata.org/entity/Q90165</idno>
               <idno type="URL" subtype="wikipedia">https://de.wikipedia.org/wiki/Friedrich_Mitterwurzer</idno>
               <idno type="URL" subtype="oebl">https://doi.org/10.1553/0x00283074</idno>
               <idno type="URL" subtype="schnitzler-kino">https://schnitzler-kino.acdh.oeaw.ac.at/pmb12265.html</idno>
               <idno type="URL" subtype="pmb">https://pmb.acdh.oeaw.ac.at/entity/161355/</idno>
               <idno type="URL" subtype="bahr-tsn">https://bahr-textverzeichnis.acdh.oeaw.ac.at/TSN-listperson.html#pmb12265</idno>
               <idno type="URL" subtype="schnitzler-interviews">https://schnitzler-interviews.acdh.oeaw.ac.at/pmb12265.html</idno>
               <listEvent>
                  <event key="94350" when-iso="1885-11-23">
                     <desc n="1256">ist Arbeitskraft bei</desc>
                     <label>Uraufführung von Tabarin, 23.11.1885</label>
                     <idno type="URL" subtype="pmb">https://pmb.acdh.oeaw.ac.at/entity/94350/</idno>
                  </event>
                  <event key="63085" when-iso="1889-05-04">
                     <desc n="1256">ist Arbeitskraft bei</desc>
                     <label>Premiere von Der Schierling, Uraufführung von Im Bunde der Dritte,
                           Der Flüchtling, 4.5.1889</label>
                     <idno type="URL" subtype="pmb">https://pmb.acdh.oeaw.ac.at/entity/63085/</idno>
                  </event>
                  <event key="142819" when-iso="1892-05-21">
                     <desc n="1256">ist Arbeitskraft bei</desc>
                     <label>Aufführung von Thermidor, 21.5.1892</label>
                     <idno type="URL" subtype="pmb">https://pmb.acdh.oeaw.ac.at/entity/142819/</idno>
                  </event>
                  <event key="94354" when-iso="1895-05-02">
                     <desc n="1256">ist Arbeitskraft bei</desc>
                     <label>Premiere von Tabarin und Verbotene Früchte, 2.5.1895</label>
                     <idno type="URL" subtype="pmb">https://pmb.acdh.oeaw.ac.at/entity/94354/</idno>
                  </event>
                  <event key="94377" when-iso="1895-05-07">
                     <desc n="1256">ist Arbeitskraft bei</desc>
                     <label>Aufführung von Tabarin, Die Wespe, 7.5.1895</label>
                     <idno type="URL" subtype="pmb">https://pmb.acdh.oeaw.ac.at/entity/94377/</idno>
                  </event>
                  <event key="35203" when-iso="1895-10-09">
                     <desc n="1256">ist Arbeitskraft bei</desc>
                     <label>Uraufführung von Liebelei, Premiere von Rechte der Seele,
                           9.10.1895</label>
                     <idno type="URL" subtype="pmb">https://pmb.acdh.oeaw.ac.at/entity/35203/</idno>
                  </event>
                  <event key="42426" when-iso="1895-10-10">
                     <desc n="1256">ist Arbeitskraft bei</desc>
                     <label>2. Aufführung von Liebelei, 10.10.1895</label>
                     <idno type="URL" subtype="pmb">https://pmb.acdh.oeaw.ac.at/entity/42426/</idno>
                  </event>
                  <event key="42439" when-iso="1895-11-11">
                     <desc n="1256">ist Arbeitskraft bei</desc>
                     <label>Uraufführung von Das Glück im Winkel, 11.11.1895</label>
                     <idno type="URL" subtype="pmb">https://pmb.acdh.oeaw.ac.at/entity/42439/</idno>
                  </event>
                  <event key="144876" when-iso="1896-02-03">
                     <desc n="1256">ist Arbeitskraft bei</desc>
                     <label>Matinee, 3.2.1896</label>
                     <idno type="URL" subtype="pmb">https://pmb.acdh.oeaw.ac.at/entity/144876/</idno>
                  </event>
               </listEvent>
               <listBibl>
                  <bibl type="collections" n="10">Karl Kraus 1933: Dritte Walpurgisnacht</bibl>
                  <bibl type="collections" n="12">Fackel</bibl>
                  <bibl type="collections" n="15">Schnitzler-Kino</bibl>
                  <bibl type="collections" n="16">Bahr Textverzeichnis</bibl>
               </listBibl>
               <figure>
                  <graphic url="https://commons.wikimedia.org/w/index.php?title=Special:Redirect/file/Friedrich%20Mitterwurzer%20by%20Alois%20Reissacher.jpg"/>
               </figure>
            </person>
            <person xml:id="pmb13068">
               <persName>
                  <forename>Frank</forename>
                  <surname>Wedekind</surname>
               </persName>
               <persName type="legacy-name-merge">Wedekind, Frank</persName>
               <birth>
                  <date when-iso="1864-07-24">24.07.1864</date>
                  <settlement key="890">
                     <placeName type="pref">Hannover</placeName>
                     <location>
                        <geo>52,37052 9,73322</geo>
                     </location>
                  </settlement>
               </birth>
               <death>
                  <date when-iso="1918-03-09">09.03.1918</date>
                  <settlement key="45258">
                     <placeName type="pref">München</placeName>
                     <location>
                        <geo>48,13743 11,57549</geo>
                     </location>
                  </settlement>
               </death>
               <sex value="male"/>
               <occupation key="90">Schriftsteller/Schriftstellerin</occupation>
               <occupation key="105">Schauspieler/Schauspielerin</occupation>
               <idno type="URL" subtype="gnd">https://d-nb.info/gnd/118629867</idno>
               <idno type="URL" subtype="schnitzler-tagebuch">https://schnitzler-tagebuch.acdh.oeaw.ac.at/person_21130.html</idno>
               <idno type="URL" subtype="schnitzler-bahr">https://schnitzler-bahr.acdh.oeaw.ac.at/pmb13068.html</idno>
               <idno type="URL" subtype="pmb">https://pmb.acdh.oeaw.ac.at/entity/13068/</idno>
               <idno type="URL" subtype="schnitzler-briefe">https://schnitzler-briefe.acdh.oeaw.ac.at/pmb13068.html</idno>
               <idno type="URL" subtype="schnitzler-lektueren">https://schnitzler-lektueren.acdh.oeaw.ac.at/pmb13068.html</idno>
               <idno type="URL" subtype="legalkraus">https://kraus.wienbibliothek.at/register/personen/pmb13068</idno>
               <idno type="URL" subtype="fackel">https://fackel.oeaw.ac.at/?p=fackelp43433</idno>
               <idno type="URL" subtype="dritte-walpurgisnacht">https://kraus1933.ace.oeaw.ac.at/Gesamt.xml?template=register_personen.html&amp;letter=W#DWpers0250</idno>
               <idno type="URL" subtype="wikidata">http://www.wikidata.org/entity/Q57619</idno>
               <idno type="URL" subtype="wikipedia">https://de.wikipedia.org/wiki/Frank_Wedekind</idno>
               <idno type="URL" subtype="schnitzler-kino">https://schnitzler-kino.acdh.oeaw.ac.at/pmb13068.html</idno>
               <idno type="URL" subtype="bahr-textverzeichnis">https://bahr-textverzeichnis.acdh.oeaw.ac.at/pmb13068.html</idno>
               <idno type="URL" subtype="pmb">https://pmb.acdh.oeaw.ac.at/entity/162749/</idno>
               <idno type="URL" subtype="bahr-tsn">https://bahr-textverzeichnis.acdh.oeaw.ac.at/TSN-listperson.html#pmb13068</idno>
               <idno type="URL" subtype="schnitzler-interviews">https://schnitzler-interviews.acdh.oeaw.ac.at/pmb13068.html</idno>
               <listEvent>
                  <event key="143202" when-iso="1901-11-16">
                     <desc n="1256">ist Arbeitskraft bei</desc>
                     <label>Generalprobe Jung-Wiener Theater zum Lieben Augustin,
                           16.11.1901</label>
                     <idno type="URL" subtype="pmb">https://pmb.acdh.oeaw.ac.at/entity/143202/</idno>
                  </event>
                  <event key="144203" when-iso="1901-11-16">
                     <desc n="1256">ist Arbeitskraft bei</desc>
                     <label>Eröffnungsveranstaltung Jung-Wiener-Theater »Zum lieben Augustin«,
                           16.11.1901</label>
                     <idno type="URL" subtype="pmb">https://pmb.acdh.oeaw.ac.at/entity/144203/</idno>
                  </event>
                  <event key="42714" when-iso="1905-05-29">
                     <desc n="1256">ist Arbeitskraft bei</desc>
                     <label>Geschlossene Aufführung Die Büchse der Pandora, 29.5.1905</label>
                     <idno type="URL" subtype="pmb">https://pmb.acdh.oeaw.ac.at/entity/42714/</idno>
                  </event>
               </listEvent>
               <listBibl>
                  <bibl type="collections" n="5">legalkraus</bibl>
                  <bibl type="collections" n="10">Karl Kraus 1933: Dritte Walpurgisnacht</bibl>
                  <bibl type="collections" n="12">Fackel</bibl>
                  <bibl type="collections" n="16">Bahr Textverzeichnis</bibl>
               </listBibl>
               <note type="references"> </note>
               <figure>
                  <graphic url="https://commons.wikimedia.org/w/index.php?title=Special:Redirect/file/Frank%20Wedekind.jpg"/>
               </figure>
            </person>
            <person xml:id="pmb11981">
               <persName>
                  <forename>Leopold</forename>
                  <surname>Kramer</surname>
               </persName>
               <birth>
                  <date when-iso="1869-09-29">29.09.1869</date>
                  <settlement key="652">
                     <placeName type="pref">Prag</placeName>
                     <location>
                        <geo>50,08333 14,46667</geo>
                     </location>
                  </settlement>
               </birth>
               <death>
                  <date when-iso="1942-10-29">29.10.1942</date>
                  <settlement key="50">
                     <placeName type="pref">Wien</placeName>
                     <location>
                        <geo>48,2066 16,37341</geo>
                     </location>
                  </settlement>
               </death>
               <sex value="male"/>
               <occupation key="103">Theaterleiter/Theaterleiterin</occupation>
               <occupation key="105">Schauspieler/Schauspielerin</occupation>
               <idno type="URL" subtype="gnd">https://d-nb.info/gnd/116376309</idno>
               <idno type="URL" subtype="schnitzler-tagebuch">https://schnitzler-tagebuch.acdh.oeaw.ac.at/person_17087.html</idno>
               <idno type="URL" subtype="schnitzler-bahr">https://schnitzler-bahr.acdh.oeaw.ac.at/pmb11981.html</idno>
               <idno type="URL" subtype="pmb">https://pmb.acdh.oeaw.ac.at/entity/11981/</idno>
               <idno type="URL" subtype="schnitzler-briefe">https://schnitzler-briefe.acdh.oeaw.ac.at/pmb11981.html</idno>
               <idno type="URL" subtype="legalkraus">https://kraus.wienbibliothek.at/register/personen/pmb11981</idno>
               <idno type="URL" subtype="fackel">https://fackel.oeaw.ac.at/?p=fackelp48819</idno>
               <idno type="URL" subtype="oebl">https://doi.org/10.1553/0x00282450</idno>
               <idno type="URL" subtype="wikidata">http://www.wikidata.org/entity/Q106287778</idno>
               <idno type="URL" subtype="wikidata">http://www.wikidata.org/entity/Q115028</idno>
               <idno type="URL" subtype="wikipedia">https://de.wikipedia.org/wiki/Leopold_Kramer</idno>
               <idno type="URL" subtype="schnitzler-kino">https://schnitzler-kino.acdh.oeaw.ac.at/pmb11981.html</idno>
               <idno type="URL" subtype="wiengeschichtewiki">https://www.geschichtewiki.wien.gv.at/Leopold_Kramer</idno>
               <idno type="URL" subtype="bahr-textverzeichnis">https://bahr-textverzeichnis.acdh.oeaw.ac.at/pmb11981.html</idno>
               <affiliation notBefore-iso="1918-01-01"
                            when-iso="1918-01-01"
                            notAfter-iso="1918-12-31">
                  <term key="1182">arbeitet für</term>
                  <orgName key="37080">Neues Deutsches Theater</orgName>
                  <idno type="URL" subtype="pmb">https://pmb.acdh.oeaw.ac.at/entity/37080/</idno>
                  <idno type="URL" subtype="legalkraus">https://kraus.wienbibliothek.at/register/institutionen/pmb37080</idno>
                  <idno type="URL" subtype="wikidata">http://www.wikidata.org/entity/Q521155</idno>
                  <idno type="URL" subtype="wikipedia">https://de.wikipedia.org/wiki/St%C3%A4ndetheater</idno>
               </affiliation>
               <listEvent>
                  <event key="46600" when-iso="1897-11-20">
                     <desc n="1256">ist Arbeitskraft bei</desc>
                     <label>Uraufführung von Die Bürgermeisterwahl, 20.11.1897</label>
                     <idno type="URL" subtype="pmb">https://pmb.acdh.oeaw.ac.at/entity/46600/</idno>
                  </event>
                  <event key="45952" when-iso="1898-01-16">
                     <desc n="1256">ist Arbeitskraft bei</desc>
                     <label>Premiere von Abschiedssouper, Uraufführung Weihnachtseinkäufe,
                           16.1.1898</label>
                     <idno type="URL" subtype="pmb">https://pmb.acdh.oeaw.ac.at/entity/45952/</idno>
                  </event>
                  <event key="143045" when-iso="1898-10-08">
                     <desc n="1256">ist Arbeitskraft bei</desc>
                     <label>Premiere von Mutter Erde, 8.10.1898</label>
                     <idno type="URL" subtype="pmb">https://pmb.acdh.oeaw.ac.at/entity/143045/</idno>
                  </event>
                  <event key="143042" when-iso="1898-11-11">
                     <desc n="1256">ist Arbeitskraft bei</desc>
                     <label>Aufführung von Im weißen Rössl, 11.11.1898</label>
                     <idno type="URL" subtype="pmb">https://pmb.acdh.oeaw.ac.at/entity/143042/</idno>
                  </event>
                  <event key="35185" when-iso="1909-12-11">
                     <desc n="1256">ist Arbeitskraft bei</desc>
                     <label>Premiere von Der Ruf des Lebens, 11.12.1909</label>
                     <idno type="URL" subtype="pmb">https://pmb.acdh.oeaw.ac.at/entity/35185/</idno>
                  </event>
                  <event key="35247" when-iso="1910-12-03">
                     <desc n="1256">ist Arbeitskraft bei</desc>
                     <label>Uraufführung von Anatol, 3.12.1910</label>
                     <idno type="URL" subtype="pmb">https://pmb.acdh.oeaw.ac.at/entity/35247/</idno>
                  </event>
                  <event key="47397" when-iso="1912-02-10">
                     <desc n="1256">ist Arbeitskraft bei</desc>
                     <label>Premiere von Marionetten, 10.2.1912</label>
                     <idno type="URL" subtype="pmb">https://pmb.acdh.oeaw.ac.at/entity/47397/</idno>
                  </event>
                  <event key="148379" when-iso="1912-03-16">
                     <desc n="1256">ist Arbeitskraft bei</desc>
                     <label>Uraufführung Das stärkere Band, 16.3.1912</label>
                     <idno type="URL" subtype="pmb">https://pmb.acdh.oeaw.ac.at/entity/148379/</idno>
                  </event>
                  <event key="35427" when-iso="1917-11-14">
                     <desc n="1256">ist Arbeitskraft bei</desc>
                     <label>Uraufführung von Fink und Fliederbusch, 14.11.1917</label>
                     <idno type="URL" subtype="pmb">https://pmb.acdh.oeaw.ac.at/entity/35427/</idno>
                  </event>
               </listEvent>
               <listBibl>
                  <bibl type="collections" n="5">legalkraus</bibl>
                  <bibl type="collections" n="11">ÖBL nach 1850 geboren</bibl>
                  <bibl type="collections" n="12">Fackel</bibl>
               </listBibl>
            </person>
            <person xml:id="pmb26628">
               <persName>
                  <forename>Claire</forename>
                  <surname>Wallentin</surname>
               </persName>
               <birth>
                  <date when-iso="1878-01-03">03.01.1878</date>
                  <settlement key="50">
                     <placeName type="pref">Wien</placeName>
                     <location>
                        <geo>48,2066 16,37341</geo>
                     </location>
                  </settlement>
               </birth>
               <death>
                  <date when-iso="1934-02-12">12.02.1934</date>
                  <settlement key="44699">
                     <placeName type="pref">Perchtoldsdorf</placeName>
                     <location>
                        <geo>48,11895 16,25736</geo>
                     </location>
                  </settlement>
               </death>
               <sex value="female"/>
               <occupation key="105">Schauspieler/Schauspielerin</occupation>
               <idno type="URL" subtype="schnitzler-tagebuch">https://schnitzler-tagebuch.acdh.oeaw.ac.at/person_21068.html</idno>
               <idno type="URL" subtype="pmb">https://pmb.acdh.oeaw.ac.at/entity/26628/</idno>
               <idno type="URL" subtype="fackel">https://fackel.oeaw.ac.at/?p=fackelp55204</idno>
               <idno type="URL" subtype="bahr-textverzeichnis">https://bahr-textverzeichnis.acdh.oeaw.ac.at/pmb26628.html</idno>
               <listEvent>
                  <event key="48470" when-iso="1905-04-13">
                     <desc n="1256">ist Arbeitskraft bei</desc>
                     <label>Uraufführung von Rat Schrimpf, 13.4.1905</label>
                     <idno type="URL" subtype="pmb">https://pmb.acdh.oeaw.ac.at/entity/48470/</idno>
                  </event>
                  <event key="60472" when-iso="1910-04-14">
                     <desc n="1256">ist Arbeitskraft bei</desc>
                     <label>Premiere von Die Wespe, 14.4.1910</label>
                     <idno type="URL" subtype="pmb">https://pmb.acdh.oeaw.ac.at/entity/60472/</idno>
                  </event>
               </listEvent>
            </person>
            <person xml:id="pmb18489">
               <persName>
                  <forename>Hans</forename>
                  <surname>Homma</surname>
               </persName>
               <persName type="legacy-name-merge">Homma, Hans</persName>
               <birth>
                  <date when-iso="1874-04-22">22.04.1874</date>
                  <settlement key="50">
                     <placeName type="pref">Wien</placeName>
                     <location>
                        <geo>48,2066 16,37341</geo>
                     </location>
                  </settlement>
               </birth>
               <death>
                  <date when-iso="1943-05-08">08.05.1943</date>
                  <settlement key="50">
                     <placeName type="pref">Wien</placeName>
                     <location>
                        <geo>48,2066 16,37341</geo>
                     </location>
                  </settlement>
               </death>
               <sex value="male"/>
               <occupation key="105">Schauspieler/Schauspielerin</occupation>
               <idno type="URL" subtype="schnitzler-tagebuch">https://schnitzler-tagebuch.acdh.oeaw.ac.at/person_16342.html</idno>
               <idno type="URL" subtype="pmb">https://pmb.acdh.oeaw.ac.at/entity/18489/</idno>
               <idno type="URL" subtype="fackel">https://fackel.oeaw.ac.at/?p=fackelp46247</idno>
               <idno type="URL" subtype="pmb">https://pmb.acdh.oeaw.ac.at/entity/97132/</idno>
               <idno type="URL" subtype="gnd">https://d-nb.info/gnd/116975857</idno>
               <idno type="URL" subtype="oebl">https://doi.org/10.1553/0x00281ac1</idno>
               <idno type="URL" subtype="wikidata">http://www.wikidata.org/entity/Q992815</idno>
               <idno type="URL" subtype="wikipedia">https://de.wikipedia.org/wiki/Hans_Homma</idno>
               <idno type="URL" subtype="bahr-textverzeichnis">https://bahr-textverzeichnis.acdh.oeaw.ac.at/pmb18489.html</idno>
               <idno type="URL" subtype="schnitzler-interviews">https://schnitzler-interviews.acdh.oeaw.ac.at/pmb18489.html</idno>
               <listEvent>
                  <event key="35185" when-iso="1909-12-11">
                     <desc n="1256">ist Arbeitskraft bei</desc>
                     <label>Premiere von Der Ruf des Lebens, 11.12.1909</label>
                     <idno type="URL" subtype="pmb">https://pmb.acdh.oeaw.ac.at/entity/35185/</idno>
                  </event>
                  <event key="47397" when-iso="1912-02-10">
                     <desc n="1256">ist Arbeitskraft bei</desc>
                     <label>Premiere von Marionetten, 10.2.1912</label>
                     <idno type="URL" subtype="pmb">https://pmb.acdh.oeaw.ac.at/entity/47397/</idno>
                  </event>
                  <event key="41620" when-iso="1918-12-21">
                     <desc n="1256">ist Arbeitskraft bei</desc>
                     <label>Premiere von Professor Bernhardi, 21.12.1918</label>
                     <idno type="URL" subtype="pmb">https://pmb.acdh.oeaw.ac.at/entity/41620/</idno>
                  </event>
               </listEvent>
               <listBibl>
                  <bibl type="collections" n="11">ÖBL nach 1850 geboren</bibl>
                  <bibl type="collections" n="12">Fackel</bibl>
               </listBibl>
               <figure>
                  <graphic url="https://commons.wikimedia.org/w/index.php?title=Special:Redirect/file/Hans%20Homma%20als%20%E2%80%9EFalstaff%E2%80%9C%20im%20Deutschen%20Volkstheater%201906%20R.%20Krziwanek.png"/>
               </figure>
            </person>
            <person xml:id="pmb4179">
               <persName>
                  <forename>Eugen</forename>
                  <surname>Jensen</surname>
               </persName>
               <persName type="namensvariante">Jacobsen</persName>
               <persName type="legacy-name-merge">Jensen, Eugen</persName>
               <birth>
                  <date when-iso="1871-01-26">26.1.1871</date>
                  <settlement key="50">
                     <placeName type="pref">Wien</placeName>
                     <location>
                        <geo>48,2066 16,37341</geo>
                     </location>
                  </settlement>
               </birth>
               <death>
                  <date when-iso="1957-11-23">23.11.1957</date>
                  <settlement key="45258">
                     <placeName type="pref">München</placeName>
                     <location>
                        <geo>48,13743 11,57549</geo>
                     </location>
                  </settlement>
               </death>
               <sex value="male"/>
               <occupation key="105">Schauspieler/Schauspielerin</occupation>
               <idno type="URL" subtype="schnitzler-bahr">https://schnitzler-bahr.acdh.oeaw.ac.at/pmb4179.html</idno>
               <idno type="URL" subtype="pmb">https://pmb.acdh.oeaw.ac.at/entity/4179/</idno>
               <idno type="URL" subtype="legalkraus">https://kraus.wienbibliothek.at/register/personen/pmb4179</idno>
               <idno type="URL" subtype="fackel">https://fackel.oeaw.ac.at/?p=fackelp42978</idno>
               <idno type="URL" subtype="wikidata">http://www.wikidata.org/entity/Q1372641</idno>
               <idno type="URL" subtype="wikipedia">https://de.wikipedia.org/wiki/Eugen_Jensen</idno>
               <idno type="URL" subtype="gnd">https://d-nb.info/gnd/137455666</idno>
               <idno type="URL" subtype="schnitzler-tagebuch">https://schnitzler-tagebuch.acdh.oeaw.ac.at/person_16537.html</idno>
               <idno type="URL" subtype="bahr-textverzeichnis">https://bahr-textverzeichnis.acdh.oeaw.ac.at/pmb4179.html</idno>
               <listEvent>
                  <event key="35406" when-iso="1898-11-18">
                     <desc n="1256">ist Arbeitskraft bei</desc>
                     <label>Premiere von Juana und Abschiedssouper, 18.11.1898</label>
                     <idno type="URL" subtype="pmb">https://pmb.acdh.oeaw.ac.at/entity/35406/</idno>
                  </event>
               </listEvent>
               <listBibl>
                  <bibl type="collections" n="5">legalkraus</bibl>
                  <bibl type="collections" n="12">Fackel</bibl>
               </listBibl>
               <figure>
                  <graphic url="https://commons.wikimedia.org/w/index.php?title=Special:Redirect/file/Eugen%20Jensen%201898.jpg"/>
               </figure>
            </person>
            <person xml:id="pmb17109">
               <persName>
                  <forename>Josefine</forename>
                  <surname>Glöckner</surname>
               </persName>
               <persName type="person_ehename_nachname">Kramer</persName>
               <persName type="person_rufname">Pepi</persName>
               <persName type="legacy-name-merge">Glöckner, Josefine</persName>
               <persName type="legacy-name-merge">Glöckner, Josefine</persName>
               <birth>
                  <date when-iso="1874-01-17">17.01.1874</date>
                  <settlement key="168">
                     <placeName type="pref">Berlin</placeName>
                     <location>
                        <geo>52,52437 13,41053</geo>
                     </location>
                  </settlement>
                  <settlement key="168">
                     <placeName type="pref">Berlin</placeName>
                     <location>
                        <geo>52,52437 13,41053</geo>
                     </location>
                  </settlement>
               </birth>
               <death>
                  <date when-iso="1954-02-21">21.02.1954</date>
                  <settlement key="50">
                     <placeName type="pref">Wien</placeName>
                     <location>
                        <geo>48,2066 16,37341</geo>
                     </location>
                  </settlement>
                  <settlement key="50">
                     <placeName type="pref">Wien</placeName>
                     <location>
                        <geo>48,2066 16,37341</geo>
                     </location>
                  </settlement>
               </death>
               <sex value="female"/>
               <occupation key="105">Schauspieler/Schauspielerin</occupation>
               <idno type="URL" subtype="schnitzler-tagebuch">https://schnitzler-tagebuch.acdh.oeaw.ac.at/person_15469.html</idno>
               <idno type="URL" subtype="schnitzler-bahr">https://schnitzler-bahr.acdh.oeaw.ac.at/pmb17109.html</idno>
               <idno type="URL" subtype="pmb">https://pmb.acdh.oeaw.ac.at/entity/17109/</idno>
               <idno type="URL" subtype="schnitzler-briefe">https://schnitzler-briefe.acdh.oeaw.ac.at/pmb17109.html</idno>
               <idno type="URL" subtype="fackel">https://fackel.oeaw.ac.at/?p=fackelp51341</idno>
               <idno type="URL" subtype="gnd">https://d-nb.info/gnd/126523568</idno>
               <idno type="URL" subtype="wikidata">http://www.wikidata.org/entity/Q1706215</idno>
               <idno type="URL" subtype="wikipedia">https://de.wikipedia.org/wiki/Josefine_Kramer-Gl%C3%B6ckner</idno>
               <idno type="URL" subtype="bahr-textverzeichnis">https://bahr-textverzeichnis.acdh.oeaw.ac.at/pmb17109.html</idno>
               <idno type="URL" subtype="pmb">https://pmb.acdh.oeaw.ac.at/entity/160228/</idno>
               <idno type="URL" subtype="bahr-tsn">https://bahr-textverzeichnis.acdh.oeaw.ac.at/TSN-listperson.html#pmb17109</idno>
               <listEvent>
                  <event key="46600" when-iso="1897-11-20">
                     <desc n="1256">ist Arbeitskraft bei</desc>
                     <label>Uraufführung von Die Bürgermeisterwahl, 20.11.1897</label>
                     <idno type="URL" subtype="pmb">https://pmb.acdh.oeaw.ac.at/entity/46600/</idno>
                  </event>
                  <event key="143042" when-iso="1898-11-11">
                     <desc n="1256">ist Arbeitskraft bei</desc>
                     <label>Aufführung von Im weißen Rössl, 11.11.1898</label>
                     <idno type="URL" subtype="pmb">https://pmb.acdh.oeaw.ac.at/entity/143042/</idno>
                  </event>
                  <event key="143219" when-iso="1901-07-03">
                     <desc n="1256">ist Arbeitskraft bei</desc>
                     <label>Aufführung von Abschiedssouper, Eine Vereinsschwester,
                           3.7.1901</label>
                     <idno type="URL" subtype="pmb">https://pmb.acdh.oeaw.ac.at/entity/143219/</idno>
                  </event>
                  <event key="35215" when-iso="1909-01-05">
                     <desc n="1256">ist Arbeitskraft bei</desc>
                     <label>Premiere von Liebelei, deutschsprachige Uraufführung von Komtesse
                           Mizzi, 5.1.1909</label>
                     <idno type="URL" subtype="pmb">https://pmb.acdh.oeaw.ac.at/entity/35215/</idno>
                  </event>
                  <event key="47397" when-iso="1912-02-10">
                     <desc n="1256">ist Arbeitskraft bei</desc>
                     <label>Premiere von Marionetten, 10.2.1912</label>
                     <idno type="URL" subtype="pmb">https://pmb.acdh.oeaw.ac.at/entity/47397/</idno>
                  </event>
               </listEvent>
               <listBibl>
                  <bibl type="collections" n="12">Fackel</bibl>
                  <bibl type="collections" n="16">Bahr Textverzeichnis</bibl>
               </listBibl>
               <note type="references"> </note>
               <figure>
                  <graphic url="https://commons.wikimedia.org/w/index.php?title=Special:Redirect/file/Josefine%20Kramer-Gl%C3%B6ckner%201925.jpg"/>
               </figure>
            </person>
            <person xml:id="pmb11153">
               <persName>
                  <forename>Charles</forename>
                  <surname>Dickens</surname>
               </persName>
               <persName type="legacy-name-merge">Dickens, Charles</persName>
               <birth>
                  <date when-iso="1812-02-07">07.02.1812</date>
                  <settlement key="11154">
                     <placeName type="pref">Landport</placeName>
                     <location>
                        <geo>50,80892 -1,08576</geo>
                     </location>
                  </settlement>
               </birth>
               <death>
                  <date when-iso="1870-06-09">09.06.1870</date>
                  <settlement key="47947">
                     <placeName type="pref">Rochester</placeName>
                     <location>
                        <geo>51,38764 0,50546</geo>
                     </location>
                  </settlement>
               </death>
               <sex value="male"/>
               <occupation key="90">Schriftsteller/Schriftstellerin</occupation>
               <idno type="URL" subtype="gnd">https://d-nb.info/gnd/118525239</idno>
               <idno type="URL" subtype="schnitzler-tagebuch">https://schnitzler-tagebuch.acdh.oeaw.ac.at/person_14439.html</idno>
               <idno type="URL" subtype="pmb">https://pmb.acdh.oeaw.ac.at/entity/11153/</idno>
               <idno type="URL" subtype="schnitzler-lektueren">https://schnitzler-lektueren.acdh.oeaw.ac.at/pmb11153.html</idno>
               <idno type="URL" subtype="fackel">https://fackel.oeaw.ac.at/?p=fackelp39888</idno>
               <idno type="URL" subtype="wikidata">http://www.wikidata.org/entity/Q5686</idno>
               <idno type="URL" subtype="wikipedia">https://de.wikipedia.org/wiki/Charles_Dickens</idno>
               <idno type="URL" subtype="bahr-textverzeichnis">https://bahr-textverzeichnis.acdh.oeaw.ac.at/pmb11153.html</idno>
               <idno type="URL" subtype="pmb">https://pmb.acdh.oeaw.ac.at/entity/159777/</idno>
               <idno type="URL" subtype="bahr-tsn">https://bahr-textverzeichnis.acdh.oeaw.ac.at/TSN-listperson.html#pmb11153</idno>
               <idno type="URL" subtype="schnitzler-interviews">https://schnitzler-interviews.acdh.oeaw.ac.at/pmb11153.html</idno>
               <idno type="URL" subtype="hanslick-online">https://hanslick.acdh.oeaw.ac.at/hsl_person_id_3071.html</idno>
               <listBibl>
                  <bibl type="collections" n="12">Fackel</bibl>
                  <bibl type="collections" n="16">Bahr Textverzeichnis</bibl>
               </listBibl>
               <note type="references"> </note>
               <figure>
                  <graphic url="https://commons.wikimedia.org/w/index.php?title=Special:Redirect/file/Dickens%20Gurney%20head.jpg"/>
               </figure>
            </person>
            <person xml:id="pmb24702">
               <persName>
                  <forename>Franz von</forename>
                  <surname>Schönthan-Pernwald</surname>
               </persName>
               <persName type="person_geburtsname_vorname">Franz</persName>
               <persName type="person_geburtsname_nachname">Schönthan von Pernwaldt</persName>
               <persName type="legacy-name-merge">Schönthan, Franz von</persName>
               <persName type="legacy-name-merge">Schönthan, Franz von, Edler von
                     Pernwald</persName>
               <persName type="legacy-name-merge">Schönthan, Franz von</persName>
               <persName type="legacy-name-merge">Schönthan, Franz, Edler von Pernwald</persName>
               <birth>
                  <date when-iso="1849-06-20">20.06.1849</date>
                  <settlement key="50">
                     <placeName type="pref">Wien</placeName>
                     <location>
                        <geo>48,2066 16,37341</geo>
                     </location>
                  </settlement>
               </birth>
               <death>
                  <date when-iso="1913-12-02">02.12.1913</date>
                  <settlement key="50">
                     <placeName type="pref">Wien</placeName>
                     <location>
                        <geo>48,2066 16,37341</geo>
                     </location>
                  </settlement>
               </death>
               <sex value="male"/>
               <occupation key="90">Schriftsteller/Schriftstellerin</occupation>
               <idno type="URL" subtype="schnitzler-tagebuch">https://schnitzler-tagebuch.acdh.oeaw.ac.at/person_19853.html</idno>
               <idno type="URL" subtype="bahr-textverzeichnis">https://bahr-textverzeichnis.acdh.oeaw.ac.at/pmb24702.html</idno>
               <idno type="URL" subtype="schnitzler-bahr">https://schnitzler-bahr.acdh.oeaw.ac.at/pmb24702.html</idno>
               <idno type="URL" subtype="pmb">https://pmb.acdh.oeaw.ac.at/entity/24702/</idno>
               <idno type="URL" subtype="schnitzler-briefe">https://schnitzler-briefe.acdh.oeaw.ac.at/pmb24702.html</idno>
               <idno type="URL" subtype="fackel">https://fackel.oeaw.ac.at/?p=fackelp43593</idno>
               <idno type="URL" subtype="gnd">https://d-nb.info/gnd/116889292</idno>
               <idno type="URL" subtype="wikidata">http://www.wikidata.org/entity/Q114579</idno>
               <idno type="URL" subtype="wikipedia">https://de.wikipedia.org/wiki/Franz_von_Sch%C3%B6nthan</idno>
               <idno type="URL" subtype="oebl">https://doi.org/10.1553/0x002844f5</idno>
               <idno type="URL" subtype="bahr-textverzeichnis">https://bahr-textverzeichnis.acdh.oeaw.ac.at/pmb154455.html</idno>
               <idno type="URL" subtype="pmb">https://pmb.acdh.oeaw.ac.at/entity/154455/</idno>
               <idno type="URL" subtype="pmb">https://pmb.acdh.oeaw.ac.at/entity/162219/</idno>
               <idno type="URL" subtype="pmb">https://pmb.acdh.oeaw.ac.at/entity/162220/</idno>
               <idno type="URL" subtype="bahr-tsn">https://bahr-textverzeichnis.acdh.oeaw.ac.at/TSN-listperson.html#pmb24702</idno>
               <listBibl>
                  <bibl type="collections" n="12">Fackel</bibl>
                  <bibl type="collections" n="16">Bahr Textverzeichnis</bibl>
               </listBibl>
               <figure>
                  <graphic url="https://commons.wikimedia.org/w/index.php?title=Special:Redirect/file/Franz%20von%20Sch%C3%B6nthan%201909%20Pietzner.png"/>
               </figure>
            </person>
            <person xml:id="pmb154001">
               <persName>
                  <forename>William</forename>
                  <surname>Gilette</surname>
               </persName>
               <birth>
                  <date notBefore-iso="1853-01-01"
                        when-iso="1853-01-01"
                        notAfter-iso="1853-12-31">1853</date>
               </birth>
               <death>
                  <date when-iso="1937-01-01" notAfter-iso="1937-12-31">1937</date>
               </death>
               <sex value="not-set"/>
               <idno type="URL" subtype="pmb">https://pmb.acdh.oeaw.ac.at/entity/154001/</idno>
               <idno type="URL" subtype="bahr-textverzeichnis">https://bahr-textverzeichnis.acdh.oeaw.ac.at/pmb154001.html</idno>
               <listBibl>
                  <bibl type="collections" n="16">Bahr Textverzeichnis</bibl>
               </listBibl>
            </person>
            <person xml:id="pmb153972">
               <persName>
                  <forename>Elsa</forename>
                  <surname>Galafrés</surname>
               </persName>
               <birth>
                  <date notBefore-iso="1880-01-01"
                        when-iso="1880-01-01"
                        notAfter-iso="1880-12-31">1880</date>
               </birth>
               <death>
                  <date when-iso="1977-01-01" notAfter-iso="1977-12-31">1977</date>
               </death>
               <sex value="not-set"/>
               <occupation key="105">Schauspieler/Schauspielerin</occupation>
               <idno type="URL" subtype="pmb">https://pmb.acdh.oeaw.ac.at/entity/153972/</idno>
               <idno type="URL" subtype="bahr-textverzeichnis">https://bahr-textverzeichnis.acdh.oeaw.ac.at/pmb153972.html</idno>
               <listBibl>
                  <bibl type="collections" n="16">Bahr Textverzeichnis</bibl>
               </listBibl>
            </person>
            <person xml:id="pmb154002">
               <persName>
                  <surname>Höfer</surname>
               </persName>
               <sex value="not-set"/>
               <occupation key="105">Schauspieler/Schauspielerin</occupation>
               <idno type="URL" subtype="pmb">https://pmb.acdh.oeaw.ac.at/entity/154002/</idno>
               <idno type="URL" subtype="bahr-textverzeichnis">https://bahr-textverzeichnis.acdh.oeaw.ac.at/pmb154002.html</idno>
               <listBibl>
                  <bibl type="collections" n="16">Bahr Textverzeichnis</bibl>
               </listBibl>
            </person>
         </listPerson>
      </back>
   </text>
</TEI>
