<?xml version="1.0" encoding="UTF-8"?>
<TEI xmlns="http://www.tei-c.org/ns/1.0"
     xmlns:tei="http://www.tei-c.org/ns/1.0"
     xml:id="pmb122723.xml"
     prev="pmb31145"
     next="pmb122703">
   <teiHeader>
      <fileDesc>
         <titleStmt>
            <title level="s">Hermann Bahr – Textverzeichnis</title>
            <title level="a">Theater, Kunst und Literatur.
                     Raimund-Theater</title>
            <title type="iso-date">1904-09-02</title>
            <respStmt>
               <resp>providing the content</resp>
               <name>Martin Anton Müller</name>
            </respStmt>
            <respStmt>
               <resp>converted to XML encoding</resp>
               <name>Martin Anton Müller</name>
            </respStmt>
         </titleStmt>
         <publicationStmt>
            <publisher>Austrian Centre for Digital Humanities and Cultural
                                    Heritage (ACDH-CH)</publisher>
            <date>2024-03-19+01:00</date>
            <idno type="URI">https://id.acdh.oeaw.ac.at/bahr-textverzeichnis/pmb122723.xml</idno>
         </publicationStmt>
         <sourceDesc>
            <p>Bibliografische Angaben eines in Druck erschienen Texts von
                                    Bahr</p>
         </sourceDesc>
      </fileDesc>
   </teiHeader>
   <text>
      <body>
         <div type="bibliografische-angabe">
            <biblStruct xml:id="pmb122723"
                        type="Journal-Article"
                        subtype="Nachtkritik"
                        status="checked"
                        prev="pmb31145"
                        next="pmb122703">
               <analytic>
                  <author ref="pmb10815">H. B.</author>
                  <title level="a" ref="pmb122723">Theater, Kunst und Literatur.
                     Raimund-Theater</title>
               </analytic>
               <monogr>
                  <title level="j" ref="pmb41321">Neues Wiener Tagblatt</title>
                  <imprint>
                     <biblScope unit="jg">38</biblScope>
                     <biblScope unit="issue">243</biblScope>
                     <biblScope unit="page">10</biblScope>
                     <date when="1904-09-02">2.9.1904</date>
                  </imprint>
               </monogr>
               <note type="review-of">
                  <bibl>
                     <title level="m">Glücksnarren</title>
                     <author>Karl Costa</author>
                     <note>Musik von Max von Weinzierl</note>
                  </bibl>
               </note>
               <note type="incipit">Des braven (wenn man in die Jahre kommt, heißt man plötzlich
                  »brav«; es erlebt’s nur nicht jeder) Costa treffliche (nach einiger Zeit sind die
                  Stücke plötzlich »trefflich«, aber es erlebt’s auch nicht jedes) »Glücksnarren«
                  haben gestern sehr gefallen.</note>
               <ref type="personenindex">
                  <listRef>
                     <ptr type="pmb" target="pmb15112"/>
                     <ptr type="pmb" target="pmb2680"/>
                     <ptr type="pmb" target="pmb11441"/>
                     <ptr type="pmb" target="pmb26754"/>
                     <ptr type="pmb" target="pmb2246"/>
                     <ptr type="pmb" target="pmb12504"/>
                     <ptr type="pmb" target="pmb47093"/>
                     <ptr type="pmb" target="pmb154039"/>
                     <ptr type="pmb" target="pmb154040"/>
                     <ptr type="pmb" target="pmb154041"/>
                     <ptr type="pmb" target="pmb154036"/>
                  </listRef>
               </ref>
               <ref type="URL">https://anno.onb.ac.at/cgi-content/anno?aid=nwg&amp;datum=19040902&amp;seite=10</ref>
               <noteGrp type="keywords">
                  <note type="Journal-Article">Artikel in einem Periodikum</note>
                  <note subtype="Nachtkritik">Nachtkritik</note>
               </noteGrp>
               <note type="bibliographical-statement">H. B.: Theater, Kunst und Literatur.
                  Raimund-Theater. In: Neues Wiener Tagblatt, Jg. 38, Nr. 243, 2.9.1904,
                  S. 10.</note>
            </biblStruct>
         </div>
      </body>
      <back>
         <listPerson>
            <person xml:id="pmb15112">
               <persName>
                  <forename>Karl</forename>
                  <surname>Costa</surname>
               </persName>
               <persName type="person_geburtsname_nachname">Kostia</persName>
               <birth>
                  <date when-iso="1832-02-02">02.02.1832</date>
                  <settlement key="50">
                     <placeName type="pref">Wien</placeName>
                     <location>
                        <geo>48,2066 16,37341</geo>
                     </location>
                  </settlement>
               </birth>
               <death>
                  <date when-iso="1907-10-11">11.10.1907</date>
                  <settlement key="50">
                     <placeName type="pref">Wien</placeName>
                     <location>
                        <geo>48,2066 16,37341</geo>
                     </location>
                  </settlement>
               </death>
               <sex value="male"/>
               <occupation key="90">Schriftsteller/Schriftstellerin</occupation>
               <idno type="URL" subtype="schnitzler-tagebuch">https://schnitzler-tagebuch.acdh.oeaw.ac.at/person_14285.html</idno>
               <idno type="URL" subtype="pmb">https://pmb.acdh.oeaw.ac.at/entity/15112/</idno>
               <idno type="URL" subtype="schnitzler-briefe">https://schnitzler-briefe.acdh.oeaw.ac.at/pmb15112.html</idno>
               <idno type="URL" subtype="schnitzler-interviews">https://schnitzler-interviews.acdh.oeaw.ac.at/pmb15112.html</idno>
               <idno type="URL" subtype="bahr-textverzeichnis">https://bahr-textverzeichnis.acdh.oeaw.ac.at/pmb15112.html</idno>
            </person>
            <person xml:id="pmb2680">
               <persName>
                  <forename>Katharina</forename>
                  <surname>Schratt</surname>
               </persName>
               <persName type="person_ehename_nachname">Kiss von Ittebe</persName>
               <persName type="legacy-name-merge">Schratt, Katharina</persName>
               <persName type="legacy-name-merge">Schratt, Katharina</persName>
               <birth>
                  <date when-iso="1853-09-11">11.09.1853</date>
                  <settlement key="662">
                     <placeName type="pref">Baden bei Wien</placeName>
                     <location>
                        <geo>48,00543 16,23264</geo>
                     </location>
                  </settlement>
               </birth>
               <death>
                  <date when-iso="1940-04-17">17.04.1940</date>
                  <settlement key="50">
                     <placeName type="pref">Wien</placeName>
                     <location>
                        <geo>48,2066 16,37341</geo>
                     </location>
                  </settlement>
               </death>
               <sex value="female"/>
               <occupation key="105">Schauspieler/Schauspielerin</occupation>
               <idno type="URL" subtype="gnd">https://d-nb.info/gnd/118759280</idno>
               <idno type="URL" subtype="schnitzler-bahr">https://schnitzler-bahr.acdh.oeaw.ac.at/pmb2680.html</idno>
               <idno type="URL" subtype="pmb">https://pmb.acdh.oeaw.ac.at/entity/2680/</idno>
               <idno type="URL" subtype="pmb">https://pmb.acdh.oeaw.ac.at/entity/24486/</idno>
               <idno type="URL" subtype="bahr-textverzeichnis">https://bahr-textverzeichnis.acdh.oeaw.ac.at/pmb2680.html</idno>
               <idno type="URL" subtype="fackel">https://fackel.oeaw.ac.at/?p=fackelp47718</idno>
               <idno type="URL" subtype="oebl">https://doi.org/10.1553/0x0028458d</idno>
               <idno type="URL" subtype="wikidata">http://www.wikidata.org/entity/Q78534</idno>
               <idno type="URL" subtype="wikipedia">https://de.wikipedia.org/wiki/Katharina_Schratt</idno>
               <idno type="URL" subtype="schnitzler-interviews">https://schnitzler-interviews.acdh.oeaw.ac.at/pmb2680.html</idno>
               <idno type="URL" subtype="pmb">https://pmb.acdh.oeaw.ac.at/entity/162162/</idno>
               <idno type="URL" subtype="schnitzler-tagebuch">https://schnitzler-tagebuch.acdh.oeaw.ac.at/person_19877.html</idno>
               <idno type="URL" subtype="bahr-tsn">https://bahr-textverzeichnis.acdh.oeaw.ac.at/TSN-listperson.html#pmb2680</idno>
               <idno type="URL" subtype="hanslick-online">https://hanslick.acdh.oeaw.ac.at/hsl_person_id_4239.html</idno>
               <listEvent>
                  <event key="88011" when-iso="1894-10-22">
                     <desc n="1256">ist Arbeitskraft bei</desc>
                     <label>Aufführung von Minna von Barnhelm, 22.10.1894</label>
                     <idno type="URL" subtype="pmb">https://pmb.acdh.oeaw.ac.at/entity/88011/</idno>
                  </event>
                  <event key="35385" when-iso="1898-11-30">
                     <desc n="1256">ist Arbeitskraft bei</desc>
                     <label>Premiere von Das Vermächtnis, 30.11.1898</label>
                     <idno type="URL" subtype="pmb">https://pmb.acdh.oeaw.ac.at/entity/35385/</idno>
                  </event>
                  <event key="35479" when-iso="1899-03-01">
                     <desc n="1256">ist Arbeitskraft bei</desc>
                     <label>Uraufführung von Der grüne Kakadu – Paracelsus – Die Gefährtin. Drei
                           Einakter, 1.3.1899</label>
                     <idno type="URL" subtype="pmb">https://pmb.acdh.oeaw.ac.at/entity/35479/</idno>
                  </event>
                  <event key="141417" when-iso="1899-12-17">
                     <desc n="1256">ist Arbeitskraft bei</desc>
                     <label>Aufführung von Der Verschwender, 17.12.1899</label>
                     <idno type="URL" subtype="pmb">https://pmb.acdh.oeaw.ac.at/entity/141417/</idno>
                  </event>
               </listEvent>
               <listBibl>
                  <bibl type="collections" n="11">ÖBL nach 1850 geboren</bibl>
                  <bibl type="collections" n="12">Fackel</bibl>
                  <bibl type="collections" n="16">Bahr Textverzeichnis</bibl>
               </listBibl>
               <note type="references">None </note>
               <figure>
                  <graphic url="https://commons.wikimedia.org/w/index.php?title=Special:Redirect/file/Katharina%20Schratt%20im%20Abendkleid.jpg"/>
               </figure>
            </person>
            <person xml:id="pmb11441">
               <persName>
                  <forename>Alexander</forename>
                  <surname>Girardi</surname>
               </persName>
               <persName type="legacy-name-merge">Girardi, Alexander</persName>
               <birth>
                  <date when-iso="1850-12-05">05.12.1850</date>
                  <settlement key="860">
                     <placeName type="pref">Graz</placeName>
                     <location>
                        <geo>47,06667 15,43333</geo>
                     </location>
                  </settlement>
               </birth>
               <death>
                  <date when-iso="1918-04-20">20.04.1918</date>
                  <settlement key="50">
                     <placeName type="pref">Wien</placeName>
                     <location>
                        <geo>48,2066 16,37341</geo>
                     </location>
                  </settlement>
               </death>
               <sex value="male"/>
               <occupation key="105">Schauspieler/Schauspielerin</occupation>
               <idno type="URL" subtype="schnitzler-tagebuch">https://schnitzler-tagebuch.acdh.oeaw.ac.at/person_15442.html</idno>
               <idno type="URL" subtype="schnitzler-bahr">https://schnitzler-bahr.acdh.oeaw.ac.at/pmb11441.html</idno>
               <idno type="URL" subtype="pmb">https://pmb.acdh.oeaw.ac.at/entity/11441/</idno>
               <idno type="URL" subtype="legalkraus">https://kraus.wienbibliothek.at/register/personen/pmb11441</idno>
               <idno type="URL" subtype="bahr-textverzeichnis">https://bahr-textverzeichnis.acdh.oeaw.ac.at/pmb11441.html</idno>
               <idno type="URL" subtype="fackel">https://fackel.oeaw.ac.at/?p=fackelp37978</idno>
               <idno type="URL" subtype="oebl">https://doi.org/10.1553/0x002817da</idno>
               <idno type="URL" subtype="wikidata">http://www.wikidata.org/entity/Q45302</idno>
               <idno type="URL" subtype="wikipedia">https://de.wikipedia.org/wiki/Alexander_Girardi</idno>
               <idno type="URL" subtype="oeml">https://dx.doi.org/10.1553/0x0001cf1f</idno>
               <idno type="URL" subtype="schnitzler-interviews">https://schnitzler-interviews.acdh.oeaw.ac.at/pmb11441.html</idno>
               <idno type="URL" subtype="gnd">https://d-nb.info/gnd/11869510X</idno>
               <idno type="URL" subtype="pmb">https://pmb.acdh.oeaw.ac.at/entity/160217/</idno>
               <idno type="URL" subtype="bahr-tsn">https://bahr-textverzeichnis.acdh.oeaw.ac.at/TSN-listperson.html#pmb11441</idno>
               <idno type="URL" subtype="hanslick-online">https://hanslick.acdh.oeaw.ac.at/hsl_person_id_3683.html</idno>
               <listEvent>
                  <event key="89234" when-iso="1888-01-28">
                     <desc n="1256">ist Arbeitskraft bei</desc>
                     <label>Premiere von Die Hochzeit des Reservisten, 28.1.1888</label>
                     <idno type="URL" subtype="pmb">https://pmb.acdh.oeaw.ac.at/entity/89234/</idno>
                  </event>
                  <event key="143042" when-iso="1898-11-11">
                     <desc n="1256">ist Arbeitskraft bei</desc>
                     <label>Aufführung von Im weißen Rössl, 11.11.1898</label>
                     <idno type="URL" subtype="pmb">https://pmb.acdh.oeaw.ac.at/entity/143042/</idno>
                  </event>
                  <event key="143820" when-iso="1900-04-15">
                     <desc n="1370">teilgenommen an</desc>
                     <label>Bankett für Ludwig Speidel, 15.4.1900</label>
                     <idno type="URL" subtype="pmb">https://pmb.acdh.oeaw.ac.at/entity/143820/</idno>
                  </event>
                  <event key="56931" when-iso="1910-12-23">
                     <desc n="1256">ist Arbeitskraft bei</desc>
                     <label>Uraufführung von Mein junger Herr, 23.12.1910</label>
                     <idno type="URL" subtype="pmb">https://pmb.acdh.oeaw.ac.at/entity/56931/</idno>
                  </event>
                  <event key="56915" when-iso="1912-03-17">
                     <desc n="1256">ist Arbeitskraft bei</desc>
                     <label>Premiere Der tapfere Kassian (Singspiel), 17.3.1912</label>
                     <idno type="URL" subtype="pmb">https://pmb.acdh.oeaw.ac.at/entity/56915/</idno>
                  </event>
                  <event key="47517" when-iso="1912-11-17">
                     <desc n="1256">ist Arbeitskraft bei</desc>
                     <label>Hauptmann-Bankett der Concordia, 17.11.1912</label>
                     <idno type="URL" subtype="pmb">https://pmb.acdh.oeaw.ac.at/entity/47517/</idno>
                  </event>
               </listEvent>
               <listBibl>
                  <bibl type="collections" n="5">legalkraus</bibl>
                  <bibl type="collections" n="11">ÖBL nach 1850 geboren</bibl>
                  <bibl type="collections" n="12">Fackel</bibl>
                  <bibl type="collections" n="16">Bahr Textverzeichnis</bibl>
               </listBibl>
               <figure>
                  <graphic url="https://commons.wikimedia.org/w/index.php?title=Special:Redirect/file/AlexanderGirardiJung.jpg"/>
               </figure>
            </person>
            <person xml:id="pmb26754">
               <persName>
                  <surname>Wehle</surname>
               </persName>
               <sex value="not-set"/>
               <idno type="URL" subtype="schnitzler-tagebuch">https://schnitzler-tagebuch.acdh.oeaw.ac.at/person_21137.html</idno>
               <idno type="URL" subtype="pmb">https://pmb.acdh.oeaw.ac.at/entity/26754/</idno>
               <idno type="URL" subtype="bahr-textverzeichnis">https://bahr-textverzeichnis.acdh.oeaw.ac.at/pmb26754.html</idno>
            </person>
            <person xml:id="pmb2246">
               <persName>
                  <forename>Robert von</forename>
                  <surname>Balajthy</surname>
               </persName>
               <birth>
                  <date when-iso="1855-10-30">30.10.1855</date>
                  <settlement key="50">
                     <placeName type="pref">Wien</placeName>
                     <location>
                        <geo>48,2066 16,37341</geo>
                     </location>
                  </settlement>
               </birth>
               <death>
                  <date when-iso="1924-08-30">30.08.1924</date>
                  <settlement key="50">
                     <placeName type="pref">Wien</placeName>
                     <location>
                        <geo>48,2066 16,37341</geo>
                     </location>
                  </settlement>
               </death>
               <sex value="male"/>
               <occupation key="105">Schauspieler/Schauspielerin</occupation>
               <idno type="URL" subtype="gnd">https://d-nb.info/gnd/143866354</idno>
               <idno type="URL" subtype="schnitzler-tagebuch">https://schnitzler-tagebuch.acdh.oeaw.ac.at/person_13383.html</idno>
               <idno type="URL" subtype="schnitzler-bahr">https://schnitzler-bahr.acdh.oeaw.ac.at/pmb2246.html</idno>
               <idno type="URL" subtype="pmb">https://pmb.acdh.oeaw.ac.at/entity/2246/</idno>
               <idno type="URL" subtype="schnitzler-briefe">https://schnitzler-briefe.acdh.oeaw.ac.at/pmb2246.html</idno>
               <idno type="URL" subtype="fackel">https://fackel.oeaw.ac.at/?p=fackelp38682</idno>
               <idno type="URL" subtype="oebl">https://doi.org/10.1553/0x00280f01</idno>
               <idno type="URL" subtype="wikidata">http://www.wikidata.org/entity/Q2156419</idno>
               <idno type="URL" subtype="wikipedia">https://de.wikipedia.org/wiki/Robert_von_Balajthy</idno>
               <idno type="URL" subtype="bahr-textverzeichnis">https://bahr-textverzeichnis.acdh.oeaw.ac.at/pmb2246.html</idno>
               <listEvent>
                  <event key="35251" when-iso="1910-11-24">
                     <desc n="1256">ist Arbeitskraft bei</desc>
                     <label>Uraufführung von Der junge Medardus, 24.11.1910</label>
                     <idno type="URL" subtype="pmb">https://pmb.acdh.oeaw.ac.at/entity/35251/</idno>
                  </event>
                  <event key="88534" when-iso="1911-10-14">
                     <desc n="1256">ist Arbeitskraft bei</desc>
                     <label>Premiere von Das weite Land, 14.10.1911 [I.]</label>
                     <idno type="URL" subtype="pmb">https://pmb.acdh.oeaw.ac.at/entity/35364/</idno>
                     <idno type="URL" subtype="pmb">https://pmb.acdh.oeaw.ac.at/entity/88534/</idno>
                  </event>
               </listEvent>
               <listBibl>
                  <bibl type="collections" n="11">ÖBL nach 1850 geboren</bibl>
                  <bibl type="collections" n="12">Fackel</bibl>
               </listBibl>
               <figure>
                  <graphic url="https://commons.wikimedia.org/w/index.php?title=Special:Redirect/file/Robert%20von%20Balajthy%201893%20Vilimek.jpg"/>
               </figure>
            </person>
            <person xml:id="pmb12504">
               <persName>
                  <forename>Max</forename>
                  <surname>Reinhardt</surname>
               </persName>
               <persName type="person_geburtsname_nachname">Goldmann</persName>
               <persName type="legacy-name-merge">Reinhardt, Max</persName>
               <birth>
                  <date when-iso="1873-09-09">09.09.1873</date>
                  <settlement key="662">
                     <placeName type="pref">Baden bei Wien</placeName>
                     <location>
                        <geo>48,00543 16,23264</geo>
                     </location>
                  </settlement>
               </birth>
               <death>
                  <date when-iso="1943-10-30">30.10.1943</date>
                  <settlement key="44053">
                     <placeName type="pref">New York City</placeName>
                     <location>
                        <geo>40,71427 -74,00597</geo>
                     </location>
                  </settlement>
               </death>
               <sex value="male"/>
               <occupation key="103">Theaterleiter/Theaterleiterin</occupation>
               <occupation key="104">Regisseur/Regisseurin</occupation>
               <occupation key="105">Schauspieler/Schauspielerin</occupation>
               <idno type="URL" subtype="gnd">https://d-nb.info/gnd/118599380</idno>
               <idno type="URL" subtype="schnitzler-tagebuch">https://schnitzler-tagebuch.acdh.oeaw.ac.at/person_19154.html</idno>
               <idno type="URL" subtype="schnitzler-bahr">https://schnitzler-bahr.acdh.oeaw.ac.at/pmb12504.html</idno>
               <idno type="URL" subtype="pmb">https://pmb.acdh.oeaw.ac.at/entity/12504/</idno>
               <idno type="URL" subtype="schnitzler-briefe">https://schnitzler-briefe.acdh.oeaw.ac.at/pmb12504.html</idno>
               <idno type="URL" subtype="legalkraus">https://kraus.wienbibliothek.at/register/personen/pmb12504</idno>
               <idno type="URL" subtype="fackel">https://fackel.oeaw.ac.at/?p=fackelp49966</idno>
               <idno type="URL" subtype="dritte-walpurgisnacht">https://kraus1933.ace.oeaw.ac.at/Gesamt.xml?template=register_personen.html&amp;letter=R#DWpers0195</idno>
               <idno type="URL" subtype="oebl">https://doi.org/10.1553/0x002840f0</idno>
               <idno type="URL" subtype="wikidata">http://www.wikidata.org/entity/Q78639</idno>
               <idno type="URL" subtype="wikipedia">https://de.wikipedia.org/wiki/Max_Reinhardt</idno>
               <idno type="URL" subtype="oeml">https://dx.doi.org/10.1553/0x0001decb</idno>
               <idno type="URL" subtype="schnitzler-kino">https://schnitzler-kino.acdh.oeaw.ac.at/pmb12504.html</idno>
               <idno type="URL" subtype="schnitzler-interviews">https://schnitzler-interviews.acdh.oeaw.ac.at/pmb12504.html</idno>
               <idno type="URL" subtype="bahr-textverzeichnis">https://bahr-textverzeichnis.acdh.oeaw.ac.at/pmb12504.html</idno>
               <idno type="URL" subtype="pmb">https://pmb.acdh.oeaw.ac.at/entity/161833/</idno>
               <idno type="URL" subtype="bahr-tsn">https://bahr-textverzeichnis.acdh.oeaw.ac.at/TSN-listperson.html#pmb12504</idno>
               <affiliation notBefore-iso="1902-01-01"
                            when-iso="1902-01-01"
                            notAfter-iso="1902-12-31">
                  <term key="1409">besitzt</term>
                  <orgName key="45417">Reinhardt-Bühnen</orgName>
                  <idno type="URL" subtype="pmb">https://pmb.acdh.oeaw.ac.at/entity/45417/</idno>
                  <idno type="URL" subtype="wikidata">http://www.wikidata.org/entity/Q2141170</idno>
                  <idno type="URL" subtype="wikipedia">https://de.wikipedia.org/wiki/Reinhardt-B%C3%BChnen</idno>
               </affiliation>
               <affiliation notBefore-iso="1905-10-01"
                            when-iso="1905-10-01"
                            notAfter-iso="1905-10-31">
                  <term key="1182">arbeitet für</term>
                  <orgName key="35597">Deutsches Theater Berlin</orgName>
                  <idno type="URL" subtype="wikidata">http://www.wikidata.org/entity/Q703955</idno>
                  <idno type="URL" subtype="gnd">https://d-nb.info/gnd/4058252-8</idno>
                  <idno type="URL" subtype="pmb">https://pmb.acdh.oeaw.ac.at/entity/35597/</idno>
                  <idno type="URL" subtype="schnitzler-briefe">https://schnitzler-briefe.acdh.oeaw.ac.at/pmb35597.html</idno>
                  <idno type="URL" subtype="legalkraus">https://kraus.wienbibliothek.at/register/institutionen/pmb35597</idno>
                  <idno type="URL" subtype="wikipedia">https://de.wikipedia.org/wiki/Deutsches_Theater_Berlin</idno>
                  <idno type="URL" subtype="schnitzler-interviews">https://schnitzler-interviews.acdh.oeaw.ac.at/pmb35597.html</idno>
               </affiliation>
               <affiliation notBefore-iso="1909-01-01"
                            when-iso="1909-01-01"
                            notAfter-iso="1909-12-31">
                  <term key="1409">besitzt</term>
                  <orgName key="47607">Münchner Künstlertheater</orgName>
                  <idno type="URL" subtype="pmb">https://pmb.acdh.oeaw.ac.at/entity/47607/</idno>
                  <idno type="URL" subtype="schnitzler-briefe">https://schnitzler-briefe.acdh.oeaw.ac.at/pmb47607.html</idno>
               </affiliation>
               <affiliation>
                  <term key="1409">besitzt</term>
                  <orgName key="118599">Schall und Rauch</orgName>
                  <idno type="URL" subtype="pmb">https://pmb.acdh.oeaw.ac.at/entity/118599/</idno>
                  <idno type="URL" subtype="gnd">https://d-nb.info/gnd/2082127-X</idno>
               </affiliation>
               <affiliation>
                  <term key="1182">arbeitet für</term>
                  <orgName key="142554">Secessionsbühne</orgName>
                  <idno type="URL" subtype="pmb">https://pmb.acdh.oeaw.ac.at/entity/142554/</idno>
                  <idno type="URL" subtype="wikidata">http://www.wikidata.org/entity/Q106352887</idno>
                  <idno type="URL" subtype="wikipedia">https://de.wikipedia.org/wiki/Secessionsb%C3%BChne</idno>
               </affiliation>
               <listEvent>
                  <event key="40436" when-iso="1893-01-14">
                     <desc n="1256">ist Arbeitskraft bei</desc>
                     <label>Aufführung von Die Räuber, 14.1.1893</label>
                     <idno type="URL" subtype="pmb">https://pmb.acdh.oeaw.ac.at/entity/40436/</idno>
                  </event>
                  <event key="35152" when-iso="1896-11-03">
                     <desc n="1256">ist Arbeitskraft bei</desc>
                     <label>Uraufführung von Freiwild. Schauspiel in 3 Akten, 3.11.1896</label>
                     <idno type="URL" subtype="pmb">https://pmb.acdh.oeaw.ac.at/entity/35152/</idno>
                  </event>
                  <event key="35482" when-iso="1899-04-29">
                     <desc n="1256">ist Arbeitskraft bei</desc>
                     <label>Premiere von Der grüne Kakadu – Paracelsus – Die Gefährtin. Drei
                           Einakter, 29.4.1899</label>
                     <idno type="URL" subtype="pmb">https://pmb.acdh.oeaw.ac.at/entity/35482/</idno>
                  </event>
                  <event key="144171" when-iso="1901-11-27">
                     <desc n="1256">ist Arbeitskraft bei</desc>
                     <label>Uraufführung Der rothe Hahn, 27.11.1901</label>
                     <idno type="URL" subtype="pmb">https://pmb.acdh.oeaw.ac.at/entity/144171/</idno>
                  </event>
                  <event key="35104" when-iso="1902-01-04">
                     <desc n="1256">ist Arbeitskraft bei</desc>
                     <label>Uraufführung von Lebendige Stunden, 4.1.1902</label>
                     <idno type="URL" subtype="pmb">https://pmb.acdh.oeaw.ac.at/entity/35104/</idno>
                  </event>
                  <event key="44934" when-iso="1903-10-30">
                     <desc n="1256">ist Arbeitskraft bei</desc>
                     <label>Uraufführung von Elektra, 30.10.1903</label>
                     <idno type="URL" subtype="pmb">https://pmb.acdh.oeaw.ac.at/entity/44934/</idno>
                  </event>
                  <event key="35167" when-iso="1905-03-10">
                     <desc n="1256">ist Arbeitskraft bei</desc>
                     <label>Uraufführung von Sanna, 10.3.1905</label>
                     <idno type="URL" subtype="pmb">https://pmb.acdh.oeaw.ac.at/entity/35167/</idno>
                  </event>
                  <event key="42037" when-iso="1905-05-15">
                     <desc n="1256">ist Arbeitskraft bei</desc>
                     <label>Premiere von Der Graf von Charolais, 15.5.1905</label>
                     <idno type="URL" subtype="pmb">https://pmb.acdh.oeaw.ac.at/entity/42037/</idno>
                  </event>
                  <event key="147278" when-iso="1905-05-20">
                     <desc n="1256">ist Arbeitskraft bei</desc>
                     <label>Aufführung von Ein Sommernachtstraum, 20.5.1905</label>
                     <idno type="URL" subtype="pmb">https://pmb.acdh.oeaw.ac.at/entity/147278/</idno>
                  </event>
                  <event key="147419" when-iso="1906-03-31">
                     <desc n="1256">ist Arbeitskraft bei</desc>
                     <label>Premiere von Cäsar und Cleopatra, 31.3.1906</label>
                     <idno type="URL" subtype="pmb">https://pmb.acdh.oeaw.ac.at/entity/147419/</idno>
                  </event>
                  <event key="46814" when-iso="1910-02-11">
                     <desc n="1256">ist Arbeitskraft bei</desc>
                     <label>Uraufführung von Cristinas Heimreise, 11.2.1910</label>
                     <idno type="URL" subtype="pmb">https://pmb.acdh.oeaw.ac.at/entity/46814/</idno>
                  </event>
                  <event key="46921" when-iso="1910-09-25">
                     <desc n="1256">ist Arbeitskraft bei</desc>
                     <label>Premiere von König Ödipus, 25.9.1910</label>
                     <idno type="URL" subtype="pmb">https://pmb.acdh.oeaw.ac.at/entity/46921/</idno>
                  </event>
                  <event key="148391" when-iso="1912-09-18">
                     <desc n="1256">ist Arbeitskraft bei</desc>
                     <label>Premiere von Das Mirakel, 18.9.1912</label>
                     <idno type="URL" subtype="pmb">https://pmb.acdh.oeaw.ac.at/entity/148391/</idno>
                  </event>
                  <event key="48402" when-iso="1922-08-12">
                     <desc n="1256">ist Arbeitskraft bei</desc>
                     <label>Uraufführung von Das Salzburger große Welttheater, 12.8.1922</label>
                     <idno type="URL" subtype="pmb">https://pmb.acdh.oeaw.ac.at/entity/48402/</idno>
                  </event>
                  <event key="56623" when-iso="1925-12-23">
                     <desc n="1256">ist Arbeitskraft bei</desc>
                     <label>Premiere von Riviera, 23.12.1925</label>
                     <idno type="URL" subtype="pmb">https://pmb.acdh.oeaw.ac.at/entity/56623/</idno>
                  </event>
               </listEvent>
               <listBibl>
                  <bibl type="collections" n="5">legalkraus</bibl>
                  <bibl type="collections" n="10">Karl Kraus 1933: Dritte Walpurgisnacht</bibl>
                  <bibl type="collections" n="11">ÖBL nach 1850 geboren</bibl>
                  <bibl type="collections" n="12">Fackel</bibl>
                  <bibl type="collections" n="16">Bahr Textverzeichnis</bibl>
               </listBibl>
               <note type="references"> </note>
               <figure>
                  <graphic url="https://commons.wikimedia.org/w/index.php?title=Special:Redirect/file/Max%20Reinhardt.jpg"/>
               </figure>
            </person>
            <person xml:id="pmb47093">
               <persName>
                  <forename>Max</forename>
                  <surname>Weinzierl</surname>
               </persName>
               <persName type="namensvariante">Max von Weinzierl</persName>
               <persName type="legacy-name-merge">Weinzierl, Max</persName>
               <birth>
                  <date when-iso="1841-09-16">1841-09-16</date>
               </birth>
               <death>
                  <date when-iso="1898-07-10">1898-07-10</date>
                  <settlement key="968">
                     <placeName type="pref">Mödling</placeName>
                     <location>
                        <geo>48,08605 16,28921</geo>
                     </location>
                  </settlement>
               </death>
               <sex value="male"/>
               <occupation key="129">Komponist/Komponistin</occupation>
               <idno type="URL" subtype="pmb">https://pmb.acdh.oeaw.ac.at/entity/47093/</idno>
               <idno type="URL" subtype="schnitzler-briefe">https://schnitzler-briefe.acdh.oeaw.ac.at/pmb47093.html</idno>
               <idno type="URL" subtype="pmb">https://pmb.acdh.oeaw.ac.at/entity/148774/</idno>
               <idno type="URL" subtype="wikidata">http://www.wikidata.org/entity/Q20102239</idno>
               <idno type="URL" subtype="gnd">https://d-nb.info/gnd/117276065</idno>
               <idno type="URL" subtype="bahr-textverzeichnis">https://bahr-textverzeichnis.acdh.oeaw.ac.at/pmb148774.html</idno>
               <idno type="URL" subtype="wikipedia">https://de.wikipedia.org/wiki/Max_von_Weinzierl</idno>
               <listBibl>
                  <bibl type="collections" n="16">Bahr Textverzeichnis</bibl>
               </listBibl>
            </person>
            <person xml:id="pmb154039">
               <persName>
                  <forename>Moritz</forename>
                  <surname>Millmann</surname>
               </persName>
               <sex value="not-set"/>
               <occupation key="105">Schauspieler/Schauspielerin</occupation>
               <idno type="URL" subtype="pmb">https://pmb.acdh.oeaw.ac.at/entity/154039/</idno>
               <idno type="URL" subtype="bahr-textverzeichnis">https://bahr-textverzeichnis.acdh.oeaw.ac.at/pmb154039.html</idno>
               <listBibl>
                  <bibl type="collections" n="16">Bahr Textverzeichnis</bibl>
               </listBibl>
            </person>
            <person xml:id="pmb154040">
               <persName>
                  <surname>Paak</surname>
               </persName>
               <sex value="not-set"/>
               <occupation key="105">Schauspieler/Schauspielerin</occupation>
               <idno type="URL" subtype="pmb">https://pmb.acdh.oeaw.ac.at/entity/154040/</idno>
               <idno type="URL" subtype="bahr-textverzeichnis">https://bahr-textverzeichnis.acdh.oeaw.ac.at/pmb154040.html</idno>
               <listBibl>
                  <bibl type="collections" n="16">Bahr Textverzeichnis</bibl>
               </listBibl>
            </person>
            <person xml:id="pmb154041">
               <persName>
                  <surname>Lichten</surname>
               </persName>
               <sex value="not-set"/>
               <occupation key="105">Schauspieler/Schauspielerin</occupation>
               <idno type="URL" subtype="pmb">https://pmb.acdh.oeaw.ac.at/entity/154041/</idno>
               <idno type="URL" subtype="bahr-textverzeichnis">https://bahr-textverzeichnis.acdh.oeaw.ac.at/pmb154041.html</idno>
               <listBibl>
                  <bibl type="collections" n="16">Bahr Textverzeichnis</bibl>
               </listBibl>
            </person>
            <person xml:id="pmb154036">
               <persName>
                  <forename>Johanna »Hansi«</forename>
                  <surname>Niese</surname>
               </persName>
               <birth>
                  <date notBefore-iso="1875-01-01"
                        when-iso="1875-01-01"
                        notAfter-iso="1875-12-31">1875</date>
               </birth>
               <death>
                  <date when-iso="1934-01-01" notAfter-iso="1934-12-31">1934</date>
               </death>
               <sex value="not-set"/>
               <idno type="URL" subtype="bahr-textverzeichnis">https://bahr-textverzeichnis.acdh.oeaw.ac.at/pmb154036.html</idno>
               <idno type="URL" subtype="pmb">https://pmb.acdh.oeaw.ac.at/entity/154036/</idno>
               <listBibl>
                  <bibl type="collections" n="16">Bahr Textverzeichnis</bibl>
               </listBibl>
            </person>
         </listPerson>
      </back>
   </text>
</TEI>
