<?xml version="1.0" encoding="UTF-8"?>
<TEI xmlns="http://www.tei-c.org/ns/1.0"
     xmlns:tei="http://www.tei-c.org/ns/1.0"
     xml:id="pmb122421.xml"
     prev="pmb123901"
     next="pmb134207">
   <teiHeader>
      <fileDesc>
         <titleStmt>
            <title level="s">Hermann Bahr – Textverzeichnis</title>
            <title level="a">Cherchez la femme</title>
            <title type="iso-date">1893-03-12</title>
            <respStmt>
               <resp>providing the content</resp>
               <name>Martin Anton Müller</name>
            </respStmt>
            <respStmt>
               <resp>converted to XML encoding</resp>
               <name>Martin Anton Müller</name>
            </respStmt>
         </titleStmt>
         <publicationStmt>
            <publisher>Austrian Centre for Digital Humanities and Cultural
                                    Heritage (ACDH-CH)</publisher>
            <date>2024-03-19+01:00</date>
            <idno type="URI">https://id.acdh.oeaw.ac.at/bahr-textverzeichnis/pmb122421.xml</idno>
         </publicationStmt>
         <sourceDesc>
            <p>Bibliografische Angaben eines in Druck erschienen Texts von
                                    Bahr</p>
         </sourceDesc>
      </fileDesc>
   </teiHeader>
   <text>
      <body>
         <div type="bibliografische-angabe">
            <biblStruct xml:id="pmb122421"
                        type="Journal-Article"
                        subtype="Glosse"
                        status="checked"
                        prev="pmb123901"
                        next="pmb134207">
               <analytic>
                  <author ref="pmb10815">Mepherl</author>
                  <title level="a" ref="pmb122421">Cherchez la femme</title>
               </analytic>
               <monogr>
                  <title level="j" ref="pmb41471">Deutsche Zeitung</title>
                  <imprint>
                     <biblScope unit="jg">23</biblScope>
                     <biblScope unit="issue">7617, Sonntags-Ausgabe, Beilage</biblScope>
                     <biblScope unit="page">5–6</biblScope>
                     <date when="1893-03-12">12.3.1893</date>
                  </imprint>
               </monogr>
               <note type="incipit">Nun sind wieder alle Kenner des Lebens erfreut</note>
               <ref type="URL">https://bahr.univie.ac.at/sites/all/txt/deutsche-zeitung/767175.pdf</ref>
               <ref type="URL">https://bahr.univie.ac.at/sites/all/txt/deutsche-zeitung/767176.pdf</ref>
               <noteGrp type="keywords">
                  <note type="Journal-Article">Artikel in einem Periodikum</note>
                  <note subtype="Glosse">Glosse</note>
               </noteGrp>
               <note type="bibliographical-statement">Mepherl: Cherchez la femme. In: Deutsche
                  Zeitung, Jg. 23, Nr. 7617, Sonntags-Ausgabe, Beilage, 12.3.1893, S. 5–6.</note>
            </biblStruct>
         </div>
      </body>
      <back/>
   </text>
</TEI>
