<?xml version="1.0" encoding="UTF-8"?>
<TEI xmlns="http://www.tei-c.org/ns/1.0"
     xmlns:tei="http://www.tei-c.org/ns/1.0"
     xml:id="pmb122573.xml"
     prev="pmb141403"
     next="pmb134783">
   <teiHeader>
      <fileDesc>
         <titleStmt>
            <title level="s">Hermann Bahr – Textverzeichnis</title>
            <title level="a">Miscellen. (Gedanken vor einer Ruine)</title>
            <title type="iso-date">1884-03-22</title>
            <respStmt>
               <resp>providing the content</resp>
               <name>Martin Anton Müller</name>
            </respStmt>
            <respStmt>
               <resp>converted to XML encoding</resp>
               <name>Martin Anton Müller</name>
            </respStmt>
         </titleStmt>
         <publicationStmt>
            <publisher>Austrian Centre for Digital Humanities and Cultural
                                    Heritage (ACDH-CH)</publisher>
            <date>2024-03-19+01:00</date>
            <idno type="URI">https://id.acdh.oeaw.ac.at/bahr-textverzeichnis/pmb122573.xml</idno>
         </publicationStmt>
         <sourceDesc>
            <p>Bibliografische Angaben eines in Druck erschienen Texts von
                                    Bahr</p>
         </sourceDesc>
      </fileDesc>
   </teiHeader>
   <text>
      <body>
         <div type="bibliografische-angabe">
            <biblStruct xml:id="pmb122573"
                        type="Journal-Article"
                        subtype="Zweifelhafte_Zuschreibung"
                        status="checked"
                        prev="pmb141403"
                        next="pmb134783">
               <analytic>
                  <author ref="pmb122371">Herman</author>
                  <title level="a" ref="pmb122573">Miscellen. (Gedanken vor einer Ruine)</title>
               </analytic>
               <monogr>
                  <title level="j" ref="pmb122067">Deutsche Wochenschrift</title>
                  <imprint>
                     <biblScope unit="jg">2</biblScope>
                     <biblScope unit="issue">12</biblScope>
                     <biblScope unit="page">7–8</biblScope>
                     <date when="1884-03-22">22.3.1884</date>
                  </imprint>
               </monogr>
               <note>
                  <p>Die kleine literarische Vignette beschreibt sehr poetisch den Abriss des
                     ehemaligen Wohnhauses des Volksvertreter am Schottenring. Hermann [sic!]
                     Nimmervoll vermutet in seiner Hausarbeit (S. 16), dass es sich bei dem »Herman«
                     gezeichneten Text um den ersten Text Bahrs in der »Wochenschrift« handeln
                     könnte. Dagegen können einige Einwände gemacht werden, der stärkste wäre die
                     Verbreitung des Namens »Hermann«, aber auch bezüglich der literarischen
                     Textsorte. Am überzeugendsten dürfte das Ende des Textes den jungen Bahr als
                     Verfasser ausschließen: »Du weißt des Daches aufragende Balken zu deuten: sehen
                     sie sich doch an wie starr gefaltete Hände, die kummervoll zum Himmel sich
                     recken … um zu beten …«</p>
               </note>
               <note type="incipit">Hei, wie sich der warme Frühlingswind um die kahlen Mauern
                  tummelt</note>
               <noteGrp type="keywords">
                  <note type="Journal-Article">Artikel in einem Periodikum</note>
                  <note subtype="Zweifelhafte">Zweifelhafte</note>
                  <note subtype="Zuschreibung">Zuschreibung</note>
               </noteGrp>
               <note type="bibliographical-statement">Herman: Miscellen. (Gedanken vor einer Ruine).
                  In: Deutsche Wochenschrift, Jg. 2, Nr. 12, 22.3.1884, S. 7–8.</note>
            </biblStruct>
         </div>
      </body>
      <back/>
   </text>
</TEI>
