<?xml version="1.0" encoding="UTF-8"?>
<TEI xmlns="http://www.tei-c.org/ns/1.0"
     xmlns:tei="http://www.tei-c.org/ns/1.0"
     xml:id="pmb122393.xml"
     prev="pmb30083"
     next="HB-tv_3742">
   <teiHeader>
      <fileDesc>
         <titleStmt>
            <title level="s">Hermann Bahr – Textverzeichnis</title>
            <title level="a">Eine Unterhaltung mit Hermann Bahr über die
                     Kirche. Nachschrift von Hermann Bahr</title>
            <title type="iso-date">1913</title>
            <respStmt>
               <resp>providing the content</resp>
               <name>Martin Anton Müller</name>
            </respStmt>
            <respStmt>
               <resp>converted to XML encoding</resp>
               <name>Martin Anton Müller</name>
            </respStmt>
         </titleStmt>
         <publicationStmt>
            <publisher>Austrian Centre for Digital Humanities and Cultural
                                    Heritage (ACDH-CH)</publisher>
            <date>2024-03-19+01:00</date>
            <idno type="URI">https://id.acdh.oeaw.ac.at/bahr-textverzeichnis/pmb122393.xml</idno>
         </publicationStmt>
         <sourceDesc>
            <p>Bibliografische Angaben eines in Druck erschienen Texts von
                                    Bahr</p>
         </sourceDesc>
      </fileDesc>
   </teiHeader>
   <text>
      <body>
         <div type="bibliografische-angabe">
            <biblStruct xml:id="pmb122393"
                        type="Journal-Article"
                        subtype="Interview_Nachschrift"
                        status="checked"
                        prev="pmb30083"
                        next="HB-tv_3742">
               <analytic>
                  <author ref="pmb3849">Müller, Johannes</author>
                  <author ref="pmb10815">Bahr, Hermann</author>
                  <title level="a" ref="pmb122393">Eine Unterhaltung mit Hermann Bahr über die
                     Kirche. Nachschrift von Hermann Bahr</title>
               </analytic>
               <monogr>
                  <title level="j" ref="pmb122065">Blätter zur Pflege persönlichen Lebens</title>
                  <imprint>
                     <biblScope unit="jg">16</biblScope>
                     <biblScope unit="issue">4</biblScope>
                     <biblScope unit="page">178–192, hier: 190–192</biblScope>
                     <date when="1913">1913</date>
                  </imprint>
               </monogr>
               <note>
                  <p>Das Heft ist erst im Jänner 1914 erschienen, wofür sich Johannes Müller in
                     seinem mit »20. Januar 1914« datierten »Mitteilungen« (S. 207) rechtfertigt.
                     Der Text beginnt als eine sehr frühe Stellungnahme Bahrs zu seinem neu
                     gefundenen Glauben in Form eines Interviews mit Müller. Nachdem dieser aber
                     unsicher in der Wiedergabe ist, schickt er Bahr den Text, worauf Bahr (S. 189)
                     mit einem Brief eine Nachschrift schickt, die er Müller abzudrucken frei
                     stellt. Bahr streicht heraus, wie sehr der kirchliche Kultus für ihn subjektive
                     Gemeinschafts- und darin Gotterfahrung ist, verweist auf seinen
                     Dostojewski-Aufsatz zum besseren Verständnis und endet damit, dass das auch in
                     der Musik oder Ausbrüchen gemeinsamer Not im Volk spürbar werde, »bei der
                     neunten Symphonie und beim Bayreuther Parsival oder bei Aufzügen streikender
                     Arbeiter.« Im Escher Tageblatt, 1914 #51, 2 wird am 3. März Bahrs Bekehrung mit
                     der Stelle aus »Der Finger Gottes« gegenübergestellt, worin sich Bahr über
                     Bourgets Gottfindung auslässt.</p>
               </note>
               <note type="incipit">Vor allem: ich möchte mehr das Subjektive meiner Äußerungen
                  betont haben.</note>
               <ref type="personenindex">
                  <listRef>
                     <ptr type="pmb" target="pmb11461"/>
                     <ptr type="pmb" target="pmb10866"/>
                     <ptr type="pmb" target="pmb13024"/>
                     <ptr type="pmb" target="pmb4006"/>
                  </listRef>
               </ref>
               <noteGrp type="keywords">
                  <note type="Journal-Article">Artikel in einem Periodikum</note>
                  <note subtype="Interview">Interview</note>
                  <note subtype="Nachschrift">Nachschrift</note>
               </noteGrp>
               <note type="bibliographical-statement">Johannes Müller, Hermann Bahr: Eine
                  Unterhaltung mit Hermann Bahr über die Kirche. Nachschrift von Hermann Bahr. In:
                  Blätter zur Pflege persönlichen Lebens, Jg. 16 (1913) Nr. 4, S. 178–192, hier:
                  190–192.</note>
               <note type="periodica">
                  <bibl type="obsolete">
                     <note>gekürzt</note>
                     <title level="j" ref="pmb42850">Reichspost</title>
                     <biblScope unit="jg">21</biblScope>
                     <date type="year">1914</date>
                     <biblScope unit="issue">82, Morgenblatt</biblScope>
                     <biblScope unit="page">11</biblScope>
                     <date when="1914-02-19">19.2.1914</date>
                     <title level="a" ref="pmb130283">Von Religion und Kultur. Hermann Bahr über die
                        katholische Kirche</title>
                  </bibl>
                  <bibl type="obsolete">
                     <note>Nachdruck</note>
                     <title level="j" ref="pmb122151">Salzburger Volksblatt</title>
                     <biblScope unit="jg">44</biblScope>
                     <date type="year">1914</date>
                     <biblScope unit="issue">42</biblScope>
                     <biblScope unit="page">3–4</biblScope>
                     <date when="1914-02-21">21.2.1914</date>
                     <title level="a" ref="pmb130357">Hermann Bahr über die katholische
                     Kirche</title>
                  </bibl>
               </note>
               <ref type="abdrucke">
                  <listRef>
                     <ptr type="textref" target="pmb130283"/>
                     <ptr type="textref" target="pmb130357"/>
                  </listRef>
               </ref>
            </biblStruct>
         </div>
      </body>
      <back>
         <listPerson>
            <person xml:id="pmb11461">
               <persName>
                  <forename>Johann Wolfgang von</forename>
                  <surname>Goethe</surname>
               </persName>
               <persName type="legacy-name-merge">Goethe, Johann Wolfgang von</persName>
               <birth>
                  <date when-iso="1749-08-28">1749-08-28</date>
                  <settlement key="146">
                     <placeName type="pref">Frankfurt am Main</placeName>
                     <location>
                        <geo>50,11552 8,68417</geo>
                     </location>
                  </settlement>
               </birth>
               <death>
                  <date when-iso="1832-03-22">1832-03-22</date>
                  <settlement key="197">
                     <placeName type="pref">Weimar</placeName>
                     <location>
                        <geo>50,97361 11,33806</geo>
                     </location>
                  </settlement>
               </death>
               <sex value="male"/>
               <occupation key="90">Schriftsteller/Schriftstellerin</occupation>
               <idno type="URL" subtype="gnd">https://d-nb.info/gnd/118540238</idno>
               <idno type="URL" subtype="schnitzler-tagebuch">https://schnitzler-tagebuch.acdh.oeaw.ac.at/person_15499.html</idno>
               <idno type="URL" subtype="bahr-textverzeichnis">https://bahr-textverzeichnis.acdh.oeaw.ac.at/pmb11461.html</idno>
               <idno type="URL" subtype="schnitzler-bahr">https://schnitzler-bahr.acdh.oeaw.ac.at/pmb11461.html</idno>
               <idno type="URL" subtype="pmb">https://pmb.acdh.oeaw.ac.at/entity/11461/</idno>
               <idno type="URL" subtype="schnitzler-briefe">https://schnitzler-briefe.acdh.oeaw.ac.at/pmb11461.html</idno>
               <idno type="URL" subtype="schnitzler-lektueren">https://schnitzler-lektueren.acdh.oeaw.ac.at/pmb11461.html</idno>
               <idno type="URL" subtype="legalkraus">https://kraus.wienbibliothek.at/register/personen/pmb11461</idno>
               <idno type="URL" subtype="fackel">https://fackel.oeaw.ac.at/?p=fackelp46960</idno>
               <idno type="URL" subtype="dritte-walpurgisnacht">https://kraus1933.ace.oeaw.ac.at/Gesamt.xml?template=register_personen.html&amp;letter=G#DWpers0080</idno>
               <idno type="URL" subtype="wikidata">http://www.wikidata.org/entity/Q5879</idno>
               <idno type="URL" subtype="wikipedia">https://de.wikipedia.org/wiki/Johann_Wolfgang_von_Goethe</idno>
               <idno type="URL" subtype="thun-korrespondenz">https://thun-korrespondenz.acdh.oeaw.ac.at/goethe-johann-wolfgang.html</idno>
               <idno type="URL" subtype="freud">https://freud.acdh-dev.oeaw.ac.at/frd_person_24.html</idno>
               <idno type="URL" subtype="schnitzler-kino">https://schnitzler-kino.acdh.oeaw.ac.at/pmb11461.html</idno>
               <idno type="URL" subtype="schnitzler-interviews">https://schnitzler-interviews.acdh.oeaw.ac.at/pmb11461.html</idno>
               <idno type="URL" subtype="pmb">https://pmb.acdh.oeaw.ac.at/entity/160235/</idno>
               <idno type="URL" subtype="bahr-tsn">https://bahr-textverzeichnis.acdh.oeaw.ac.at/TSN-listperson.html#pmb11461</idno>
               <idno type="URL" subtype="hanslick-online">https://hanslick.acdh.oeaw.ac.at/hsl_person_id_100.html</idno>
               <idno type="URL" subtype="auden-musulin-papers">https://amp.acdh.oeaw.ac.at/amp_person_11.html</idno>
               <listBibl>
                  <bibl type="collections" n="5">legalkraus</bibl>
                  <bibl type="collections" n="10">Karl Kraus 1933: Dritte Walpurgisnacht</bibl>
                  <bibl type="collections" n="12">Fackel</bibl>
                  <bibl type="collections" n="16">Bahr Textverzeichnis</bibl>
               </listBibl>
               <figure>
                  <graphic url="https://commons.wikimedia.org/w/index.php?title=Special:Redirect/file/Goethe%20%28Stieler%201828%29.jpg"/>
               </figure>
            </person>
            <person xml:id="pmb10866">
               <persName>
                  <forename>Ludwig van</forename>
                  <surname>Beethoven</surname>
               </persName>
               <persName type="legacy-name-merge">Beethoven, Ludwig van</persName>
               <birth>
                  <date when-iso="1770-12-17">17.12.1770</date>
                  <settlement key="913">
                     <placeName type="pref">Bonn</placeName>
                     <location>
                        <geo>50,73438 7,09549</geo>
                     </location>
                  </settlement>
               </birth>
               <death>
                  <date when-iso="1827-03-26">26.03.1827</date>
                  <settlement key="50">
                     <placeName type="pref">Wien</placeName>
                     <location>
                        <geo>48,2066 16,37341</geo>
                     </location>
                  </settlement>
               </death>
               <sex value="male"/>
               <occupation key="129">Komponist/Komponistin</occupation>
               <idno type="URL" subtype="gnd">https://d-nb.info/gnd/118508288</idno>
               <idno type="URL" subtype="schnitzler-tagebuch">https://schnitzler-tagebuch.acdh.oeaw.ac.at/person_13555.html</idno>
               <idno type="URL" subtype="schnitzler-bahr">https://schnitzler-bahr.acdh.oeaw.ac.at/pmb10866.html</idno>
               <idno type="URL" subtype="pmb">https://pmb.acdh.oeaw.ac.at/entity/10866/</idno>
               <idno type="URL" subtype="schnitzler-briefe">https://schnitzler-briefe.acdh.oeaw.ac.at/pmb10866.html</idno>
               <idno type="URL" subtype="bahr-textverzeichnis">https://bahr-textverzeichnis.acdh.oeaw.ac.at/pmb10866.html</idno>
               <idno type="URL" subtype="fackel">https://fackel.oeaw.ac.at/?p=fackelp49349</idno>
               <idno type="URL" subtype="dritte-walpurgisnacht">https://kraus1933.ace.oeaw.ac.at/Gesamt.xml?template=register_personen.html&amp;letter=B#DWpers0009</idno>
               <idno type="URL" subtype="wikidata">http://www.wikidata.org/entity/Q255</idno>
               <idno type="URL" subtype="wikipedia">https://de.wikipedia.org/wiki/Ludwig_van_Beethoven</idno>
               <idno type="URL" subtype="oebl">https://doi.org/10.1553/0x00280f9a</idno>
               <idno type="URL" subtype="auden-musulin-papers">https://amp.acdh.oeaw.ac.at/amp_person_29.html</idno>
               <idno type="URL" subtype="pmb">https://pmb.acdh.oeaw.ac.at/entity/159312/</idno>
               <idno type="URL" subtype="bahr-tsn">https://bahr-textverzeichnis.acdh.oeaw.ac.at/TSN-listperson.html#pmb10866</idno>
               <idno type="URL" subtype="hanslick-online">https://hanslick.acdh.oeaw.ac.at/hsl_person_id_25.html</idno>
               <affiliation>
                  <term key="1153">in Bezug zu</term>
                  <orgName key="89961">Deutscher Quartettverein in Paris</orgName>
                  <idno type="URL" subtype="pmb">https://pmb.acdh.oeaw.ac.at/entity/89961/</idno>
               </affiliation>
               <listBibl>
                  <bibl type="collections" n="10">Karl Kraus 1933: Dritte Walpurgisnacht</bibl>
                  <bibl type="collections" n="12">Fackel</bibl>
                  <bibl type="collections" n="16">Bahr Textverzeichnis</bibl>
               </listBibl>
               <note type="references"> </note>
               <figure>
                  <graphic url="https://commons.wikimedia.org/w/index.php?title=Special:Redirect/file/Beethoven.jpg"/>
               </figure>
            </person>
            <person xml:id="pmb13024">
               <persName>
                  <forename>Richard</forename>
                  <surname>Wagner</surname>
               </persName>
               <persName type="legacy-name-merge">Wagner, Richard</persName>
               <birth>
                  <date when-iso="1813-05-22">22.05.1813</date>
                  <settlement key="864">
                     <placeName type="pref">Leipzig</placeName>
                     <location>
                        <geo>51,33962 12,37129</geo>
                     </location>
                  </settlement>
               </birth>
               <death>
                  <date when-iso="1883-02-13">13.02.1883</date>
                  <settlement key="462">
                     <placeName type="pref">Venedig</placeName>
                     <location>
                        <geo>45,43713 12,33265</geo>
                     </location>
                  </settlement>
               </death>
               <sex value="male"/>
               <occupation key="129">Komponist/Komponistin</occupation>
               <idno type="URL" subtype="gnd">https://d-nb.info/gnd/118594117</idno>
               <idno type="URL" subtype="schnitzler-tagebuch">https://schnitzler-tagebuch.acdh.oeaw.ac.at/person_21034.html</idno>
               <idno type="URL" subtype="schnitzler-bahr">https://schnitzler-bahr.acdh.oeaw.ac.at/pmb13024.html</idno>
               <idno type="URL" subtype="pmb">https://pmb.acdh.oeaw.ac.at/entity/13024/</idno>
               <idno type="URL" subtype="schnitzler-briefe">https://schnitzler-briefe.acdh.oeaw.ac.at/pmb13024.html</idno>
               <idno type="URL" subtype="legalkraus">https://kraus.wienbibliothek.at/register/personen/pmb13024</idno>
               <idno type="URL" subtype="fackel">https://fackel.oeaw.ac.at/?p=fackelp52212</idno>
               <idno type="URL" subtype="dritte-walpurgisnacht">https://kraus1933.ace.oeaw.ac.at/Gesamt.xml?template=register_personen.html&amp;letter=W#DWpers0247</idno>
               <idno type="URL" subtype="wikidata">http://www.wikidata.org/entity/Q1511</idno>
               <idno type="URL" subtype="wikipedia">https://de.wikipedia.org/wiki/Richard_Wagner</idno>
               <idno type="URL" subtype="schnitzler-interviews">https://schnitzler-interviews.acdh.oeaw.ac.at/pmb13024.html</idno>
               <idno type="URL" subtype="pmb">https://pmb.acdh.oeaw.ac.at/entity/162701/</idno>
               <idno type="URL" subtype="bahr-tsn">https://bahr-textverzeichnis.acdh.oeaw.ac.at/TSN-listperson.html#pmb13024</idno>
               <idno type="URL" subtype="bahr-textverzeichnis">https://bahr-textverzeichnis.acdh.oeaw.ac.at/pmb13024.html</idno>
               <idno type="URL" subtype="hanslick-online">https://hanslick.acdh.oeaw.ac.at/hsl_person_id_319.html</idno>
               <idno type="URL" subtype="auden-musulin-papers">https://amp.acdh.oeaw.ac.at/amp_person_18.html</idno>
               <affiliation notBefore-iso="1889-01-01"
                            when-iso="1889-01-01"
                            notAfter-iso="1889-12-31">
                  <term key="1153">in Bezug zu</term>
                  <orgName key="140860">Richard-Wagner-Verein</orgName>
                  <idno type="URL" subtype="pmb">https://pmb.acdh.oeaw.ac.at/entity/140860/</idno>
                  <idno type="URL" subtype="gnd">http://d-nb.info/gnd/10088364-3</idno>
               </affiliation>
               <listBibl>
                  <bibl type="collections" n="5">legalkraus</bibl>
                  <bibl type="collections" n="10">Karl Kraus 1933: Dritte Walpurgisnacht</bibl>
                  <bibl type="collections" n="12">Fackel</bibl>
                  <bibl type="collections" n="16">Bahr Textverzeichnis</bibl>
               </listBibl>
               <note type="references"> </note>
               <figure>
                  <graphic url="https://commons.wikimedia.org/w/index.php?title=Special:Redirect/file/RichardWagner.jpg"/>
               </figure>
            </person>
            <person xml:id="pmb4006">
               <persName>
                  <forename>Fjodor Mihajlovič</forename>
                  <surname>Dostojevskij</surname>
               </persName>
               <persName type="legacy-name-merge">Dostojewski, Fjodor M.</persName>
               <persName type="legacy-name-merge">Dostojewski, Fjodor</persName>
               <persName type="legacy-name-merge">Dostojewskij, Fjodor Michajlowitsch</persName>
               <birth>
                  <date when-iso="1821-11-11">11.11.1821</date>
                  <settlement key="869">
                     <placeName type="pref">Moskau</placeName>
                     <location>
                        <geo>55,76167 37,60667</geo>
                     </location>
                  </settlement>
               </birth>
               <death>
                  <date when-iso="1881-02-09">09.02.1881</date>
                  <settlement key="433">
                     <placeName type="pref">Sankt Petersburg</placeName>
                     <location>
                        <geo>59,93863 30,31413</geo>
                     </location>
                  </settlement>
               </death>
               <sex value="male"/>
               <occupation key="90">Schriftsteller/Schriftstellerin</occupation>
               <idno type="URL" subtype="gnd">https://d-nb.info/gnd/118527053</idno>
               <idno type="URL" subtype="pmb">https://pmb.acdh.oeaw.ac.at/entity/4006/</idno>
               <idno type="URL" subtype="schnitzler-tagebuch">https://schnitzler-tagebuch.acdh.oeaw.ac.at/person_14500.html</idno>
               <idno type="URL" subtype="schnitzler-briefe">https://schnitzler-briefe.acdh.oeaw.ac.at/pmb4006.html</idno>
               <idno type="URL" subtype="schnitzler-lektueren">https://schnitzler-lektueren.acdh.oeaw.ac.at/pmb4006.html</idno>
               <idno type="URL" subtype="legalkraus">https://kraus.wienbibliothek.at/register/personen/pmb4006</idno>
               <idno type="URL" subtype="bahr-textverzeichnis">https://bahr-textverzeichnis.acdh.oeaw.ac.at/pmb4006.html</idno>
               <idno type="URL" subtype="dritte-walpurgisnacht">https://kraus1933.ace.oeaw.ac.at/Gesamt.xml?template=register_personen.html&amp;letter=D#DWpers0047</idno>
               <idno type="URL" subtype="wikidata">http://www.wikidata.org/entity/Q991</idno>
               <idno type="URL" subtype="fackel">https://fackel.oeaw.ac.at/?p=fackelp43055</idno>
               <idno type="URL" subtype="wikipedia">https://de.wikipedia.org/wiki/Fjodor_Michailowitsch_Dostojewski</idno>
               <idno type="URL" subtype="pmb">https://pmb.acdh.oeaw.ac.at/entity/121641/</idno>
               <idno type="URL" subtype="schnitzler-kino">https://schnitzler-kino.acdh.oeaw.ac.at/pmb121641.html</idno>
               <idno type="URL" subtype="schnitzler-interviews">https://schnitzler-interviews.acdh.oeaw.ac.at/pmb4006.html</idno>
               <idno type="URL" subtype="pmb">https://pmb.acdh.oeaw.ac.at/entity/159807/</idno>
               <idno type="URL" subtype="bahr-tsn">https://bahr-textverzeichnis.acdh.oeaw.ac.at/TSN-listperson.html#pmb4006</idno>
               <idno type="URL" subtype="hanslick-online">https://hanslick.acdh.oeaw.ac.at/hsl_person_id_1707.html</idno>
               <listBibl>
                  <bibl type="collections" n="5">legalkraus</bibl>
                  <bibl type="collections" n="10">Karl Kraus 1933: Dritte Walpurgisnacht</bibl>
                  <bibl type="collections" n="12">Fackel</bibl>
                  <bibl type="collections" n="15">Schnitzler-Kino</bibl>
                  <bibl type="collections" n="16">Bahr Textverzeichnis</bibl>
               </listBibl>
               <figure>
                  <graphic url="https://commons.wikimedia.org/w/index.php?title=Special:Redirect/file/Vasily%20Perov%20-%20%D0%9F%D0%BE%D1%80%D1%82%D1%80%D0%B5%D1%82%20%D0%A4.%D0%9C.%D0%94%D0%BE%D1%81%D1%82%D0%BE%D0%B5%D0%B2%D1%81%D0%BA%D0%BE%D0%B3%D0%BE%20-%20Google%20Art%20Project.jpg"/>
               </figure>
            </person>
         </listPerson>
      </back>
   </text>
</TEI>
