<?xml version="1.0" encoding="UTF-8"?>
<TEI xmlns="http://www.tei-c.org/ns/1.0"
     xmlns:tei="http://www.tei-c.org/ns/1.0"
     xml:id="pmb123143.xml"
     prev="pmb122995"
     next="pmb122993">
   <teiHeader>
      <fileDesc>
         <titleStmt>
            <title level="s">Hermann Bahr – Textverzeichnis</title>
            <title level="a">»Un dramma nuovo«. (Drama in drei Acten von
                     Manuel Tamayo y Baus. Nach dem Spanischen bearbeitet von Ermete Novelli. Zur
                     ersten Aufführung im Raimund-Theater am 19. April 1901)</title>
            <title type="iso-date">1901-04-19</title>
            <respStmt>
               <resp>providing the content</resp>
               <name>Martin Anton Müller</name>
            </respStmt>
            <respStmt>
               <resp>converted to XML encoding</resp>
               <name>Martin Anton Müller</name>
            </respStmt>
         </titleStmt>
         <publicationStmt>
            <publisher>Austrian Centre for Digital Humanities and Cultural
                                    Heritage (ACDH-CH)</publisher>
            <date>2024-03-19+01:00</date>
            <idno type="URI">https://id.acdh.oeaw.ac.at/bahr-textverzeichnis/pmb123143.xml</idno>
         </publicationStmt>
         <sourceDesc>
            <p>Bibliografische Angaben eines in Druck erschienen Texts von
                                    Bahr</p>
         </sourceDesc>
      </fileDesc>
   </teiHeader>
   <text>
      <body>
         <div type="bibliografische-angabe">
            <biblStruct xml:id="pmb123143"
                        type="Journal-Article"
                        status="checked"
                        prev="pmb122995"
                        next="pmb122993">
               <analytic>
                  <author ref="pmb10815">H. B.</author>
                  <title level="a" ref="pmb123143">»Un dramma nuovo«. (Drama in drei Acten von
                     Manuel Tamayo y Baus. Nach dem Spanischen bearbeitet von Ermete Novelli. Zur
                     ersten Aufführung im Raimund-Theater am 19. April 1901)</title>
               </analytic>
               <monogr>
                  <title level="j" ref="pmb41321">Neues Wiener Tagblatt</title>
                  <imprint>
                     <biblScope unit="jg">35</biblScope>
                     <biblScope unit="issue">106</biblScope>
                     <biblScope unit="page">7</biblScope>
                     <date when="1901-04-19">19.4.1901</date>
                  </imprint>
               </monogr>
               <note type="review-of">
                  <bibl>
                     <title level="m">Un Drama nuevo</title>
                     <author>Manuel Tamayo y Baus</author>
                  </bibl>
               </note>
               <note type="incipit">Dasselbe Thema wie im »Tabarin« des Mendès,</note>
               <ref type="URL">https://anno.onb.ac.at/cgi-content/anno?aid=nwg&amp;datum=19010419&amp;seite=7</ref>
               <noteGrp type="keywords">
                  <note type="Journal-Article">Artikel in einem Periodikum</note>
               </noteGrp>
               <note type="bibliographical-statement">H. B.: »Un dramma nuovo«. (Drama in drei Acten
                  von Manuel Tamayo y Baus. Nach dem Spanischen bearbeitet von Ermete Novelli. Zur
                  ersten Aufführung im Raimund-Theater am 19. April 1901). In: Neues Wiener
                  Tagblatt, Jg. 35, Nr. 106, 19.4.1901, S. 7.</note>
               <ref type="abdrucke">
                  <listRef>
                     <ptr type="textref" target="pmb132423"/>
                  </listRef>
               </ref>
            </biblStruct>
         </div>
      </body>
      <back/>
   </text>
</TEI>
