<?xml version="1.0" encoding="UTF-8"?>
<TEI xmlns="http://www.tei-c.org/ns/1.0"
     xmlns:tei="http://www.tei-c.org/ns/1.0"
     xml:id="pmb122957.xml"
     prev="pmb122911"
     next="pmb122909">
   <teiHeader>
      <fileDesc>
         <titleStmt>
            <title level="s">Hermann Bahr – Textverzeichnis</title>
            <title level="a">Theater und Kunst. Burgtheater</title>
            <title type="iso-date">1902-04-25</title>
            <respStmt>
               <resp>providing the content</resp>
               <name>Martin Anton Müller</name>
            </respStmt>
            <respStmt>
               <resp>converted to XML encoding</resp>
               <name>Martin Anton Müller</name>
            </respStmt>
         </titleStmt>
         <publicationStmt>
            <publisher>Austrian Centre for Digital Humanities and Cultural
                                    Heritage (ACDH-CH)</publisher>
            <date>2024-03-19+01:00</date>
            <idno type="URI">https://id.acdh.oeaw.ac.at/bahr-textverzeichnis/pmb122957.xml</idno>
         </publicationStmt>
         <sourceDesc>
            <p>Bibliografische Angaben eines in Druck erschienen Texts von
                                    Bahr</p>
         </sourceDesc>
      </fileDesc>
   </teiHeader>
   <text>
      <body>
         <div type="bibliografische-angabe">
            <biblStruct xml:id="pmb122957"
                        type="Journal-Article"
                        subtype="Nachtkritik"
                        status="checked"
                        prev="pmb122911"
                        next="pmb122909">
               <analytic>
                  <author ref="pmb10815">H. B.</author>
                  <title level="a" ref="pmb122957">Theater und Kunst. Burgtheater</title>
               </analytic>
               <monogr>
                  <title level="j" ref="pmb122052">Österreichische Volks-Zeitung. 2
                     Kreuzer-Ausgabe</title>
                  <imprint>
                     <biblScope unit="jg">48</biblScope>
                     <biblScope unit="issue">113</biblScope>
                     <biblScope unit="page">8–9</biblScope>
                     <date when="1902-04-25">25.4.1902</date>
                  </imprint>
               </monogr>
               <note>
                  <p>Unüblicherweise nur in der 2 Kreuzer-Ausgabe, nicht aber im Hauptblatt
                     erschienen.</p>
               </note>
               <note type="review-of">
                  <bibl>
                     <title level="m">Rosenmontag</title>
                     <author>Otto Erich Hartleben</author>
                  </bibl>
               </note>
               <note type="incipit">Den Rudorff im »Rosenmontag« gab Herr Feistel gestern auf eine
                  ganz annehmbare Art</note>
               <ref type="personenindex">
                  <listRef>
                     <ptr type="pmb" target="pmb11605"/>
                     <ptr type="pmb" target="pmb154144"/>
                  </listRef>
               </ref>
               <noteGrp type="keywords">
                  <note type="Journal-Article">Artikel in einem Periodikum</note>
                  <note subtype="Nachtkritik">Nachtkritik</note>
               </noteGrp>
               <note type="bibliographical-statement">H. B.: Theater und Kunst. Burgtheater. In:
                  Österreichische Volks-Zeitung. 2 Kreuzer-Ausgabe, Jg. 48, Nr. 113, 25.4.1902,
                  S. 8–9.</note>
            </biblStruct>
         </div>
      </body>
      <back>
         <listPerson>
            <person xml:id="pmb11605">
               <persName>
                  <forename>Otto Erich</forename>
                  <surname>Hartleben</surname>
               </persName>
               <persName type="legacy-name-merge">Hartleben, Otto Erich</persName>
               <birth>
                  <date when-iso="1864-06-03">03.06.1864</date>
                  <settlement key="61042">
                     <placeName type="pref">Clausthal-Zellerfeld</placeName>
                     <location>
                        <geo>51,80949 10,33821</geo>
                     </location>
                  </settlement>
               </birth>
               <death>
                  <date when-iso="1905-02-11">11.02.1905</date>
                  <settlement key="39611">
                     <placeName type="pref">Salò</placeName>
                     <location>
                        <geo>45,60685 10,5205</geo>
                     </location>
                  </settlement>
               </death>
               <sex value="male"/>
               <occupation key="90">Schriftsteller/Schriftstellerin</occupation>
               <idno type="URL" subtype="gnd">https://d-nb.info/gnd/118546198</idno>
               <idno type="URL" subtype="schnitzler-tagebuch">https://schnitzler-tagebuch.acdh.oeaw.ac.at/person_15941.html</idno>
               <idno type="URL" subtype="schnitzler-bahr">https://schnitzler-bahr.acdh.oeaw.ac.at/pmb11605.html</idno>
               <idno type="URL" subtype="pmb">https://pmb.acdh.oeaw.ac.at/entity/11605/</idno>
               <idno type="URL" subtype="schnitzler-briefe">https://schnitzler-briefe.acdh.oeaw.ac.at/pmb11605.html</idno>
               <idno type="URL" subtype="schnitzler-lektueren">https://schnitzler-lektueren.acdh.oeaw.ac.at/pmb11605.html</idno>
               <idno type="URL" subtype="fackel">https://fackel.oeaw.ac.at/?p=fackelp50948</idno>
               <idno type="URL" subtype="wikidata">http://www.wikidata.org/entity/Q76279</idno>
               <idno type="URL" subtype="wikipedia">https://de.wikipedia.org/wiki/Otto_Erich_Hartleben</idno>
               <idno type="URL" subtype="pmb">https://pmb.acdh.oeaw.ac.at/entity/160404/</idno>
               <idno type="URL" subtype="bahr-tsn">https://bahr-textverzeichnis.acdh.oeaw.ac.at/TSN-listperson.html#pmb11605</idno>
               <idno type="URL" subtype="bahr-textverzeichnis">https://bahr-textverzeichnis.acdh.oeaw.ac.at/pmb11605.html</idno>
               <idno type="URL" subtype="hanslick-online">https://hanslick.acdh.oeaw.ac.at/hsl_person_id_2599.html</idno>
               <idno type="URL" subtype="schnitzler-interviews">https://schnitzler-interviews.acdh.oeaw.ac.at/pmb11605.html</idno>
               <listBibl>
                  <bibl type="collections" n="12">Fackel</bibl>
                  <bibl type="collections" n="16">Bahr Textverzeichnis</bibl>
               </listBibl>
               <note type="references"> </note>
               <figure>
                  <graphic url="https://commons.wikimedia.org/w/index.php?title=Special:Redirect/file/Otto%20Erich%20Hartleben%20Portraet%20%28cropped%29.jpg"/>
               </figure>
            </person>
            <person xml:id="pmb154144">
               <persName>
                  <forename>John</forename>
                  <surname>Feistel</surname>
               </persName>
               <sex value="not-set"/>
               <idno type="URL" subtype="pmb">https://pmb.acdh.oeaw.ac.at/entity/154144/</idno>
               <idno type="URL" subtype="bahr-textverzeichnis">https://bahr-textverzeichnis.acdh.oeaw.ac.at/pmb154144.html</idno>
               <listBibl>
                  <bibl type="collections" n="16">Bahr Textverzeichnis</bibl>
               </listBibl>
            </person>
         </listPerson>
      </back>
   </text>
</TEI>
