<?xml version="1.0" encoding="UTF-8"?>
<TEI xmlns="http://www.tei-c.org/ns/1.0"
     xmlns:tei="http://www.tei-c.org/ns/1.0"
     xml:id="pmb122523.xml"
     prev="pmb31909"
     next="pmb122525">
   <teiHeader>
      <fileDesc>
         <titleStmt>
            <title level="s">Hermann Bahr – Textverzeichnis</title>
            <title level="a">Bücher. »Russische Rache. Der neue
                     Aktäon«</title>
            <title type="iso-date">1894-10-20</title>
            <respStmt>
               <resp>providing the content</resp>
               <name>Martin Anton Müller</name>
            </respStmt>
            <respStmt>
               <resp>converted to XML encoding</resp>
               <name>Martin Anton Müller</name>
            </respStmt>
         </titleStmt>
         <publicationStmt>
            <publisher>Austrian Centre for Digital Humanities and Cultural
                                    Heritage (ACDH-CH)</publisher>
            <date>2024-03-19+01:00</date>
            <idno type="URI">https://id.acdh.oeaw.ac.at/bahr-textverzeichnis/pmb122523.xml</idno>
         </publicationStmt>
         <sourceDesc>
            <p>Bibliografische Angaben eines in Druck erschienen Texts von
                                    Bahr</p>
         </sourceDesc>
      </fileDesc>
   </teiHeader>
   <text>
      <body>
         <div type="bibliografische-angabe">
            <biblStruct xml:id="pmb122523"
                        type="Journal-Article"
                        subtype="Rezension"
                        status="checked"
                        prev="pmb31909"
                        next="pmb122525">
               <analytic>
                  <author ref="pmb10815">hr</author>
                  <title level="a" ref="pmb122523">Bücher. »Russische Rache. Der neue
                     Aktäon«</title>
               </analytic>
               <monogr>
                  <title level="j" ref="pmb36340">Die Zeit</title>
                  <imprint>
                     <biblScope unit="jg">1</biblScope>
                     <biblScope unit="issue">3</biblScope>
                     <biblScope unit="page">45</biblScope>
                     <date when="1894-10-20">20.10.1894</date>
                  </imprint>
               </monogr>
               <note type="review-of">
                  <bibl>
                     <author>Alfred Friedmann</author>
                     <title level="m">Russische Rache. Zwei Novellen</title>
                     <note>Leipzig: Philipp Reclam jun. <date type="year">1894</date>
                     </note>
                  </bibl>
               </note>
               <note type="incipit">Es ist die Art dieses Autors kalt zu sein und heiß zu tun</note>
               <ref type="personenindex">
                  <listRef>
                     <ptr type="pmb" target="pmb7253"/>
                  </listRef>
               </ref>
               <ref type="URL">https://bahr.univie.ac.at/sites/all/txt/die-zeit/3-45.pdf</ref>
               <noteGrp type="keywords">
                  <note type="Journal-Article">Artikel in einem Periodikum</note>
                  <note subtype="Rezension">Rezension</note>
               </noteGrp>
               <note type="bibliographical-statement">hr: Bücher. »Russische Rache. Der neue
                  Aktäon«. In: Die Zeit, Jg. 1, Nr. 3, 20.10.1894, S. 45.</note>
            </biblStruct>
         </div>
      </body>
      <back>
         <listPerson>
            <person xml:id="pmb7253">
               <persName>
                  <forename>Alfred</forename>
                  <surname>Friedmann</surname>
               </persName>
               <birth>
                  <date when-iso="1845-10-26">26.10.1845</date>
                  <settlement key="146">
                     <placeName type="pref">Frankfurt am Main</placeName>
                     <location>
                        <geo>50,11552 8,68417</geo>
                     </location>
                  </settlement>
               </birth>
               <death>
                  <date when-iso="1923-02-13">13.02.1923</date>
                  <settlement key="168">
                     <placeName type="pref">Berlin</placeName>
                     <location>
                        <geo>52,52437 13,41053</geo>
                     </location>
                  </settlement>
               </death>
               <sex value="male"/>
               <occupation key="90">Schriftsteller/Schriftstellerin</occupation>
               <idno type="URL" subtype="gnd">https://d-nb.info/gnd/116802014</idno>
               <idno type="URL" subtype="schnitzler-tagebuch">https://schnitzler-tagebuch.acdh.oeaw.ac.at/person_15227.html</idno>
               <idno type="URL" subtype="pmb">https://pmb.acdh.oeaw.ac.at/entity/7253/</idno>
               <idno type="URL" subtype="schnitzler-lektueren">https://schnitzler-lektueren.acdh.oeaw.ac.at/pmb7253.html</idno>
               <idno type="URL" subtype="wikidata">http://www.wikidata.org/entity/Q2644982</idno>
               <idno type="URL" subtype="wikipedia">https://de.wikipedia.org/wiki/Alfred_Friedmann_(Schriftsteller)</idno>
               <idno type="URL" subtype="schnitzler-interviews">https://schnitzler-interviews.acdh.oeaw.ac.at/pmb7253.html</idno>
               <idno type="URL" subtype="bahr-textverzeichnis">https://bahr-textverzeichnis.acdh.oeaw.ac.at/pmb7253.html</idno>
               <figure>
                  <graphic url="https://commons.wikimedia.org/w/index.php?title=Special:Redirect/file/Alfred%20Friedmann%20%281845-1923%29.png"/>
               </figure>
            </person>
         </listPerson>
      </back>
   </text>
</TEI>
