<?xml version="1.0" encoding="UTF-8"?>
<TEI xmlns="http://www.tei-c.org/ns/1.0"
     xmlns:tei="http://www.tei-c.org/ns/1.0"
     xml:id="pmb123147.xml"
     prev="pmb123149"
     next="pmb132681">
   <teiHeader>
      <fileDesc>
         <titleStmt>
            <title level="s">Hermann Bahr – Textverzeichnis</title>
            <title level="a">Theater, Kunst und Literatur.
                     Carl-Theater</title>
            <title type="iso-date">1901-04-12</title>
            <respStmt>
               <resp>providing the content</resp>
               <name>Martin Anton Müller</name>
            </respStmt>
            <respStmt>
               <resp>converted to XML encoding</resp>
               <name>Martin Anton Müller</name>
            </respStmt>
         </titleStmt>
         <publicationStmt>
            <publisher>Austrian Centre for Digital Humanities and Cultural
                                    Heritage (ACDH-CH)</publisher>
            <date>2024-03-19+01:00</date>
            <idno type="URI">https://id.acdh.oeaw.ac.at/bahr-textverzeichnis/pmb123147.xml</idno>
         </publicationStmt>
         <sourceDesc>
            <p>Bibliografische Angaben eines in Druck erschienen Texts von
                                    Bahr</p>
         </sourceDesc>
      </fileDesc>
   </teiHeader>
   <text>
      <body>
         <div type="bibliografische-angabe">
            <biblStruct xml:id="pmb123147"
                        type="Journal-Article"
                        status="checked"
                        prev="pmb123149"
                        next="pmb132681">
               <analytic>
                  <author ref="pmb10815">H. B.</author>
                  <title level="a" ref="pmb123147">Theater, Kunst und Literatur.
                     Carl-Theater</title>
               </analytic>
               <monogr>
                  <title level="j" ref="pmb41321">Neues Wiener Tagblatt</title>
                  <imprint>
                     <biblScope unit="jg">35</biblScope>
                     <biblScope unit="issue">99</biblScope>
                     <biblScope unit="page">8</biblScope>
                     <date when="1901-04-12">12.4.1901</date>
                  </imprint>
               </monogr>
               <note type="review-of">
                  <bibl>
                     <title level="m">Le vieux marcheur</title>
                     <author>Henri Lavedan</author>
                  </bibl>
               </note>
               <note type="incipit">Truppe Moncharmont, »Le vieux Marcheur«, Komödie in fünf Acten
                  von Henri Lavedan. Lavedan hat in der Vie Parisienne mit kleinen, frechen,
                  hochmütig blasirten Schilderungen aus der »Welt« begonnen, die Art der Gyp
                  aufnehmend, aber schärfer, fast grausam</note>
               <note type="summary">Bahr über die Verwendung der Sprache in den Cabarets, die
                  Lavedan auf die Bühnen gebracht hat.</note>
               <ref type="personenindex">
                  <listRef>
                     <ptr type="pmb" target="pmb2488"/>
                     <ptr type="pmb" target="pmb21317"/>
                     <ptr type="pmb" target="pmb21501"/>
                     <ptr type="pmb" target="pmb148856"/>
                     <ptr type="pmb" target="pmb154253"/>
                     <ptr type="pmb" target="pmb154254"/>
                     <ptr type="pmb" target="pmb154255"/>
                  </listRef>
               </ref>
               <ref type="URL">https://anno.onb.ac.at/cgi-content/anno?aid=nwg&amp;datum=19010412&amp;seite=8</ref>
               <noteGrp type="keywords">
                  <note type="Journal-Article">Artikel in einem Periodikum</note>
               </noteGrp>
               <note type="bibliographical-statement">H. B.: Theater, Kunst und Literatur.
                  Carl-Theater. In: Neues Wiener Tagblatt, Jg. 35, Nr. 99, 12.4.1901, S. 8.</note>
            </biblStruct>
         </div>
      </body>
      <back>
         <listPerson>
            <person xml:id="pmb2488">
               <persName>
                  <forename>Henri Léon</forename>
                  <surname>Lavedan</surname>
               </persName>
               <persName type="legacy-name-merge">Lavedan, Henri</persName>
               <persName type="legacy-name-merge">Lavedan, Henri Léon</persName>
               <birth>
                  <date when-iso="1859-04-09">09.04.1859</date>
                  <settlement key="53818">
                     <placeName type="pref">Orléans</placeName>
                     <location>
                        <geo>47,90289 1,90389</geo>
                     </location>
                  </settlement>
               </birth>
               <death>
                  <date when-iso="1940-09-04">4.9.1940</date>
                  <settlement key="182">
                     <placeName type="pref">Paris</placeName>
                     <location>
                        <geo>48,85341 2,3488</geo>
                     </location>
                  </settlement>
                  <settlement key="182">
                     <placeName type="pref">Paris</placeName>
                     <location>
                        <geo>48,85341 2,3488</geo>
                     </location>
                  </settlement>
               </death>
               <sex value="male"/>
               <occupation key="90">Schriftsteller/Schriftstellerin</occupation>
               <occupation key="99">Journalist/Journalistin</occupation>
               <idno type="URL" subtype="gnd">https://d-nb.info/gnd/126703019</idno>
               <idno type="URL" subtype="schnitzler-bahr">https://schnitzler-bahr.acdh.oeaw.ac.at/pmb2488.html</idno>
               <idno type="URL" subtype="pmb">https://pmb.acdh.oeaw.ac.at/entity/2488/</idno>
               <idno type="URL" subtype="schnitzler-tagebuch">https://schnitzler-tagebuch.acdh.oeaw.ac.at/person_17367.html</idno>
               <idno type="URL" subtype="schnitzler-briefe">https://schnitzler-briefe.acdh.oeaw.ac.at/pmb2488.html</idno>
               <idno type="URL" subtype="schnitzler-lektueren">https://schnitzler-lektueren.acdh.oeaw.ac.at/pmb2488.html</idno>
               <idno type="URL" subtype="bahr-textverzeichnis">https://bahr-textverzeichnis.acdh.oeaw.ac.at/pmb2488.html</idno>
               <idno type="URL" subtype="fackel">https://fackel.oeaw.ac.at/?p=fackelp60445</idno>
               <idno type="URL" subtype="wikidata">http://www.wikidata.org/entity/Q945057</idno>
               <idno type="URL" subtype="wikipedia">https://de.wikipedia.org/wiki/Henri_Lavedan</idno>
               <idno type="URL" subtype="pmb">https://pmb.acdh.oeaw.ac.at/entity/160991/</idno>
               <idno type="URL" subtype="bahr-tsn">https://bahr-textverzeichnis.acdh.oeaw.ac.at/TSN-listperson.html#pmb2488</idno>
               <listBibl>
                  <bibl type="collections" n="12">Fackel</bibl>
                  <bibl type="collections" n="16">Bahr Textverzeichnis</bibl>
               </listBibl>
               <note type="references"> </note>
               <figure>
                  <graphic url="https://commons.wikimedia.org/w/index.php?title=Special:Redirect/file/Lavedan%20Henri-001.jpg"/>
               </figure>
            </person>
            <person xml:id="pmb21317">
               <persName>
                  <forename>Catulle</forename>
                  <surname>Mendès</surname>
               </persName>
               <persName type="legacy-name-merge">Mendès, Catulle</persName>
               <birth>
                  <date when-iso="1841-05-20">20.05.1841</date>
                  <settlement key="4870">
                     <placeName type="pref">Bordeaux</placeName>
                  </settlement>
               </birth>
               <death>
                  <date when-iso="1909-02-08">08.02.1909</date>
                  <settlement key="982">
                     <placeName type="pref">Saint-Germain-en-Laye</placeName>
                     <location>
                        <geo>48,9 2,08333</geo>
                     </location>
                  </settlement>
               </death>
               <sex value="male"/>
               <occupation key="90">Schriftsteller/Schriftstellerin</occupation>
               <idno type="URL" subtype="schnitzler-tagebuch">https://schnitzler-tagebuch.acdh.oeaw.ac.at/person_18067.html</idno>
               <idno type="URL" subtype="pmb">https://pmb.acdh.oeaw.ac.at/entity/21317/</idno>
               <idno type="URL" subtype="gnd">https://d-nb.info/gnd/118783203</idno>
               <idno type="URL" subtype="schnitzler-lektueren">https://schnitzler-lektueren.acdh.oeaw.ac.at/pmb21317.html</idno>
               <idno type="URL" subtype="wikidata">http://www.wikidata.org/entity/Q971215</idno>
               <idno type="URL" subtype="wikipedia">https://de.wikipedia.org/wiki/Catulle_Mend%C3%A8s</idno>
               <idno type="URL" subtype="pmb">https://pmb.acdh.oeaw.ac.at/entity/161289/</idno>
               <idno type="URL" subtype="bahr-tsn">https://bahr-textverzeichnis.acdh.oeaw.ac.at/TSN-listperson.html#pmb21317</idno>
               <idno type="URL" subtype="bahr-textverzeichnis">https://bahr-textverzeichnis.acdh.oeaw.ac.at/pmb21317.html</idno>
               <idno type="URL" subtype="hanslick-online">https://hanslick.acdh.oeaw.ac.at/hsl_person_id_1760.html</idno>
               <listBibl>
                  <bibl type="collections" n="16">Bahr Textverzeichnis</bibl>
               </listBibl>
               <note type="references"> </note>
               <figure>
                  <graphic url="https://commons.wikimedia.org/w/index.php?title=Special:Redirect/file/Portrait%20of%20Catulle%20Mend%C3%A8s.jpg"/>
               </figure>
            </person>
            <person xml:id="pmb21501">
               <persName>
                  <forename>Sibylle de</forename>
                  <surname>Mirabeau</surname>
               </persName>
               <persName type="namensvariante">Gyp</persName>
               <persName type="legacy-name-merge">Gyp</persName>
               <birth>
                  <date when-iso="1850-08-15">15.08.1850</date>
                  <settlement key="43351">
                     <placeName type="pref">Plumergat</placeName>
                     <location>
                        <geo>47,74134 -2,91501</geo>
                     </location>
                  </settlement>
               </birth>
               <death>
                  <date when-iso="1932-06-30">30.06.1932</date>
                  <settlement key="36749">
                     <placeName type="pref">Neuilly-sur-Seine</placeName>
                     <location>
                        <geo>48,8846 2,26965</geo>
                     </location>
                  </settlement>
               </death>
               <sex value="female"/>
               <occupation key="90">Schriftsteller/Schriftstellerin</occupation>
               <idno type="URL" subtype="schnitzler-tagebuch">https://schnitzler-tagebuch.acdh.oeaw.ac.at/person_15787.html</idno>
               <idno type="URL" subtype="pmb">https://pmb.acdh.oeaw.ac.at/entity/21501/</idno>
               <idno type="URL" subtype="schnitzler-briefe">https://schnitzler-briefe.acdh.oeaw.ac.at/pmb21501.html</idno>
               <idno type="URL" subtype="gnd">https://d-nb.info/gnd/119283158</idno>
               <idno type="URL" subtype="schnitzler-lektueren">https://schnitzler-lektueren.acdh.oeaw.ac.at/pmb21501.html</idno>
               <idno type="URL" subtype="wikidata">http://www.wikidata.org/entity/Q199228</idno>
               <idno type="URL" subtype="wikipedia">https://de.wikipedia.org/wiki/Sibylle_Gabrielle_Riquetti_de_Mirabeau</idno>
               <idno type="URL" subtype="bahr-textverzeichnis">https://bahr-textverzeichnis.acdh.oeaw.ac.at/pmb21501.html</idno>
               <idno type="URL" subtype="pmb">https://pmb.acdh.oeaw.ac.at/entity/160339/</idno>
               <idno type="URL" subtype="bahr-tsn">https://bahr-textverzeichnis.acdh.oeaw.ac.at/TSN-listperson.html#pmb160339</idno>
               <listBibl>
                  <bibl type="collections" n="16">Bahr Textverzeichnis</bibl>
               </listBibl>
               <note type="references"> </note>
               <figure>
                  <graphic url="https://commons.wikimedia.org/w/index.php?title=Special:Redirect/file/Gyp%20romanci%C3%A8re.png"/>
               </figure>
            </person>
            <person xml:id="pmb148856">
               <persName>
                  <forename>Louis</forename>
                  <surname>Baron fils</surname>
               </persName>
               <birth>
                  <date when-iso="1870-12-24">1870-12-24</date>
                  <settlement key="148857">
                     <placeName type="pref">8th arrondissement of Paris</placeName>
                     <location>
                        <geo>48,874166666667 2,3111111111111</geo>
                     </location>
                  </settlement>
               </birth>
               <death>
                  <date when-iso="1939-11-30">1939-11-30</date>
                  <settlement key="148859">
                     <placeName type="pref">Dieppe</placeName>
                     <location>
                        <geo>49,925 1,075</geo>
                     </location>
                  </settlement>
               </death>
               <sex value="male"/>
               <idno type="URL" subtype="pmb">https://pmb.acdh.oeaw.ac.at/entity/148856/</idno>
               <idno type="URL" subtype="wikidata">http://www.wikidata.org/entity/Q2884781</idno>
               <idno type="URL" subtype="gnd">https://d-nb.info/gnd/1093853328</idno>
               <idno type="URL" subtype="bahr-textverzeichnis">https://bahr-textverzeichnis.acdh.oeaw.ac.at/pmb148856.html</idno>
               <listBibl>
                  <bibl type="collections" n="16">Bahr Textverzeichnis</bibl>
                  <bibl type="collections" n="22">No german Wikipedia-Site found</bibl>
               </listBibl>
            </person>
            <person xml:id="pmb154253">
               <persName>
                  <surname>Déan</surname>
               </persName>
               <sex value="not-set"/>
               <occupation key="105">Schauspieler/Schauspielerin</occupation>
               <idno type="URL" subtype="pmb">https://pmb.acdh.oeaw.ac.at/entity/154253/</idno>
               <idno type="URL" subtype="bahr-textverzeichnis">https://bahr-textverzeichnis.acdh.oeaw.ac.at/pmb154253.html</idno>
               <listBibl>
                  <bibl type="collections" n="16">Bahr Textverzeichnis</bibl>
               </listBibl>
            </person>
            <person xml:id="pmb154254">
               <persName>
                  <forename>Jeanne</forename>
                  <surname>Rolly</surname>
               </persName>
               <sex value="not-set"/>
               <idno type="URL" subtype="pmb">https://pmb.acdh.oeaw.ac.at/entity/154254/</idno>
               <idno type="URL" subtype="bahr-textverzeichnis">https://bahr-textverzeichnis.acdh.oeaw.ac.at/pmb154254.html</idno>
               <listBibl>
                  <bibl type="collections" n="16">Bahr Textverzeichnis</bibl>
               </listBibl>
            </person>
            <person xml:id="pmb154255">
               <persName>
                  <surname>Grimault</surname>
               </persName>
               <sex value="not-set"/>
               <occupation key="105">Schauspieler/Schauspielerin</occupation>
               <idno type="URL" subtype="pmb">https://pmb.acdh.oeaw.ac.at/entity/154255/</idno>
               <idno type="URL" subtype="bahr-textverzeichnis">https://bahr-textverzeichnis.acdh.oeaw.ac.at/pmb154255.html</idno>
               <listBibl>
                  <bibl type="collections" n="16">Bahr Textverzeichnis</bibl>
               </listBibl>
            </person>
         </listPerson>
      </back>
   </text>
</TEI>
