<?xml version="1.0" encoding="UTF-8"?>
<TEI xmlns="http://www.tei-c.org/ns/1.0"
     xmlns:tei="http://www.tei-c.org/ns/1.0"
     xml:id="pmb122717.xml"
     prev="pmb122739"
     next="pmb132053">
   <teiHeader>
      <fileDesc>
         <titleStmt>
            <title level="s">Hermann Bahr – Textverzeichnis</title>
            <title level="a">Theater, Kunst und Literatur. Deutsches
                     Volkstheater</title>
            <title type="iso-date">1904-05-01</title>
            <respStmt>
               <resp>providing the content</resp>
               <name>Martin Anton Müller</name>
            </respStmt>
            <respStmt>
               <resp>converted to XML encoding</resp>
               <name>Martin Anton Müller</name>
            </respStmt>
         </titleStmt>
         <publicationStmt>
            <publisher>Austrian Centre for Digital Humanities and Cultural
                                    Heritage (ACDH-CH)</publisher>
            <date>2024-03-19+01:00</date>
            <idno type="URI">https://id.acdh.oeaw.ac.at/bahr-textverzeichnis/pmb122717.xml</idno>
         </publicationStmt>
         <sourceDesc>
            <p>Bibliografische Angaben eines in Druck erschienen Texts von
                                    Bahr</p>
         </sourceDesc>
      </fileDesc>
   </teiHeader>
   <text>
      <body>
         <div type="bibliografische-angabe">
            <biblStruct xml:id="pmb122717"
                        type="Journal-Article"
                        subtype="Nachtkritik"
                        status="checked"
                        prev="pmb122739"
                        next="pmb132053">
               <analytic>
                  <author ref="pmb10815">H. B.</author>
                  <title level="a" ref="pmb122717">Theater, Kunst und Literatur. Deutsches
                     Volkstheater</title>
               </analytic>
               <monogr>
                  <title level="j" ref="pmb41321">Neues Wiener Tagblatt</title>
                  <imprint>
                     <biblScope unit="jg">38</biblScope>
                     <biblScope unit="issue">121</biblScope>
                     <biblScope unit="page">10</biblScope>
                     <date when="1904-05-01">1.5.1904</date>
                  </imprint>
               </monogr>
               <note type="review-of">
                  <bibl>
                     <title level="m">The Tyranny of Tears (Die Tyrannei der Tränen)</title>
                     <author>Charles Haddon Spurgeon Chambers</author>
                  </bibl>
               </note>
               <note type="incipit">Es gibt ein altes Stück aus dem Französischen in einem Akt:
                  »Wenn Frauen weinen«, das sehr nett die »Tyrannei der Tränen« zeigt.</note>
               <ref type="personenindex">
                  <listRef>
                     <ptr type="pmb" target="pmb22824"/>
                     <ptr type="pmb" target="pmb26628"/>
                     <ptr type="pmb" target="pmb4179"/>
                     <ptr type="pmb" target="pmb12929"/>
                     <ptr type="pmb" target="pmb154034"/>
                     <ptr type="pmb" target="pmb154035"/>
                     <ptr type="pmb" target="pmb2868"/>
                  </listRef>
               </ref>
               <ref type="URL">https://anno.onb.ac.at/cgi-content/anno?aid=nwg&amp;datum=19040501&amp;seite=10</ref>
               <noteGrp type="keywords">
                  <note type="Journal-Article">Artikel in einem Periodikum</note>
                  <note subtype="Nachtkritik">Nachtkritik</note>
               </noteGrp>
               <note type="bibliographical-statement">H. B.: Theater, Kunst und Literatur. Deutsches
                  Volkstheater. In: Neues Wiener Tagblatt, Jg. 38, Nr. 121, 1.5.1904, S. 10.</note>
            </biblStruct>
         </div>
      </body>
      <back>
         <listPerson>
            <person xml:id="pmb22824">
               <persName>
                  <forename>Georges de</forename>
                  <surname>Porto-Riche</surname>
               </persName>
               <persName type="legacy-name-merge">Porto-Riche, Georges de</persName>
               <birth>
                  <date when-iso="1849-05-20">20.05.1849</date>
                  <settlement key="4870">
                     <placeName type="pref">Bordeaux</placeName>
                  </settlement>
               </birth>
               <death>
                  <date when-iso="1930-09-05">05.09.1930</date>
                  <settlement key="182">
                     <placeName type="pref">Paris</placeName>
                     <location>
                        <geo>48,85341 2,3488</geo>
                     </location>
                  </settlement>
               </death>
               <sex value="male"/>
               <occupation key="90">Schriftsteller/Schriftstellerin</occupation>
               <idno type="URL" subtype="schnitzler-tagebuch">https://schnitzler-tagebuch.acdh.oeaw.ac.at/person_18928.html</idno>
               <idno type="URL" subtype="schnitzler-bahr">https://schnitzler-bahr.acdh.oeaw.ac.at/pmb22824.html</idno>
               <idno type="URL" subtype="pmb">https://pmb.acdh.oeaw.ac.at/entity/22824/</idno>
               <idno type="URL" subtype="gnd">https://d-nb.info/gnd/118792946</idno>
               <idno type="URL" subtype="schnitzler-lektueren">https://schnitzler-lektueren.acdh.oeaw.ac.at/pmb22824.html</idno>
               <idno type="URL" subtype="bahr-textverzeichnis">https://bahr-textverzeichnis.acdh.oeaw.ac.at/pmb22824.html</idno>
               <idno type="URL" subtype="wikidata">http://www.wikidata.org/entity/Q1509108</idno>
               <idno type="URL" subtype="wikipedia">https://de.wikipedia.org/wiki/Georges_de_Porto-Riche</idno>
               <idno type="URL" subtype="pmb">https://pmb.acdh.oeaw.ac.at/entity/161733/</idno>
               <idno type="URL" subtype="bahr-tsn">https://bahr-textverzeichnis.acdh.oeaw.ac.at/TSN-listperson.html#pmb22824</idno>
               <listBibl>
                  <bibl type="collections" n="16">Bahr Textverzeichnis</bibl>
               </listBibl>
               <note type="references"> </note>
               <figure>
                  <graphic url="https://commons.wikimedia.org/w/index.php?title=Special:Redirect/file/Georges%20de%20Porto-Riche%201895.jpg"/>
               </figure>
            </person>
            <person xml:id="pmb26628">
               <persName>
                  <forename>Claire</forename>
                  <surname>Wallentin</surname>
               </persName>
               <birth>
                  <date when-iso="1878-01-03">03.01.1878</date>
                  <settlement key="50">
                     <placeName type="pref">Wien</placeName>
                     <location>
                        <geo>48,2066 16,37341</geo>
                     </location>
                  </settlement>
               </birth>
               <death>
                  <date when-iso="1934-02-12">12.02.1934</date>
                  <settlement key="44699">
                     <placeName type="pref">Perchtoldsdorf</placeName>
                     <location>
                        <geo>48,11895 16,25736</geo>
                     </location>
                  </settlement>
               </death>
               <sex value="female"/>
               <occupation key="105">Schauspieler/Schauspielerin</occupation>
               <idno type="URL" subtype="schnitzler-tagebuch">https://schnitzler-tagebuch.acdh.oeaw.ac.at/person_21068.html</idno>
               <idno type="URL" subtype="pmb">https://pmb.acdh.oeaw.ac.at/entity/26628/</idno>
               <idno type="URL" subtype="fackel">https://fackel.oeaw.ac.at/?p=fackelp55204</idno>
               <idno type="URL" subtype="bahr-textverzeichnis">https://bahr-textverzeichnis.acdh.oeaw.ac.at/pmb26628.html</idno>
               <listEvent>
                  <event key="48470" when-iso="1905-04-13">
                     <desc n="1256">ist Arbeitskraft bei</desc>
                     <label>Uraufführung von Rat Schrimpf, 13.4.1905</label>
                     <idno type="URL" subtype="pmb">https://pmb.acdh.oeaw.ac.at/entity/48470/</idno>
                  </event>
                  <event key="60472" when-iso="1910-04-14">
                     <desc n="1256">ist Arbeitskraft bei</desc>
                     <label>Premiere von Die Wespe, 14.4.1910</label>
                     <idno type="URL" subtype="pmb">https://pmb.acdh.oeaw.ac.at/entity/60472/</idno>
                  </event>
               </listEvent>
            </person>
            <person xml:id="pmb4179">
               <persName>
                  <forename>Eugen</forename>
                  <surname>Jensen</surname>
               </persName>
               <persName type="namensvariante">Jacobsen</persName>
               <persName type="legacy-name-merge">Jensen, Eugen</persName>
               <birth>
                  <date when-iso="1871-01-26">26.1.1871</date>
                  <settlement key="50">
                     <placeName type="pref">Wien</placeName>
                     <location>
                        <geo>48,2066 16,37341</geo>
                     </location>
                  </settlement>
               </birth>
               <death>
                  <date when-iso="1957-11-23">23.11.1957</date>
                  <settlement key="45258">
                     <placeName type="pref">München</placeName>
                     <location>
                        <geo>48,13743 11,57549</geo>
                     </location>
                  </settlement>
               </death>
               <sex value="male"/>
               <occupation key="105">Schauspieler/Schauspielerin</occupation>
               <idno type="URL" subtype="schnitzler-bahr">https://schnitzler-bahr.acdh.oeaw.ac.at/pmb4179.html</idno>
               <idno type="URL" subtype="pmb">https://pmb.acdh.oeaw.ac.at/entity/4179/</idno>
               <idno type="URL" subtype="legalkraus">https://kraus.wienbibliothek.at/register/personen/pmb4179</idno>
               <idno type="URL" subtype="fackel">https://fackel.oeaw.ac.at/?p=fackelp42978</idno>
               <idno type="URL" subtype="wikidata">http://www.wikidata.org/entity/Q1372641</idno>
               <idno type="URL" subtype="wikipedia">https://de.wikipedia.org/wiki/Eugen_Jensen</idno>
               <idno type="URL" subtype="gnd">https://d-nb.info/gnd/137455666</idno>
               <idno type="URL" subtype="schnitzler-tagebuch">https://schnitzler-tagebuch.acdh.oeaw.ac.at/person_16537.html</idno>
               <idno type="URL" subtype="bahr-textverzeichnis">https://bahr-textverzeichnis.acdh.oeaw.ac.at/pmb4179.html</idno>
               <listEvent>
                  <event key="35406" when-iso="1898-11-18">
                     <desc n="1256">ist Arbeitskraft bei</desc>
                     <label>Premiere von Juana und Abschiedssouper, 18.11.1898</label>
                     <idno type="URL" subtype="pmb">https://pmb.acdh.oeaw.ac.at/entity/35406/</idno>
                  </event>
               </listEvent>
               <listBibl>
                  <bibl type="collections" n="5">legalkraus</bibl>
                  <bibl type="collections" n="12">Fackel</bibl>
               </listBibl>
               <figure>
                  <graphic url="https://commons.wikimedia.org/w/index.php?title=Special:Redirect/file/Eugen%20Jensen%201898.jpg"/>
               </figure>
            </person>
            <person xml:id="pmb12929">
               <persName>
                  <forename>Franz</forename>
                  <surname>Tewele</surname>
               </persName>
               <persName type="person_geburtsname_nachname">Teweles</persName>
               <birth>
                  <date when-iso="1841-07-29">29.07.1841</date>
                  <settlement key="50">
                     <placeName type="pref">Wien</placeName>
                     <location>
                        <geo>48,2066 16,37341</geo>
                     </location>
                  </settlement>
               </birth>
               <death>
                  <date when-iso="1914-09-09">09.09.1914</date>
                  <settlement key="213">
                     <placeName type="pref">Bad Ischl</placeName>
                     <location>
                        <geo>47,71109 13,61893</geo>
                     </location>
                  </settlement>
               </death>
               <sex value="male"/>
               <occupation key="103">Theaterleiter/Theaterleiterin</occupation>
               <occupation key="105">Schauspieler/Schauspielerin</occupation>
               <idno type="URL" subtype="gnd">https://d-nb.info/gnd/117295973</idno>
               <idno type="URL" subtype="schnitzler-tagebuch">https://schnitzler-tagebuch.acdh.oeaw.ac.at/person_20681.html</idno>
               <idno type="URL" subtype="bahr-textverzeichnis">https://bahr-textverzeichnis.acdh.oeaw.ac.at/pmb12929.html</idno>
               <idno type="URL" subtype="schnitzler-bahr">https://schnitzler-bahr.acdh.oeaw.ac.at/pmb12929.html</idno>
               <idno type="URL" subtype="pmb">https://pmb.acdh.oeaw.ac.at/entity/12929/</idno>
               <idno type="URL" subtype="fackel">https://fackel.oeaw.ac.at/?p=fackelp54102</idno>
               <idno type="URL" subtype="wikidata">http://www.wikidata.org/entity/Q1449249</idno>
               <idno type="URL" subtype="wikipedia">https://de.wikipedia.org/wiki/Franz_Tewele</idno>
               <idno type="URL" subtype="oebl">https://doi.org/10.1553/0x003110d8</idno>
               <idno type="URL" subtype="schnitzler-interviews">https://schnitzler-interviews.acdh.oeaw.ac.at/pmb12929.html</idno>
               <listEvent>
                  <event key="63396" when-iso="1893-03-29">
                     <desc n="1256">ist Arbeitskraft bei</desc>
                     <label>Vorstellung zu Gunsten der Rettungsgesellschaft (Gläubiger, Die
                           Statue des Kommandeurs), 29.3.1893</label>
                     <idno type="URL" subtype="pmb">https://pmb.acdh.oeaw.ac.at/entity/63396/</idno>
                  </event>
                  <event key="35068" when-iso="1893-12-01">
                     <desc n="1256">ist Arbeitskraft bei</desc>
                     <label>Uraufführung von Das Märchen, 1.12.1893</label>
                     <idno type="URL" subtype="pmb">https://pmb.acdh.oeaw.ac.at/entity/35068/</idno>
                  </event>
                  <event key="35161" when-iso="1898-02-04">
                     <desc n="1256">ist Arbeitskraft bei</desc>
                     <label>Premiere von Freiwild. Schauspiel in 3 Akten, 4.2.1898</label>
                     <idno type="URL" subtype="pmb">https://pmb.acdh.oeaw.ac.at/entity/35161/</idno>
                  </event>
               </listEvent>
               <listBibl>
                  <bibl type="collections" n="12">Fackel</bibl>
               </listBibl>
               <figure>
                  <graphic url="https://commons.wikimedia.org/w/index.php?title=Special:Redirect/file/18730115%20Tewele.jpg"/>
               </figure>
            </person>
            <person xml:id="pmb154034">
               <persName>
                  <forename>Charles Haddon</forename>
                  <surname>Chambers</surname>
               </persName>
               <persName type="legacy-name-merge">Chambers, Charles Haddon</persName>
               <birth>
                  <date notBefore-iso="1860-01-01"
                        when-iso="1860-01-01"
                        notAfter-iso="1860-12-31">1860</date>
               </birth>
               <death>
                  <date when-iso="1921-01-01" notAfter-iso="1921-12-31">1921</date>
               </death>
               <sex value="not-set"/>
               <idno type="URL" subtype="pmb">https://pmb.acdh.oeaw.ac.at/entity/154034/</idno>
               <idno type="URL" subtype="pmb">https://pmb.acdh.oeaw.ac.at/entity/159609/</idno>
               <idno type="URL" subtype="bahr-textverzeichnis">https://bahr-textverzeichnis.acdh.oeaw.ac.at/pmb154034.html</idno>
               <idno type="URL" subtype="bahr-tsn">https://bahr-textverzeichnis.acdh.oeaw.ac.at/TSN-listperson.html#pmb154034</idno>
               <listBibl>
                  <bibl type="collections" n="16">Bahr Textverzeichnis</bibl>
               </listBibl>
               <note type="references">None </note>
            </person>
            <person xml:id="pmb154035">
               <persName>
                  <forename>Marie</forename>
                  <surname>Dewal</surname>
               </persName>
               <sex value="not-set"/>
               <occupation key="105">Schauspieler/Schauspielerin</occupation>
               <idno type="URL" subtype="pmb">https://pmb.acdh.oeaw.ac.at/entity/154035/</idno>
               <idno type="URL" subtype="bahr-textverzeichnis">https://bahr-textverzeichnis.acdh.oeaw.ac.at/pmb154035.html</idno>
               <listBibl>
                  <bibl type="collections" n="16">Bahr Textverzeichnis</bibl>
               </listBibl>
            </person>
            <person xml:id="pmb2868">
               <persName>
                  <forename>Victor</forename>
                  <surname>Kutschera</surname>
               </persName>
               <persName type="legacy-name-merge">Kutschera, Victor</persName>
               <birth>
                  <date when-iso="1863-05-02">1863-05-02</date>
                  <settlement key="50">
                     <placeName type="pref">Wien</placeName>
                     <location>
                        <geo>48,2066 16,37341</geo>
                     </location>
                  </settlement>
               </birth>
               <death>
                  <date when-iso="1933-01-20">1933-01-20</date>
                  <settlement key="50">
                     <placeName type="pref">Wien</placeName>
                     <location>
                        <geo>48,2066 16,37341</geo>
                     </location>
                  </settlement>
               </death>
               <sex value="male"/>
               <occupation key="104">Regisseur/Regisseurin</occupation>
               <occupation key="105">Schauspieler/Schauspielerin</occupation>
               <idno type="URL" subtype="gnd">https://d-nb.info/gnd/116628081</idno>
               <idno type="URL" subtype="schnitzler-tagebuch">https://schnitzler-tagebuch.acdh.oeaw.ac.at/person_17223.html</idno>
               <idno type="URL" subtype="schnitzler-bahr">https://schnitzler-bahr.acdh.oeaw.ac.at/pmb2868.html</idno>
               <idno type="URL" subtype="pmb">https://pmb.acdh.oeaw.ac.at/entity/2868/</idno>
               <idno type="URL" subtype="bahr-textverzeichnis">https://bahr-textverzeichnis.acdh.oeaw.ac.at/pmb2868.html</idno>
               <idno type="URL" subtype="fackel">https://fackel.oeaw.ac.at/?p=fackelp54884</idno>
               <idno type="URL" subtype="oebl">https://doi.org/10.1553/0x002826c6</idno>
               <idno type="URL" subtype="wikidata">http://www.wikidata.org/entity/Q2524322</idno>
               <idno type="URL" subtype="wikipedia">https://de.wikipedia.org/wiki/Viktor_Kutschera</idno>
               <idno type="URL" subtype="schnitzler-kino">https://schnitzler-kino.acdh.oeaw.ac.at/pmb2868.html</idno>
               <idno type="URL" subtype="pmb">https://pmb.acdh.oeaw.ac.at/entity/160915/</idno>
               <idno type="URL" subtype="bahr-tsn">https://bahr-textverzeichnis.acdh.oeaw.ac.at/TSN-listperson.html#pmb2868</idno>
               <listEvent>
                  <event key="142819" when-iso="1892-05-21">
                     <desc n="1256">ist Arbeitskraft bei</desc>
                     <label>Aufführung von Thermidor, 21.5.1892</label>
                     <idno type="URL" subtype="pmb">https://pmb.acdh.oeaw.ac.at/entity/142819/</idno>
                  </event>
                  <event key="143021" when-iso="1893-02-15">
                     <desc n="1256">ist Arbeitskraft bei</desc>
                     <label>Premiere von Francillon, 15.2.1893</label>
                     <idno type="URL" subtype="pmb">https://pmb.acdh.oeaw.ac.at/entity/143021/</idno>
                  </event>
                  <event key="35068" when-iso="1893-12-01">
                     <desc n="1256">ist Arbeitskraft bei</desc>
                     <label>Uraufführung von Das Märchen, 1.12.1893</label>
                     <idno type="URL" subtype="pmb">https://pmb.acdh.oeaw.ac.at/entity/35068/</idno>
                  </event>
                  <event key="146985" when-iso="1894-03-31">
                     <desc n="1256">ist Arbeitskraft bei</desc>
                     <label>Uraufführung von Rausch, 31.3.1894</label>
                     <idno type="URL" subtype="pmb">https://pmb.acdh.oeaw.ac.at/entity/146985/</idno>
                  </event>
                  <event key="35203" when-iso="1895-10-09">
                     <desc n="1256">ist Arbeitskraft bei</desc>
                     <label>Uraufführung von Liebelei, Premiere von Rechte der Seele,
                           9.10.1895</label>
                     <idno type="URL" subtype="pmb">https://pmb.acdh.oeaw.ac.at/entity/35203/</idno>
                  </event>
                  <event key="42439" when-iso="1895-11-11">
                     <desc n="1256">ist Arbeitskraft bei</desc>
                     <label>Uraufführung von Das Glück im Winkel, 11.11.1895</label>
                     <idno type="URL" subtype="pmb">https://pmb.acdh.oeaw.ac.at/entity/42439/</idno>
                  </event>
                  <event key="143121" when-iso="1898-05-03">
                     <desc n="1370">teilgenommen an</desc>
                     <label>Aufführung von Liebelei, 3.5.1898</label>
                     <idno type="URL" subtype="pmb">https://pmb.acdh.oeaw.ac.at/entity/143121/</idno>
                  </event>
                  <event key="143045" when-iso="1898-10-08">
                     <desc n="1256">ist Arbeitskraft bei</desc>
                     <label>Premiere von Mutter Erde, 8.10.1898</label>
                     <idno type="URL" subtype="pmb">https://pmb.acdh.oeaw.ac.at/entity/143045/</idno>
                  </event>
                  <event key="143042" when-iso="1898-11-11">
                     <desc n="1256">ist Arbeitskraft bei</desc>
                     <label>Aufführung von Im weißen Rössl, 11.11.1898</label>
                     <idno type="URL" subtype="pmb">https://pmb.acdh.oeaw.ac.at/entity/143042/</idno>
                  </event>
                  <event key="48470" when-iso="1905-04-13">
                     <desc n="1256">ist Arbeitskraft bei</desc>
                     <label>Uraufführung von Rat Schrimpf, 13.4.1905</label>
                     <idno type="URL" subtype="pmb">https://pmb.acdh.oeaw.ac.at/entity/48470/</idno>
                  </event>
                  <event key="35215" when-iso="1909-01-05">
                     <desc n="1256">ist Arbeitskraft bei</desc>
                     <label>Premiere von Liebelei, deutschsprachige Uraufführung von Komtesse
                           Mizzi, 5.1.1909</label>
                     <idno type="URL" subtype="pmb">https://pmb.acdh.oeaw.ac.at/entity/35215/</idno>
                  </event>
                  <event key="46552" when-iso="1909-12-10">
                     <desc n="1256">ist Arbeitskraft bei</desc>
                     <label>Generalprobe von Der Ruf des Lebens, 10.12.1909</label>
                     <idno type="URL" subtype="pmb">https://pmb.acdh.oeaw.ac.at/entity/46552/</idno>
                  </event>
                  <event key="35185" when-iso="1909-12-11">
                     <desc n="1256">ist Arbeitskraft bei</desc>
                     <label>Premiere von Der Ruf des Lebens, 11.12.1909</label>
                     <idno type="URL" subtype="pmb">https://pmb.acdh.oeaw.ac.at/entity/35185/</idno>
                  </event>
                  <event key="59579" when-iso="1925-11-14">
                     <desc n="1256">ist Arbeitskraft bei</desc>
                     <label>Premiere von Der einsame Weg, 14.11.1925</label>
                     <idno type="URL" subtype="pmb">https://pmb.acdh.oeaw.ac.at/entity/59579/</idno>
                  </event>
               </listEvent>
               <listBibl>
                  <bibl type="collections" n="11">ÖBL nach 1850 geboren</bibl>
                  <bibl type="collections" n="12">Fackel</bibl>
                  <bibl type="collections" n="16">Bahr Textverzeichnis</bibl>
               </listBibl>
               <note type="references"> </note>
               <figure>
                  <graphic url="https://commons.wikimedia.org/w/index.php?title=Special:Redirect/file/Viktor%20Kutschera.jpg"/>
               </figure>
            </person>
         </listPerson>
      </back>
   </text>
</TEI>
