<?xml version="1.0" encoding="UTF-8"?>
<TEI xmlns="http://www.tei-c.org/ns/1.0"
     xmlns:tei="http://www.tei-c.org/ns/1.0"
     xml:id="pmb122779.xml"
     prev="pmb132273"
     next="pmb122777">
   <teiHeader>
      <fileDesc>
         <titleStmt>
            <title level="s">Hermann Bahr – Textverzeichnis</title>
            <title level="a">Theater, Kunst und Literatur.
                     Jantsch-Theater</title>
            <title type="iso-date">1903-11-26</title>
            <respStmt>
               <resp>providing the content</resp>
               <name>Martin Anton Müller</name>
            </respStmt>
            <respStmt>
               <resp>converted to XML encoding</resp>
               <name>Martin Anton Müller</name>
            </respStmt>
         </titleStmt>
         <publicationStmt>
            <publisher>Austrian Centre for Digital Humanities and Cultural
                                    Heritage (ACDH-CH)</publisher>
            <date>2024-03-19+01:00</date>
            <idno type="URI">https://id.acdh.oeaw.ac.at/bahr-textverzeichnis/pmb122779.xml</idno>
         </publicationStmt>
         <sourceDesc>
            <p>Bibliografische Angaben eines in Druck erschienen Texts von
                                    Bahr</p>
         </sourceDesc>
      </fileDesc>
   </teiHeader>
   <text>
      <body>
         <div type="bibliografische-angabe">
            <biblStruct xml:id="pmb122779"
                        type="Journal-Article"
                        status="checked"
                        prev="pmb132273"
                        next="pmb122777">
               <analytic>
                  <author ref="pmb10815">H. B.</author>
                  <title level="a" ref="pmb122779">Theater, Kunst und Literatur.
                     Jantsch-Theater</title>
               </analytic>
               <monogr>
                  <title level="j" ref="pmb41321">Neues Wiener Tagblatt</title>
                  <imprint>
                     <biblScope unit="jg">37</biblScope>
                     <biblScope unit="issue">325</biblScope>
                     <biblScope unit="page">10–11</biblScope>
                     <date when="1903-11-26">26.11.1903</date>
                  </imprint>
               </monogr>
               <note type="review-of">
                  <bibl>
                     <title level="m">Faux bonshommes</title>
                     <author>Théodore Barrière</author>
                  </bibl>
               </note>
               <note type="incipit">Coquelin cadet hat sich gestern als Peponet in den »Faux
                  bonshommes« des Théodore Barrière vorgestellt.</note>
               <ref type="personenindex">
                  <listRef>
                     <ptr type="pmb" target="pmb13763"/>
                     <ptr type="pmb" target="pmb2500"/>
                     <ptr type="pmb" target="pmb4120"/>
                     <ptr type="pmb" target="pmb15512"/>
                     <ptr type="pmb" target="pmb6192"/>
                     <ptr type="pmb" target="pmb8987"/>
                     <ptr type="pmb" target="pmb148780"/>
                     <ptr type="pmb" target="pmb64926"/>
                     <ptr type="pmb" target="pmb3272"/>
                     <ptr type="pmb" target="pmb64956"/>
                  </listRef>
               </ref>
               <ref type="URL">https://anno.onb.ac.at/cgi-content/anno?aid=nwg&amp;datum=19031126&amp;seite=10</ref>
               <noteGrp type="keywords">
                  <note type="Journal-Article">Artikel in einem Periodikum</note>
               </noteGrp>
               <note type="bibliographical-statement">H. B.: Theater, Kunst und Literatur.
                  Jantsch-Theater. In: Neues Wiener Tagblatt, Jg. 37, Nr. 325, 26.11.1903,
                  S. 10–11.</note>
            </biblStruct>
         </div>
      </body>
      <back>
         <listPerson>
            <person xml:id="pmb13763">
               <persName>
                  <forename>Théodore</forename>
                  <surname>Barrière</surname>
               </persName>
               <persName type="legacy-name-merge">Barrière, Théodore</persName>
               <birth>
                  <date when-iso="1821-04-16">16.4.1821</date>
                  <settlement key="182">
                     <placeName type="pref">Paris</placeName>
                     <location>
                        <geo>48,85341 2,3488</geo>
                     </location>
                  </settlement>
               </birth>
               <death>
                  <date when-iso="1877-10-16">16.10.1877</date>
                  <settlement key="182">
                     <placeName type="pref">Paris</placeName>
                     <location>
                        <geo>48,85341 2,3488</geo>
                     </location>
                  </settlement>
               </death>
               <sex value="male"/>
               <occupation key="90">Schriftsteller/Schriftstellerin</occupation>
               <idno type="URL" subtype="schnitzler-tagebuch">https://schnitzler-tagebuch.acdh.oeaw.ac.at/person_13434.html</idno>
               <idno type="URL" subtype="pmb">https://pmb.acdh.oeaw.ac.at/entity/13763/</idno>
               <idno type="URL" subtype="schnitzler-briefe">https://schnitzler-briefe.acdh.oeaw.ac.at/pmb13763.html</idno>
               <idno type="URL" subtype="bahr-textverzeichnis">https://bahr-textverzeichnis.acdh.oeaw.ac.at/pmb13763.html</idno>
               <idno type="URL" subtype="wikidata">http://www.wikidata.org/entity/Q1974901</idno>
               <idno type="URL" subtype="wikipedia">https://de.wikipedia.org/wiki/Th%C3%A9odore_Barri%C3%A8re</idno>
               <idno type="URL" subtype="pmb">https://pmb.acdh.oeaw.ac.at/entity/159237/</idno>
               <idno type="URL" subtype="bahr-tsn">https://bahr-textverzeichnis.acdh.oeaw.ac.at/TSN-listperson.html#pmb13763</idno>
               <listBibl>
                  <bibl type="collections" n="16">Bahr Textverzeichnis</bibl>
               </listBibl>
               <note type="references"> </note>
               <figure>
                  <graphic url="https://commons.wikimedia.org/w/index.php?title=Special:Redirect/file/Tournachon%2C%20Gaspard-F%C3%A9lix%20-%20Th%C3%A9odore%20Barri%C3%A8re%20%281823-1877%29%20%28Zeno%20Fotografie%29.jpg"/>
               </figure>
            </person>
            <person xml:id="pmb2500">
               <persName>
                  <forename>Jules</forename>
                  <surname>Claretie</surname>
               </persName>
               <persName type="person_geburtsname_vorname">Arsène Arnaud</persName>
               <persName type="namensvariante">Clarétie Arsène-Jules Armand</persName>
               <persName type="legacy-name-merge">Claretie, Jules</persName>
               <persName type="legacy-name-merge">Claretie, Jules</persName>
               <birth>
                  <date when-iso="1840-12-03">1840-12-03</date>
                  <settlement key="47377">
                     <placeName type="pref">Limoges</placeName>
                     <location>
                        <geo>45,83362 1,24759</geo>
                     </location>
                  </settlement>
               </birth>
               <death>
                  <date when-iso="1913-12-23">1913-12-23</date>
                  <settlement key="182">
                     <placeName type="pref">Paris</placeName>
                     <location>
                        <geo>48,85341 2,3488</geo>
                     </location>
                  </settlement>
               </death>
               <sex value="male"/>
               <occupation key="90">Schriftsteller/Schriftstellerin</occupation>
               <occupation key="99">Journalist/Journalistin</occupation>
               <occupation key="103">Theaterleiter/Theaterleiterin</occupation>
               <occupation key="134">Historiker/Historikerin</occupation>
               <idno type="URL" subtype="gnd">https://d-nb.info/gnd/119069830</idno>
               <idno type="URL" subtype="schnitzler-tagebuch">https://schnitzler-tagebuch.acdh.oeaw.ac.at/person_14224.html</idno>
               <idno type="URL" subtype="schnitzler-bahr">https://schnitzler-bahr.acdh.oeaw.ac.at/pmb2500.html</idno>
               <idno type="URL" subtype="pmb">https://pmb.acdh.oeaw.ac.at/entity/2500/</idno>
               <idno type="URL" subtype="pmb">https://pmb.acdh.oeaw.ac.at/entity/14994/</idno>
               <idno type="URL" subtype="schnitzler-lektueren">https://schnitzler-lektueren.acdh.oeaw.ac.at/pmb2500.html</idno>
               <idno type="URL" subtype="bahr-textverzeichnis">https://bahr-textverzeichnis.acdh.oeaw.ac.at/pmb2500.html</idno>
               <idno type="URL" subtype="fackel">https://fackel.oeaw.ac.at/?p=fackelp40004</idno>
               <idno type="URL" subtype="wikidata">http://www.wikidata.org/entity/Q912271</idno>
               <idno type="URL" subtype="wikipedia">https://de.wikipedia.org/wiki/Jules_Claretie</idno>
               <idno type="URL" subtype="pmb">https://pmb.acdh.oeaw.ac.at/entity/159645/</idno>
               <idno type="URL" subtype="bahr-tsn">https://bahr-textverzeichnis.acdh.oeaw.ac.at/TSN-listperson.html#pmb2500</idno>
               <idno type="URL" subtype="hanslick-online">https://hanslick.acdh.oeaw.ac.at/hsl_person_id_2160.html</idno>
               <listBibl>
                  <bibl type="collections" n="12">Fackel</bibl>
                  <bibl type="collections" n="16">Bahr Textverzeichnis</bibl>
               </listBibl>
               <note type="references"> </note>
               <figure>
                  <graphic url="https://commons.wikimedia.org/w/index.php?title=Special:Redirect/file/WP%20Jules%20Claretie.jpg"/>
               </figure>
            </person>
            <person xml:id="pmb4120">
               <persName>
                  <forename>Francisque</forename>
                  <surname>Sarcey</surname>
               </persName>
               <persName type="legacy-name-merge">Sarcey, Francisque</persName>
               <birth>
                  <date when-iso="1827-10-08">1827-10-08</date>
                  <settlement key="4121">
                     <placeName type="pref">Dourdan</placeName>
                  </settlement>
               </birth>
               <death>
                  <date when-iso="1899-01-01" notAfter-iso="1899-12-31">1899</date>
                  <settlement key="182">
                     <placeName type="pref">Paris</placeName>
                     <location>
                        <geo>48,85341 2,3488</geo>
                     </location>
                  </settlement>
               </death>
               <sex value="male"/>
               <occupation key="90">Schriftsteller/Schriftstellerin</occupation>
               <occupation key="99">Journalist/Journalistin</occupation>
               <idno type="URL" subtype="gnd">https://d-nb.info/gnd/116806095</idno>
               <idno type="URL" subtype="schnitzler-bahr">https://schnitzler-bahr.acdh.oeaw.ac.at/pmb4120.html</idno>
               <idno type="URL" subtype="pmb">https://pmb.acdh.oeaw.ac.at/entity/4120/</idno>
               <idno type="URL" subtype="bahr-textverzeichnis">https://bahr-textverzeichnis.acdh.oeaw.ac.at/pmb4120.html</idno>
               <idno type="URL" subtype="fackel">https://fackel.oeaw.ac.at/?p=fackelp43421</idno>
               <idno type="URL" subtype="wikidata">http://www.wikidata.org/entity/Q1384953</idno>
               <idno type="URL" subtype="wikipedia">https://de.wikipedia.org/wiki/Francisque_Sarcey</idno>
               <idno type="URL" subtype="pmb">https://pmb.acdh.oeaw.ac.at/entity/162038/</idno>
               <idno type="URL" subtype="bahr-tsn">https://bahr-textverzeichnis.acdh.oeaw.ac.at/TSN-listperson.html#pmb4120</idno>
               <listBibl>
                  <bibl type="collections" n="12">Fackel</bibl>
                  <bibl type="collections" n="16">Bahr Textverzeichnis</bibl>
               </listBibl>
               <note type="references">None </note>
               <figure>
                  <graphic url="https://commons.wikimedia.org/w/index.php?title=Special:Redirect/file/Francisque%20Sarcey%201886.jpg"/>
               </figure>
            </person>
            <person xml:id="pmb15512">
               <persName>
                  <forename>Alexandre fils</forename>
                  <surname>Dumas</surname>
               </persName>
               <persName type="legacy-name-merge">Dumas, Alexandre (fils)</persName>
               <persName type="legacy-name-merge">Dumas, Alexandre Fils</persName>
               <birth>
                  <date when-iso="1824-07-28">28.07.1824</date>
                  <settlement key="182">
                     <placeName type="pref">Paris</placeName>
                     <location>
                        <geo>48,85341 2,3488</geo>
                     </location>
                  </settlement>
               </birth>
               <death>
                  <date when-iso="1895-11-27">27.11.1895</date>
                  <settlement key="54919">
                     <placeName type="pref">Marly-le-Roi</placeName>
                     <location>
                        <geo>48,86667 2,08333</geo>
                     </location>
                  </settlement>
               </death>
               <sex value="male"/>
               <occupation key="90">Schriftsteller/Schriftstellerin</occupation>
               <idno type="URL" subtype="schnitzler-tagebuch">https://schnitzler-tagebuch.acdh.oeaw.ac.at/person_14546.html</idno>
               <idno type="URL" subtype="schnitzler-bahr">https://schnitzler-bahr.acdh.oeaw.ac.at/pmb15512.html</idno>
               <idno type="URL" subtype="pmb">https://pmb.acdh.oeaw.ac.at/entity/15512/</idno>
               <idno type="URL" subtype="schnitzler-briefe">https://schnitzler-briefe.acdh.oeaw.ac.at/pmb15512.html</idno>
               <idno type="URL" subtype="gnd">https://d-nb.info/gnd/11852805X</idno>
               <idno type="URL" subtype="schnitzler-lektueren">https://schnitzler-lektueren.acdh.oeaw.ac.at/pmb15512.html</idno>
               <idno type="URL" subtype="bahr-textverzeichnis">https://bahr-textverzeichnis.acdh.oeaw.ac.at/pmb15512.html</idno>
               <idno type="URL" subtype="fackel">https://fackel.oeaw.ac.at/?p=fackelp47292</idno>
               <idno type="URL" subtype="wikidata">http://www.wikidata.org/entity/Q169150</idno>
               <idno type="URL" subtype="wikipedia">https://de.wikipedia.org/wiki/Alexandre_Dumas_der_J%C3%BCngere</idno>
               <idno type="URL" subtype="pmb">https://pmb.acdh.oeaw.ac.at/entity/159834/</idno>
               <idno type="URL" subtype="bahr-tsn">https://bahr-textverzeichnis.acdh.oeaw.ac.at/TSN-listperson.html#pmb159834</idno>
               <idno type="URL" subtype="hanslick-online">https://hanslick.acdh.oeaw.ac.at/hsl_person_id_65.html</idno>
               <listBibl>
                  <bibl type="collections" n="12">Fackel</bibl>
                  <bibl type="collections" n="16">Bahr Textverzeichnis</bibl>
               </listBibl>
               <note type="references"> </note>
               <figure>
                  <graphic url="https://commons.wikimedia.org/w/index.php?title=Special:Redirect/file/Alexandre%20Dumas%20fils.jpg"/>
               </figure>
            </person>
            <person xml:id="pmb6192">
               <persName>
                  <forename>Friedrich</forename>
                  <surname>Beckmann</surname>
               </persName>
               <persName type="legacy-name-merge">Beckmann, Friedrich</persName>
               <birth>
                  <date when-iso="1803-01-13">13.01.1803</date>
                  <settlement key="677">
                     <placeName type="pref">Breslau</placeName>
                     <location>
                        <geo>51,10773 17,03533</geo>
                     </location>
                  </settlement>
               </birth>
               <death>
                  <date when-iso="1866-09-01">01.09.1866</date>
                  <settlement key="50">
                     <placeName type="pref">Wien</placeName>
                     <location>
                        <geo>48,2066 16,37341</geo>
                     </location>
                  </settlement>
               </death>
               <sex value="male"/>
               <occupation key="105">Schauspieler/Schauspielerin</occupation>
               <idno type="URL" subtype="gnd">https://d-nb.info/gnd/116106409</idno>
               <idno type="URL" subtype="schnitzler-tagebuch">https://schnitzler-tagebuch.acdh.oeaw.ac.at/person_13519.html</idno>
               <idno type="URL" subtype="pmb">https://pmb.acdh.oeaw.ac.at/entity/6192/</idno>
               <idno type="URL" subtype="fackel">https://fackel.oeaw.ac.at/?p=fackelp39009</idno>
               <idno type="URL" subtype="wikidata">http://www.wikidata.org/entity/Q96341</idno>
               <idno type="URL" subtype="wikipedia">https://de.wikipedia.org/wiki/Friedrich_Beckmann_(Schauspieler,_1803)</idno>
               <idno type="URL" subtype="oebl">https://doi.org/10.1553/0x00280f90</idno>
               <idno type="URL" subtype="pmb">https://pmb.acdh.oeaw.ac.at/entity/159299/</idno>
               <idno type="URL" subtype="bahr-textverzeichnis">https://bahr-textverzeichnis.acdh.oeaw.ac.at/pmb6192.html</idno>
               <idno type="URL" subtype="bahr-tsn">https://bahr-textverzeichnis.acdh.oeaw.ac.at/TSN-listperson.html#pmb6192</idno>
               <idno type="URL" subtype="hanslick-online">https://hanslick.acdh.oeaw.ac.at/hsl_person_id_1952.html</idno>
               <listBibl>
                  <bibl type="collections" n="12">Fackel</bibl>
                  <bibl type="collections" n="16">Bahr Textverzeichnis</bibl>
               </listBibl>
               <note type="references">None </note>
               <figure>
                  <graphic url="https://commons.wikimedia.org/w/index.php?title=Special:Redirect/file/Friedrich%20Beckmann.jpg"/>
               </figure>
            </person>
            <person xml:id="pmb8987">
               <persName>
                  <forename>Henri</forename>
                  <surname>Murger</surname>
               </persName>
               <persName type="legacy-name-merge">Murger, Henri</persName>
               <birth>
                  <date when-iso="1822-03-24">24.03.1822</date>
                  <settlement key="182">
                     <placeName type="pref">Paris</placeName>
                     <location>
                        <geo>48,85341 2,3488</geo>
                     </location>
                  </settlement>
               </birth>
               <death>
                  <date when-iso="1861-01-28">28.01.1861</date>
                  <settlement key="182">
                     <placeName type="pref">Paris</placeName>
                     <location>
                        <geo>48,85341 2,3488</geo>
                     </location>
                  </settlement>
               </death>
               <sex value="male"/>
               <occupation key="90">Schriftsteller/Schriftstellerin</occupation>
               <idno type="URL" subtype="gnd">https://d-nb.info/gnd/118785400</idno>
               <idno type="URL" subtype="schnitzler-tagebuch">https://schnitzler-tagebuch.acdh.oeaw.ac.at/person_18331.html</idno>
               <idno type="URL" subtype="pmb">https://pmb.acdh.oeaw.ac.at/entity/8987/</idno>
               <idno type="URL" subtype="schnitzler-briefe">https://schnitzler-briefe.acdh.oeaw.ac.at/pmb8987.html</idno>
               <idno type="URL" subtype="schnitzler-lektueren">https://schnitzler-lektueren.acdh.oeaw.ac.at/pmb8987.html</idno>
               <idno type="URL" subtype="bahr-textverzeichnis">https://bahr-textverzeichnis.acdh.oeaw.ac.at/pmb8987.html</idno>
               <idno type="URL" subtype="fackel">https://fackel.oeaw.ac.at/?p=fackelp50466</idno>
               <idno type="URL" subtype="wikidata">http://www.wikidata.org/entity/Q31258</idno>
               <idno type="URL" subtype="wikipedia">https://de.wikipedia.org/wiki/Henri_Murger</idno>
               <idno type="URL" subtype="schnitzler-kino">https://schnitzler-kino.acdh.oeaw.ac.at/pmb8987.html</idno>
               <idno type="URL" subtype="pmb">https://pmb.acdh.oeaw.ac.at/entity/161417/</idno>
               <idno type="URL" subtype="bahr-tsn">https://bahr-textverzeichnis.acdh.oeaw.ac.at/TSN-listperson.html#pmb8987</idno>
               <idno type="URL" subtype="hanslick-online">https://hanslick.acdh.oeaw.ac.at/hsl_person_id_992.html</idno>
               <listBibl>
                  <bibl type="collections" n="12">Fackel</bibl>
                  <bibl type="collections" n="16">Bahr Textverzeichnis</bibl>
               </listBibl>
               <note type="references">None </note>
               <figure>
                  <graphic url="https://commons.wikimedia.org/w/index.php?title=Special:Redirect/file/Henry%20Murger%20in%201854.jpg"/>
               </figure>
            </person>
            <person xml:id="pmb148780">
               <persName>
                  <forename>Ernest</forename>
                  <surname>Coquelin</surname>
               </persName>
               <persName type="legacy-name-merge">Coquelin Cadet</persName>
               <birth>
                  <date when-iso="1848-05-16">1848-05-16</date>
                  <settlement key="114803">
                     <placeName type="pref">Boulogne-sur-Mer</placeName>
                     <location>
                        <geo>50,71667 1,61667</geo>
                     </location>
                  </settlement>
               </birth>
               <death>
                  <date when-iso="1909-02-08">1909-02-08</date>
                  <settlement key="62097">
                     <placeName type="pref">Suresnes</placeName>
                     <location>
                        <geo>48,87143 2,22929</geo>
                     </location>
                  </settlement>
               </death>
               <sex value="male"/>
               <idno type="URL" subtype="bahr-textverzeichnis">https://bahr-textverzeichnis.acdh.oeaw.ac.at/pmb148780.html</idno>
               <idno type="URL" subtype="pmb">https://pmb.acdh.oeaw.ac.at/entity/148780/</idno>
               <idno type="URL" subtype="wikidata">http://www.wikidata.org/entity/Q2077885</idno>
               <idno type="URL" subtype="gnd">https://d-nb.info/gnd/116670711</idno>
               <idno type="URL" subtype="pmb">https://pmb.acdh.oeaw.ac.at/entity/159684/</idno>
               <idno type="URL" subtype="bahr-tsn">https://bahr-textverzeichnis.acdh.oeaw.ac.at/TSN-listperson.html#pmb159684</idno>
               <listBibl>
                  <bibl type="collections" n="16">Bahr Textverzeichnis</bibl>
                  <bibl type="collections" n="22">No german Wikipedia-Site found</bibl>
               </listBibl>
               <note type="references">None </note>
            </person>
            <person xml:id="pmb64926">
               <persName>
                  <forename>Edmond</forename>
                  <surname>About</surname>
               </persName>
               <persName type="legacy-name-merge">About, Edmond</persName>
               <birth>
                  <date when-iso="1828-02-14">1828-02-14</date>
                  <settlement key="114517">
                     <placeName type="pref">Dieuze</placeName>
                     <location>
                        <geo>48,812629 6,7178</geo>
                     </location>
                  </settlement>
               </birth>
               <death>
                  <date when-iso="1885-01-17">1885-01-17</date>
                  <settlement key="148785">
                     <placeName type="pref">rue de Douai</placeName>
                     <location>
                        <geo>48,8829 2,33173</geo>
                     </location>
                  </settlement>
               </death>
               <sex value="male"/>
               <occupation key="90">Schriftsteller/Schriftstellerin</occupation>
               <idno type="URL" subtype="pmb">https://pmb.acdh.oeaw.ac.at/entity/64926/</idno>
               <idno type="URL" subtype="schnitzler-lektueren">https://schnitzler-lektueren.acdh.oeaw.ac.at/pmb64926.html</idno>
               <idno type="URL" subtype="pmb">https://pmb.acdh.oeaw.ac.at/entity/148783/</idno>
               <idno type="URL" subtype="wikidata">http://www.wikidata.org/entity/Q361004</idno>
               <idno type="URL" subtype="gnd">https://d-nb.info/gnd/118643606</idno>
               <idno type="URL" subtype="bahr-textverzeichnis">https://bahr-textverzeichnis.acdh.oeaw.ac.at/pmb148783.html</idno>
               <idno type="URL" subtype="wikipedia">https://de.wikipedia.org/wiki/Edmond_About</idno>
               <listBibl>
                  <bibl type="collections" n="16">Bahr Textverzeichnis</bibl>
               </listBibl>
            </person>
            <person xml:id="pmb3272">
               <persName>
                  <surname>Molière</surname>
               </persName>
               <persName type="person_geburtsname_vorname">Jean-Baptiste</persName>
               <persName type="person_geburtsname_nachname">Poquelin</persName>
               <persName type="person_pseudonym">Molière</persName>
               <persName type="legacy-name-merge">Poquelin, Jean Baptiste</persName>
               <persName type="legacy-name-merge">Molière</persName>
               <persName type="legacy-name-merge">Molière</persName>
               <birth>
                  <date when-iso="1622-01-14">14.01.1622</date>
                  <settlement key="182">
                     <placeName type="pref">Paris</placeName>
                     <location>
                        <geo>48,85341 2,3488</geo>
                     </location>
                  </settlement>
               </birth>
               <death>
                  <date when-iso="1673-02-17">17.02.1673</date>
                  <settlement key="182">
                     <placeName type="pref">Paris</placeName>
                     <location>
                        <geo>48,85341 2,3488</geo>
                     </location>
                  </settlement>
               </death>
               <sex value="male"/>
               <occupation key="90">Schriftsteller/Schriftstellerin</occupation>
               <occupation key="103">Theaterleiter/Theaterleiterin</occupation>
               <occupation key="105">Schauspieler/Schauspielerin</occupation>
               <idno type="URL" subtype="gnd">https://d-nb.info/gnd/11858331X</idno>
               <idno type="URL" subtype="schnitzler-tagebuch">https://schnitzler-tagebuch.acdh.oeaw.ac.at/person_18214.html</idno>
               <idno type="URL" subtype="schnitzler-bahr">https://schnitzler-bahr.acdh.oeaw.ac.at/pmb3272.html</idno>
               <idno type="URL" subtype="pmb">https://pmb.acdh.oeaw.ac.at/entity/3272/</idno>
               <idno type="URL" subtype="pmb">https://pmb.acdh.oeaw.ac.at/entity/22808/</idno>
               <idno type="URL" subtype="schnitzler-briefe">https://schnitzler-briefe.acdh.oeaw.ac.at/pmb3272.html</idno>
               <idno type="URL" subtype="schnitzler-lektueren">https://schnitzler-lektueren.acdh.oeaw.ac.at/pmb3272.html</idno>
               <idno type="URL" subtype="bahr-textverzeichnis">https://bahr-textverzeichnis.acdh.oeaw.ac.at/pmb3272.html</idno>
               <idno type="URL" subtype="fackel">https://fackel.oeaw.ac.at/?p=fackelp50292</idno>
               <idno type="URL" subtype="wikidata">http://www.wikidata.org/entity/Q687</idno>
               <idno type="URL" subtype="wikipedia">https://de.wikipedia.org/wiki/Moli%C3%A8re</idno>
               <idno type="URL" subtype="schnitzler-kino">https://schnitzler-kino.acdh.oeaw.ac.at/pmb3272.html</idno>
               <idno type="URL" subtype="schnitzler-interviews">https://schnitzler-interviews.acdh.oeaw.ac.at/pmb3272.html</idno>
               <idno type="URL" subtype="bahr-tsn">https://bahr-textverzeichnis.acdh.oeaw.ac.at/TSN-listperson.html#pmb161360</idno>
               <idno type="URL" subtype="pmb">https://pmb.acdh.oeaw.ac.at/entity/161360/</idno>
               <idno type="URL" subtype="pmb">https://pmb.acdh.oeaw.ac.at/entity/161361/</idno>
               <idno type="URL" subtype="hanslick-online">https://hanslick.acdh.oeaw.ac.at/hsl_person_id_864.html</idno>
               <listBibl>
                  <bibl type="collections" n="12">Fackel</bibl>
                  <bibl type="collections" n="15">Schnitzler-Kino</bibl>
                  <bibl type="collections" n="16">Bahr Textverzeichnis</bibl>
               </listBibl>
               <note type="references"> </note>
               <figure>
                  <graphic url="https://commons.wikimedia.org/w/index.php?title=Special:Redirect/file/Pierre%20Mignard%20-%20Portrait%20de%20Jean-Baptiste%20Poquelin%20dit%20Moli%C3%A8re%20%281622-1673%29%20-%20Google%20Art%20Project%20%28cropped%29.jpg"/>
               </figure>
            </person>
            <person xml:id="pmb64956">
               <persName>
                  <forename>Alphonse</forename>
                  <surname>Karr</surname>
               </persName>
               <persName type="legacy-name-merge">Karr, Alphonse</persName>
               <birth>
                  <date when-iso="1808-11-24">1808-11-24</date>
               </birth>
               <death>
                  <date when-iso="1890-09-30">1890-09-30</date>
               </death>
               <sex value="male"/>
               <occupation key="90">Schriftsteller/Schriftstellerin</occupation>
               <occupation key="1501">Literarhistoriker/Literarhistorikerin</occupation>
               <idno type="URL" subtype="pmb">https://pmb.acdh.oeaw.ac.at/entity/64956/</idno>
               <idno type="URL" subtype="schnitzler-lektueren">https://schnitzler-lektueren.acdh.oeaw.ac.at/pmb64956.html</idno>
               <idno type="URL" subtype="pmb">https://pmb.acdh.oeaw.ac.at/entity/154065/</idno>
               <idno type="URL" subtype="bahr-textverzeichnis">https://bahr-textverzeichnis.acdh.oeaw.ac.at/pmb154065.html</idno>
               <listBibl>
                  <bibl type="collections" n="16">Bahr Textverzeichnis</bibl>
               </listBibl>
            </person>
         </listPerson>
      </back>
   </text>
</TEI>
