<?xml version="1.0" encoding="UTF-8"?>
<TEI xmlns="http://www.tei-c.org/ns/1.0"
     xmlns:tei="http://www.tei-c.org/ns/1.0"
     xml:id="pmb122497.xml"
     prev="pmb134865"
     next="pmb134297">
   <teiHeader>
      <fileDesc>
         <titleStmt>
            <title level="s">Hermann Bahr – Textverzeichnis</title>
            <title level="a">Kecke Glossen</title>
            <title type="iso-date">1892-10-09</title>
            <respStmt>
               <resp>providing the content</resp>
               <name>Martin Anton Müller</name>
            </respStmt>
            <respStmt>
               <resp>converted to XML encoding</resp>
               <name>Martin Anton Müller</name>
            </respStmt>
         </titleStmt>
         <publicationStmt>
            <publisher>Austrian Centre for Digital Humanities and Cultural
                                    Heritage (ACDH-CH)</publisher>
            <date>2024-03-19+01:00</date>
            <idno type="URI">https://id.acdh.oeaw.ac.at/bahr-textverzeichnis/pmb122497.xml</idno>
         </publicationStmt>
         <sourceDesc>
            <p>Bibliografische Angaben eines in Druck erschienen Texts von
                                    Bahr</p>
         </sourceDesc>
      </fileDesc>
   </teiHeader>
   <text>
      <body>
         <div type="bibliografische-angabe">
            <biblStruct xml:id="pmb122497"
                        type="Journal-Article"
                        subtype="Glosse"
                        status="checked"
                        prev="pmb134865"
                        next="pmb134297">
               <analytic>
                  <author ref="pmb10815">Meph.</author>
                  <title level="a" ref="pmb122497">Kecke Glossen</title>
               </analytic>
               <monogr>
                  <title level="j" ref="pmb41471">Deutsche Zeitung</title>
                  <imprint>
                     <biblScope unit="jg">22</biblScope>
                     <biblScope unit="issue">7464, 1. Beilage</biblScope>
                     <biblScope unit="page">5</biblScope>
                     <date when="1892-10-09">9.10.1892</date>
                  </imprint>
               </monogr>
               <note type="incipit">Es ist ein seltsames Land. Es ist ein seltsames Volk. Es ist das
                  Land</note>
               <note type="summary">Eine Glosse über die fehlende Mäßigung in der Dummheit
                  (unziemliches Verhalten beim Tod Hallensteins), beim Spiel (der Distanzritt) und
                  beim Loben eines liberalen Politikers (Kronawetter).</note>
               <ref type="personenindex">
                  <listRef>
                     <ptr type="pmb" target="pmb5329"/>
                     <ptr type="pmb" target="pmb148544"/>
                  </listRef>
               </ref>
               <ref type="URL">https://bahr.univie.ac.at/sites/all/txt/deutsche-zeitung/74645.pdf</ref>
               <noteGrp type="keywords">
                  <note type="Journal-Article">Artikel in einem Periodikum</note>
                  <note subtype="Glosse">Glosse</note>
               </noteGrp>
               <note type="bibliographical-statement">Meph.: Kecke Glossen. In: Deutsche Zeitung,
                  Jg. 22, Nr. 7464, 1. Beilage, 9.10.1892, S. 5.</note>
            </biblStruct>
         </div>
      </body>
      <back>
         <listPerson>
            <person xml:id="pmb5329">
               <persName>
                  <forename>Ferdinand</forename>
                  <surname>Kronawetter</surname>
               </persName>
               <birth>
                  <date when-iso="1838-02-26">26.02.1838</date>
                  <settlement key="50">
                     <placeName type="pref">Wien</placeName>
                     <location>
                        <geo>48,2066 16,37341</geo>
                     </location>
                  </settlement>
               </birth>
               <death>
                  <date when-iso="1913-01-20">20.01.1913</date>
                  <settlement key="49316">
                     <placeName type="pref">Pottschach</placeName>
                     <location>
                        <geo>47,69856 16,00725</geo>
                     </location>
                  </settlement>
               </death>
               <sex value="male"/>
               <occupation key="95">Politiker/Politikerin</occupation>
               <idno type="URL" subtype="gnd">https://d-nb.info/gnd/134206649</idno>
               <idno type="URL" subtype="pmb">https://pmb.acdh.oeaw.ac.at/entity/5329/</idno>
               <idno type="URL" subtype="fackel">https://fackel.oeaw.ac.at/?p=fackelp41410</idno>
               <idno type="URL" subtype="wikidata">http://www.wikidata.org/entity/Q896167</idno>
               <idno type="URL" subtype="wikipedia">https://de.wikipedia.org/wiki/Ferdinand_Kronawetter</idno>
               <idno type="URL" subtype="oebl">https://doi.org/10.1553/0x002825b2</idno>
               <idno type="URL" subtype="schnitzler-interviews">https://schnitzler-interviews.acdh.oeaw.ac.at/pmb5329.html</idno>
               <idno type="URL" subtype="bahr-textverzeichnis">https://bahr-textverzeichnis.acdh.oeaw.ac.at/pmb5329.html</idno>
               <listBibl>
                  <bibl type="collections" n="12">Fackel</bibl>
               </listBibl>
               <figure>
                  <graphic url="https://commons.wikimedia.org/w/index.php?title=Special:Redirect/file/Ferdinand%20Kronawetter.jpg"/>
               </figure>
            </person>
            <person xml:id="pmb148544">
               <persName>
                  <forename>Konrad</forename>
                  <surname>Conrad Hallenstein</surname>
               </persName>
               <birth>
                  <date when-iso="1835-01-15">1835-01-15</date>
                  <settlement key="146">
                     <placeName type="pref">Frankfurt am Main</placeName>
                     <location>
                        <geo>50,11552 8,68417</geo>
                     </location>
                  </settlement>
               </birth>
               <death>
                  <date when-iso="1892-09-28">1892-09-28</date>
                  <settlement key="39792">
                     <placeName type="pref">Purkersdorf</placeName>
                     <location>
                        <geo>48,19512 16,16265</geo>
                     </location>
                  </settlement>
               </death>
               <sex value="male"/>
               <idno type="URL" subtype="bahr-textverzeichnis">https://bahr-textverzeichnis.acdh.oeaw.ac.at/pmb148544.html</idno>
               <idno type="URL" subtype="pmb">https://pmb.acdh.oeaw.ac.at/entity/148544/</idno>
               <idno type="URL" subtype="wikidata">http://www.wikidata.org/entity/Q1781907</idno>
               <idno type="URL" subtype="gnd">https://d-nb.info/gnd/116406488</idno>
               <idno type="URL" subtype="wikipedia">https://de.wikipedia.org/wiki/Konrad_Adolf_Hallenstein</idno>
               <listBibl>
                  <bibl type="collections" n="16">Bahr Textverzeichnis</bibl>
               </listBibl>
            </person>
         </listPerson>
      </back>
   </text>
</TEI>
