<?xml version="1.0" encoding="UTF-8"?>
<TEI xmlns="http://www.tei-c.org/ns/1.0"
     xmlns:tei="http://www.tei-c.org/ns/1.0"
     xml:id="pmb122709.xml"
     prev="pmb122711"
     next="pmb122707">
   <teiHeader>
      <fileDesc>
         <titleStmt>
            <title level="s">Hermann Bahr – Textverzeichnis</title>
            <title level="a">Theater, Kunst und Literatur. Deutsches
                     Volkstheater</title>
            <title type="iso-date">1904-06-09</title>
            <respStmt>
               <resp>providing the content</resp>
               <name>Martin Anton Müller</name>
            </respStmt>
            <respStmt>
               <resp>converted to XML encoding</resp>
               <name>Martin Anton Müller</name>
            </respStmt>
         </titleStmt>
         <publicationStmt>
            <publisher>Austrian Centre for Digital Humanities and Cultural
                                    Heritage (ACDH-CH)</publisher>
            <date>2024-03-19+01:00</date>
            <idno type="URI">https://id.acdh.oeaw.ac.at/bahr-textverzeichnis/pmb122709.xml</idno>
         </publicationStmt>
         <sourceDesc>
            <p>Bibliografische Angaben eines in Druck erschienen Texts von
                                    Bahr</p>
         </sourceDesc>
      </fileDesc>
   </teiHeader>
   <text>
      <body>
         <div type="bibliografische-angabe">
            <biblStruct xml:id="pmb122709"
                        type="Journal-Article"
                        subtype="Nachtkritik"
                        status="checked"
                        prev="pmb122711"
                        next="pmb122707">
               <analytic>
                  <author ref="pmb10815">H. B.</author>
                  <title level="a" ref="pmb122709">Theater, Kunst und Literatur. Deutsches
                     Volkstheater</title>
               </analytic>
               <monogr>
                  <title level="j" ref="pmb41321">Neues Wiener Tagblatt</title>
                  <imprint>
                     <biblScope unit="jg">38</biblScope>
                     <biblScope unit="issue">159</biblScope>
                     <biblScope unit="page">8</biblScope>
                     <date when="1904-06-09">9.6.1904</date>
                  </imprint>
               </monogr>
               <note type="review-of">
                  <bibl>
                     <title level="m">Amoureuse (Verliebt)</title>
                     <author>Georges de Porto-Riche</author>
                  </bibl>
               </note>
               <note type="incipit">Neulich, als Haubenlerche, war Fräulein Galafres manchmal ganz
                  nett.</note>
               <ref type="personenindex">
                  <listRef>
                     <ptr type="pmb" target="pmb13118"/>
                     <ptr type="pmb" target="pmb22824"/>
                     <ptr type="pmb" target="pmb4179"/>
                     <ptr type="pmb" target="pmb11981"/>
                     <ptr type="pmb" target="pmb153972"/>
                  </listRef>
               </ref>
               <ref type="URL">https://anno.onb.ac.at/cgi-content/anno?aid=nwg&amp;datum=19040609&amp;seite=8</ref>
               <noteGrp type="keywords">
                  <note type="Journal-Article">Artikel in einem Periodikum</note>
                  <note subtype="Nachtkritik">Nachtkritik</note>
               </noteGrp>
               <note type="bibliographical-statement">H. B.: Theater, Kunst und Literatur. Deutsches
                  Volkstheater. In: Neues Wiener Tagblatt, Jg. 38, Nr. 159, 9.6.1904, S. 8.</note>
            </biblStruct>
         </div>
      </body>
      <back>
         <listPerson>
            <person xml:id="pmb13118">
               <persName>
                  <forename>Ernst von</forename>
                  <surname>Wildenbruch</surname>
               </persName>
               <persName type="legacy-name-merge">Wildenbruch, Ernst von</persName>
               <birth>
                  <date when-iso="1845-02-03">03.02.1845</date>
                  <settlement key="46759">
                     <placeName type="pref">Beirut</placeName>
                     <location>
                        <geo>33,89332 35,50157</geo>
                     </location>
                  </settlement>
               </birth>
               <death>
                  <date when-iso="1909-01-15">15.01.1909</date>
                  <settlement key="168">
                     <placeName type="pref">Berlin</placeName>
                     <location>
                        <geo>52,52437 13,41053</geo>
                     </location>
                  </settlement>
               </death>
               <sex value="male"/>
               <occupation key="90">Schriftsteller/Schriftstellerin</occupation>
               <idno type="URL" subtype="gnd">https://d-nb.info/gnd/118771760</idno>
               <idno type="URL" subtype="schnitzler-tagebuch">https://schnitzler-tagebuch.acdh.oeaw.ac.at/person_21326.html</idno>
               <idno type="URL" subtype="schnitzler-bahr">https://schnitzler-bahr.acdh.oeaw.ac.at/pmb13118.html</idno>
               <idno type="URL" subtype="pmb">https://pmb.acdh.oeaw.ac.at/entity/13118/</idno>
               <idno type="URL" subtype="schnitzler-briefe">https://schnitzler-briefe.acdh.oeaw.ac.at/pmb13118.html</idno>
               <idno type="URL" subtype="schnitzler-lektueren">https://schnitzler-lektueren.acdh.oeaw.ac.at/pmb13118.html</idno>
               <idno type="URL" subtype="fackel">https://fackel.oeaw.ac.at/?p=fackelp42859</idno>
               <idno type="URL" subtype="wikidata">http://www.wikidata.org/entity/Q45337</idno>
               <idno type="URL" subtype="wikipedia">https://de.wikipedia.org/wiki/Ernst_von_Wildenbruch</idno>
               <idno type="URL" subtype="schnitzler-interviews">https://schnitzler-interviews.acdh.oeaw.ac.at/pmb13118.html</idno>
               <idno type="URL" subtype="pmb">https://pmb.acdh.oeaw.ac.at/entity/162827/</idno>
               <idno type="URL" subtype="bahr-tsn">https://bahr-textverzeichnis.acdh.oeaw.ac.at/TSN-listperson.html#pmb13118</idno>
               <idno type="URL" subtype="bahr-textverzeichnis">https://bahr-textverzeichnis.acdh.oeaw.ac.at/pmb13118.html</idno>
               <listBibl>
                  <bibl type="collections" n="12">Fackel</bibl>
                  <bibl type="collections" n="16">Bahr Textverzeichnis</bibl>
               </listBibl>
               <note type="references"> </note>
               <figure>
                  <graphic url="https://commons.wikimedia.org/w/index.php?title=Special:Redirect/file/Ernst%20von%20Wildenbruch%2C%20c.%201904%20-%20Louis%20Held.jpg"/>
               </figure>
            </person>
            <person xml:id="pmb22824">
               <persName>
                  <forename>Georges de</forename>
                  <surname>Porto-Riche</surname>
               </persName>
               <persName type="legacy-name-merge">Porto-Riche, Georges de</persName>
               <birth>
                  <date when-iso="1849-05-20">20.05.1849</date>
                  <settlement key="4870">
                     <placeName type="pref">Bordeaux</placeName>
                  </settlement>
               </birth>
               <death>
                  <date when-iso="1930-09-05">05.09.1930</date>
                  <settlement key="182">
                     <placeName type="pref">Paris</placeName>
                     <location>
                        <geo>48,85341 2,3488</geo>
                     </location>
                  </settlement>
               </death>
               <sex value="male"/>
               <occupation key="90">Schriftsteller/Schriftstellerin</occupation>
               <idno type="URL" subtype="schnitzler-tagebuch">https://schnitzler-tagebuch.acdh.oeaw.ac.at/person_18928.html</idno>
               <idno type="URL" subtype="schnitzler-bahr">https://schnitzler-bahr.acdh.oeaw.ac.at/pmb22824.html</idno>
               <idno type="URL" subtype="pmb">https://pmb.acdh.oeaw.ac.at/entity/22824/</idno>
               <idno type="URL" subtype="gnd">https://d-nb.info/gnd/118792946</idno>
               <idno type="URL" subtype="schnitzler-lektueren">https://schnitzler-lektueren.acdh.oeaw.ac.at/pmb22824.html</idno>
               <idno type="URL" subtype="bahr-textverzeichnis">https://bahr-textverzeichnis.acdh.oeaw.ac.at/pmb22824.html</idno>
               <idno type="URL" subtype="wikidata">http://www.wikidata.org/entity/Q1509108</idno>
               <idno type="URL" subtype="wikipedia">https://de.wikipedia.org/wiki/Georges_de_Porto-Riche</idno>
               <idno type="URL" subtype="pmb">https://pmb.acdh.oeaw.ac.at/entity/161733/</idno>
               <idno type="URL" subtype="bahr-tsn">https://bahr-textverzeichnis.acdh.oeaw.ac.at/TSN-listperson.html#pmb22824</idno>
               <listBibl>
                  <bibl type="collections" n="16">Bahr Textverzeichnis</bibl>
               </listBibl>
               <note type="references"> </note>
               <figure>
                  <graphic url="https://commons.wikimedia.org/w/index.php?title=Special:Redirect/file/Georges%20de%20Porto-Riche%201895.jpg"/>
               </figure>
            </person>
            <person xml:id="pmb4179">
               <persName>
                  <forename>Eugen</forename>
                  <surname>Jensen</surname>
               </persName>
               <persName type="namensvariante">Jacobsen</persName>
               <persName type="legacy-name-merge">Jensen, Eugen</persName>
               <birth>
                  <date when-iso="1871-01-26">26.1.1871</date>
                  <settlement key="50">
                     <placeName type="pref">Wien</placeName>
                     <location>
                        <geo>48,2066 16,37341</geo>
                     </location>
                  </settlement>
               </birth>
               <death>
                  <date when-iso="1957-11-23">23.11.1957</date>
                  <settlement key="45258">
                     <placeName type="pref">München</placeName>
                     <location>
                        <geo>48,13743 11,57549</geo>
                     </location>
                  </settlement>
               </death>
               <sex value="male"/>
               <occupation key="105">Schauspieler/Schauspielerin</occupation>
               <idno type="URL" subtype="schnitzler-bahr">https://schnitzler-bahr.acdh.oeaw.ac.at/pmb4179.html</idno>
               <idno type="URL" subtype="pmb">https://pmb.acdh.oeaw.ac.at/entity/4179/</idno>
               <idno type="URL" subtype="legalkraus">https://kraus.wienbibliothek.at/register/personen/pmb4179</idno>
               <idno type="URL" subtype="fackel">https://fackel.oeaw.ac.at/?p=fackelp42978</idno>
               <idno type="URL" subtype="wikidata">http://www.wikidata.org/entity/Q1372641</idno>
               <idno type="URL" subtype="wikipedia">https://de.wikipedia.org/wiki/Eugen_Jensen</idno>
               <idno type="URL" subtype="gnd">https://d-nb.info/gnd/137455666</idno>
               <idno type="URL" subtype="schnitzler-tagebuch">https://schnitzler-tagebuch.acdh.oeaw.ac.at/person_16537.html</idno>
               <idno type="URL" subtype="bahr-textverzeichnis">https://bahr-textverzeichnis.acdh.oeaw.ac.at/pmb4179.html</idno>
               <listEvent>
                  <event key="35406" when-iso="1898-11-18">
                     <desc n="1256">ist Arbeitskraft bei</desc>
                     <label>Premiere von Juana und Abschiedssouper, 18.11.1898</label>
                     <idno type="URL" subtype="pmb">https://pmb.acdh.oeaw.ac.at/entity/35406/</idno>
                  </event>
               </listEvent>
               <listBibl>
                  <bibl type="collections" n="5">legalkraus</bibl>
                  <bibl type="collections" n="12">Fackel</bibl>
               </listBibl>
               <figure>
                  <graphic url="https://commons.wikimedia.org/w/index.php?title=Special:Redirect/file/Eugen%20Jensen%201898.jpg"/>
               </figure>
            </person>
            <person xml:id="pmb11981">
               <persName>
                  <forename>Leopold</forename>
                  <surname>Kramer</surname>
               </persName>
               <birth>
                  <date when-iso="1869-09-29">29.09.1869</date>
                  <settlement key="652">
                     <placeName type="pref">Prag</placeName>
                     <location>
                        <geo>50,08333 14,46667</geo>
                     </location>
                  </settlement>
               </birth>
               <death>
                  <date when-iso="1942-10-29">29.10.1942</date>
                  <settlement key="50">
                     <placeName type="pref">Wien</placeName>
                     <location>
                        <geo>48,2066 16,37341</geo>
                     </location>
                  </settlement>
               </death>
               <sex value="male"/>
               <occupation key="103">Theaterleiter/Theaterleiterin</occupation>
               <occupation key="105">Schauspieler/Schauspielerin</occupation>
               <idno type="URL" subtype="gnd">https://d-nb.info/gnd/116376309</idno>
               <idno type="URL" subtype="schnitzler-tagebuch">https://schnitzler-tagebuch.acdh.oeaw.ac.at/person_17087.html</idno>
               <idno type="URL" subtype="schnitzler-bahr">https://schnitzler-bahr.acdh.oeaw.ac.at/pmb11981.html</idno>
               <idno type="URL" subtype="pmb">https://pmb.acdh.oeaw.ac.at/entity/11981/</idno>
               <idno type="URL" subtype="schnitzler-briefe">https://schnitzler-briefe.acdh.oeaw.ac.at/pmb11981.html</idno>
               <idno type="URL" subtype="legalkraus">https://kraus.wienbibliothek.at/register/personen/pmb11981</idno>
               <idno type="URL" subtype="fackel">https://fackel.oeaw.ac.at/?p=fackelp48819</idno>
               <idno type="URL" subtype="oebl">https://doi.org/10.1553/0x00282450</idno>
               <idno type="URL" subtype="wikidata">http://www.wikidata.org/entity/Q106287778</idno>
               <idno type="URL" subtype="wikidata">http://www.wikidata.org/entity/Q115028</idno>
               <idno type="URL" subtype="wikipedia">https://de.wikipedia.org/wiki/Leopold_Kramer</idno>
               <idno type="URL" subtype="schnitzler-kino">https://schnitzler-kino.acdh.oeaw.ac.at/pmb11981.html</idno>
               <idno type="URL" subtype="wiengeschichtewiki">https://www.geschichtewiki.wien.gv.at/Leopold_Kramer</idno>
               <idno type="URL" subtype="bahr-textverzeichnis">https://bahr-textverzeichnis.acdh.oeaw.ac.at/pmb11981.html</idno>
               <affiliation notBefore-iso="1918-01-01"
                            when-iso="1918-01-01"
                            notAfter-iso="1918-12-31">
                  <term key="1182">arbeitet für</term>
                  <orgName key="37080">Neues Deutsches Theater</orgName>
                  <idno type="URL" subtype="pmb">https://pmb.acdh.oeaw.ac.at/entity/37080/</idno>
                  <idno type="URL" subtype="legalkraus">https://kraus.wienbibliothek.at/register/institutionen/pmb37080</idno>
                  <idno type="URL" subtype="wikidata">http://www.wikidata.org/entity/Q521155</idno>
                  <idno type="URL" subtype="wikipedia">https://de.wikipedia.org/wiki/St%C3%A4ndetheater</idno>
               </affiliation>
               <listEvent>
                  <event key="46600" when-iso="1897-11-20">
                     <desc n="1256">ist Arbeitskraft bei</desc>
                     <label>Uraufführung von Die Bürgermeisterwahl, 20.11.1897</label>
                     <idno type="URL" subtype="pmb">https://pmb.acdh.oeaw.ac.at/entity/46600/</idno>
                  </event>
                  <event key="45952" when-iso="1898-01-16">
                     <desc n="1256">ist Arbeitskraft bei</desc>
                     <label>Premiere von Abschiedssouper, Uraufführung Weihnachtseinkäufe,
                           16.1.1898</label>
                     <idno type="URL" subtype="pmb">https://pmb.acdh.oeaw.ac.at/entity/45952/</idno>
                  </event>
                  <event key="143045" when-iso="1898-10-08">
                     <desc n="1256">ist Arbeitskraft bei</desc>
                     <label>Premiere von Mutter Erde, 8.10.1898</label>
                     <idno type="URL" subtype="pmb">https://pmb.acdh.oeaw.ac.at/entity/143045/</idno>
                  </event>
                  <event key="143042" when-iso="1898-11-11">
                     <desc n="1256">ist Arbeitskraft bei</desc>
                     <label>Aufführung von Im weißen Rössl, 11.11.1898</label>
                     <idno type="URL" subtype="pmb">https://pmb.acdh.oeaw.ac.at/entity/143042/</idno>
                  </event>
                  <event key="35185" when-iso="1909-12-11">
                     <desc n="1256">ist Arbeitskraft bei</desc>
                     <label>Premiere von Der Ruf des Lebens, 11.12.1909</label>
                     <idno type="URL" subtype="pmb">https://pmb.acdh.oeaw.ac.at/entity/35185/</idno>
                  </event>
                  <event key="35247" when-iso="1910-12-03">
                     <desc n="1256">ist Arbeitskraft bei</desc>
                     <label>Uraufführung von Anatol, 3.12.1910</label>
                     <idno type="URL" subtype="pmb">https://pmb.acdh.oeaw.ac.at/entity/35247/</idno>
                  </event>
                  <event key="47397" when-iso="1912-02-10">
                     <desc n="1256">ist Arbeitskraft bei</desc>
                     <label>Premiere von Marionetten, 10.2.1912</label>
                     <idno type="URL" subtype="pmb">https://pmb.acdh.oeaw.ac.at/entity/47397/</idno>
                  </event>
                  <event key="148379" when-iso="1912-03-16">
                     <desc n="1256">ist Arbeitskraft bei</desc>
                     <label>Uraufführung Das stärkere Band, 16.3.1912</label>
                     <idno type="URL" subtype="pmb">https://pmb.acdh.oeaw.ac.at/entity/148379/</idno>
                  </event>
                  <event key="35427" when-iso="1917-11-14">
                     <desc n="1256">ist Arbeitskraft bei</desc>
                     <label>Uraufführung von Fink und Fliederbusch, 14.11.1917</label>
                     <idno type="URL" subtype="pmb">https://pmb.acdh.oeaw.ac.at/entity/35427/</idno>
                  </event>
               </listEvent>
               <listBibl>
                  <bibl type="collections" n="5">legalkraus</bibl>
                  <bibl type="collections" n="11">ÖBL nach 1850 geboren</bibl>
                  <bibl type="collections" n="12">Fackel</bibl>
               </listBibl>
            </person>
            <person xml:id="pmb153972">
               <persName>
                  <forename>Elsa</forename>
                  <surname>Galafrés</surname>
               </persName>
               <birth>
                  <date notBefore-iso="1880-01-01"
                        when-iso="1880-01-01"
                        notAfter-iso="1880-12-31">1880</date>
               </birth>
               <death>
                  <date when-iso="1977-01-01" notAfter-iso="1977-12-31">1977</date>
               </death>
               <sex value="not-set"/>
               <occupation key="105">Schauspieler/Schauspielerin</occupation>
               <idno type="URL" subtype="pmb">https://pmb.acdh.oeaw.ac.at/entity/153972/</idno>
               <idno type="URL" subtype="bahr-textverzeichnis">https://bahr-textverzeichnis.acdh.oeaw.ac.at/pmb153972.html</idno>
               <listBibl>
                  <bibl type="collections" n="16">Bahr Textverzeichnis</bibl>
               </listBibl>
            </person>
         </listPerson>
      </back>
   </text>
</TEI>
