<?xml version="1.0" encoding="UTF-8"?>
<TEI xmlns="http://www.tei-c.org/ns/1.0"
     xmlns:tei="http://www.tei-c.org/ns/1.0"
     xml:id="pmb122777.xml"
     prev="pmb122779"
     next="pmb32075">
   <teiHeader>
      <fileDesc>
         <titleStmt>
            <title level="s">Hermann Bahr – Textverzeichnis</title>
            <title level="a">Theater, Kunst und Literatur. Deutsches
                     Volkstheater</title>
            <title type="iso-date">1903-12-01</title>
            <respStmt>
               <resp>providing the content</resp>
               <name>Martin Anton Müller</name>
            </respStmt>
            <respStmt>
               <resp>converted to XML encoding</resp>
               <name>Martin Anton Müller</name>
            </respStmt>
         </titleStmt>
         <publicationStmt>
            <publisher>Austrian Centre for Digital Humanities and Cultural
                                    Heritage (ACDH-CH)</publisher>
            <date>2024-03-19+01:00</date>
            <idno type="URI">https://id.acdh.oeaw.ac.at/bahr-textverzeichnis/pmb122777.xml</idno>
         </publicationStmt>
         <sourceDesc>
            <p>Bibliografische Angaben eines in Druck erschienen Texts von
                                    Bahr</p>
         </sourceDesc>
      </fileDesc>
   </teiHeader>
   <text>
      <body>
         <div type="bibliografische-angabe">
            <biblStruct xml:id="pmb122777"
                        type="Journal-Article"
                        subtype="Nachtkritik"
                        status="checked"
                        prev="pmb122779"
                        next="pmb32075">
               <analytic>
                  <author ref="pmb10815">H. B.</author>
                  <title level="a" ref="pmb122777">Theater, Kunst und Literatur. Deutsches
                     Volkstheater</title>
               </analytic>
               <monogr>
                  <title level="j" ref="pmb41321">Neues Wiener Tagblatt</title>
                  <imprint>
                     <biblScope unit="jg">37</biblScope>
                     <biblScope unit="issue">330</biblScope>
                     <biblScope unit="page">11</biblScope>
                     <date when="1903-12-01">1.12.1903</date>
                  </imprint>
               </monogr>
               <note type="review-of">
                  <bibl>
                     <title level="m">Clavigo</title>
                     <author>Johann Wolfgang Goethe</author>
                  </bibl>
               </note>
               <note type="incipit">Herrn Kramer fehlt alles zum Clavigo. In modernen Rollen,
                  besonders wenn sie Schärfe und geistige Verwegenheit verlangen</note>
               <ref type="personenindex">
                  <listRef>
                     <ptr type="pmb" target="pmb11461"/>
                     <ptr type="pmb" target="pmb11981"/>
                     <ptr type="pmb" target="pmb26628"/>
                     <ptr type="pmb" target="pmb26880"/>
                     <ptr type="pmb" target="pmb2868"/>
                     <ptr type="pmb" target="pmb154064"/>
                  </listRef>
               </ref>
               <ref type="URL">https://anno.onb.ac.at/cgi-content/anno?aid=nwg&amp;datum=19031201&amp;seite=11</ref>
               <noteGrp type="keywords">
                  <note type="Journal-Article">Artikel in einem Periodikum</note>
                  <note subtype="Nachtkritik">Nachtkritik</note>
               </noteGrp>
               <note type="bibliographical-statement">H. B.: Theater, Kunst und Literatur. Deutsches
                  Volkstheater. In: Neues Wiener Tagblatt, Jg. 37, Nr. 330, 1.12.1903, S. 11.</note>
            </biblStruct>
         </div>
      </body>
      <back>
         <listPerson>
            <person xml:id="pmb11461">
               <persName>
                  <forename>Johann Wolfgang von</forename>
                  <surname>Goethe</surname>
               </persName>
               <persName type="legacy-name-merge">Goethe, Johann Wolfgang von</persName>
               <birth>
                  <date when-iso="1749-08-28">1749-08-28</date>
                  <settlement key="146">
                     <placeName type="pref">Frankfurt am Main</placeName>
                     <location>
                        <geo>50,11552 8,68417</geo>
                     </location>
                  </settlement>
               </birth>
               <death>
                  <date when-iso="1832-03-22">1832-03-22</date>
                  <settlement key="197">
                     <placeName type="pref">Weimar</placeName>
                     <location>
                        <geo>50,97361 11,33806</geo>
                     </location>
                  </settlement>
               </death>
               <sex value="male"/>
               <occupation key="90">Schriftsteller/Schriftstellerin</occupation>
               <idno type="URL" subtype="gnd">https://d-nb.info/gnd/118540238</idno>
               <idno type="URL" subtype="schnitzler-tagebuch">https://schnitzler-tagebuch.acdh.oeaw.ac.at/person_15499.html</idno>
               <idno type="URL" subtype="bahr-textverzeichnis">https://bahr-textverzeichnis.acdh.oeaw.ac.at/pmb11461.html</idno>
               <idno type="URL" subtype="schnitzler-bahr">https://schnitzler-bahr.acdh.oeaw.ac.at/pmb11461.html</idno>
               <idno type="URL" subtype="pmb">https://pmb.acdh.oeaw.ac.at/entity/11461/</idno>
               <idno type="URL" subtype="schnitzler-briefe">https://schnitzler-briefe.acdh.oeaw.ac.at/pmb11461.html</idno>
               <idno type="URL" subtype="schnitzler-lektueren">https://schnitzler-lektueren.acdh.oeaw.ac.at/pmb11461.html</idno>
               <idno type="URL" subtype="legalkraus">https://kraus.wienbibliothek.at/register/personen/pmb11461</idno>
               <idno type="URL" subtype="fackel">https://fackel.oeaw.ac.at/?p=fackelp46960</idno>
               <idno type="URL" subtype="dritte-walpurgisnacht">https://kraus1933.ace.oeaw.ac.at/Gesamt.xml?template=register_personen.html&amp;letter=G#DWpers0080</idno>
               <idno type="URL" subtype="wikidata">http://www.wikidata.org/entity/Q5879</idno>
               <idno type="URL" subtype="wikipedia">https://de.wikipedia.org/wiki/Johann_Wolfgang_von_Goethe</idno>
               <idno type="URL" subtype="thun-korrespondenz">https://thun-korrespondenz.acdh.oeaw.ac.at/goethe-johann-wolfgang.html</idno>
               <idno type="URL" subtype="freud">https://freud.acdh-dev.oeaw.ac.at/frd_person_24.html</idno>
               <idno type="URL" subtype="schnitzler-kino">https://schnitzler-kino.acdh.oeaw.ac.at/pmb11461.html</idno>
               <idno type="URL" subtype="schnitzler-interviews">https://schnitzler-interviews.acdh.oeaw.ac.at/pmb11461.html</idno>
               <idno type="URL" subtype="pmb">https://pmb.acdh.oeaw.ac.at/entity/160235/</idno>
               <idno type="URL" subtype="bahr-tsn">https://bahr-textverzeichnis.acdh.oeaw.ac.at/TSN-listperson.html#pmb11461</idno>
               <idno type="URL" subtype="hanslick-online">https://hanslick.acdh.oeaw.ac.at/hsl_person_id_100.html</idno>
               <idno type="URL" subtype="auden-musulin-papers">https://amp.acdh.oeaw.ac.at/amp_person_11.html</idno>
               <listBibl>
                  <bibl type="collections" n="5">legalkraus</bibl>
                  <bibl type="collections" n="10">Karl Kraus 1933: Dritte Walpurgisnacht</bibl>
                  <bibl type="collections" n="12">Fackel</bibl>
                  <bibl type="collections" n="16">Bahr Textverzeichnis</bibl>
               </listBibl>
               <figure>
                  <graphic url="https://commons.wikimedia.org/w/index.php?title=Special:Redirect/file/Goethe%20%28Stieler%201828%29.jpg"/>
               </figure>
            </person>
            <person xml:id="pmb11981">
               <persName>
                  <forename>Leopold</forename>
                  <surname>Kramer</surname>
               </persName>
               <birth>
                  <date when-iso="1869-09-29">29.09.1869</date>
                  <settlement key="652">
                     <placeName type="pref">Prag</placeName>
                     <location>
                        <geo>50,08333 14,46667</geo>
                     </location>
                  </settlement>
               </birth>
               <death>
                  <date when-iso="1942-10-29">29.10.1942</date>
                  <settlement key="50">
                     <placeName type="pref">Wien</placeName>
                     <location>
                        <geo>48,2066 16,37341</geo>
                     </location>
                  </settlement>
               </death>
               <sex value="male"/>
               <occupation key="103">Theaterleiter/Theaterleiterin</occupation>
               <occupation key="105">Schauspieler/Schauspielerin</occupation>
               <idno type="URL" subtype="gnd">https://d-nb.info/gnd/116376309</idno>
               <idno type="URL" subtype="schnitzler-tagebuch">https://schnitzler-tagebuch.acdh.oeaw.ac.at/person_17087.html</idno>
               <idno type="URL" subtype="schnitzler-bahr">https://schnitzler-bahr.acdh.oeaw.ac.at/pmb11981.html</idno>
               <idno type="URL" subtype="pmb">https://pmb.acdh.oeaw.ac.at/entity/11981/</idno>
               <idno type="URL" subtype="schnitzler-briefe">https://schnitzler-briefe.acdh.oeaw.ac.at/pmb11981.html</idno>
               <idno type="URL" subtype="legalkraus">https://kraus.wienbibliothek.at/register/personen/pmb11981</idno>
               <idno type="URL" subtype="fackel">https://fackel.oeaw.ac.at/?p=fackelp48819</idno>
               <idno type="URL" subtype="oebl">https://doi.org/10.1553/0x00282450</idno>
               <idno type="URL" subtype="wikidata">http://www.wikidata.org/entity/Q106287778</idno>
               <idno type="URL" subtype="wikidata">http://www.wikidata.org/entity/Q115028</idno>
               <idno type="URL" subtype="wikipedia">https://de.wikipedia.org/wiki/Leopold_Kramer</idno>
               <idno type="URL" subtype="schnitzler-kino">https://schnitzler-kino.acdh.oeaw.ac.at/pmb11981.html</idno>
               <idno type="URL" subtype="wiengeschichtewiki">https://www.geschichtewiki.wien.gv.at/Leopold_Kramer</idno>
               <idno type="URL" subtype="bahr-textverzeichnis">https://bahr-textverzeichnis.acdh.oeaw.ac.at/pmb11981.html</idno>
               <affiliation notBefore-iso="1918-01-01"
                            when-iso="1918-01-01"
                            notAfter-iso="1918-12-31">
                  <term key="1182">arbeitet für</term>
                  <orgName key="37080">Neues Deutsches Theater</orgName>
                  <idno type="URL" subtype="pmb">https://pmb.acdh.oeaw.ac.at/entity/37080/</idno>
                  <idno type="URL" subtype="legalkraus">https://kraus.wienbibliothek.at/register/institutionen/pmb37080</idno>
                  <idno type="URL" subtype="wikidata">http://www.wikidata.org/entity/Q521155</idno>
                  <idno type="URL" subtype="wikipedia">https://de.wikipedia.org/wiki/St%C3%A4ndetheater</idno>
               </affiliation>
               <listEvent>
                  <event key="46600" when-iso="1897-11-20">
                     <desc n="1256">ist Arbeitskraft bei</desc>
                     <label>Uraufführung von Die Bürgermeisterwahl, 20.11.1897</label>
                     <idno type="URL" subtype="pmb">https://pmb.acdh.oeaw.ac.at/entity/46600/</idno>
                  </event>
                  <event key="45952" when-iso="1898-01-16">
                     <desc n="1256">ist Arbeitskraft bei</desc>
                     <label>Premiere von Abschiedssouper, Uraufführung Weihnachtseinkäufe,
                           16.1.1898</label>
                     <idno type="URL" subtype="pmb">https://pmb.acdh.oeaw.ac.at/entity/45952/</idno>
                  </event>
                  <event key="143045" when-iso="1898-10-08">
                     <desc n="1256">ist Arbeitskraft bei</desc>
                     <label>Premiere von Mutter Erde, 8.10.1898</label>
                     <idno type="URL" subtype="pmb">https://pmb.acdh.oeaw.ac.at/entity/143045/</idno>
                  </event>
                  <event key="143042" when-iso="1898-11-11">
                     <desc n="1256">ist Arbeitskraft bei</desc>
                     <label>Aufführung von Im weißen Rössl, 11.11.1898</label>
                     <idno type="URL" subtype="pmb">https://pmb.acdh.oeaw.ac.at/entity/143042/</idno>
                  </event>
                  <event key="35185" when-iso="1909-12-11">
                     <desc n="1256">ist Arbeitskraft bei</desc>
                     <label>Premiere von Der Ruf des Lebens, 11.12.1909</label>
                     <idno type="URL" subtype="pmb">https://pmb.acdh.oeaw.ac.at/entity/35185/</idno>
                  </event>
                  <event key="35247" when-iso="1910-12-03">
                     <desc n="1256">ist Arbeitskraft bei</desc>
                     <label>Uraufführung von Anatol, 3.12.1910</label>
                     <idno type="URL" subtype="pmb">https://pmb.acdh.oeaw.ac.at/entity/35247/</idno>
                  </event>
                  <event key="47397" when-iso="1912-02-10">
                     <desc n="1256">ist Arbeitskraft bei</desc>
                     <label>Premiere von Marionetten, 10.2.1912</label>
                     <idno type="URL" subtype="pmb">https://pmb.acdh.oeaw.ac.at/entity/47397/</idno>
                  </event>
                  <event key="148379" when-iso="1912-03-16">
                     <desc n="1256">ist Arbeitskraft bei</desc>
                     <label>Uraufführung Das stärkere Band, 16.3.1912</label>
                     <idno type="URL" subtype="pmb">https://pmb.acdh.oeaw.ac.at/entity/148379/</idno>
                  </event>
                  <event key="35427" when-iso="1917-11-14">
                     <desc n="1256">ist Arbeitskraft bei</desc>
                     <label>Uraufführung von Fink und Fliederbusch, 14.11.1917</label>
                     <idno type="URL" subtype="pmb">https://pmb.acdh.oeaw.ac.at/entity/35427/</idno>
                  </event>
               </listEvent>
               <listBibl>
                  <bibl type="collections" n="5">legalkraus</bibl>
                  <bibl type="collections" n="11">ÖBL nach 1850 geboren</bibl>
                  <bibl type="collections" n="12">Fackel</bibl>
               </listBibl>
            </person>
            <person xml:id="pmb26628">
               <persName>
                  <forename>Claire</forename>
                  <surname>Wallentin</surname>
               </persName>
               <birth>
                  <date when-iso="1878-01-03">03.01.1878</date>
                  <settlement key="50">
                     <placeName type="pref">Wien</placeName>
                     <location>
                        <geo>48,2066 16,37341</geo>
                     </location>
                  </settlement>
               </birth>
               <death>
                  <date when-iso="1934-02-12">12.02.1934</date>
                  <settlement key="44699">
                     <placeName type="pref">Perchtoldsdorf</placeName>
                     <location>
                        <geo>48,11895 16,25736</geo>
                     </location>
                  </settlement>
               </death>
               <sex value="female"/>
               <occupation key="105">Schauspieler/Schauspielerin</occupation>
               <idno type="URL" subtype="schnitzler-tagebuch">https://schnitzler-tagebuch.acdh.oeaw.ac.at/person_21068.html</idno>
               <idno type="URL" subtype="pmb">https://pmb.acdh.oeaw.ac.at/entity/26628/</idno>
               <idno type="URL" subtype="fackel">https://fackel.oeaw.ac.at/?p=fackelp55204</idno>
               <idno type="URL" subtype="bahr-textverzeichnis">https://bahr-textverzeichnis.acdh.oeaw.ac.at/pmb26628.html</idno>
               <listEvent>
                  <event key="48470" when-iso="1905-04-13">
                     <desc n="1256">ist Arbeitskraft bei</desc>
                     <label>Uraufführung von Rat Schrimpf, 13.4.1905</label>
                     <idno type="URL" subtype="pmb">https://pmb.acdh.oeaw.ac.at/entity/48470/</idno>
                  </event>
                  <event key="60472" when-iso="1910-04-14">
                     <desc n="1256">ist Arbeitskraft bei</desc>
                     <label>Premiere von Die Wespe, 14.4.1910</label>
                     <idno type="URL" subtype="pmb">https://pmb.acdh.oeaw.ac.at/entity/60472/</idno>
                  </event>
               </listEvent>
            </person>
            <person xml:id="pmb26880">
               <persName>
                  <forename>Adolf</forename>
                  <surname>Weisse</surname>
               </persName>
               <persName type="person_geburtsname_nachname">Weiß</persName>
               <persName type="legacy-name-merge">Weisse, Adolf</persName>
               <birth>
                  <date when-iso="1855-04-04">04.04.1855</date>
                  <settlement key="63113">
                     <placeName type="pref">Tauţ</placeName>
                     <location>
                        <geo>46,28333 21,91667</geo>
                     </location>
                  </settlement>
               </birth>
               <death>
                  <date when-iso="1933-07-17">17.07.1933</date>
                  <settlement key="50">
                     <placeName type="pref">Wien</placeName>
                     <location>
                        <geo>48,2066 16,37341</geo>
                     </location>
                  </settlement>
               </death>
               <sex value="male"/>
               <occupation key="103">Theaterleiter/Theaterleiterin</occupation>
               <occupation key="105">Schauspieler/Schauspielerin</occupation>
               <idno type="URL" subtype="schnitzler-tagebuch">https://schnitzler-tagebuch.acdh.oeaw.ac.at/person_21211.html</idno>
               <idno type="URL" subtype="schnitzler-bahr">https://schnitzler-bahr.acdh.oeaw.ac.at/pmb26880.html</idno>
               <idno type="URL" subtype="pmb">https://pmb.acdh.oeaw.ac.at/entity/26880/</idno>
               <idno type="URL" subtype="schnitzler-briefe">https://schnitzler-briefe.acdh.oeaw.ac.at/pmb26880.html</idno>
               <idno type="URL" subtype="gnd">https://d-nb.info/gnd/11729943X</idno>
               <idno type="URL" subtype="fackel">https://fackel.oeaw.ac.at/?p=fackelp37848</idno>
               <idno type="URL" subtype="oebl">https://doi.org/10.1553/0x003afcaa</idno>
               <idno type="URL" subtype="wikidata">http://www.wikidata.org/entity/Q47044519</idno>
               <idno type="URL" subtype="wikipedia">https://de.wikipedia.org/wiki/Adolf_Weisse</idno>
               <idno type="URL" subtype="schnitzler-kino">https://schnitzler-kino.acdh.oeaw.ac.at/pmb26880.html</idno>
               <idno type="URL" subtype="schnitzler-interviews">https://schnitzler-interviews.acdh.oeaw.ac.at/pmb26880.html</idno>
               <idno type="URL" subtype="pmb">https://pmb.acdh.oeaw.ac.at/entity/162773/</idno>
               <idno type="URL" subtype="bahr-tsn">https://bahr-textverzeichnis.acdh.oeaw.ac.at/TSN-listperson.html#pmb26880</idno>
               <idno type="URL" subtype="bahr-textverzeichnis">https://bahr-textverzeichnis.acdh.oeaw.ac.at/pmb26880.html</idno>
               <listEvent>
                  <event key="89536" when-iso="1892-01-30">
                     <desc n="1256">ist Arbeitskraft bei</desc>
                     <label>Uraufführung von Herzog Theodor von Gothland, 30.1.1892</label>
                     <idno type="URL" subtype="pmb">https://pmb.acdh.oeaw.ac.at/entity/89536/</idno>
                  </event>
                  <event key="143021" when-iso="1893-02-15">
                     <desc n="1256">ist Arbeitskraft bei</desc>
                     <label>Premiere von Francillon, 15.2.1893</label>
                     <idno type="URL" subtype="pmb">https://pmb.acdh.oeaw.ac.at/entity/143021/</idno>
                  </event>
                  <event key="35068" when-iso="1893-12-01">
                     <desc n="1256">ist Arbeitskraft bei</desc>
                     <label>Uraufführung von Das Märchen, 1.12.1893</label>
                     <idno type="URL" subtype="pmb">https://pmb.acdh.oeaw.ac.at/entity/35068/</idno>
                  </event>
                  <event key="48470" when-iso="1905-04-13">
                     <desc n="1256">ist Arbeitskraft bei</desc>
                     <label>Uraufführung von Rat Schrimpf, 13.4.1905</label>
                     <idno type="URL" subtype="pmb">https://pmb.acdh.oeaw.ac.at/entity/48470/</idno>
                  </event>
                  <event key="35185" when-iso="1909-12-11">
                     <desc n="1256">ist Arbeitskraft bei</desc>
                     <label>Premiere von Der Ruf des Lebens, 11.12.1909</label>
                     <idno type="URL" subtype="pmb">https://pmb.acdh.oeaw.ac.at/entity/35185/</idno>
                  </event>
               </listEvent>
               <listBibl>
                  <bibl type="collections" n="11">ÖBL nach 1850 geboren</bibl>
                  <bibl type="collections" n="12">Fackel</bibl>
                  <bibl type="collections" n="16">Bahr Textverzeichnis</bibl>
               </listBibl>
               <note type="references"> </note>
               <figure>
                  <graphic url="https://commons.wikimedia.org/w/index.php?title=Special:Redirect/file/Adolf%20Weisse%201901%20Sport%20"/>
               </figure>
            </person>
            <person xml:id="pmb2868">
               <persName>
                  <forename>Victor</forename>
                  <surname>Kutschera</surname>
               </persName>
               <persName type="legacy-name-merge">Kutschera, Victor</persName>
               <birth>
                  <date when-iso="1863-05-02">1863-05-02</date>
                  <settlement key="50">
                     <placeName type="pref">Wien</placeName>
                     <location>
                        <geo>48,2066 16,37341</geo>
                     </location>
                  </settlement>
               </birth>
               <death>
                  <date when-iso="1933-01-20">1933-01-20</date>
                  <settlement key="50">
                     <placeName type="pref">Wien</placeName>
                     <location>
                        <geo>48,2066 16,37341</geo>
                     </location>
                  </settlement>
               </death>
               <sex value="male"/>
               <occupation key="104">Regisseur/Regisseurin</occupation>
               <occupation key="105">Schauspieler/Schauspielerin</occupation>
               <idno type="URL" subtype="gnd">https://d-nb.info/gnd/116628081</idno>
               <idno type="URL" subtype="schnitzler-tagebuch">https://schnitzler-tagebuch.acdh.oeaw.ac.at/person_17223.html</idno>
               <idno type="URL" subtype="schnitzler-bahr">https://schnitzler-bahr.acdh.oeaw.ac.at/pmb2868.html</idno>
               <idno type="URL" subtype="pmb">https://pmb.acdh.oeaw.ac.at/entity/2868/</idno>
               <idno type="URL" subtype="bahr-textverzeichnis">https://bahr-textverzeichnis.acdh.oeaw.ac.at/pmb2868.html</idno>
               <idno type="URL" subtype="fackel">https://fackel.oeaw.ac.at/?p=fackelp54884</idno>
               <idno type="URL" subtype="oebl">https://doi.org/10.1553/0x002826c6</idno>
               <idno type="URL" subtype="wikidata">http://www.wikidata.org/entity/Q2524322</idno>
               <idno type="URL" subtype="wikipedia">https://de.wikipedia.org/wiki/Viktor_Kutschera</idno>
               <idno type="URL" subtype="schnitzler-kino">https://schnitzler-kino.acdh.oeaw.ac.at/pmb2868.html</idno>
               <idno type="URL" subtype="pmb">https://pmb.acdh.oeaw.ac.at/entity/160915/</idno>
               <idno type="URL" subtype="bahr-tsn">https://bahr-textverzeichnis.acdh.oeaw.ac.at/TSN-listperson.html#pmb2868</idno>
               <listEvent>
                  <event key="142819" when-iso="1892-05-21">
                     <desc n="1256">ist Arbeitskraft bei</desc>
                     <label>Aufführung von Thermidor, 21.5.1892</label>
                     <idno type="URL" subtype="pmb">https://pmb.acdh.oeaw.ac.at/entity/142819/</idno>
                  </event>
                  <event key="143021" when-iso="1893-02-15">
                     <desc n="1256">ist Arbeitskraft bei</desc>
                     <label>Premiere von Francillon, 15.2.1893</label>
                     <idno type="URL" subtype="pmb">https://pmb.acdh.oeaw.ac.at/entity/143021/</idno>
                  </event>
                  <event key="35068" when-iso="1893-12-01">
                     <desc n="1256">ist Arbeitskraft bei</desc>
                     <label>Uraufführung von Das Märchen, 1.12.1893</label>
                     <idno type="URL" subtype="pmb">https://pmb.acdh.oeaw.ac.at/entity/35068/</idno>
                  </event>
                  <event key="146985" when-iso="1894-03-31">
                     <desc n="1256">ist Arbeitskraft bei</desc>
                     <label>Uraufführung von Rausch, 31.3.1894</label>
                     <idno type="URL" subtype="pmb">https://pmb.acdh.oeaw.ac.at/entity/146985/</idno>
                  </event>
                  <event key="35203" when-iso="1895-10-09">
                     <desc n="1256">ist Arbeitskraft bei</desc>
                     <label>Uraufführung von Liebelei, Premiere von Rechte der Seele,
                           9.10.1895</label>
                     <idno type="URL" subtype="pmb">https://pmb.acdh.oeaw.ac.at/entity/35203/</idno>
                  </event>
                  <event key="42439" when-iso="1895-11-11">
                     <desc n="1256">ist Arbeitskraft bei</desc>
                     <label>Uraufführung von Das Glück im Winkel, 11.11.1895</label>
                     <idno type="URL" subtype="pmb">https://pmb.acdh.oeaw.ac.at/entity/42439/</idno>
                  </event>
                  <event key="143121" when-iso="1898-05-03">
                     <desc n="1370">teilgenommen an</desc>
                     <label>Aufführung von Liebelei, 3.5.1898</label>
                     <idno type="URL" subtype="pmb">https://pmb.acdh.oeaw.ac.at/entity/143121/</idno>
                  </event>
                  <event key="143045" when-iso="1898-10-08">
                     <desc n="1256">ist Arbeitskraft bei</desc>
                     <label>Premiere von Mutter Erde, 8.10.1898</label>
                     <idno type="URL" subtype="pmb">https://pmb.acdh.oeaw.ac.at/entity/143045/</idno>
                  </event>
                  <event key="143042" when-iso="1898-11-11">
                     <desc n="1256">ist Arbeitskraft bei</desc>
                     <label>Aufführung von Im weißen Rössl, 11.11.1898</label>
                     <idno type="URL" subtype="pmb">https://pmb.acdh.oeaw.ac.at/entity/143042/</idno>
                  </event>
                  <event key="48470" when-iso="1905-04-13">
                     <desc n="1256">ist Arbeitskraft bei</desc>
                     <label>Uraufführung von Rat Schrimpf, 13.4.1905</label>
                     <idno type="URL" subtype="pmb">https://pmb.acdh.oeaw.ac.at/entity/48470/</idno>
                  </event>
                  <event key="35215" when-iso="1909-01-05">
                     <desc n="1256">ist Arbeitskraft bei</desc>
                     <label>Premiere von Liebelei, deutschsprachige Uraufführung von Komtesse
                           Mizzi, 5.1.1909</label>
                     <idno type="URL" subtype="pmb">https://pmb.acdh.oeaw.ac.at/entity/35215/</idno>
                  </event>
                  <event key="46552" when-iso="1909-12-10">
                     <desc n="1256">ist Arbeitskraft bei</desc>
                     <label>Generalprobe von Der Ruf des Lebens, 10.12.1909</label>
                     <idno type="URL" subtype="pmb">https://pmb.acdh.oeaw.ac.at/entity/46552/</idno>
                  </event>
                  <event key="35185" when-iso="1909-12-11">
                     <desc n="1256">ist Arbeitskraft bei</desc>
                     <label>Premiere von Der Ruf des Lebens, 11.12.1909</label>
                     <idno type="URL" subtype="pmb">https://pmb.acdh.oeaw.ac.at/entity/35185/</idno>
                  </event>
                  <event key="59579" when-iso="1925-11-14">
                     <desc n="1256">ist Arbeitskraft bei</desc>
                     <label>Premiere von Der einsame Weg, 14.11.1925</label>
                     <idno type="URL" subtype="pmb">https://pmb.acdh.oeaw.ac.at/entity/59579/</idno>
                  </event>
               </listEvent>
               <listBibl>
                  <bibl type="collections" n="11">ÖBL nach 1850 geboren</bibl>
                  <bibl type="collections" n="12">Fackel</bibl>
                  <bibl type="collections" n="16">Bahr Textverzeichnis</bibl>
               </listBibl>
               <note type="references"> </note>
               <figure>
                  <graphic url="https://commons.wikimedia.org/w/index.php?title=Special:Redirect/file/Viktor%20Kutschera.jpg"/>
               </figure>
            </person>
            <person xml:id="pmb154064">
               <persName>
                  <surname>Geisendörfer</surname>
               </persName>
               <sex value="not-set"/>
               <occupation key="105">Schauspieler/Schauspielerin</occupation>
               <idno type="URL" subtype="pmb">https://pmb.acdh.oeaw.ac.at/entity/154064/</idno>
               <idno type="URL" subtype="bahr-textverzeichnis">https://bahr-textverzeichnis.acdh.oeaw.ac.at/pmb154064.html</idno>
               <listBibl>
                  <bibl type="collections" n="16">Bahr Textverzeichnis</bibl>
               </listBibl>
            </person>
         </listPerson>
      </back>
   </text>
</TEI>
