<?xml version="1.0" encoding="UTF-8"?>
<TEI xmlns="http://www.tei-c.org/ns/1.0"
     xmlns:tei="http://www.tei-c.org/ns/1.0"
     xml:id="pmb123161.xml"
     prev="pmb132787"
     next="pmb132709">
   <teiHeader>
      <fileDesc>
         <titleStmt>
            <title level="s">Hermann Bahr – Textverzeichnis</title>
            <title level="a">Theater und Kunst. Burgtheater</title>
            <title type="iso-date">1901-03-10</title>
            <respStmt>
               <resp>providing the content</resp>
               <name>Martin Anton Müller</name>
            </respStmt>
            <respStmt>
               <resp>converted to XML encoding</resp>
               <name>Martin Anton Müller</name>
            </respStmt>
         </titleStmt>
         <publicationStmt>
            <publisher>Austrian Centre for Digital Humanities and Cultural
                                    Heritage (ACDH-CH)</publisher>
            <date>2024-03-19+01:00</date>
            <idno type="URI">https://id.acdh.oeaw.ac.at/bahr-textverzeichnis/pmb123161.xml</idno>
         </publicationStmt>
         <sourceDesc>
            <p>Bibliografische Angaben eines in Druck erschienen Texts von
                                    Bahr</p>
         </sourceDesc>
      </fileDesc>
   </teiHeader>
   <text>
      <body>
         <div type="bibliografische-angabe">
            <biblStruct xml:id="pmb123161"
                        type="Journal-Article"
                        subtype="Nachtkritik"
                        status="checked"
                        prev="pmb132787"
                        next="pmb132709">
               <analytic>
                  <author ref="pmb10815">H. B.</author>
                  <title level="a" ref="pmb123161">Theater und Kunst. Burgtheater</title>
               </analytic>
               <monogr>
                  <title level="j" ref="pmb41552">Österreichische Volks-Zeitung</title>
                  <imprint>
                     <biblScope unit="jg">47</biblScope>
                     <biblScope unit="issue">68</biblScope>
                     <biblScope unit="page">4 (2 Kreuzer–Ausgabe: 8)</biblScope>
                     <date when="1901-03-10">10.3.1901</date>
                  </imprint>
               </monogr>
               <note type="review-of">
                  <bibl>
                     <title level="m">Der Kuß</title>
                     <author>Lajos Dóczi</author>
                  </bibl>
               </note>
               <note type="incipit">Doczi’s »Kuß«, der lange nicht gegeben worden ist, sieht man mit
                  Vergnügen wieder</note>
               <ref type="personenindex">
                  <listRef>
                     <ptr type="pmb" target="pmb10854"/>
                     <ptr type="pmb" target="pmb5591"/>
                     <ptr type="pmb" target="pmb12595"/>
                     <ptr type="pmb" target="pmb13180"/>
                     <ptr type="pmb" target="pmb12498"/>
                     <ptr type="pmb" target="pmb27259"/>
                     <ptr type="pmb" target="pmb13125"/>
                     <ptr type="pmb" target="pmb15597"/>
                     <ptr type="pmb" target="pmb148852"/>
                  </listRef>
               </ref>
               <noteGrp type="keywords">
                  <note type="Journal-Article">Artikel in einem Periodikum</note>
                  <note subtype="Nachtkritik">Nachtkritik</note>
               </noteGrp>
               <note type="bibliographical-statement">H. B.: Theater und Kunst. Burgtheater. In:
                  Österreichische Volks-Zeitung, Jg. 47, Nr. 68, 10.3.1901, S. 4 (2 Kreuzer–Ausgabe:
                  8).</note>
            </biblStruct>
         </div>
      </body>
      <back>
         <listPerson>
            <person xml:id="pmb10854">
               <persName>
                  <forename>Eduard von</forename>
                  <surname>Bauernfeld</surname>
               </persName>
               <persName type="legacy-name-merge">Bauernfeld, Eduard von</persName>
               <birth>
                  <date when-iso="1802-01-13">13.01.1802</date>
                  <settlement key="50">
                     <placeName type="pref">Wien</placeName>
                     <location>
                        <geo>48,2066 16,37341</geo>
                     </location>
                  </settlement>
               </birth>
               <death>
                  <date when-iso="1890-08-04">04.08.1890</date>
                  <settlement key="50">
                     <placeName type="pref">Wien</placeName>
                     <location>
                        <geo>48,2066 16,37341</geo>
                     </location>
                  </settlement>
               </death>
               <sex value="male"/>
               <idno type="URL" subtype="gnd">https://d-nb.info/gnd/118507400</idno>
               <idno type="URL" subtype="schnitzler-tagebuch">https://schnitzler-tagebuch.acdh.oeaw.ac.at/person_13480.html</idno>
               <idno type="URL" subtype="schnitzler-bahr">https://schnitzler-bahr.acdh.oeaw.ac.at/pmb10854.html</idno>
               <idno type="URL" subtype="pmb">https://pmb.acdh.oeaw.ac.at/entity/10854/</idno>
               <idno type="URL" subtype="schnitzler-briefe">https://schnitzler-briefe.acdh.oeaw.ac.at/pmb10854.html</idno>
               <idno type="URL" subtype="schnitzler-lektueren">https://schnitzler-lektueren.acdh.oeaw.ac.at/pmb10854.html</idno>
               <idno type="URL" subtype="bahr-textverzeichnis">https://bahr-textverzeichnis.acdh.oeaw.ac.at/pmb10854.html</idno>
               <idno type="URL" subtype="fackel">https://fackel.oeaw.ac.at/?p=fackelp42332</idno>
               <idno type="URL" subtype="wikidata">http://www.wikidata.org/entity/Q78865</idno>
               <idno type="URL" subtype="wikipedia">https://de.wikipedia.org/wiki/Eduard_von_Bauernfeld</idno>
               <idno type="URL" subtype="oeml">https://dx.doi.org/10.1553/0x0001f7fc</idno>
               <idno type="URL" subtype="oebl">https://doi.org/10.1553/0x00280f5b</idno>
               <idno type="URL" subtype="schnitzler-interviews">https://schnitzler-interviews.acdh.oeaw.ac.at/pmb10854.html</idno>
               <idno type="URL" subtype="pmb">https://pmb.acdh.oeaw.ac.at/entity/159269/</idno>
               <idno type="URL" subtype="bahr-tsn">https://bahr-textverzeichnis.acdh.oeaw.ac.at/TSN-listperson.html#pmb10854</idno>
               <idno type="URL" subtype="hanslick-online">https://hanslick.acdh.oeaw.ac.at/hsl_person_id_22.html</idno>
               <listBibl>
                  <bibl type="collections" n="12">Fackel</bibl>
                  <bibl type="collections" n="16">Bahr Textverzeichnis</bibl>
               </listBibl>
               <note type="references"> </note>
               <figure>
                  <graphic url="https://commons.wikimedia.org/w/index.php?title=Special:Redirect/file/Bauernfeld.jpg"/>
               </figure>
            </person>
            <person xml:id="pmb5591">
               <persName>
                  <forename>Friedrich</forename>
                  <surname>Halm</surname>
               </persName>
               <persName type="person_geburtsname_vorname">Eligius</persName>
               <persName type="person_geburtsname_nachname">Franz von
                     Münch-Bellinghausen;</persName>
               <persName type="legacy-name-merge">Halm, Friedrich</persName>
               <persName type="namensvariante">Münch-Bellinghausen Elegius Franz Joseph
                     Reichsfreiherr von</persName>
               <persName type="legacy-name-merge">Halm, Friedrich</persName>
               <birth>
                  <date when-iso="1806-04-02">02.04.1806</date>
                  <settlement key="737">
                     <placeName type="pref">Krakau</placeName>
                     <location>
                        <geo>50,07262 19,9325</geo>
                     </location>
                  </settlement>
               </birth>
               <death>
                  <date when-iso="1871-05-22">22.05.1871</date>
                  <settlement key="50">
                     <placeName type="pref">Wien</placeName>
                     <location>
                        <geo>48,2066 16,37341</geo>
                     </location>
                  </settlement>
               </death>
               <sex value="male"/>
               <occupation key="90">Schriftsteller/Schriftstellerin</occupation>
               <idno type="URL" subtype="gnd">https://d-nb.info/gnd/118720074</idno>
               <idno type="URL" subtype="pmb">https://pmb.acdh.oeaw.ac.at/entity/5591/</idno>
               <idno type="URL" subtype="schnitzler-briefe">https://schnitzler-briefe.acdh.oeaw.ac.at/pmb5591.html</idno>
               <idno type="URL" subtype="bahr-textverzeichnis">https://bahr-textverzeichnis.acdh.oeaw.ac.at/pmb5591.html</idno>
               <idno type="URL" subtype="fackel">https://fackel.oeaw.ac.at/?p=fackelp43834</idno>
               <idno type="URL" subtype="wikidata">http://www.wikidata.org/entity/Q78939</idno>
               <idno type="URL" subtype="wikipedia">https://de.wikipedia.org/wiki/Friedrich_Halm</idno>
               <idno type="URL" subtype="oeml">https://dx.doi.org/10.1553/0x0001da2a</idno>
               <idno type="URL" subtype="thun-korrespondenz">https://thun-korrespondenz.acdh.oeaw.ac.at/halm-friedrich.html</idno>
               <idno type="URL" subtype="oebl">https://doi.org/10.1553/0x002831ca</idno>
               <idno type="URL" subtype="pmb">https://pmb.acdh.oeaw.ac.at/entity/160376/</idno>
               <idno type="URL" subtype="pmb">https://pmb.acdh.oeaw.ac.at/entity/17760/</idno>
               <idno type="URL" subtype="schnitzler-tagebuch">https://schnitzler-tagebuch.acdh.oeaw.ac.at/person_15873.html</idno>
               <idno type="URL" subtype="bahr-tsn">https://bahr-textverzeichnis.acdh.oeaw.ac.at/TSN-listperson.html#pmb5591</idno>
               <idno type="URL" subtype="hanslick-online">https://hanslick.acdh.oeaw.ac.at/hsl_person_id_2017.html</idno>
               <listBibl>
                  <bibl type="collections" n="12">Fackel</bibl>
                  <bibl type="collections" n="16">Bahr Textverzeichnis</bibl>
               </listBibl>
               <figure>
                  <graphic url="https://commons.wikimedia.org/w/index.php?title=Special:Redirect/file/Die%20Gartenlaube%20%281856%29%20b%20249.jpg"/>
               </figure>
            </person>
            <person xml:id="pmb12595">
               <persName>
                  <forename>Alexander</forename>
                  <surname>Römpler</surname>
               </persName>
               <persName type="legacy-name-merge">Römpler, Alexander</persName>
               <birth>
                  <date when-iso="1860-03-12">12.03.1860</date>
                  <settlement key="168">
                     <placeName type="pref">Berlin</placeName>
                     <location>
                        <geo>52,52437 13,41053</geo>
                     </location>
                  </settlement>
               </birth>
               <death>
                  <date when-iso="1909-12-18">18.12.1909</date>
                  <settlement key="50">
                     <placeName type="pref">Wien</placeName>
                     <location>
                        <geo>48,2066 16,37341</geo>
                     </location>
                  </settlement>
               </death>
               <sex value="male"/>
               <occupation key="105">Schauspieler/Schauspielerin</occupation>
               <occupation key="433">Schauspiellehrer/Schauspiellehrerin</occupation>
               <idno type="URL" subtype="gnd">https://d-nb.info/gnd/1078379629</idno>
               <idno type="URL" subtype="schnitzler-tagebuch">https://schnitzler-tagebuch.acdh.oeaw.ac.at/person_19321.html</idno>
               <idno type="URL" subtype="schnitzler-bahr">https://schnitzler-bahr.acdh.oeaw.ac.at/pmb12595.html</idno>
               <idno type="URL" subtype="pmb">https://pmb.acdh.oeaw.ac.at/entity/12595/</idno>
               <idno type="URL" subtype="schnitzler-briefe">https://schnitzler-briefe.acdh.oeaw.ac.at/pmb12595.html</idno>
               <idno type="URL" subtype="bahr-textverzeichnis">https://bahr-textverzeichnis.acdh.oeaw.ac.at/pmb12595.html</idno>
               <idno type="URL" subtype="fackel">https://fackel.oeaw.ac.at/?p=fackelp52439</idno>
               <idno type="URL" subtype="wikidata">http://www.wikidata.org/entity/Q55683725</idno>
               <idno type="URL" subtype="wikipedia">https://de.wikipedia.org/wiki/Alexander_R%C3%B6mpler</idno>
               <idno type="URL" subtype="schnitzler-interviews">https://schnitzler-interviews.acdh.oeaw.ac.at/pmb12595.html</idno>
               <idno type="URL" subtype="pmb">https://pmb.acdh.oeaw.ac.at/entity/161981/</idno>
               <idno type="URL" subtype="bahr-tsn">https://bahr-textverzeichnis.acdh.oeaw.ac.at/TSN-listperson.html#pmb12595</idno>
               <listEvent>
                  <event key="94377" when-iso="1895-05-07">
                     <desc n="1256">ist Arbeitskraft bei</desc>
                     <label>Aufführung von Tabarin, Die Wespe, 7.5.1895</label>
                     <idno type="URL" subtype="pmb">https://pmb.acdh.oeaw.ac.at/entity/94377/</idno>
                  </event>
                  <event key="35385" when-iso="1898-11-30">
                     <desc n="1256">ist Arbeitskraft bei</desc>
                     <label>Premiere von Das Vermächtnis, 30.11.1898</label>
                     <idno type="URL" subtype="pmb">https://pmb.acdh.oeaw.ac.at/entity/35385/</idno>
                  </event>
                  <event key="35479" when-iso="1899-03-01">
                     <desc n="1256">ist Arbeitskraft bei</desc>
                     <label>Uraufführung von Der grüne Kakadu – Paracelsus – Die Gefährtin. Drei
                           Einakter, 1.3.1899</label>
                     <idno type="URL" subtype="pmb">https://pmb.acdh.oeaw.ac.at/entity/35479/</idno>
                  </event>
                  <event key="53022" when-iso="1908-11-18">
                     <desc n="1370">teilgenommen an</desc>
                     <label>Generalprobe von Tantris, 18.11.1908</label>
                     <idno type="URL" subtype="pmb">https://pmb.acdh.oeaw.ac.at/entity/53022/</idno>
                  </event>
               </listEvent>
               <listBibl>
                  <bibl type="collections" n="12">Fackel</bibl>
                  <bibl type="collections" n="16">Bahr Textverzeichnis</bibl>
               </listBibl>
               <note type="references"> </note>
            </person>
            <person xml:id="pmb13180">
               <persName>
                  <forename>Carl von</forename>
                  <surname>Zeska</surname>
               </persName>
               <persName type="namensvariante">Karl</persName>
               <birth>
                  <date when-iso="1862-10-31">1862-10-31</date>
                  <settlement key="506">
                     <placeName type="pref">Hamburg</placeName>
                     <location>
                        <geo>53,57532 10,01534</geo>
                     </location>
                  </settlement>
               </birth>
               <death>
                  <date when-iso="1938-07-18">1938-07-18</date>
                  <settlement key="50">
                     <placeName type="pref">Wien</placeName>
                     <location>
                        <geo>48,2066 16,37341</geo>
                     </location>
                  </settlement>
               </death>
               <sex value="male"/>
               <occupation key="105">Schauspieler/Schauspielerin</occupation>
               <idno type="URL" subtype="gnd">https://d-nb.info/gnd/116983817</idno>
               <idno type="URL" subtype="schnitzler-tagebuch">https://schnitzler-tagebuch.acdh.oeaw.ac.at/person_21543.html</idno>
               <idno type="URL" subtype="schnitzler-bahr">https://schnitzler-bahr.acdh.oeaw.ac.at/pmb13180.html</idno>
               <idno type="URL" subtype="pmb">https://pmb.acdh.oeaw.ac.at/entity/13180/</idno>
               <idno type="URL" subtype="fackel">https://fackel.oeaw.ac.at/?p=fackelp47637</idno>
               <idno type="URL" subtype="wikidata">http://www.wikidata.org/entity/Q2665885</idno>
               <idno type="URL" subtype="wikipedia">https://de.wikipedia.org/wiki/Carl_von_Zeska</idno>
               <idno type="URL" subtype="bahr-textverzeichnis">https://bahr-textverzeichnis.acdh.oeaw.ac.at/pmb13180.html</idno>
               <listEvent>
                  <event key="94354" when-iso="1895-05-02">
                     <desc n="1256">ist Arbeitskraft bei</desc>
                     <label>Premiere von Tabarin und Verbotene Früchte, 2.5.1895</label>
                     <idno type="URL" subtype="pmb">https://pmb.acdh.oeaw.ac.at/entity/94354/</idno>
                  </event>
                  <event key="94377" when-iso="1895-05-07">
                     <desc n="1256">ist Arbeitskraft bei</desc>
                     <label>Aufführung von Tabarin, Die Wespe, 7.5.1895</label>
                     <idno type="URL" subtype="pmb">https://pmb.acdh.oeaw.ac.at/entity/94377/</idno>
                  </event>
                  <event key="35203" when-iso="1895-10-09">
                     <desc n="1256">ist Arbeitskraft bei</desc>
                     <label>Uraufführung von Liebelei, Premiere von Rechte der Seele,
                           9.10.1895</label>
                     <idno type="URL" subtype="pmb">https://pmb.acdh.oeaw.ac.at/entity/35203/</idno>
                  </event>
                  <event key="143121" when-iso="1898-05-03">
                     <desc n="1256">ist Arbeitskraft bei</desc>
                     <label>Aufführung von Liebelei, 3.5.1898</label>
                     <idno type="URL" subtype="pmb">https://pmb.acdh.oeaw.ac.at/entity/143121/</idno>
                  </event>
                  <event key="35479" when-iso="1899-03-01">
                     <desc n="1256">ist Arbeitskraft bei</desc>
                     <label>Uraufführung von Der grüne Kakadu – Paracelsus – Die Gefährtin. Drei
                           Einakter, 1.3.1899</label>
                     <idno type="URL" subtype="pmb">https://pmb.acdh.oeaw.ac.at/entity/35479/</idno>
                  </event>
                  <event key="141417" when-iso="1899-12-17">
                     <desc n="1256">ist Arbeitskraft bei</desc>
                     <label>Aufführung von Der Verschwender, 17.12.1899</label>
                     <idno type="URL" subtype="pmb">https://pmb.acdh.oeaw.ac.at/entity/141417/</idno>
                  </event>
                  <event key="88534" when-iso="1911-10-14">
                     <desc n="1256">ist Arbeitskraft bei</desc>
                     <label>Premiere von Das weite Land, 14.10.1911 [I.]</label>
                     <idno type="URL" subtype="pmb">https://pmb.acdh.oeaw.ac.at/entity/35364/</idno>
                     <idno type="URL" subtype="pmb">https://pmb.acdh.oeaw.ac.at/entity/88534/</idno>
                  </event>
                  <event key="55542" when-iso="1928-01-08">
                     <desc n="1256">ist Arbeitskraft bei</desc>
                     <label>Aufführung von Amphitryon und Es ist mein Wille, 8.1.1928</label>
                     <idno type="URL" subtype="pmb">https://pmb.acdh.oeaw.ac.at/entity/55542/</idno>
                  </event>
               </listEvent>
               <listBibl>
                  <bibl type="collections" n="12">Fackel</bibl>
               </listBibl>
               <figure>
                  <graphic url="https://commons.wikimedia.org/w/index.php?title=Special:Redirect/file/Carl%20von%20Zeska%20%28BerlLeben%201902-04%29.jpg"/>
               </figure>
            </person>
            <person xml:id="pmb12498">
               <persName>
                  <forename>Georg</forename>
                  <surname>Reimers</surname>
               </persName>
               <persName type="legacy-name-merge">Reimers, Georg</persName>
               <birth>
                  <date when-iso="1860-04-04">04.04.1860</date>
                  <settlement key="1259">
                     <placeName type="pref">Altona</placeName>
                     <location>
                        <geo>53,5725 9,8262</geo>
                     </location>
                  </settlement>
               </birth>
               <death>
                  <date when-iso="1936-04-15">15.04.1936</date>
                  <settlement key="50">
                     <placeName type="pref">Wien</placeName>
                     <location>
                        <geo>48,2066 16,37341</geo>
                     </location>
                  </settlement>
               </death>
               <sex value="male"/>
               <occupation key="105">Schauspieler/Schauspielerin</occupation>
               <idno type="URL" subtype="gnd">https://d-nb.info/gnd/11641488X</idno>
               <idno type="URL" subtype="schnitzler-tagebuch">https://schnitzler-tagebuch.acdh.oeaw.ac.at/person_19139.html</idno>
               <idno type="URL" subtype="schnitzler-bahr">https://schnitzler-bahr.acdh.oeaw.ac.at/pmb12498.html</idno>
               <idno type="URL" subtype="pmb">https://pmb.acdh.oeaw.ac.at/entity/12498/</idno>
               <idno type="URL" subtype="schnitzler-briefe">https://schnitzler-briefe.acdh.oeaw.ac.at/pmb12498.html</idno>
               <idno type="URL" subtype="bahr-textverzeichnis">https://bahr-textverzeichnis.acdh.oeaw.ac.at/pmb12498.html</idno>
               <idno type="URL" subtype="fackel">https://fackel.oeaw.ac.at/?p=fackelp52080</idno>
               <idno type="URL" subtype="oebl">https://doi.org/10.1553/0x002840e8</idno>
               <idno type="URL" subtype="wikidata">http://www.wikidata.org/entity/Q1505717</idno>
               <idno type="URL" subtype="wikipedia">https://de.wikipedia.org/wiki/Georg_Reimers</idno>
               <idno type="URL" subtype="schnitzler-interviews">https://schnitzler-interviews.acdh.oeaw.ac.at/pmb12498.html</idno>
               <idno type="URL" subtype="pmb">https://pmb.acdh.oeaw.ac.at/entity/161829/</idno>
               <idno type="URL" subtype="bahr-tsn">https://bahr-textverzeichnis.acdh.oeaw.ac.at/TSN-listperson.html#pmb12498</idno>
               <idno type="URL" subtype="hanslick-online">https://hanslick.acdh.oeaw.ac.at/hsl_person_id_3580.html</idno>
               <listEvent>
                  <event key="61712" when-iso="1891-04-11">
                     <desc n="1370">teilgenommen an</desc>
                     <label>Ibsen-Bankett, 11.4.1891</label>
                     <idno type="URL" subtype="pmb">https://pmb.acdh.oeaw.ac.at/entity/61712/</idno>
                  </event>
                  <event key="51297" when-iso="1891-10-28">
                     <desc n="1256">ist Arbeitskraft bei</desc>
                     <label>Freie Bühne, Erster geselliger Abend, 28.10.1891</label>
                     <idno type="URL" subtype="pmb">https://pmb.acdh.oeaw.ac.at/entity/51297/</idno>
                  </event>
                  <event key="94354" when-iso="1895-05-02">
                     <desc n="1256">ist Arbeitskraft bei</desc>
                     <label>Premiere von Tabarin und Verbotene Früchte, 2.5.1895</label>
                     <idno type="URL" subtype="pmb">https://pmb.acdh.oeaw.ac.at/entity/94354/</idno>
                  </event>
                  <event key="94377" when-iso="1895-05-07">
                     <desc n="1256">ist Arbeitskraft bei</desc>
                     <label>Aufführung von Tabarin, Die Wespe, 7.5.1895</label>
                     <idno type="URL" subtype="pmb">https://pmb.acdh.oeaw.ac.at/entity/94377/</idno>
                  </event>
                  <event key="35479" when-iso="1899-03-01">
                     <desc n="1256">ist Arbeitskraft bei</desc>
                     <label>Uraufführung von Der grüne Kakadu – Paracelsus – Die Gefährtin. Drei
                           Einakter, 1.3.1899</label>
                     <idno type="URL" subtype="pmb">https://pmb.acdh.oeaw.ac.at/entity/35479/</idno>
                  </event>
                  <event key="141417" when-iso="1899-12-17">
                     <desc n="1256">ist Arbeitskraft bei</desc>
                     <label>Aufführung von Der Verschwender, 17.12.1899</label>
                     <idno type="URL" subtype="pmb">https://pmb.acdh.oeaw.ac.at/entity/141417/</idno>
                  </event>
                  <event key="63372" when-iso="1904-02-11">
                     <desc n="1256">ist Arbeitskraft bei</desc>
                     <label>Premiere von Rose Bernd, 11.2.1904</label>
                     <idno type="URL" subtype="pmb">https://pmb.acdh.oeaw.ac.at/entity/63372/</idno>
                  </event>
                  <event key="35251" when-iso="1910-11-24">
                     <desc n="1256">ist Arbeitskraft bei</desc>
                     <label>Uraufführung von Der junge Medardus, 24.11.1910</label>
                     <idno type="URL" subtype="pmb">https://pmb.acdh.oeaw.ac.at/entity/35251/</idno>
                  </event>
                  <event key="88534" when-iso="1911-10-14">
                     <desc n="1256">ist Arbeitskraft bei</desc>
                     <label>Premiere von Das weite Land, 14.10.1911 [I.]</label>
                     <idno type="URL" subtype="pmb">https://pmb.acdh.oeaw.ac.at/entity/35364/</idno>
                     <idno type="URL" subtype="pmb">https://pmb.acdh.oeaw.ac.at/entity/88534/</idno>
                  </event>
                  <event key="35361" when-iso="1924-10-11">
                     <desc n="1256">ist Arbeitskraft bei</desc>
                     <label>Uraufführung von Komödie der Verführung, 11.10.1924</label>
                     <idno type="URL" subtype="pmb">https://pmb.acdh.oeaw.ac.at/entity/35361/</idno>
                  </event>
                  <event key="35418" when-iso="1931-02-14">
                     <desc n="1370">teilgenommen an</desc>
                     <label>Uraufführung von Der Gang zum Weiher, 14.2.1931</label>
                     <idno type="URL" subtype="pmb">https://pmb.acdh.oeaw.ac.at/entity/35418/</idno>
                  </event>
               </listEvent>
               <listBibl>
                  <bibl type="collections" n="11">ÖBL nach 1850 geboren</bibl>
                  <bibl type="collections" n="12">Fackel</bibl>
                  <bibl type="collections" n="16">Bahr Textverzeichnis</bibl>
               </listBibl>
               <note type="references"> </note>
               <figure>
                  <graphic url="https://commons.wikimedia.org/w/index.php?title=Special:Redirect/file/Georg%20Reimers%201910%20Pietzner.png"/>
               </figure>
            </person>
            <person xml:id="pmb27259">
               <persName>
                  <forename>Lotte</forename>
                  <surname>Witt</surname>
               </persName>
               <persName type="person_ehename_nachname">Borotha</persName>
               <persName type="legacy-name-merge">Witt, Lotte</persName>
               <persName type="legacy-name-merge">Witt, Lotte</persName>
               <birth>
                  <date when-iso="1870-04-24">24.04.1870</date>
                  <settlement key="168">
                     <placeName type="pref">Berlin</placeName>
                     <location>
                        <geo>52,52437 13,41053</geo>
                     </location>
                  </settlement>
               </birth>
               <death>
                  <date when-iso="1938-12-28">28.12.1938</date>
                  <settlement key="50">
                     <placeName type="pref">Wien</placeName>
                     <location>
                        <geo>48,2066 16,37341</geo>
                     </location>
                  </settlement>
               </death>
               <sex value="female"/>
               <occupation key="105">Schauspieler/Schauspielerin</occupation>
               <idno type="URL" subtype="schnitzler-bahr">https://schnitzler-bahr.acdh.oeaw.ac.at/pmb27259.html</idno>
               <idno type="URL" subtype="pmb">https://pmb.acdh.oeaw.ac.at/entity/27259/</idno>
               <idno type="URL" subtype="schnitzler-briefe">https://schnitzler-briefe.acdh.oeaw.ac.at/pmb27259.html</idno>
               <idno type="URL" subtype="bahr-textverzeichnis">https://bahr-textverzeichnis.acdh.oeaw.ac.at/pmb27259.html</idno>
               <idno type="URL" subtype="fackel">https://fackel.oeaw.ac.at/?p=fackelp55651</idno>
               <idno type="URL" subtype="gnd">https://d-nb.info/gnd/117416363</idno>
               <idno type="URL" subtype="wikidata">http://www.wikidata.org/entity/Q59653357</idno>
               <idno type="URL" subtype="pmb">https://pmb.acdh.oeaw.ac.at/entity/116605/</idno>
               <idno type="URL" subtype="wikipedia">https://de.wikipedia.org/wiki/Lotte_Witt</idno>
               <idno type="URL" subtype="pmb">https://pmb.acdh.oeaw.ac.at/entity/162858/</idno>
               <idno type="URL" subtype="schnitzler-tagebuch">https://schnitzler-tagebuch.acdh.oeaw.ac.at/person_21403.html</idno>
               <idno type="URL" subtype="bahr-tsn">https://bahr-textverzeichnis.acdh.oeaw.ac.at/TSN-listperson.html#pmb27259</idno>
               <listEvent>
                  <event key="35479" when-iso="1899-03-01">
                     <desc n="1256">ist Arbeitskraft bei</desc>
                     <label>Uraufführung von Der grüne Kakadu – Paracelsus – Die Gefährtin. Drei
                           Einakter, 1.3.1899</label>
                     <idno type="URL" subtype="pmb">https://pmb.acdh.oeaw.ac.at/entity/35479/</idno>
                  </event>
                  <event key="35173" when-iso="1905-10-12">
                     <desc n="1256">ist Arbeitskraft bei</desc>
                     <label>Uraufführung von Zwischenspiel, 12.10.1905</label>
                     <idno type="URL" subtype="pmb">https://pmb.acdh.oeaw.ac.at/entity/35173/</idno>
                  </event>
                  <event key="35361" when-iso="1924-10-11">
                     <desc n="1256">ist Arbeitskraft bei</desc>
                     <label>Uraufführung von Komödie der Verführung, 11.10.1924</label>
                     <idno type="URL" subtype="pmb">https://pmb.acdh.oeaw.ac.at/entity/35361/</idno>
                  </event>
               </listEvent>
               <listBibl>
                  <bibl type="collections" n="12">Fackel</bibl>
                  <bibl type="collections" n="16">Bahr Textverzeichnis</bibl>
               </listBibl>
               <note type="references"> </note>
            </person>
            <person xml:id="pmb13125">
               <persName>
                  <forename>Gisela</forename>
                  <surname>Wilke</surname>
               </persName>
               <birth>
                  <date when-iso="1882-06-30">30.06.1882</date>
                  <settlement key="44183">
                     <placeName type="pref">Olbernhau</placeName>
                     <location>
                        <geo>50,6587 13,3425</geo>
                     </location>
                  </settlement>
               </birth>
               <death>
                  <date when-iso="1958-09-25">25.09.1958</date>
                  <settlement key="50">
                     <placeName type="pref">Wien</placeName>
                     <location>
                        <geo>48,2066 16,37341</geo>
                     </location>
                  </settlement>
               </death>
               <sex value="female"/>
               <occupation key="105">Schauspieler/Schauspielerin</occupation>
               <idno type="URL" subtype="gnd">https://d-nb.info/gnd/117383597</idno>
               <idno type="URL" subtype="schnitzler-tagebuch">https://schnitzler-tagebuch.acdh.oeaw.ac.at/person_21345.html</idno>
               <idno type="URL" subtype="schnitzler-bahr">https://schnitzler-bahr.acdh.oeaw.ac.at/pmb13125.html</idno>
               <idno type="URL" subtype="pmb">https://pmb.acdh.oeaw.ac.at/entity/13125/</idno>
               <idno type="URL" subtype="wikidata">http://www.wikidata.org/entity/Q1527481</idno>
               <idno type="URL" subtype="wikipedia">https://de.wikipedia.org/wiki/Gisela_Wilke</idno>
               <idno type="URL" subtype="bahr-textverzeichnis">https://bahr-textverzeichnis.acdh.oeaw.ac.at/pmb13125.html</idno>
               <figure>
                  <graphic url="https://commons.wikimedia.org/w/index.php?title=Special:Redirect/file/Gisela%20Wilke%20%281900%29.jpg"/>
               </figure>
            </person>
            <person xml:id="pmb15597">
               <persName>
                  <forename>Ludwig von</forename>
                  <surname>Dóczi</surname>
               </persName>
               <persName type="legacy-name-merge">Dóczi, Ludwig</persName>
               <birth>
                  <date when-iso="1845-11-30">30.11.1845</date>
                  <settlement key="43567">
                     <placeName type="pref">Sopron</placeName>
                     <location>
                        <geo>47,68501 16,59049</geo>
                     </location>
                  </settlement>
               </birth>
               <death>
                  <date when-iso="1919-08-30">30.08.1919</date>
                  <settlement key="43471">
                     <placeName type="pref">Budapest</placeName>
                     <location>
                        <geo>47,49835 19,04045</geo>
                     </location>
                  </settlement>
               </death>
               <sex value="male"/>
               <occupation key="90">Schriftsteller/Schriftstellerin</occupation>
               <occupation key="95">Politiker/Politikerin</occupation>
               <occupation key="99">Journalist/Journalistin</occupation>
               <occupation key="113">Ministerialbeamter/Ministerialbeamte</occupation>
               <occupation key="116">Übersetzer/Übersetzerin</occupation>
               <occupation key="267">Diplomat/Diplomatin</occupation>
               <occupation key="311">Ministerialrat/Ministerialrätin</occupation>
               <occupation key="727">Dramatiker/Dramatikerin</occupation>
               <occupation key="1535">Librettist/Librettistin</occupation>
               <idno type="URL" subtype="schnitzler-tagebuch">https://schnitzler-tagebuch.acdh.oeaw.ac.at/person_14468.html</idno>
               <idno type="URL" subtype="pmb">https://pmb.acdh.oeaw.ac.at/entity/15597/</idno>
               <idno type="URL" subtype="gnd">https://d-nb.info/gnd/116151846</idno>
               <idno type="URL" subtype="fackel">https://fackel.oeaw.ac.at/?p=fackelp40507</idno>
               <idno type="URL" subtype="wikidata">http://www.wikidata.org/entity/Q238751</idno>
               <idno type="URL" subtype="wikipedia">https://de.wikipedia.org/wiki/Ludwig_von_D%C3%B3czi</idno>
               <idno type="URL" subtype="oeml">https://dx.doi.org/10.1553/0x0001cbd7</idno>
               <idno type="URL" subtype="bahr-textverzeichnis">https://bahr-textverzeichnis.acdh.oeaw.ac.at/pmb117306.html</idno>
               <idno type="URL" subtype="pmb">https://pmb.acdh.oeaw.ac.at/entity/117306/</idno>
               <idno type="URL" subtype="hanslick-online">https://hanslick.acdh.oeaw.ac.at/hsl_person_id_2024.html</idno>
               <listBibl>
                  <bibl type="collections" n="12">Fackel</bibl>
                  <bibl type="collections" n="16">Bahr Textverzeichnis</bibl>
               </listBibl>
            </person>
            <person xml:id="pmb148852">
               <persName>
                  <forename>Wilhelm</forename>
                  <surname>Altmann</surname>
               </persName>
               <persName type="legacy-name-merge">Altmann, Wilhelm</persName>
               <birth>
                  <date when-iso="1862-04-04">1862-04-04</date>
                  <settlement key="148853">
                     <placeName type="pref">Odolanów</placeName>
                     <location>
                        <geo>51,57419 17,67434</geo>
                     </location>
                  </settlement>
               </birth>
               <death>
                  <date when-iso="1951-03-25">1951-03-25</date>
                  <settlement key="55271">
                     <placeName type="pref">Hildesheim</placeName>
                     <location>
                        <geo>52,15077 9,95112</geo>
                     </location>
                  </settlement>
               </death>
               <sex value="male"/>
               <idno type="URL" subtype="pmb">https://pmb.acdh.oeaw.ac.at/entity/148852/</idno>
               <idno type="URL" subtype="wikidata">http://www.wikidata.org/entity/Q96797</idno>
               <idno type="URL" subtype="gnd">https://d-nb.info/gnd/116295260</idno>
               <idno type="URL" subtype="bahr-textverzeichnis">https://bahr-textverzeichnis.acdh.oeaw.ac.at/pmb148852.html</idno>
               <idno type="URL" subtype="pmb">https://pmb.acdh.oeaw.ac.at/entity/159105/</idno>
               <idno type="URL" subtype="wikipedia">https://de.wikipedia.org/wiki/Wilhelm_Altmann</idno>
               <idno type="URL" subtype="bahr-tsn">https://bahr-textverzeichnis.acdh.oeaw.ac.at/TSN-listperson.html#pmb148852</idno>
               <listBibl>
                  <bibl type="collections" n="16">Bahr Textverzeichnis</bibl>
               </listBibl>
               <note type="references">None </note>
            </person>
         </listPerson>
      </back>
   </text>
</TEI>
