<?xml version="1.0" encoding="UTF-8"?>
<TEI xmlns="http://www.tei-c.org/ns/1.0"
     xmlns:tei="http://www.tei-c.org/ns/1.0"
     xml:id="pmb122913.xml"
     prev="pmb134913"
     next="pmb122911">
   <teiHeader>
      <fileDesc>
         <titleStmt>
            <title level="s">Hermann Bahr – Textverzeichnis</title>
            <title level="a">Theater, Kunst und Literatur.
                     Kaiserjubiläums-Stadttheater</title>
            <title type="iso-date">1902-04-22</title>
            <respStmt>
               <resp>providing the content</resp>
               <name>Martin Anton Müller</name>
            </respStmt>
            <respStmt>
               <resp>converted to XML encoding</resp>
               <name>Martin Anton Müller</name>
            </respStmt>
         </titleStmt>
         <publicationStmt>
            <publisher>Austrian Centre for Digital Humanities and Cultural
                                    Heritage (ACDH-CH)</publisher>
            <date>2024-03-19+01:00</date>
            <idno type="URI">https://id.acdh.oeaw.ac.at/bahr-textverzeichnis/pmb122913.xml</idno>
         </publicationStmt>
         <sourceDesc>
            <p>Bibliografische Angaben eines in Druck erschienen Texts von
                                    Bahr</p>
         </sourceDesc>
      </fileDesc>
   </teiHeader>
   <text>
      <body>
         <div type="bibliografische-angabe">
            <biblStruct xml:id="pmb122913"
                        type="Journal-Article"
                        status="checked"
                        prev="pmb134913"
                        next="pmb122911">
               <analytic>
                  <author ref="pmb10815">H. B.</author>
                  <title level="a" ref="pmb122913">Theater, Kunst und Literatur.
                     Kaiserjubiläums-Stadttheater</title>
               </analytic>
               <monogr>
                  <title level="j" ref="pmb41321">Neues Wiener Tagblatt</title>
                  <imprint>
                     <biblScope unit="jg">36</biblScope>
                     <biblScope unit="issue">110</biblScope>
                     <biblScope unit="page">9</biblScope>
                     <date when="1902-04-22">22.4.1902</date>
                  </imprint>
               </monogr>
               <note type="review-of">
                  <bibl>
                     <title level="m">Die Tochter des Oedipus</title>
                     <author>Eugen von Jagow</author>
                  </bibl>
               </note>
               <note type="monographies"> </note>
               <note type="incipit">»Die Tochter des Oedipus«, Trauerspiel in fünf Acten, unter
                  freier Benützung des »König Oedipus« und der »Antigone« von Sophokles, von Eugen
                  v. Jagow. Der Autor hat sich selbst über seine Absichten so geäußert:</note>
               <ref type="URL">https://anno.onb.ac.at/cgi-content/anno?aid=nwg&amp;datum=19020422&amp;seite=9</ref>
               <noteGrp type="keywords">
                  <note type="Journal-Article">Artikel in einem Periodikum</note>
               </noteGrp>
               <note type="bibliographical-statement">H. B.: Theater, Kunst und Literatur.
                  Kaiserjubiläums-Stadttheater. In: Neues Wiener Tagblatt, Jg. 36, Nr. 110,
                  22.4.1902, S. 9.</note>
               <ref type="abdrucke">
                  <listRef>
                     <ptr type="textref" target="pmb132093"/>
                  </listRef>
               </ref>
            </biblStruct>
         </div>
      </body>
      <back/>
   </text>
</TEI>
