<?xml version="1.0" encoding="UTF-8"?>
<TEI xmlns="http://www.tei-c.org/ns/1.0"
     xmlns:tei="http://www.tei-c.org/ns/1.0"
     xml:id="pmb122621.xml"
     prev="pmb29901"
     next="pmb131971">
   <teiHeader>
      <fileDesc>
         <titleStmt>
            <title level="s">Hermann Bahr – Textverzeichnis</title>
            <title level="a">Theater und Kunst. Burgtheater</title>
            <title type="iso-date">1905-01-08</title>
            <respStmt>
               <resp>providing the content</resp>
               <name>Martin Anton Müller</name>
            </respStmt>
            <respStmt>
               <resp>converted to XML encoding</resp>
               <name>Martin Anton Müller</name>
            </respStmt>
         </titleStmt>
         <publicationStmt>
            <publisher>Austrian Centre for Digital Humanities and Cultural
                                    Heritage (ACDH-CH)</publisher>
            <date>2024-03-19+01:00</date>
            <idno type="URI">https://id.acdh.oeaw.ac.at/bahr-textverzeichnis/pmb122621.xml</idno>
         </publicationStmt>
         <sourceDesc>
            <p>Bibliografische Angaben eines in Druck erschienen Texts von
                                    Bahr</p>
         </sourceDesc>
      </fileDesc>
   </teiHeader>
   <text>
      <body>
         <div type="bibliografische-angabe">
            <biblStruct xml:id="pmb122621"
                        type="Journal-Article"
                        subtype="Nachtkritik"
                        status="checked"
                        prev="pmb29901"
                        next="pmb131971">
               <analytic>
                  <author ref="pmb10815">H. B.</author>
                  <title level="a" ref="pmb122621">Theater und Kunst. Burgtheater</title>
               </analytic>
               <monogr>
                  <title level="j" ref="pmb41552">Österreichische Volks-Zeitung</title>
                  <imprint>
                     <biblScope unit="jg">51</biblScope>
                     <biblScope unit="issue">8</biblScope>
                     <biblScope unit="page">15 (2 Kreuzer–Ausgabe: 21)</biblScope>
                     <date when="1905-01-08">8.1.1905</date>
                  </imprint>
               </monogr>
               <note type="review-of">
                  <bibl>
                     <title level="m">Don Carlos</title>
                     <author>Friedrich Schiller</author>
                  </bibl>
               </note>
               <note type="incipit">Endlich doch Don Carlos, neu. Zunächst die erste
                  Lieferung.</note>
               <ref type="personenindex">
                  <listRef>
                     <ptr type="pmb" target="pmb12654"/>
                     <ptr type="pmb" target="pmb11851"/>
                     <ptr type="pmb" target="pmb2850"/>
                     <ptr type="pmb" target="pmb2252"/>
                     <ptr type="pmb" target="pmb12809"/>
                     <ptr type="pmb" target="pmb12265"/>
                     <ptr type="pmb" target="pmb7528"/>
                  </listRef>
               </ref>
               <noteGrp type="keywords">
                  <note type="Journal-Article">Artikel in einem Periodikum</note>
                  <note subtype="Nachtkritik">Nachtkritik</note>
               </noteGrp>
               <note type="bibliographical-statement">H. B.: Theater und Kunst. Burgtheater. In:
                  Österreichische Volks-Zeitung, Jg. 51, Nr. 8, 8.1.1905, S. 15 (2 Kreuzer–Ausgabe:
                  21).</note>
            </biblStruct>
         </div>
      </body>
      <back>
         <listPerson>
            <person xml:id="pmb12654">
               <persName>
                  <forename>Friedrich von</forename>
                  <surname>Schiller</surname>
               </persName>
               <persName type="legacy-name-merge">Schiller, Friedrich von</persName>
               <birth>
                  <date when-iso="1759-11-10">10.11.1759</date>
                  <settlement key="39585">
                     <placeName type="pref">Marbach am Neckar</placeName>
                     <location>
                        <geo>48,93964 9,25995</geo>
                     </location>
                  </settlement>
               </birth>
               <death>
                  <date when-iso="1805-05-09">09.05.1805</date>
                  <settlement key="197">
                     <placeName type="pref">Weimar</placeName>
                     <location>
                        <geo>50,97361 11,33806</geo>
                     </location>
                  </settlement>
               </death>
               <sex value="male"/>
               <occupation key="90">Schriftsteller/Schriftstellerin</occupation>
               <occupation key="134">Historiker/Historikerin</occupation>
               <occupation key="154">Philosoph/Philosophin</occupation>
               <idno type="URL" subtype="gnd">https://d-nb.info/gnd/118607626</idno>
               <idno type="URL" subtype="schnitzler-tagebuch">https://schnitzler-tagebuch.acdh.oeaw.ac.at/person_19694.html</idno>
               <idno type="URL" subtype="bahr-textverzeichnis">https://bahr-textverzeichnis.acdh.oeaw.ac.at/pmb12654.html</idno>
               <idno type="URL" subtype="schnitzler-bahr">https://schnitzler-bahr.acdh.oeaw.ac.at/pmb12654.html</idno>
               <idno type="URL" subtype="pmb">https://pmb.acdh.oeaw.ac.at/entity/12654/</idno>
               <idno type="URL" subtype="schnitzler-briefe">https://schnitzler-briefe.acdh.oeaw.ac.at/pmb12654.html</idno>
               <idno type="URL" subtype="schnitzler-lektueren">https://schnitzler-lektueren.acdh.oeaw.ac.at/pmb12654.html</idno>
               <idno type="URL" subtype="legalkraus">https://kraus.wienbibliothek.at/register/personen/pmb12654</idno>
               <idno type="URL" subtype="fackel">https://fackel.oeaw.ac.at/?p=fackelp43876</idno>
               <idno type="URL" subtype="dritte-walpurgisnacht">https://kraus1933.ace.oeaw.ac.at/Gesamt.xml?template=register_personen.html&amp;letter=S#DWpers0207</idno>
               <idno type="URL" subtype="wikidata">http://www.wikidata.org/entity/Q22670</idno>
               <idno type="URL" subtype="wikipedia">https://de.wikipedia.org/wiki/Friedrich_Schiller</idno>
               <idno type="URL" subtype="thun-korrespondenz">https://thun-korrespondenz.acdh.oeaw.ac.at/schiller-friedrich.html</idno>
               <idno type="URL" subtype="pmb">https://pmb.acdh.oeaw.ac.at/entity/162088/</idno>
               <idno type="URL" subtype="bahr-tsn">https://bahr-textverzeichnis.acdh.oeaw.ac.at/TSN-listperson.html#pmb12654</idno>
               <idno type="URL" subtype="schnitzler-interviews">https://schnitzler-interviews.acdh.oeaw.ac.at/pmb12654.html</idno>
               <idno type="URL" subtype="hanslick-online">https://hanslick.acdh.oeaw.ac.at/hsl_person_id_248.html</idno>
               <listBibl>
                  <bibl type="collections" n="5">legalkraus</bibl>
                  <bibl type="collections" n="10">Karl Kraus 1933: Dritte Walpurgisnacht</bibl>
                  <bibl type="collections" n="12">Fackel</bibl>
                  <bibl type="collections" n="16">Bahr Textverzeichnis</bibl>
               </listBibl>
               <figure>
                  <graphic url="https://commons.wikimedia.org/w/index.php?title=Special:Redirect/file/Friedrich%20Schiller%20by%20Ludovike%20Simanowiz.jpg"/>
               </figure>
            </person>
            <person xml:id="pmb11851">
               <persName>
                  <forename>Josef</forename>
                  <surname>Kainz</surname>
               </persName>
               <persName type="legacy-name-merge">Kainz, Josef</persName>
               <birth>
                  <date when-iso="1858-01-02">02.01.1858</date>
                  <settlement key="43475">
                     <placeName type="pref">Mosonmagyaróvár</placeName>
                     <location>
                        <geo>47,86789 17,26994</geo>
                     </location>
                  </settlement>
               </birth>
               <death>
                  <date when-iso="1910-09-20">20.09.1910</date>
                  <settlement key="50">
                     <placeName type="pref">Wien</placeName>
                     <location>
                        <geo>48,2066 16,37341</geo>
                     </location>
                  </settlement>
               </death>
               <sex value="male"/>
               <occupation key="105">Schauspieler/Schauspielerin</occupation>
               <idno type="URL" subtype="gnd">https://d-nb.info/gnd/118559389</idno>
               <idno type="URL" subtype="schnitzler-tagebuch">https://schnitzler-tagebuch.acdh.oeaw.ac.at/person_16646.html</idno>
               <idno type="URL" subtype="schnitzler-bahr">https://schnitzler-bahr.acdh.oeaw.ac.at/pmb11851.html</idno>
               <idno type="URL" subtype="pmb">https://pmb.acdh.oeaw.ac.at/entity/11851/</idno>
               <idno type="URL" subtype="schnitzler-briefe">https://schnitzler-briefe.acdh.oeaw.ac.at/pmb11851.html</idno>
               <idno type="URL" subtype="bahr-textverzeichnis">https://bahr-textverzeichnis.acdh.oeaw.ac.at/pmb11851.html</idno>
               <idno type="URL" subtype="fackel">https://fackel.oeaw.ac.at/?p=fackelp47103</idno>
               <idno type="URL" subtype="oebl">https://doi.org/10.1553/0x002820f2</idno>
               <idno type="URL" subtype="wikidata">http://www.wikidata.org/entity/Q697592</idno>
               <idno type="URL" subtype="wikipedia">https://de.wikipedia.org/wiki/Josef_Kainz</idno>
               <idno type="URL" subtype="schnitzler-kino">https://schnitzler-kino.acdh.oeaw.ac.at/pmb11851.html</idno>
               <idno type="URL" subtype="pmb">https://pmb.acdh.oeaw.ac.at/entity/160718/</idno>
               <idno type="URL" subtype="bahr-tsn">https://bahr-textverzeichnis.acdh.oeaw.ac.at/TSN-listperson.html#pmb11851</idno>
               <idno type="URL" subtype="schnitzler-interviews">https://schnitzler-interviews.acdh.oeaw.ac.at/pmb11851.html</idno>
               <listEvent>
                  <event key="35482" when-iso="1899-04-29">
                     <desc n="1256">ist Arbeitskraft bei</desc>
                     <label>Premiere von Der grüne Kakadu – Paracelsus – Die Gefährtin. Drei
                           Einakter, 29.4.1899</label>
                     <idno type="URL" subtype="pmb">https://pmb.acdh.oeaw.ac.at/entity/35482/</idno>
                  </event>
                  <event key="141446" when-iso="1899-12-01">
                     <desc n="1256">ist Arbeitskraft bei</desc>
                     <label>Aufführung Prinz Friedrich von Homburg, 1.12.1899</label>
                     <idno type="URL" subtype="pmb">https://pmb.acdh.oeaw.ac.at/entity/141446/</idno>
                  </event>
                  <event key="141417" when-iso="1899-12-17">
                     <desc n="1256">ist Arbeitskraft bei</desc>
                     <label>Aufführung von Der Verschwender, 17.12.1899</label>
                     <idno type="URL" subtype="pmb">https://pmb.acdh.oeaw.ac.at/entity/141417/</idno>
                  </event>
                  <event key="43208" when-iso="1899-12-19">
                     <desc n="1256">ist Arbeitskraft bei</desc>
                     <label>Aufführung von Esther, Gefährtin, Paracelsus, 19.12.1899</label>
                     <idno type="URL" subtype="pmb">https://pmb.acdh.oeaw.ac.at/entity/43208/</idno>
                  </event>
                  <event key="35173" when-iso="1905-10-12">
                     <desc n="1256">ist Arbeitskraft bei</desc>
                     <label>Uraufführung von Zwischenspiel, 12.10.1905</label>
                     <idno type="URL" subtype="pmb">https://pmb.acdh.oeaw.ac.at/entity/35173/</idno>
                  </event>
                  <event key="59624" when-iso="1906-05-15">
                     <desc n="1370">teilgenommen an</desc>
                     <label>Aufführung von Der einsame Weg, 15.5.1906</label>
                     <idno type="URL" subtype="pmb">https://pmb.acdh.oeaw.ac.at/entity/59624/</idno>
                  </event>
                  <event key="53022" when-iso="1908-11-18">
                     <desc n="1256">ist Arbeitskraft bei</desc>
                     <label>Generalprobe von Tantris, 18.11.1908</label>
                     <idno type="URL" subtype="pmb">https://pmb.acdh.oeaw.ac.at/entity/53022/</idno>
                  </event>
                  <event key="47592" when-iso="1908-11-29">
                     <desc n="1256">ist Arbeitskraft bei</desc>
                     <label>Heine-Feier des Vereins für Kunst und Kultur, 29.11.1908</label>
                     <idno type="URL" subtype="pmb">https://pmb.acdh.oeaw.ac.at/entity/47592/</idno>
                  </event>
               </listEvent>
               <listBibl>
                  <bibl type="collections" n="11">ÖBL nach 1850 geboren</bibl>
                  <bibl type="collections" n="12">Fackel</bibl>
                  <bibl type="collections" n="16">Bahr Textverzeichnis</bibl>
               </listBibl>
               <figure>
                  <graphic url="https://commons.wikimedia.org/w/index.php?title=Special:Redirect/file/Josef%20Kainz%20by%20Erwin%20Raupp.jpg"/>
               </figure>
            </person>
            <person xml:id="pmb2850">
               <persName>
                  <forename>Stella</forename>
                  <surname>Hohenfels</surname>
               </persName>
               <persName type="person_geburtsname_nachname">Loderbank</persName>
               <persName type="person_ehename_nachname">Berger</persName>
               <persName type="legacy-name-merge">Hohenfels, Stella</persName>
               <birth>
                  <date when-iso="1854-04-16">16.04.1854</date>
                  <settlement key="263">
                     <placeName type="pref">Florenz</placeName>
                     <location>
                        <geo>43,77925 11,24626</geo>
                     </location>
                  </settlement>
               </birth>
               <death>
                  <date when-iso="1920-02-21">21.02.1920</date>
                  <settlement key="50">
                     <placeName type="pref">Wien</placeName>
                     <location>
                        <geo>48,2066 16,37341</geo>
                     </location>
                  </settlement>
               </death>
               <sex value="female"/>
               <occupation key="105">Schauspieler/Schauspielerin</occupation>
               <idno type="URL" subtype="gnd">https://d-nb.info/gnd/116132043</idno>
               <idno type="URL" subtype="schnitzler-tagebuch">https://schnitzler-tagebuch.acdh.oeaw.ac.at/person_16302.html</idno>
               <idno type="URL" subtype="schnitzler-bahr">https://schnitzler-bahr.acdh.oeaw.ac.at/pmb2850.html</idno>
               <idno type="URL" subtype="pmb">https://pmb.acdh.oeaw.ac.at/entity/2850/</idno>
               <idno type="URL" subtype="pmb">https://pmb.acdh.oeaw.ac.at/entity/18426/</idno>
               <idno type="URL" subtype="schnitzler-briefe">https://schnitzler-briefe.acdh.oeaw.ac.at/pmb2850.html</idno>
               <idno type="URL" subtype="bahr-textverzeichnis">https://bahr-textverzeichnis.acdh.oeaw.ac.at/pmb2850.html</idno>
               <idno type="URL" subtype="fackel">https://fackel.oeaw.ac.at/?p=fackelp53643</idno>
               <idno type="URL" subtype="oebl">https://doi.org/10.1553/0x00281a78</idno>
               <idno type="URL" subtype="wikidata">http://www.wikidata.org/entity/Q88930</idno>
               <idno type="URL" subtype="wikipedia">https://de.wikipedia.org/wiki/Stella_von_Hohenfels-Berger</idno>
               <idno type="URL" subtype="hanslick-online">https://hanslick.acdh.oeaw.ac.at/hsl_person_id_3677.html</idno>
               <idno type="URL" subtype="schnitzler-interviews">https://schnitzler-interviews.acdh.oeaw.ac.at/pmb2850.html</idno>
               <listEvent>
                  <event key="88011" when-iso="1894-10-22">
                     <desc n="1256">ist Arbeitskraft bei</desc>
                     <label>Aufführung von Minna von Barnhelm, 22.10.1894</label>
                     <idno type="URL" subtype="pmb">https://pmb.acdh.oeaw.ac.at/entity/88011/</idno>
                  </event>
                  <event key="35385" when-iso="1898-11-30">
                     <desc n="1256">ist Arbeitskraft bei</desc>
                     <label>Premiere von Das Vermächtnis, 30.11.1898</label>
                     <idno type="URL" subtype="pmb">https://pmb.acdh.oeaw.ac.at/entity/35385/</idno>
                  </event>
                  <event key="45154" when-iso="1899-03-18">
                     <desc n="1256">ist Arbeitskraft bei</desc>
                     <label>Wiener Uraufführung Der Abenteurer und die Sängerin und Die Hochzeit
                           der Sobeide, 18.3.1899</label>
                     <idno type="URL" subtype="pmb">https://pmb.acdh.oeaw.ac.at/entity/45154/</idno>
                  </event>
               </listEvent>
               <listBibl>
                  <bibl type="collections" n="11">ÖBL nach 1850 geboren</bibl>
                  <bibl type="collections" n="12">Fackel</bibl>
               </listBibl>
               <figure>
                  <graphic url="https://commons.wikimedia.org/w/index.php?title=Special:Redirect/file/Stella%20Hohenfels.jpg"/>
               </figure>
            </person>
            <person xml:id="pmb2252">
               <persName>
                  <forename>Lotte</forename>
                  <surname>Medelsky</surname>
               </persName>
               <persName type="person_geburtsname_vorname">Karoline</persName>
               <persName type="person_ehename_nachname">Frank</persName>
               <persName type="namensvariante">Krauspe Charlotte Caroline</persName>
               <persName type="legacy-name-merge">Medelsky, Lotte</persName>
               <persName type="legacy-name-merge">Medelsky, Lotte</persName>
               <birth>
                  <date when-iso="1880-05-18">18.05.1880</date>
                  <settlement key="50">
                     <placeName type="pref">Wien</placeName>
                     <location>
                        <geo>48,2066 16,37341</geo>
                     </location>
                  </settlement>
               </birth>
               <death>
                  <date when-iso="1960-12-04">1960-12-04</date>
                  <settlement key="42901">
                     <placeName type="pref">Nussdorf am Attersee</placeName>
                     <location>
                        <geo>47,88333 13,51667</geo>
                     </location>
                  </settlement>
               </death>
               <sex value="female"/>
               <occupation key="105">Schauspieler/Schauspielerin</occupation>
               <idno type="URL" subtype="gnd">https://d-nb.info/gnd/116525614</idno>
               <idno type="URL" subtype="schnitzler-bahr">https://schnitzler-bahr.acdh.oeaw.ac.at/pmb2252.html</idno>
               <idno type="URL" subtype="pmb">https://pmb.acdh.oeaw.ac.at/entity/2252/</idno>
               <idno type="URL" subtype="schnitzler-tagebuch">https://schnitzler-tagebuch.acdh.oeaw.ac.at/person_18035.html</idno>
               <idno type="URL" subtype="schnitzler-briefe">https://schnitzler-briefe.acdh.oeaw.ac.at/pmb2252.html</idno>
               <idno type="URL" subtype="fackel">https://fackel.oeaw.ac.at/?p=fackelp49167</idno>
               <idno type="URL" subtype="wikidata">http://www.wikidata.org/entity/Q1871159</idno>
               <idno type="URL" subtype="wikipedia">https://de.wikipedia.org/wiki/Lotte_Medelsky</idno>
               <idno type="URL" subtype="bahr-textverzeichnis">https://bahr-textverzeichnis.acdh.oeaw.ac.at/pmb2252.html</idno>
               <idno type="URL" subtype="pmb">https://pmb.acdh.oeaw.ac.at/entity/161268/</idno>
               <idno type="URL" subtype="bahr-tsn">https://bahr-textverzeichnis.acdh.oeaw.ac.at/TSN-listperson.html#pmb2252</idno>
               <listEvent>
                  <event key="143121" when-iso="1898-05-03">
                     <desc n="1256">ist Arbeitskraft bei</desc>
                     <label>Aufführung von Liebelei, 3.5.1898</label>
                     <idno type="URL" subtype="pmb">https://pmb.acdh.oeaw.ac.at/entity/143121/</idno>
                  </event>
                  <event key="42893" when-iso="1898-05-16">
                     <desc n="1256">ist Arbeitskraft bei</desc>
                     <label>Uraufführung von Mädchentraum, 16.5.1898</label>
                     <idno type="URL" subtype="pmb">https://pmb.acdh.oeaw.ac.at/entity/42893/</idno>
                  </event>
                  <event key="35385" when-iso="1898-11-30">
                     <desc n="1256">ist Arbeitskraft bei</desc>
                     <label>Premiere von Das Vermächtnis, 30.11.1898</label>
                     <idno type="URL" subtype="pmb">https://pmb.acdh.oeaw.ac.at/entity/35385/</idno>
                  </event>
                  <event key="45154" when-iso="1899-03-18">
                     <desc n="1256">ist Arbeitskraft bei</desc>
                     <label>Wiener Uraufführung Der Abenteurer und die Sängerin und Die Hochzeit
                           der Sobeide, 18.3.1899</label>
                     <idno type="URL" subtype="pmb">https://pmb.acdh.oeaw.ac.at/entity/45154/</idno>
                  </event>
                  <event key="141446" when-iso="1899-12-01">
                     <desc n="1256">ist Arbeitskraft bei</desc>
                     <label>Aufführung Prinz Friedrich von Homburg, 1.12.1899</label>
                     <idno type="URL" subtype="pmb">https://pmb.acdh.oeaw.ac.at/entity/141446/</idno>
                  </event>
                  <event key="141417" when-iso="1899-12-17">
                     <desc n="1256">ist Arbeitskraft bei</desc>
                     <label>Aufführung von Der Verschwender, 17.12.1899</label>
                     <idno type="URL" subtype="pmb">https://pmb.acdh.oeaw.ac.at/entity/141417/</idno>
                  </event>
                  <event key="143145" when-iso="1905-09-29">
                     <desc n="1256">ist Arbeitskraft bei</desc>
                     <label>Aufführung von Liebelei, 29.9.1905</label>
                     <idno type="URL" subtype="pmb">https://pmb.acdh.oeaw.ac.at/entity/143145/</idno>
                  </event>
                  <event key="46933" when-iso="1910-09-15">
                     <desc n="1256">ist Arbeitskraft bei</desc>
                     <label>Premiere von Die Tochter der Semiramis, Liebelei, 15.9.1910</label>
                     <idno type="URL" subtype="pmb">https://pmb.acdh.oeaw.ac.at/entity/46933/</idno>
                  </event>
                  <event key="35251" when-iso="1910-11-24">
                     <desc n="1256">ist Arbeitskraft bei</desc>
                     <label>Uraufführung von Der junge Medardus, 24.11.1910</label>
                     <idno type="URL" subtype="pmb">https://pmb.acdh.oeaw.ac.at/entity/35251/</idno>
                  </event>
               </listEvent>
               <listBibl>
                  <bibl type="collections" n="12">Fackel</bibl>
                  <bibl type="collections" n="16">Bahr Textverzeichnis</bibl>
               </listBibl>
               <note type="references"> </note>
               <figure>
                  <graphic url="https://commons.wikimedia.org/w/index.php?title=Special:Redirect/file/Karoline%20Medelsky%201900.jpg"/>
               </figure>
            </person>
            <person xml:id="pmb12809">
               <persName>
                  <forename>Adolf von</forename>
                  <surname>Sonnenthal</surname>
               </persName>
               <persName type="legacy-name-merge">Sonnenthal, Adolf von</persName>
               <birth>
                  <date when-iso="1834-12-21">1834-12-21</date>
                  <settlement key="43471">
                     <placeName type="pref">Budapest</placeName>
                     <location>
                        <geo>47,49835 19,04045</geo>
                     </location>
                  </settlement>
               </birth>
               <death>
                  <date when-iso="1909-04-04">1909-04-04</date>
               </death>
               <sex value="male"/>
               <occupation key="105">Schauspieler/Schauspielerin</occupation>
               <idno type="URL" subtype="gnd">https://d-nb.info/gnd/119343207</idno>
               <idno type="URL" subtype="schnitzler-tagebuch">https://schnitzler-tagebuch.acdh.oeaw.ac.at/person_20204.html</idno>
               <idno type="URL" subtype="schnitzler-bahr">https://schnitzler-bahr.acdh.oeaw.ac.at/pmb12809.html</idno>
               <idno type="URL" subtype="pmb">https://pmb.acdh.oeaw.ac.at/entity/12809/</idno>
               <idno type="URL" subtype="schnitzler-briefe">https://schnitzler-briefe.acdh.oeaw.ac.at/pmb12809.html</idno>
               <idno type="URL" subtype="legalkraus">https://kraus.wienbibliothek.at/register/personen/pmb12809</idno>
               <idno type="URL" subtype="bahr-textverzeichnis">https://bahr-textverzeichnis.acdh.oeaw.ac.at/pmb12809.html</idno>
               <idno type="URL" subtype="fackel">https://fackel.oeaw.ac.at/?p=fackelp37842</idno>
               <idno type="URL" subtype="wikidata">http://www.wikidata.org/entity/Q84769</idno>
               <idno type="URL" subtype="wikipedia">https://de.wikipedia.org/wiki/Adolf_von_Sonnenthal</idno>
               <idno type="URL" subtype="oebl">https://doi.org/10.1553/0x00284c4e</idno>
               <idno type="URL" subtype="schnitzler-interviews">https://schnitzler-interviews.acdh.oeaw.ac.at/pmb12809.html</idno>
               <idno type="URL" subtype="pmb">https://pmb.acdh.oeaw.ac.at/entity/162314/</idno>
               <idno type="URL" subtype="bahr-tsn">https://bahr-textverzeichnis.acdh.oeaw.ac.at/TSN-listperson.html#pmb12809</idno>
               <idno type="URL" subtype="hanslick-online">https://hanslick.acdh.oeaw.ac.at/hsl_person_id_1955.html</idno>
               <affiliation notBefore-iso="1856-01-01"
                            when-iso="1856-01-01"
                            notAfter-iso="1856-12-31">
                  <term key="1182">arbeitet für</term>
                  <orgName key="36247">Burgtheater</orgName>
                  <idno type="URL" subtype="gnd">https://d-nb.info/gnd/38633-9</idno>
                  <idno type="URL" subtype="pmb">https://pmb.acdh.oeaw.ac.at/entity/36247/</idno>
                  <idno type="URL" subtype="schnitzler-briefe">https://schnitzler-briefe.acdh.oeaw.ac.at/pmb36247.html</idno>
                  <idno type="URL" subtype="legalkraus">https://kraus.wienbibliothek.at/register/institutionen/pmb36247</idno>
                  <idno type="URL" subtype="wikidata">http://www.wikidata.org/entity/Q308720</idno>
                  <idno type="URL" subtype="wikipedia">https://de.wikipedia.org/wiki/Burgtheater</idno>
                  <idno type="URL" subtype="schnitzler-interviews">https://schnitzler-interviews.acdh.oeaw.ac.at/pmb36247.html</idno>
               </affiliation>
               <listEvent>
                  <event key="88011" when-iso="1894-10-22">
                     <desc n="1256">ist Arbeitskraft bei</desc>
                     <label>Aufführung von Minna von Barnhelm, 22.10.1894</label>
                     <idno type="URL" subtype="pmb">https://pmb.acdh.oeaw.ac.at/entity/88011/</idno>
                  </event>
                  <event key="48866" when-iso="1895-09-18">
                     <desc n="1256">ist Arbeitskraft bei</desc>
                     <label>Leseprobe von Liebelei, 18.9.1895</label>
                     <idno type="URL" subtype="pmb">https://pmb.acdh.oeaw.ac.at/entity/48866/</idno>
                  </event>
                  <event key="42439" when-iso="1895-11-11">
                     <desc n="1256">ist Arbeitskraft bei</desc>
                     <label>Uraufführung von Das Glück im Winkel, 11.11.1895</label>
                     <idno type="URL" subtype="pmb">https://pmb.acdh.oeaw.ac.at/entity/42439/</idno>
                  </event>
                  <event key="35479" when-iso="1899-03-01">
                     <desc n="1256">ist Arbeitskraft bei</desc>
                     <label>Uraufführung von Der grüne Kakadu – Paracelsus – Die Gefährtin. Drei
                           Einakter, 1.3.1899</label>
                     <idno type="URL" subtype="pmb">https://pmb.acdh.oeaw.ac.at/entity/35479/</idno>
                  </event>
                  <event key="45154" when-iso="1899-03-18">
                     <desc n="1256">ist Arbeitskraft bei</desc>
                     <label>Wiener Uraufführung Der Abenteurer und die Sängerin und Die Hochzeit
                           der Sobeide, 18.3.1899</label>
                     <idno type="URL" subtype="pmb">https://pmb.acdh.oeaw.ac.at/entity/45154/</idno>
                  </event>
                  <event key="141446" when-iso="1899-12-01">
                     <desc n="1256">ist Arbeitskraft bei</desc>
                     <label>Aufführung Prinz Friedrich von Homburg, 1.12.1899</label>
                     <idno type="URL" subtype="pmb">https://pmb.acdh.oeaw.ac.at/entity/141446/</idno>
                  </event>
                  <event key="53252" when-iso="1904-06-09">
                     <desc n="1256">ist Arbeitskraft bei</desc>
                     <label>Aufführung von Vater und Sohn, 9.6.1904</label>
                     <idno type="URL" subtype="pmb">https://pmb.acdh.oeaw.ac.at/entity/53252/</idno>
                  </event>
               </listEvent>
               <listBibl>
                  <bibl type="collections" n="5">legalkraus</bibl>
                  <bibl type="collections" n="12">Fackel</bibl>
                  <bibl type="collections" n="16">Bahr Textverzeichnis</bibl>
               </listBibl>
               <note type="references"> </note>
               <figure>
                  <graphic url="https://commons.wikimedia.org/w/index.php?title=Special:Redirect/file/Adolf%20von%20Sonnenthal.jpg"/>
               </figure>
            </person>
            <person xml:id="pmb12265">
               <persName>
                  <forename>Friedrich</forename>
                  <surname>Mitterwurzer</surname>
               </persName>
               <persName type="legacy-name-merge">Mitterwurzer, Friedrich</persName>
               <birth>
                  <date when-iso="1844-10-16">16.10.1844</date>
                  <settlement key="866">
                     <placeName type="pref">Dresden</placeName>
                     <location>
                        <geo>51,0833 13,7666</geo>
                     </location>
                  </settlement>
               </birth>
               <death>
                  <date when-iso="1897-02-13">13.02.1897</date>
                  <settlement key="50">
                     <placeName type="pref">Wien</placeName>
                     <location>
                        <geo>48,2066 16,37341</geo>
                     </location>
                  </settlement>
               </death>
               <sex value="male"/>
               <occupation key="105">Schauspieler/Schauspielerin</occupation>
               <idno type="URL" subtype="gnd">https://d-nb.info/gnd/117064858</idno>
               <idno type="URL" subtype="schnitzler-tagebuch">https://schnitzler-tagebuch.acdh.oeaw.ac.at/person_18190.html</idno>
               <idno type="URL" subtype="schnitzler-bahr">https://schnitzler-bahr.acdh.oeaw.ac.at/pmb12265.html</idno>
               <idno type="URL" subtype="pmb">https://pmb.acdh.oeaw.ac.at/entity/12265/</idno>
               <idno type="URL" subtype="schnitzler-briefe">https://schnitzler-briefe.acdh.oeaw.ac.at/pmb12265.html</idno>
               <idno type="URL" subtype="bahr-textverzeichnis">https://bahr-textverzeichnis.acdh.oeaw.ac.at/pmb12265.html</idno>
               <idno type="URL" subtype="fackel">https://fackel.oeaw.ac.at/?p=fackelp43852</idno>
               <idno type="URL" subtype="dritte-walpurgisnacht">https://kraus1933.ace.oeaw.ac.at/Gesamt.xml?template=register_personen.html&amp;letter=M#DWpers0167</idno>
               <idno type="URL" subtype="wikidata">http://www.wikidata.org/entity/Q90165</idno>
               <idno type="URL" subtype="wikipedia">https://de.wikipedia.org/wiki/Friedrich_Mitterwurzer</idno>
               <idno type="URL" subtype="oebl">https://doi.org/10.1553/0x00283074</idno>
               <idno type="URL" subtype="schnitzler-kino">https://schnitzler-kino.acdh.oeaw.ac.at/pmb12265.html</idno>
               <idno type="URL" subtype="pmb">https://pmb.acdh.oeaw.ac.at/entity/161355/</idno>
               <idno type="URL" subtype="bahr-tsn">https://bahr-textverzeichnis.acdh.oeaw.ac.at/TSN-listperson.html#pmb12265</idno>
               <idno type="URL" subtype="schnitzler-interviews">https://schnitzler-interviews.acdh.oeaw.ac.at/pmb12265.html</idno>
               <listEvent>
                  <event key="94350" when-iso="1885-11-23">
                     <desc n="1256">ist Arbeitskraft bei</desc>
                     <label>Uraufführung von Tabarin, 23.11.1885</label>
                     <idno type="URL" subtype="pmb">https://pmb.acdh.oeaw.ac.at/entity/94350/</idno>
                  </event>
                  <event key="63085" when-iso="1889-05-04">
                     <desc n="1256">ist Arbeitskraft bei</desc>
                     <label>Premiere von Der Schierling, Uraufführung von Im Bunde der Dritte,
                           Der Flüchtling, 4.5.1889</label>
                     <idno type="URL" subtype="pmb">https://pmb.acdh.oeaw.ac.at/entity/63085/</idno>
                  </event>
                  <event key="142819" when-iso="1892-05-21">
                     <desc n="1256">ist Arbeitskraft bei</desc>
                     <label>Aufführung von Thermidor, 21.5.1892</label>
                     <idno type="URL" subtype="pmb">https://pmb.acdh.oeaw.ac.at/entity/142819/</idno>
                  </event>
                  <event key="94354" when-iso="1895-05-02">
                     <desc n="1256">ist Arbeitskraft bei</desc>
                     <label>Premiere von Tabarin und Verbotene Früchte, 2.5.1895</label>
                     <idno type="URL" subtype="pmb">https://pmb.acdh.oeaw.ac.at/entity/94354/</idno>
                  </event>
                  <event key="94377" when-iso="1895-05-07">
                     <desc n="1256">ist Arbeitskraft bei</desc>
                     <label>Aufführung von Tabarin, Die Wespe, 7.5.1895</label>
                     <idno type="URL" subtype="pmb">https://pmb.acdh.oeaw.ac.at/entity/94377/</idno>
                  </event>
                  <event key="35203" when-iso="1895-10-09">
                     <desc n="1256">ist Arbeitskraft bei</desc>
                     <label>Uraufführung von Liebelei, Premiere von Rechte der Seele,
                           9.10.1895</label>
                     <idno type="URL" subtype="pmb">https://pmb.acdh.oeaw.ac.at/entity/35203/</idno>
                  </event>
                  <event key="42426" when-iso="1895-10-10">
                     <desc n="1256">ist Arbeitskraft bei</desc>
                     <label>2. Aufführung von Liebelei, 10.10.1895</label>
                     <idno type="URL" subtype="pmb">https://pmb.acdh.oeaw.ac.at/entity/42426/</idno>
                  </event>
                  <event key="42439" when-iso="1895-11-11">
                     <desc n="1256">ist Arbeitskraft bei</desc>
                     <label>Uraufführung von Das Glück im Winkel, 11.11.1895</label>
                     <idno type="URL" subtype="pmb">https://pmb.acdh.oeaw.ac.at/entity/42439/</idno>
                  </event>
                  <event key="144876" when-iso="1896-02-03">
                     <desc n="1256">ist Arbeitskraft bei</desc>
                     <label>Matinee, 3.2.1896</label>
                     <idno type="URL" subtype="pmb">https://pmb.acdh.oeaw.ac.at/entity/144876/</idno>
                  </event>
               </listEvent>
               <listBibl>
                  <bibl type="collections" n="10">Karl Kraus 1933: Dritte Walpurgisnacht</bibl>
                  <bibl type="collections" n="12">Fackel</bibl>
                  <bibl type="collections" n="15">Schnitzler-Kino</bibl>
                  <bibl type="collections" n="16">Bahr Textverzeichnis</bibl>
               </listBibl>
               <figure>
                  <graphic url="https://commons.wikimedia.org/w/index.php?title=Special:Redirect/file/Friedrich%20Mitterwurzer%20by%20Alois%20Reissacher.jpg"/>
               </figure>
            </person>
            <person xml:id="pmb7528">
               <persName>
                  <forename>Ferdinand</forename>
                  <surname>Gregori</surname>
               </persName>
               <birth>
                  <date when-iso="1870-04-13">13.04.1870</date>
                  <settlement key="864">
                     <placeName type="pref">Leipzig</placeName>
                     <location>
                        <geo>51,33962 12,37129</geo>
                     </location>
                  </settlement>
               </birth>
               <death>
                  <date when-iso="1928-12-12">12.12.1928</date>
                  <settlement key="168">
                     <placeName type="pref">Berlin</placeName>
                     <location>
                        <geo>52,52437 13,41053</geo>
                     </location>
                  </settlement>
               </death>
               <sex value="male"/>
               <occupation key="90">Schriftsteller/Schriftstellerin</occupation>
               <occupation key="103">Theaterleiter/Theaterleiterin</occupation>
               <occupation key="105">Schauspieler/Schauspielerin</occupation>
               <idno type="URL" subtype="gnd">https://d-nb.info/gnd/116829931</idno>
               <idno type="URL" subtype="schnitzler-tagebuch">https://schnitzler-tagebuch.acdh.oeaw.ac.at/person_15640.html</idno>
               <idno type="URL" subtype="pmb">https://pmb.acdh.oeaw.ac.at/entity/7528/</idno>
               <idno type="URL" subtype="fackel">https://fackel.oeaw.ac.at/?p=fackelp43207</idno>
               <idno type="URL" subtype="oebl">https://doi.org/10.1553/0x002818b0</idno>
               <idno type="URL" subtype="wikidata">http://www.wikidata.org/entity/Q120895</idno>
               <idno type="URL" subtype="wikipedia">https://de.wikipedia.org/wiki/Ferdinand_Gregori</idno>
               <idno type="URL" subtype="schnitzler-interviews">https://schnitzler-interviews.acdh.oeaw.ac.at/pmb7528.html</idno>
               <idno type="URL" subtype="bahr-textverzeichnis">https://bahr-textverzeichnis.acdh.oeaw.ac.at/pmb7528.html</idno>
               <listEvent>
                  <event key="45077" when-iso="1905-01-25">
                     <desc n="1256">ist Arbeitskraft bei</desc>
                     <label>Aufführung von Des Knaben Wunderhorn (Mahler), 25.1.1905</label>
                     <idno type="URL" subtype="pmb">https://pmb.acdh.oeaw.ac.at/entity/45077/</idno>
                  </event>
               </listEvent>
               <listBibl>
                  <bibl type="collections" n="11">ÖBL nach 1850 geboren</bibl>
                  <bibl type="collections" n="12">Fackel</bibl>
               </listBibl>
            </person>
         </listPerson>
      </back>
   </text>
</TEI>
