<?xml version="1.0" encoding="UTF-8"?>
<TEI xmlns="http://www.tei-c.org/ns/1.0"
     xmlns:tei="http://www.tei-c.org/ns/1.0"
     xml:id="pmb122897.xml"
     prev="pmb122899"
     next="pmb39481">
   <teiHeader>
      <fileDesc>
         <titleStmt>
            <title level="s">Hermann Bahr – Textverzeichnis</title>
            <title level="a">Theater und Kunst. Burgtheater</title>
            <title type="iso-date">1902-05-06</title>
            <respStmt>
               <resp>providing the content</resp>
               <name>Martin Anton Müller</name>
            </respStmt>
            <respStmt>
               <resp>converted to XML encoding</resp>
               <name>Martin Anton Müller</name>
            </respStmt>
         </titleStmt>
         <publicationStmt>
            <publisher>Austrian Centre for Digital Humanities and Cultural
                                    Heritage (ACDH-CH)</publisher>
            <date>2024-03-19+01:00</date>
            <idno type="URI">https://id.acdh.oeaw.ac.at/bahr-textverzeichnis/pmb122897.xml</idno>
         </publicationStmt>
         <sourceDesc>
            <p>Bibliografische Angaben eines in Druck erschienen Texts von
                                    Bahr</p>
         </sourceDesc>
      </fileDesc>
   </teiHeader>
   <text>
      <body>
         <div type="bibliografische-angabe">
            <biblStruct xml:id="pmb122897"
                        type="Journal-Article"
                        subtype="Nachtkritik"
                        status="checked"
                        prev="pmb122899"
                        next="pmb39481">
               <analytic>
                  <author ref="pmb10815">H. B.</author>
                  <title level="a" ref="pmb122897">Theater und Kunst. Burgtheater</title>
               </analytic>
               <monogr>
                  <title level="j" ref="pmb41552">Österreichische Volks-Zeitung</title>
                  <imprint>
                     <biblScope unit="jg">48</biblScope>
                     <biblScope unit="issue">124</biblScope>
                     <biblScope unit="page">4 (2 Kreuzer–Ausgabe: 8)</biblScope>
                     <date when="1902-05-06">6.5.1902</date>
                  </imprint>
               </monogr>
               <note type="review-of">
                  <bibl>
                     <title level="m">Le verre d’eau (Das Glas Wasser)</title>
                     <author>Eugène Scribe</author>
                  </bibl>
               </note>
               <note type="incipit">Auch als Königin Anna im »Glas Wasser« war Fräulein Kögl wieder
                  sehr nett.</note>
               <ref type="personenindex">
                  <listRef>
                     <ptr type="pmb" target="pmb154115"/>
                  </listRef>
               </ref>
               <noteGrp type="keywords">
                  <note type="Journal-Article">Artikel in einem Periodikum</note>
                  <note subtype="Nachtkritik">Nachtkritik</note>
               </noteGrp>
               <note type="bibliographical-statement">H. B.: Theater und Kunst. Burgtheater. In:
                  Österreichische Volks-Zeitung, Jg. 48, Nr. 124, 6.5.1902, S. 4 (2 Kreuzer–Ausgabe:
                  8).</note>
            </biblStruct>
         </div>
      </body>
      <back>
         <listPerson>
            <person xml:id="pmb154115">
               <persName>
                  <forename>Cornelia</forename>
                  <surname>Kögl</surname>
               </persName>
               <sex value="not-set"/>
               <occupation key="105">Schauspieler/Schauspielerin</occupation>
               <idno type="URL" subtype="pmb">https://pmb.acdh.oeaw.ac.at/entity/154115/</idno>
               <idno type="URL" subtype="bahr-textverzeichnis">https://bahr-textverzeichnis.acdh.oeaw.ac.at/pmb154115.html</idno>
               <listBibl>
                  <bibl type="collections" n="16">Bahr Textverzeichnis</bibl>
               </listBibl>
            </person>
         </listPerson>
      </back>
   </text>
</TEI>
