<?xml version="1.0" encoding="UTF-8"?>
<TEI xmlns="http://www.tei-c.org/ns/1.0"
     xmlns:tei="http://www.tei-c.org/ns/1.0"
     xml:id="pmb122603.xml"
     prev="pmb131843"
     next="pmb131765">
   <teiHeader>
      <fileDesc>
         <titleStmt>
            <title level="s">Hermann Bahr – Textverzeichnis</title>
            <title level="a">Theater, Kunst und Literatur. Intimes
                     Theater</title>
            <title type="iso-date">1906-02-04</title>
            <respStmt>
               <resp>providing the content</resp>
               <name>Martin Anton Müller</name>
            </respStmt>
            <respStmt>
               <resp>converted to XML encoding</resp>
               <name>Martin Anton Müller</name>
            </respStmt>
         </titleStmt>
         <publicationStmt>
            <publisher>Austrian Centre for Digital Humanities and Cultural
                                    Heritage (ACDH-CH)</publisher>
            <date>2024-03-19+01:00</date>
            <idno type="URI">https://id.acdh.oeaw.ac.at/bahr-textverzeichnis/pmb122603.xml</idno>
         </publicationStmt>
         <sourceDesc>
            <p>Bibliografische Angaben eines in Druck erschienen Texts von
                                    Bahr</p>
         </sourceDesc>
      </fileDesc>
   </teiHeader>
   <text>
      <body>
         <div type="bibliografische-angabe">
            <biblStruct xml:id="pmb122603"
                        type="Journal-Article"
                        subtype="Nachtkritik"
                        status="checked"
                        prev="pmb131843"
                        next="pmb131765">
               <analytic>
                  <author ref="pmb10815">H. B.</author>
                  <title level="a" ref="pmb122603">Theater, Kunst und Literatur. Intimes
                     Theater</title>
               </analytic>
               <monogr>
                  <title level="j" ref="pmb41321">Neues Wiener Tagblatt</title>
                  <imprint>
                     <biblScope unit="jg">40</biblScope>
                     <biblScope unit="issue">34</biblScope>
                     <biblScope unit="page">12</biblScope>
                     <date when="1906-02-04">4.2.1906</date>
                  </imprint>
               </monogr>
               <note type="review-of">
                  <bibl>
                     <title level="m">Die natürliche Tochter</title>
                     <author>Johann Wolfgang Goethe</author>
                  </bibl>
               </note>
               <note type="monographies">
                  <bibl>
                     <author>Hermann Bahr</author>
                     <title level="m" ref="HB-tv_3383">Kritiken</title>
                     <note>Herausgeber Heinz Kindermann</note>
                     <pubPlace>Wien</pubPlace>
                     <publisher>Bauer</publisher>
                     <date type="year">1963</date>
                     <biblScope unit="page">297–298</biblScope>
                  </bibl>
               </note>
               <note type="incipit">»Die natürliche Tochter« von der ich ja schon neulich
                  ausführlicher sprechen durfte, hat gestern in einer keineswegs vollendeten</note>
               <ref type="personenindex">
                  <listRef>
                     <ptr type="pmb" target="pmb11461"/>
                     <ptr type="pmb" target="pmb12877"/>
                     <ptr type="pmb" target="pmb2891"/>
                     <ptr type="pmb" target="pmb12664"/>
                     <ptr type="pmb" target="pmb2357"/>
                     <ptr type="pmb" target="pmb13107"/>
                     <ptr type="pmb" target="pmb12156"/>
                     <ptr type="pmb" target="pmb12201"/>
                     <ptr type="pmb" target="pmb9730"/>
                     <ptr type="pmb" target="pmb12886"/>
                     <ptr type="pmb" target="pmb23452"/>
                     <ptr type="pmb" target="pmb2888"/>
                     <ptr type="pmb" target="pmb2556"/>
                     <ptr type="pmb" target="pmb10986"/>
                     <ptr type="pmb" target="pmb11617"/>
                     <ptr type="pmb" target="pmb11798"/>
                     <ptr type="pmb" target="pmb153981"/>
                  </listRef>
               </ref>
               <ref type="URL">https://anno.onb.ac.at/cgi-content/anno?aid=nwg&amp;datum=19060204&amp;seite=12</ref>
               <noteGrp type="keywords">
                  <note type="Journal-Article">Artikel in einem Periodikum</note>
                  <note subtype="Nachtkritik">Nachtkritik</note>
               </noteGrp>
               <note type="bibliographical-statement">H. B.: Theater, Kunst und Literatur. Intimes
                  Theater. In: Neues Wiener Tagblatt, Jg. 40, Nr. 34, 4.2.1906, S. 12.</note>
               <ref type="abdrucke">
                  <listRef>
                     <ptr type="textref" target="pmb131561"/>
                  </listRef>
               </ref>
            </biblStruct>
         </div>
      </body>
      <back>
         <listPerson>
            <person xml:id="pmb11461">
               <persName>
                  <forename>Johann Wolfgang von</forename>
                  <surname>Goethe</surname>
               </persName>
               <persName type="legacy-name-merge">Goethe, Johann Wolfgang von</persName>
               <birth>
                  <date when-iso="1749-08-28">1749-08-28</date>
                  <settlement key="146">
                     <placeName type="pref">Frankfurt am Main</placeName>
                     <location>
                        <geo>50,11552 8,68417</geo>
                     </location>
                  </settlement>
               </birth>
               <death>
                  <date when-iso="1832-03-22">1832-03-22</date>
                  <settlement key="197">
                     <placeName type="pref">Weimar</placeName>
                     <location>
                        <geo>50,97361 11,33806</geo>
                     </location>
                  </settlement>
               </death>
               <sex value="male"/>
               <occupation key="90">Schriftsteller/Schriftstellerin</occupation>
               <idno type="URL" subtype="gnd">https://d-nb.info/gnd/118540238</idno>
               <idno type="URL" subtype="schnitzler-tagebuch">https://schnitzler-tagebuch.acdh.oeaw.ac.at/person_15499.html</idno>
               <idno type="URL" subtype="bahr-textverzeichnis">https://bahr-textverzeichnis.acdh.oeaw.ac.at/pmb11461.html</idno>
               <idno type="URL" subtype="schnitzler-bahr">https://schnitzler-bahr.acdh.oeaw.ac.at/pmb11461.html</idno>
               <idno type="URL" subtype="pmb">https://pmb.acdh.oeaw.ac.at/entity/11461/</idno>
               <idno type="URL" subtype="schnitzler-briefe">https://schnitzler-briefe.acdh.oeaw.ac.at/pmb11461.html</idno>
               <idno type="URL" subtype="schnitzler-lektueren">https://schnitzler-lektueren.acdh.oeaw.ac.at/pmb11461.html</idno>
               <idno type="URL" subtype="legalkraus">https://kraus.wienbibliothek.at/register/personen/pmb11461</idno>
               <idno type="URL" subtype="fackel">https://fackel.oeaw.ac.at/?p=fackelp46960</idno>
               <idno type="URL" subtype="dritte-walpurgisnacht">https://kraus1933.ace.oeaw.ac.at/Gesamt.xml?template=register_personen.html&amp;letter=G#DWpers0080</idno>
               <idno type="URL" subtype="wikidata">http://www.wikidata.org/entity/Q5879</idno>
               <idno type="URL" subtype="wikipedia">https://de.wikipedia.org/wiki/Johann_Wolfgang_von_Goethe</idno>
               <idno type="URL" subtype="thun-korrespondenz">https://thun-korrespondenz.acdh.oeaw.ac.at/goethe-johann-wolfgang.html</idno>
               <idno type="URL" subtype="freud">https://freud.acdh-dev.oeaw.ac.at/frd_person_24.html</idno>
               <idno type="URL" subtype="schnitzler-kino">https://schnitzler-kino.acdh.oeaw.ac.at/pmb11461.html</idno>
               <idno type="URL" subtype="schnitzler-interviews">https://schnitzler-interviews.acdh.oeaw.ac.at/pmb11461.html</idno>
               <idno type="URL" subtype="pmb">https://pmb.acdh.oeaw.ac.at/entity/160235/</idno>
               <idno type="URL" subtype="bahr-tsn">https://bahr-textverzeichnis.acdh.oeaw.ac.at/TSN-listperson.html#pmb11461</idno>
               <idno type="URL" subtype="hanslick-online">https://hanslick.acdh.oeaw.ac.at/hsl_person_id_100.html</idno>
               <idno type="URL" subtype="auden-musulin-papers">https://amp.acdh.oeaw.ac.at/amp_person_11.html</idno>
               <listBibl>
                  <bibl type="collections" n="5">legalkraus</bibl>
                  <bibl type="collections" n="10">Karl Kraus 1933: Dritte Walpurgisnacht</bibl>
                  <bibl type="collections" n="12">Fackel</bibl>
                  <bibl type="collections" n="16">Bahr Textverzeichnis</bibl>
               </listBibl>
               <figure>
                  <graphic url="https://commons.wikimedia.org/w/index.php?title=Special:Redirect/file/Goethe%20%28Stieler%201828%29.jpg"/>
               </figure>
            </person>
            <person xml:id="pmb12877">
               <persName>
                  <forename>August</forename>
                  <surname>Strindberg</surname>
               </persName>
               <persName type="legacy-name-merge">Strindberg, August</persName>
               <birth>
                  <date when-iso="1849-01-22">22.01.1849</date>
                  <settlement key="1119">
                     <placeName type="pref">Stockholm</placeName>
                     <location>
                        <geo>59,325 18,05</geo>
                     </location>
                  </settlement>
               </birth>
               <death>
                  <date when-iso="1912-05-14">14.05.1912</date>
                  <settlement key="1119">
                     <placeName type="pref">Stockholm</placeName>
                     <location>
                        <geo>59,325 18,05</geo>
                     </location>
                  </settlement>
               </death>
               <sex value="male"/>
               <occupation key="90">Schriftsteller/Schriftstellerin</occupation>
               <idno type="URL" subtype="gnd">https://d-nb.info/gnd/118619314</idno>
               <idno type="URL" subtype="schnitzler-tagebuch">https://schnitzler-tagebuch.acdh.oeaw.ac.at/person_20530.html</idno>
               <idno type="URL" subtype="schnitzler-bahr">https://schnitzler-bahr.acdh.oeaw.ac.at/pmb12877.html</idno>
               <idno type="URL" subtype="pmb">https://pmb.acdh.oeaw.ac.at/entity/12877/</idno>
               <idno type="URL" subtype="schnitzler-briefe">https://schnitzler-briefe.acdh.oeaw.ac.at/pmb12877.html</idno>
               <idno type="URL" subtype="schnitzler-lektueren">https://schnitzler-lektueren.acdh.oeaw.ac.at/pmb12877.html</idno>
               <idno type="URL" subtype="legalkraus">https://kraus.wienbibliothek.at/register/personen/pmb12877</idno>
               <idno type="URL" subtype="bahr-textverzeichnis">https://bahr-textverzeichnis.acdh.oeaw.ac.at/pmb12877.html</idno>
               <idno type="URL" subtype="fackel">https://fackel.oeaw.ac.at/?p=fackelp38582</idno>
               <idno type="URL" subtype="wikidata">http://www.wikidata.org/entity/Q7724</idno>
               <idno type="URL" subtype="wikipedia">https://de.wikipedia.org/wiki/August_Strindberg</idno>
               <idno type="URL" subtype="schnitzler-kino">https://schnitzler-kino.acdh.oeaw.ac.at/pmb12877.html</idno>
               <idno type="URL" subtype="schnitzler-interviews">https://schnitzler-interviews.acdh.oeaw.ac.at/pmb12877.html</idno>
               <idno type="URL" subtype="pmb">https://pmb.acdh.oeaw.ac.at/entity/162436/</idno>
               <idno type="URL" subtype="bahr-tsn">https://bahr-textverzeichnis.acdh.oeaw.ac.at/TSN-listperson.html#pmb12877</idno>
               <listBibl>
                  <bibl type="collections" n="5">legalkraus</bibl>
                  <bibl type="collections" n="12">Fackel</bibl>
                  <bibl type="collections" n="16">Bahr Textverzeichnis</bibl>
               </listBibl>
               <note type="references"> </note>
               <figure>
                  <graphic url="https://commons.wikimedia.org/w/index.php?title=Special:Redirect/file/August%20Strindberg.jpg"/>
               </figure>
            </person>
            <person xml:id="pmb2891">
               <persName>
                  <forename>Stanisław</forename>
                  <surname>Przybyszewski</surname>
               </persName>
               <persName type="legacy-name-merge">Przybyszewski, Stanisław</persName>
               <persName type="legacy-name-merge">Przybyszewski, Stanislaw</persName>
               <birth>
                  <date when-iso="1868-05-07">1868-05-07</date>
                  <settlement key="48146">
                     <placeName type="pref">Łojewo</placeName>
                     <location>
                        <geo>52,73628 18,30981</geo>
                     </location>
                  </settlement>
               </birth>
               <death>
                  <date when-iso="1927-11-23">1927-11-23</date>
                  <settlement key="2894">
                     <placeName type="pref">Jaronty</placeName>
                     <location>
                        <geo>52,7675 18,335278</geo>
                     </location>
                  </settlement>
                  <settlement key="2894">
                     <placeName type="pref">Jaronty</placeName>
                     <location>
                        <geo>52,7675 18,335278</geo>
                     </location>
                  </settlement>
               </death>
               <sex value="male"/>
               <occupation key="90">Schriftsteller/Schriftstellerin</occupation>
               <occupation key="99">Journalist/Journalistin</occupation>
               <idno type="URL" subtype="gnd">https://d-nb.info/gnd/118742108</idno>
               <idno type="URL" subtype="schnitzler-bahr">https://schnitzler-bahr.acdh.oeaw.ac.at/pmb2891.html</idno>
               <idno type="URL" subtype="pmb">https://pmb.acdh.oeaw.ac.at/entity/2891/</idno>
               <idno type="URL" subtype="pmb">https://pmb.acdh.oeaw.ac.at/entity/22902/</idno>
               <idno type="URL" subtype="schnitzler-lektueren">https://schnitzler-lektueren.acdh.oeaw.ac.at/pmb2891.html</idno>
               <idno type="URL" subtype="oebl">https://doi.org/10.1553/0x00283ae2</idno>
               <idno type="URL" subtype="fackel">https://fackel.oeaw.ac.at/?p=fackelp53555</idno>
               <idno type="URL" subtype="wikidata">http://www.wikidata.org/entity/Q921405</idno>
               <idno type="URL" subtype="wikipedia">https://de.wikipedia.org/wiki/Stanis%C5%82aw_Przybyszewski</idno>
               <idno type="URL" subtype="pmb">https://pmb.acdh.oeaw.ac.at/entity/161761/</idno>
               <idno type="URL" subtype="bahr-textverzeichnis">https://bahr-textverzeichnis.acdh.oeaw.ac.at/pmb22902.html</idno>
               <idno type="URL" subtype="schnitzler-tagebuch">https://schnitzler-tagebuch.acdh.oeaw.ac.at/person_18984.html</idno>
               <idno type="URL" subtype="bahr-tsn">https://bahr-textverzeichnis.acdh.oeaw.ac.at/TSN-listperson.html#pmb161761</idno>
               <idno type="URL" subtype="hanslick-online">https://hanslick.acdh.oeaw.ac.at/hsl_person_id_3812.html</idno>
               <listBibl>
                  <bibl type="collections" n="11">ÖBL nach 1850 geboren</bibl>
                  <bibl type="collections" n="12">Fackel</bibl>
                  <bibl type="collections" n="16">Bahr Textverzeichnis</bibl>
               </listBibl>
               <note type="references"> </note>
               <figure>
                  <graphic url="https://commons.wikimedia.org/w/index.php?title=Special:Redirect/file/Stanis%C5%82aw%20Przybyszewski.PNG"/>
               </figure>
            </person>
            <person xml:id="pmb12664">
               <persName>
                  <forename>Johannes</forename>
                  <surname>Schlaf</surname>
               </persName>
               <persName type="legacy-name-merge">Schlaf, Johannes</persName>
               <birth>
                  <date when-iso="1862-06-21">21.06.1862</date>
                  <settlement key="47961">
                     <placeName type="pref">Querfurt</placeName>
                     <location>
                        <geo>51,38124 11,60047</geo>
                     </location>
                  </settlement>
               </birth>
               <death>
                  <date when-iso="1941-02-02">02.02.1941</date>
                  <settlement key="47961">
                     <placeName type="pref">Querfurt</placeName>
                     <location>
                        <geo>51,38124 11,60047</geo>
                     </location>
                  </settlement>
               </death>
               <sex value="male"/>
               <occupation key="90">Schriftsteller/Schriftstellerin</occupation>
               <idno type="URL" subtype="gnd">https://d-nb.info/gnd/118607871</idno>
               <idno type="URL" subtype="schnitzler-tagebuch">https://schnitzler-tagebuch.acdh.oeaw.ac.at/person_19711.html</idno>
               <idno type="URL" subtype="schnitzler-bahr">https://schnitzler-bahr.acdh.oeaw.ac.at/pmb12664.html</idno>
               <idno type="URL" subtype="pmb">https://pmb.acdh.oeaw.ac.at/entity/12664/</idno>
               <idno type="URL" subtype="schnitzler-briefe">https://schnitzler-briefe.acdh.oeaw.ac.at/pmb12664.html</idno>
               <idno type="URL" subtype="bahr-textverzeichnis">https://bahr-textverzeichnis.acdh.oeaw.ac.at/pmb12664.html</idno>
               <idno type="URL" subtype="fackel">https://fackel.oeaw.ac.at/?p=fackelp46983</idno>
               <idno type="URL" subtype="wikidata">http://www.wikidata.org/entity/Q70842</idno>
               <idno type="URL" subtype="wikipedia">https://de.wikipedia.org/wiki/Johannes_Schlaf</idno>
               <idno type="URL" subtype="schnitzler-interviews">https://schnitzler-interviews.acdh.oeaw.ac.at/pmb12664.html</idno>
               <idno type="URL" subtype="pmb">https://pmb.acdh.oeaw.ac.at/entity/162094/</idno>
               <idno type="URL" subtype="bahr-tsn">https://bahr-textverzeichnis.acdh.oeaw.ac.at/TSN-listperson.html#pmb12664</idno>
               <listBibl>
                  <bibl type="collections" n="12">Fackel</bibl>
                  <bibl type="collections" n="16">Bahr Textverzeichnis</bibl>
               </listBibl>
               <figure>
                  <graphic url="https://commons.wikimedia.org/w/index.php?title=Special:Redirect/file/Johannes%20Schlaf%2C%20portrait.jpg"/>
               </figure>
            </person>
            <person xml:id="pmb2357">
               <persName>
                  <forename>Peter</forename>
                  <surname>Nansen</surname>
               </persName>
               <birth>
                  <date when-iso="1861-01-20">20.01.1861</date>
                  <settlement key="36300">
                     <placeName type="pref">Kopenhagen</placeName>
                     <location>
                        <geo>55,67594 12,56553</geo>
                     </location>
                  </settlement>
               </birth>
               <death>
                  <date when-iso="1918-07-31">31.07.1918</date>
                  <settlement key="53802">
                     <placeName type="pref">Mariager</placeName>
                     <location>
                        <geo>56,64985 9,97515</geo>
                     </location>
                  </settlement>
               </death>
               <sex value="male"/>
               <occupation key="90">Schriftsteller/Schriftstellerin</occupation>
               <occupation key="99">Journalist/Journalistin</occupation>
               <occupation key="144">Verleger/Verlegerin</occupation>
               <idno type="URL" subtype="gnd">https://d-nb.info/gnd/116882670</idno>
               <idno type="URL" subtype="schnitzler-bahr">https://schnitzler-bahr.acdh.oeaw.ac.at/pmb2357.html</idno>
               <idno type="URL" subtype="pmb">https://pmb.acdh.oeaw.ac.at/entity/2357/</idno>
               <idno type="URL" subtype="schnitzler-briefe">https://schnitzler-briefe.acdh.oeaw.ac.at/pmb2357.html</idno>
               <idno type="URL" subtype="schnitzler-lektueren">https://schnitzler-lektueren.acdh.oeaw.ac.at/pmb2357.html</idno>
               <idno type="URL" subtype="fackel">https://fackel.oeaw.ac.at/?p=fackelp51398</idno>
               <idno type="URL" subtype="wikidata">http://www.wikidata.org/entity/Q4349086</idno>
               <idno type="URL" subtype="wikipedia">https://de.wikipedia.org/wiki/Peter_Nansen</idno>
               <idno type="URL" subtype="schnitzler-interviews">https://schnitzler-interviews.acdh.oeaw.ac.at/pmb2357.html</idno>
               <idno type="URL" subtype="bahr-textverzeichnis">https://bahr-textverzeichnis.acdh.oeaw.ac.at/pmb2357.html</idno>
               <idno type="URL" subtype="schnitzler-tagebuch">https://schnitzler-tagebuch.acdh.oeaw.ac.at/person_18355.html</idno>
               <listBibl>
                  <bibl type="collections" n="12">Fackel</bibl>
               </listBibl>
               <figure>
                  <graphic url="https://commons.wikimedia.org/w/index.php?title=Special:Redirect/file/Peter%20Nansen%201861-1918.jpg"/>
               </figure>
            </person>
            <person xml:id="pmb13107">
               <persName>
                  <forename>Gustav</forename>
                  <surname>Wied</surname>
               </persName>
               <persName type="legacy-name-merge">Wied, Gustav</persName>
               <birth>
                  <date when-iso="1858-03-06">06.03.1858</date>
                  <settlement key="57939">
                     <placeName type="pref">Branderslev</placeName>
                     <location>
                        <geo>54,86115 11,11359</geo>
                     </location>
                  </settlement>
               </birth>
               <death>
                  <date when-iso="1914-10-24">24.10.1914</date>
                  <settlement key="57941">
                     <placeName type="pref">Roskilde</placeName>
                     <location>
                        <geo>55,64152 12,08035</geo>
                     </location>
                  </settlement>
               </death>
               <sex value="male"/>
               <occupation key="90">Schriftsteller/Schriftstellerin</occupation>
               <idno type="URL" subtype="gnd">https://d-nb.info/gnd/11900965X</idno>
               <idno type="URL" subtype="schnitzler-tagebuch">https://schnitzler-tagebuch.acdh.oeaw.ac.at/person_21295.html</idno>
               <idno type="URL" subtype="schnitzler-bahr">https://schnitzler-bahr.acdh.oeaw.ac.at/pmb13107.html</idno>
               <idno type="URL" subtype="pmb">https://pmb.acdh.oeaw.ac.at/entity/13107/</idno>
               <idno type="URL" subtype="schnitzler-briefe">https://schnitzler-briefe.acdh.oeaw.ac.at/pmb13107.html</idno>
               <idno type="URL" subtype="wikidata">http://www.wikidata.org/entity/Q1556531</idno>
               <idno type="URL" subtype="wikipedia">https://de.wikipedia.org/wiki/Gustav_Wied</idno>
               <idno type="URL" subtype="schnitzler-interviews">https://schnitzler-interviews.acdh.oeaw.ac.at/pmb13107.html</idno>
               <idno type="URL" subtype="bahr-textverzeichnis">https://bahr-textverzeichnis.acdh.oeaw.ac.at/pmb13107.html</idno>
               <idno type="URL" subtype="pmb">https://pmb.acdh.oeaw.ac.at/entity/162805/</idno>
               <idno type="URL" subtype="bahr-tsn">https://bahr-textverzeichnis.acdh.oeaw.ac.at/TSN-listperson.html#pmb13107</idno>
               <listBibl>
                  <bibl type="collections" n="16">Bahr Textverzeichnis</bibl>
               </listBibl>
               <note type="references"> </note>
               <figure>
                  <graphic url="https://commons.wikimedia.org/w/index.php?title=Special:Redirect/file/Gustav%20Wied.jpg"/>
               </figure>
            </person>
            <person xml:id="pmb12156">
               <persName>
                  <forename>Maurice</forename>
                  <surname>Maeterlinck</surname>
               </persName>
               <persName type="legacy-name-merge">Maeterlinck, Maurice</persName>
               <birth>
                  <date when-iso="1862-08-29">29.08.1862</date>
                  <settlement key="58674">
                     <placeName type="pref">Ghent</placeName>
                     <location>
                        <geo>51,05 3,71667</geo>
                     </location>
                  </settlement>
               </birth>
               <death>
                  <date when-iso="1949-05-06">06.05.1949</date>
                  <settlement key="926">
                     <placeName type="pref">Nizza</placeName>
                     <location>
                        <geo>43,70313 7,26608</geo>
                     </location>
                  </settlement>
               </death>
               <sex value="male"/>
               <occupation key="90">Schriftsteller/Schriftstellerin</occupation>
               <idno type="URL" subtype="gnd">https://d-nb.info/gnd/118576089</idno>
               <idno type="URL" subtype="schnitzler-tagebuch">https://schnitzler-tagebuch.acdh.oeaw.ac.at/person_17779.html</idno>
               <idno type="URL" subtype="schnitzler-bahr">https://schnitzler-bahr.acdh.oeaw.ac.at/pmb12156.html</idno>
               <idno type="URL" subtype="pmb">https://pmb.acdh.oeaw.ac.at/entity/12156/</idno>
               <idno type="URL" subtype="schnitzler-briefe">https://schnitzler-briefe.acdh.oeaw.ac.at/pmb12156.html</idno>
               <idno type="URL" subtype="schnitzler-lektueren">https://schnitzler-lektueren.acdh.oeaw.ac.at/pmb12156.html</idno>
               <idno type="URL" subtype="bahr-textverzeichnis">https://bahr-textverzeichnis.acdh.oeaw.ac.at/pmb12156.html</idno>
               <idno type="URL" subtype="fackel">https://fackel.oeaw.ac.at/?p=fackelp49517</idno>
               <idno type="URL" subtype="wikidata">http://www.wikidata.org/entity/Q49747</idno>
               <idno type="URL" subtype="wikipedia">https://de.wikipedia.org/wiki/Maurice_Maeterlinck</idno>
               <idno type="URL" subtype="schnitzler-interviews">https://schnitzler-interviews.acdh.oeaw.ac.at/pmb12156.html</idno>
               <idno type="URL" subtype="pmb">https://pmb.acdh.oeaw.ac.at/entity/161163/</idno>
               <idno type="URL" subtype="bahr-tsn">https://bahr-textverzeichnis.acdh.oeaw.ac.at/TSN-listperson.html#pmb12156</idno>
               <listBibl>
                  <bibl type="collections" n="12">Fackel</bibl>
                  <bibl type="collections" n="16">Bahr Textverzeichnis</bibl>
               </listBibl>
               <note type="references"> </note>
               <figure>
                  <graphic url="https://commons.wikimedia.org/w/index.php?title=Special:Redirect/file/Picture%20of%20Maurice%20Maeterlinck.jpg"/>
               </figure>
            </person>
            <person xml:id="pmb12201">
               <persName>
                  <forename>Guy de</forename>
                  <surname>Maupassant</surname>
               </persName>
               <persName type="legacy-name-merge">Maupassant, Guy de</persName>
               <birth>
                  <date when-iso="1850-08-05">05.08.1850</date>
                  <settlement key="39903">
                     <placeName type="pref">Tourville-sur-Arques</placeName>
                     <location>
                        <geo>49,85926 1,10238</geo>
                     </location>
                  </settlement>
               </birth>
               <death>
                  <date when-iso="1893-07-07">07.07.1893</date>
                  <settlement key="182">
                     <placeName type="pref">Paris</placeName>
                     <location>
                        <geo>48,85341 2,3488</geo>
                     </location>
                  </settlement>
               </death>
               <sex value="male"/>
               <occupation key="90">Schriftsteller/Schriftstellerin</occupation>
               <idno type="URL" subtype="gnd">https://d-nb.info/gnd/118579207</idno>
               <idno type="URL" subtype="schnitzler-tagebuch">https://schnitzler-tagebuch.acdh.oeaw.ac.at/person_17985.html</idno>
               <idno type="URL" subtype="schnitzler-bahr">https://schnitzler-bahr.acdh.oeaw.ac.at/pmb12201.html</idno>
               <idno type="URL" subtype="pmb">https://pmb.acdh.oeaw.ac.at/entity/12201/</idno>
               <idno type="URL" subtype="schnitzler-briefe">https://schnitzler-briefe.acdh.oeaw.ac.at/pmb12201.html</idno>
               <idno type="URL" subtype="schnitzler-lektueren">https://schnitzler-lektueren.acdh.oeaw.ac.at/pmb12201.html</idno>
               <idno type="URL" subtype="fackel">https://fackel.oeaw.ac.at/?p=fackelp49884</idno>
               <idno type="URL" subtype="wikidata">http://www.wikidata.org/entity/Q9327</idno>
               <idno type="URL" subtype="wikipedia">https://de.wikipedia.org/wiki/Guy_de_Maupassant</idno>
               <idno type="URL" subtype="pmb">https://pmb.acdh.oeaw.ac.at/entity/161242/</idno>
               <idno type="URL" subtype="bahr-tsn">https://bahr-textverzeichnis.acdh.oeaw.ac.at/TSN-listperson.html#pmb12201</idno>
               <idno type="URL" subtype="bahr-textverzeichnis">https://bahr-textverzeichnis.acdh.oeaw.ac.at/pmb12201.html</idno>
               <idno type="URL" subtype="hanslick-online">https://hanslick.acdh.oeaw.ac.at/hsl_person_id_3618.html</idno>
               <idno type="URL" subtype="schnitzler-interviews">https://schnitzler-interviews.acdh.oeaw.ac.at/pmb12201.html</idno>
               <listBibl>
                  <bibl type="collections" n="12">Fackel</bibl>
                  <bibl type="collections" n="16">Bahr Textverzeichnis</bibl>
               </listBibl>
               <figure>
                  <graphic url="https://commons.wikimedia.org/w/index.php?title=Special:Redirect/file/Maupassant%20par%20Nadar.jpg"/>
               </figure>
            </person>
            <person xml:id="pmb9730">
               <persName>
                  <forename>Wilhelm</forename>
                  <surname>Schmidtbonn</surname>
               </persName>
               <persName type="person_geburtsname_nachname">Schmidt</persName>
               <birth>
                  <date when-iso="1876-02-06">06.02.1876</date>
                  <settlement key="913">
                     <placeName type="pref">Bonn</placeName>
                     <location>
                        <geo>50,73438 7,09549</geo>
                     </location>
                  </settlement>
               </birth>
               <death>
                  <date when-iso="1952-07-03">03.07.1952</date>
                  <settlement key="61093">
                     <placeName type="pref">Bad Godesberg</placeName>
                     <location>
                        <geo>50,68457 7,15393</geo>
                     </location>
                  </settlement>
               </death>
               <sex value="male"/>
               <occupation key="90">Schriftsteller/Schriftstellerin</occupation>
               <idno type="URL" subtype="gnd">https://d-nb.info/gnd/118609009</idno>
               <idno type="URL" subtype="schnitzler-tagebuch">https://schnitzler-tagebuch.acdh.oeaw.ac.at/person_19773.html</idno>
               <idno type="URL" subtype="pmb">https://pmb.acdh.oeaw.ac.at/entity/9730/</idno>
               <idno type="URL" subtype="wikidata">http://www.wikidata.org/entity/Q2574912</idno>
               <idno type="URL" subtype="wikipedia">https://de.wikipedia.org/wiki/Wilhelm_Schmidtbonn</idno>
               <idno type="URL" subtype="bahr-textverzeichnis">https://bahr-textverzeichnis.acdh.oeaw.ac.at/pmb9730.html</idno>
               <idno type="URL" subtype="schnitzler-interviews">https://schnitzler-interviews.acdh.oeaw.ac.at/pmb9730.html</idno>
            </person>
            <person xml:id="pmb12886">
               <persName>
                  <forename>Eduard</forename>
                  <surname>Stucken</surname>
               </persName>
               <birth>
                  <date when-iso="1865-03-18">18.03.1865</date>
                  <settlement key="869">
                     <placeName type="pref">Moskau</placeName>
                     <location>
                        <geo>55,76167 37,60667</geo>
                     </location>
                  </settlement>
               </birth>
               <death>
                  <date when-iso="1936-03-09">09.03.1936</date>
                  <settlement key="168">
                     <placeName type="pref">Berlin</placeName>
                     <location>
                        <geo>52,52437 13,41053</geo>
                     </location>
                  </settlement>
               </death>
               <sex value="male"/>
               <occupation key="90">Schriftsteller/Schriftstellerin</occupation>
               <idno type="URL" subtype="schnitzler-tagebuch">https://schnitzler-tagebuch.acdh.oeaw.ac.at/person_20552.html</idno>
               <idno type="URL" subtype="gnd">https://d-nb.info/gnd/11861956X</idno>
               <idno type="URL" subtype="schnitzler-bahr">https://schnitzler-bahr.acdh.oeaw.ac.at/pmb12886.html</idno>
               <idno type="URL" subtype="pmb">https://pmb.acdh.oeaw.ac.at/entity/12886/</idno>
               <idno type="URL" subtype="schnitzler-briefe">https://schnitzler-briefe.acdh.oeaw.ac.at/pmb12886.html</idno>
               <idno type="URL" subtype="schnitzler-lektueren">https://schnitzler-lektueren.acdh.oeaw.ac.at/pmb12886.html</idno>
               <idno type="URL" subtype="wikidata">http://www.wikidata.org/entity/Q99798</idno>
               <idno type="URL" subtype="wikipedia">https://de.wikipedia.org/wiki/Eduard_Stucken</idno>
               <idno type="URL" subtype="bahr-textverzeichnis">https://bahr-textverzeichnis.acdh.oeaw.ac.at/pmb12886.html</idno>
               <figure>
                  <graphic url="https://commons.wikimedia.org/w/index.php?title=Special:Redirect/file/AkademieBerlin1929.jpg"/>
               </figure>
            </person>
            <person xml:id="pmb23452">
               <persName>
                  <forename>Thaddäus</forename>
                  <surname>Rittner</surname>
               </persName>
               <birth>
                  <date when-iso="1873-05-31">31.05.1873</date>
                  <settlement key="46224">
                     <placeName type="pref">Lviv</placeName>
                     <location>
                        <geo>49,83826 24,02324</geo>
                     </location>
                  </settlement>
               </birth>
               <death>
                  <date when-iso="1921-06-19">19.06.1921</date>
                  <settlement key="521">
                     <placeName type="pref">Bad Gastein</placeName>
                     <location>
                        <geo>47,11547 13,13467</geo>
                     </location>
                  </settlement>
               </death>
               <sex value="male"/>
               <occupation key="90">Schriftsteller/Schriftstellerin</occupation>
               <idno type="URL" subtype="schnitzler-tagebuch">https://schnitzler-tagebuch.acdh.oeaw.ac.at/person_19290.html</idno>
               <idno type="URL" subtype="schnitzler-bahr">https://schnitzler-bahr.acdh.oeaw.ac.at/pmb23452.html</idno>
               <idno type="URL" subtype="pmb">https://pmb.acdh.oeaw.ac.at/entity/23452/</idno>
               <idno type="URL" subtype="gnd">https://d-nb.info/gnd/118745492</idno>
               <idno type="URL" subtype="schnitzler-lektueren">https://schnitzler-lektueren.acdh.oeaw.ac.at/pmb23452.html</idno>
               <idno type="URL" subtype="fackel">https://fackel.oeaw.ac.at/?p=fackelp53903</idno>
               <idno type="URL" subtype="oebl">https://doi.org/10.1553/0x0028425c</idno>
               <idno type="URL" subtype="wikidata">http://www.wikidata.org/entity/Q7674518</idno>
               <idno type="URL" subtype="wikipedia">https://de.wikipedia.org/wiki/Thadd%C3%A4us_Rittner</idno>
               <idno type="URL" subtype="bahr-textverzeichnis">https://bahr-textverzeichnis.acdh.oeaw.ac.at/pmb23452.html</idno>
               <listBibl>
                  <bibl type="collections" n="11">ÖBL nach 1850 geboren</bibl>
                  <bibl type="collections" n="12">Fackel</bibl>
               </listBibl>
            </person>
            <person xml:id="pmb2888">
               <persName>
                  <forename>Paul</forename>
                  <surname>Wertheimer</surname>
               </persName>
               <persName type="legacy-name-merge">Wertheimer, Paul</persName>
               <birth>
                  <date when-iso="1874-02-04">04.02.1874</date>
                  <settlement key="50">
                     <placeName type="pref">Wien</placeName>
                     <location>
                        <geo>48,2066 16,37341</geo>
                     </location>
                  </settlement>
               </birth>
               <death>
                  <date when-iso="1937-03-10">10.03.1937</date>
                  <settlement key="50">
                     <placeName type="pref">Wien</placeName>
                     <location>
                        <geo>48,2066 16,37341</geo>
                     </location>
                  </settlement>
               </death>
               <sex value="male"/>
               <occupation key="90">Schriftsteller/Schriftstellerin</occupation>
               <occupation key="99">Journalist/Journalistin</occupation>
               <occupation key="106">Rechtsanwalt/Rechtsanwältin</occupation>
               <idno type="URL" subtype="gnd">https://d-nb.info/gnd/117306355</idno>
               <idno type="URL" subtype="schnitzler-tagebuch">https://schnitzler-tagebuch.acdh.oeaw.ac.at/person_21264.html</idno>
               <idno type="URL" subtype="schnitzler-bahr">https://schnitzler-bahr.acdh.oeaw.ac.at/pmb2888.html</idno>
               <idno type="URL" subtype="pmb">https://pmb.acdh.oeaw.ac.at/entity/2888/</idno>
               <idno type="URL" subtype="schnitzler-lektueren">https://schnitzler-lektueren.acdh.oeaw.ac.at/pmb2888.html</idno>
               <idno type="URL" subtype="fackel">https://fackel.oeaw.ac.at/?p=fackelp51267</idno>
               <idno type="URL" subtype="oebl">https://doi.org/10.1553/0x003afd50</idno>
               <idno type="URL" subtype="wikidata">http://www.wikidata.org/entity/Q49017329</idno>
               <idno type="URL" subtype="wikipedia">https://de.wikipedia.org/wiki/Paul_Wertheimer</idno>
               <idno type="URL" subtype="pmb">https://pmb.acdh.oeaw.ac.at/entity/162788/</idno>
               <idno type="URL" subtype="bahr-textverzeichnis">https://bahr-textverzeichnis.acdh.oeaw.ac.at/pmb2888.html</idno>
               <idno type="URL" subtype="bahr-tsn">https://bahr-textverzeichnis.acdh.oeaw.ac.at/TSN-listperson.html#pmb2888</idno>
               <idno type="URL" subtype="schnitzler-interviews">https://schnitzler-interviews.acdh.oeaw.ac.at/pmb2888.html</idno>
               <affiliation>
                  <term key="1153">in Bezug zu</term>
                  <orgName key="46027">Akademisches Gymnasium Wien</orgName>
                  <idno type="URL" subtype="pmb">https://pmb.acdh.oeaw.ac.at/entity/46027/</idno>
                  <idno type="URL" subtype="gnd">https://d-nb.info/gnd/4409610-0</idno>
                  <idno type="URL" subtype="pmb">https://pmb.acdh.oeaw.ac.at/entity/93750/</idno>
               </affiliation>
               <listBibl>
                  <bibl type="collections" n="11">ÖBL nach 1850 geboren</bibl>
                  <bibl type="collections" n="12">Fackel</bibl>
                  <bibl type="collections" n="16">Bahr Textverzeichnis</bibl>
               </listBibl>
               <note type="references">None </note>
            </person>
            <person xml:id="pmb2556">
               <persName>
                  <forename>Ida</forename>
                  <surname>Orloff</surname>
               </persName>
               <persName type="person_geburtsname_nachname">Weissbeck</persName>
               <persName type="legacy-name-merge">Orloff, Ida</persName>
               <persName type="person_rufname">Iduschka</persName>
               <persName type="namensvariante">Siegler, Edler von Eberswald</persName>
               <persName type="legacy-name-merge">Orloff, Ida</persName>
               <birth>
                  <date when-iso="1889-02-16">16.2.1889</date>
                  <settlement key="433">
                     <placeName type="pref">Sankt Petersburg</placeName>
                     <location>
                        <geo>59,93863 30,31413</geo>
                     </location>
                  </settlement>
               </birth>
               <death>
                  <date when-iso="1945-04-09">9.4.1945</date>
                  <settlement key="54771">
                     <placeName type="pref">Tullnerbach</placeName>
                     <location>
                        <geo>48,19155 16,10888</geo>
                     </location>
                  </settlement>
               </death>
               <sex value="female"/>
               <occupation key="105">Schauspieler/Schauspielerin</occupation>
               <idno type="URL" subtype="gnd">https://d-nb.info/gnd/119363771</idno>
               <idno type="URL" subtype="schnitzler-bahr">https://schnitzler-bahr.acdh.oeaw.ac.at/pmb2556.html</idno>
               <idno type="URL" subtype="pmb">https://pmb.acdh.oeaw.ac.at/entity/2556/</idno>
               <idno type="URL" subtype="schnitzler-tagebuch">https://schnitzler-tagebuch.acdh.oeaw.ac.at/person_18577.html</idno>
               <idno type="URL" subtype="fackel">https://fackel.oeaw.ac.at/?p=fackelp46417</idno>
               <idno type="URL" subtype="oebl">https://doi.org/10.1553/0x00284a1f</idno>
               <idno type="URL" subtype="wikidata">http://www.wikidata.org/entity/Q546436</idno>
               <idno type="URL" subtype="wikipedia">https://de.wikipedia.org/wiki/Ida_Orloff</idno>
               <idno type="URL" subtype="pmb">https://pmb.acdh.oeaw.ac.at/entity/161549/</idno>
               <idno type="URL" subtype="bahr-textverzeichnis">https://bahr-textverzeichnis.acdh.oeaw.ac.at/pmb2556.html</idno>
               <idno type="URL" subtype="bahr-tsn">https://bahr-textverzeichnis.acdh.oeaw.ac.at/TSN-listperson.html#pmb2556</idno>
               <listEvent>
                  <event key="42714" when-iso="1905-05-29">
                     <desc n="1256">ist Arbeitskraft bei</desc>
                     <label>Geschlossene Aufführung Die Büchse der Pandora, 29.5.1905</label>
                     <idno type="URL" subtype="pmb">https://pmb.acdh.oeaw.ac.at/entity/42714/</idno>
                  </event>
               </listEvent>
               <listBibl>
                  <bibl type="collections" n="11">ÖBL nach 1850 geboren</bibl>
                  <bibl type="collections" n="12">Fackel</bibl>
                  <bibl type="collections" n="16">Bahr Textverzeichnis</bibl>
               </listBibl>
               <note type="references"> </note>
               <figure>
                  <graphic url="https://commons.wikimedia.org/w/index.php?title=Special:Redirect/file/I005469.jpg"/>
               </figure>
            </person>
            <person xml:id="pmb10986">
               <persName>
                  <forename>Otto</forename>
                  <surname>Brahm</surname>
               </persName>
               <persName type="person_geburtsname_nachname">Abrahamson</persName>
               <persName type="legacy-name-merge">Brahm, Otto</persName>
               <birth>
                  <date when-iso="1856-02-05">05.02.1856</date>
                  <settlement key="506">
                     <placeName type="pref">Hamburg</placeName>
                     <location>
                        <geo>53,57532 10,01534</geo>
                     </location>
                  </settlement>
               </birth>
               <death>
                  <date when-iso="1912-11-28">28.11.1912</date>
                  <settlement key="168">
                     <placeName type="pref">Berlin</placeName>
                     <location>
                        <geo>52,52437 13,41053</geo>
                     </location>
                  </settlement>
               </death>
               <sex value="male"/>
               <occupation key="103">Theaterleiter/Theaterleiterin</occupation>
               <occupation key="104">Regisseur/Regisseurin</occupation>
               <idno type="URL" subtype="gnd">https://d-nb.info/gnd/118514245</idno>
               <idno type="URL" subtype="schnitzler-tagebuch">https://schnitzler-tagebuch.acdh.oeaw.ac.at/person_13913.html</idno>
               <idno type="URL" subtype="schnitzler-bahr">https://schnitzler-bahr.acdh.oeaw.ac.at/pmb10986.html</idno>
               <idno type="URL" subtype="pmb">https://pmb.acdh.oeaw.ac.at/entity/10986/</idno>
               <idno type="URL" subtype="schnitzler-briefe">https://schnitzler-briefe.acdh.oeaw.ac.at/pmb10986.html</idno>
               <idno type="URL" subtype="schnitzler-lektueren">https://schnitzler-lektueren.acdh.oeaw.ac.at/pmb10986.html</idno>
               <idno type="URL" subtype="legalkraus">https://kraus.wienbibliothek.at/register/personen/pmb10986</idno>
               <idno type="URL" subtype="bahr-textverzeichnis">https://bahr-textverzeichnis.acdh.oeaw.ac.at/pmb10986.html</idno>
               <idno type="URL" subtype="fackel">https://fackel.oeaw.ac.at/?p=fackelp50936</idno>
               <idno type="URL" subtype="wikidata">http://www.wikidata.org/entity/Q71903</idno>
               <idno type="URL" subtype="wikipedia">https://de.wikipedia.org/wiki/Otto_Brahm</idno>
               <idno type="URL" subtype="schnitzler-interviews">https://schnitzler-interviews.acdh.oeaw.ac.at/pmb10986.html</idno>
               <idno type="URL" subtype="pmb">https://pmb.acdh.oeaw.ac.at/entity/159461/</idno>
               <idno type="URL" subtype="bahr-tsn">https://bahr-textverzeichnis.acdh.oeaw.ac.at/TSN-listperson.html#pmb10986</idno>
               <affiliation when-iso="1889-04-05">
                  <term key="1182">arbeitet für</term>
                  <orgName key="29561">Freie Bühne</orgName>
                  <idno type="URL" subtype="pmb">https://pmb.acdh.oeaw.ac.at/entity/29561/</idno>
                  <idno type="URL" subtype="schnitzler-briefe">https://schnitzler-briefe.acdh.oeaw.ac.at/pmb29561.html</idno>
                  <idno type="URL" subtype="wikidata">http://www.wikidata.org/entity/Q1453924</idno>
                  <idno type="URL" subtype="wikipedia">https://de.wikipedia.org/wiki/Freie_B%C3%BChne_Berlin</idno>
               </affiliation>
               <affiliation notBefore-iso="1894-01-01"
                            when-iso="1894-01-01"
                            notAfter-iso="1894-12-31">
                  <term key="1182">arbeitet für</term>
                  <orgName key="35597">Deutsches Theater Berlin</orgName>
                  <idno type="URL" subtype="wikidata">http://www.wikidata.org/entity/Q703955</idno>
                  <idno type="URL" subtype="gnd">https://d-nb.info/gnd/4058252-8</idno>
                  <idno type="URL" subtype="pmb">https://pmb.acdh.oeaw.ac.at/entity/35597/</idno>
                  <idno type="URL" subtype="schnitzler-briefe">https://schnitzler-briefe.acdh.oeaw.ac.at/pmb35597.html</idno>
                  <idno type="URL" subtype="legalkraus">https://kraus.wienbibliothek.at/register/institutionen/pmb35597</idno>
                  <idno type="URL" subtype="wikipedia">https://de.wikipedia.org/wiki/Deutsches_Theater_Berlin</idno>
                  <idno type="URL" subtype="schnitzler-interviews">https://schnitzler-interviews.acdh.oeaw.ac.at/pmb35597.html</idno>
               </affiliation>
               <affiliation when-iso="1904-07-01">
                  <term key="1182">arbeitet für</term>
                  <orgName key="35053">Lessing-Theater</orgName>
                  <idno type="URL" subtype="pmb">https://pmb.acdh.oeaw.ac.at/entity/35053/</idno>
                  <idno type="URL" subtype="schnitzler-briefe">https://schnitzler-briefe.acdh.oeaw.ac.at/pmb35053.html</idno>
                  <idno type="URL" subtype="legalkraus">https://kraus.wienbibliothek.at/register/institutionen/pmb35053</idno>
                  <idno type="URL" subtype="schnitzler-interviews">https://schnitzler-interviews.acdh.oeaw.ac.at/pmb35053.html</idno>
                  <idno type="URL" subtype="wikidata">http://www.wikidata.org/entity/Q261757</idno>
                  <idno type="URL" subtype="wikipedia">https://de.wikipedia.org/wiki/Lessingtheater_(Berlin)</idno>
               </affiliation>
               <listEvent>
                  <event key="43326" when-iso="1896-01-31">
                     <desc n="1256">ist Arbeitskraft bei</desc>
                     <label>Probe Liebelei, 31.1.1896</label>
                     <idno type="URL" subtype="pmb">https://pmb.acdh.oeaw.ac.at/entity/43326/</idno>
                  </event>
                  <event key="35206" when-iso="1896-02-04">
                     <desc n="1370">teilgenommen an</desc>
                     <label>Premiere von Liebelei und Der zerbrochene Krug, 4.2.1896</label>
                     <idno type="URL" subtype="pmb">https://pmb.acdh.oeaw.ac.at/entity/35206/</idno>
                  </event>
                  <event key="41414" when-iso="1896-05-23">
                     <desc n="1370">teilgenommen an</desc>
                     <label>Premiere von Der Zerrissene, 23.5.1896</label>
                     <idno type="URL" subtype="pmb">https://pmb.acdh.oeaw.ac.at/entity/41414/</idno>
                  </event>
                  <event key="43387" when-iso="1896-10-17">
                     <desc n="1370">teilgenommen an</desc>
                     <label>Premiere von Die Mütter, 17.10.1896</label>
                     <idno type="URL" subtype="pmb">https://pmb.acdh.oeaw.ac.at/entity/43387/</idno>
                  </event>
                  <event key="143068" when-iso="1898-10-04">
                     <desc n="1370">teilgenommen an</desc>
                     <label>Aufführung von Cyrano von Bergerac, 4.10.1898</label>
                     <idno type="URL" subtype="pmb">https://pmb.acdh.oeaw.ac.at/entity/143068/</idno>
                  </event>
                  <event key="35382" when-iso="1898-10-08">
                     <desc n="1370">teilgenommen an</desc>
                     <label>Uraufführung von Das Vermächtnis, 8.10.1898</label>
                     <idno type="URL" subtype="pmb">https://pmb.acdh.oeaw.ac.at/entity/35382/</idno>
                  </event>
                  <event key="35479" when-iso="1899-03-01">
                     <desc n="1370">teilgenommen an</desc>
                     <label>Uraufführung von Der grüne Kakadu – Paracelsus – Die Gefährtin. Drei
                           Einakter, 1.3.1899</label>
                     <idno type="URL" subtype="pmb">https://pmb.acdh.oeaw.ac.at/entity/35479/</idno>
                  </event>
                  <event key="43926" when-iso="1899-03-18">
                     <desc n="1256">ist Arbeitskraft bei</desc>
                     <label>Berliner Uraufführung Der Abenteurer und die Sängerin und Die
                           Hochzeit der Sobeide, 18.3.1899</label>
                     <idno type="URL" subtype="pmb">https://pmb.acdh.oeaw.ac.at/entity/43926/</idno>
                  </event>
                  <event key="35482" when-iso="1899-04-29">
                     <desc n="1256">ist Arbeitskraft bei</desc>
                     <label>Premiere von Der grüne Kakadu – Paracelsus – Die Gefährtin. Drei
                           Einakter, 29.4.1899</label>
                     <idno type="URL" subtype="pmb">https://pmb.acdh.oeaw.ac.at/entity/35482/</idno>
                  </event>
                  <event key="141501" when-iso="1899-10-07">
                     <desc n="1370">teilgenommen an</desc>
                     <label>Private Lesung von Der Schleier der Beatrice, 7. 10. 1899</label>
                     <idno type="URL" subtype="pmb">https://pmb.acdh.oeaw.ac.at/entity/141501/</idno>
                  </event>
                  <event key="35149" when-iso="1901-11-08">
                     <desc n="1370">teilgenommen an</desc>
                     <label>Uraufführung von Der Apostel, 8.11.1901</label>
                     <idno type="URL" subtype="pmb">https://pmb.acdh.oeaw.ac.at/entity/35149/</idno>
                  </event>
                  <event key="35107" when-iso="1902-05-06">
                     <desc n="1256">ist Arbeitskraft bei</desc>
                     <label>Premiere von Lebendige Stunden, 6.5.1902</label>
                     <idno type="URL" subtype="pmb">https://pmb.acdh.oeaw.ac.at/entity/35107/</idno>
                  </event>
                  <event key="35272" when-iso="1904-02-03">
                     <desc n="1256">ist Arbeitskraft bei</desc>
                     <label>Uraufführung von Der einsame Weg, 13.2.1904</label>
                     <idno type="URL" subtype="pmb">https://pmb.acdh.oeaw.ac.at/entity/35272/</idno>
                  </event>
                  <event key="35176" when-iso="1905-11-25">
                     <desc n="1370">teilgenommen an</desc>
                     <label>Premiere von Zwischenspiel, 25.11.1905</label>
                     <idno type="URL" subtype="pmb">https://pmb.acdh.oeaw.ac.at/entity/35176/</idno>
                  </event>
                  <event key="145637" when-iso="1905-11-26">
                     <desc n="1370">teilgenommen an</desc>
                     <label>Aufführung von Zwischenspiel, 26.11.1905</label>
                     <idno type="URL" subtype="pmb">https://pmb.acdh.oeaw.ac.at/entity/145637/</idno>
                  </event>
                  <event key="35179" when-iso="1906-02-24">
                     <desc n="1256">ist Arbeitskraft bei</desc>
                     <label>Premiere von Der Ruf des Lebens, 24.2.1906</label>
                     <idno type="URL" subtype="pmb">https://pmb.acdh.oeaw.ac.at/entity/35179/</idno>
                  </event>
                  <event key="147446" when-iso="1906-04-19">
                     <desc n="1256">ist Arbeitskraft bei</desc>
                     <label>Aufführung von Der einsame Weg, 19.4.1906</label>
                     <idno type="URL" subtype="pmb">https://pmb.acdh.oeaw.ac.at/entity/147446/</idno>
                  </event>
               </listEvent>
               <listBibl>
                  <bibl type="collections" n="5">legalkraus</bibl>
                  <bibl type="collections" n="12">Fackel</bibl>
                  <bibl type="collections" n="16">Bahr Textverzeichnis</bibl>
               </listBibl>
               <figure>
                  <graphic url="https://commons.wikimedia.org/w/index.php?title=Special:Redirect/file/Otto%20brahm%20critic%201905.jpg"/>
               </figure>
            </person>
            <person xml:id="pmb11617">
               <persName>
                  <forename>Gerhart</forename>
                  <surname>Hauptmann</surname>
               </persName>
               <persName type="legacy-name-merge">Hauptmann, Gerhart</persName>
               <birth>
                  <date when-iso="1862-11-15">15.11.1862</date>
                  <settlement key="64427">
                     <placeName type="pref">Szczawno-Zdrój</placeName>
                     <location>
                        <geo>50,79512 16,22375</geo>
                     </location>
                  </settlement>
               </birth>
               <death>
                  <date when-iso="1946-06-06">06.06.1946</date>
                  <settlement key="735">
                     <placeName type="pref">Agnetendorf</placeName>
                     <location>
                        <geo>50,816944 15,609444</geo>
                     </location>
                  </settlement>
               </death>
               <sex value="male"/>
               <occupation key="90">Schriftsteller/Schriftstellerin</occupation>
               <idno type="URL" subtype="gnd">https://d-nb.info/gnd/118546937</idno>
               <idno type="URL" subtype="schnitzler-bahr">https://schnitzler-bahr.acdh.oeaw.ac.at/pmb11617.html</idno>
               <idno type="URL" subtype="pmb">https://pmb.acdh.oeaw.ac.at/entity/11617/</idno>
               <idno type="URL" subtype="schnitzler-briefe">https://schnitzler-briefe.acdh.oeaw.ac.at/pmb11617.html</idno>
               <idno type="URL" subtype="schnitzler-lektueren">https://schnitzler-lektueren.acdh.oeaw.ac.at/pmb11617.html</idno>
               <idno type="URL" subtype="legalkraus">https://kraus.wienbibliothek.at/register/personen/pmb11617</idno>
               <idno type="URL" subtype="bahr-textverzeichnis">https://bahr-textverzeichnis.acdh.oeaw.ac.at/pmb11617.html</idno>
               <idno type="URL" subtype="fackel">https://fackel.oeaw.ac.at/?p=fackelp44354</idno>
               <idno type="URL" subtype="dritte-walpurgisnacht">https://kraus1933.ace.oeaw.ac.at/Gesamt.xml?template=register_personen.html&amp;letter=H#DWpers0097</idno>
               <idno type="URL" subtype="wikidata">http://www.wikidata.org/entity/Q43523</idno>
               <idno type="URL" subtype="wikipedia">https://de.wikipedia.org/wiki/Gerhart_Hauptmann</idno>
               <idno type="URL" subtype="schnitzler-kino">https://schnitzler-kino.acdh.oeaw.ac.at/pmb11617.html</idno>
               <idno type="URL" subtype="schnitzler-interviews">https://schnitzler-interviews.acdh.oeaw.ac.at/pmb11617.html</idno>
               <idno type="URL" subtype="pmb">https://pmb.acdh.oeaw.ac.at/entity/160417/</idno>
               <idno type="URL" subtype="schnitzler-tagebuch">https://schnitzler-tagebuch.acdh.oeaw.ac.at/person_15980.html</idno>
               <idno type="URL" subtype="bahr-tsn">https://bahr-textverzeichnis.acdh.oeaw.ac.at/TSN-listperson.html#pmb11617</idno>
               <affiliation notBefore-iso="1889-01-01"
                            when-iso="1889-01-01"
                            notAfter-iso="1889-12-31">
                  <term key="1182">arbeitet für</term>
                  <orgName key="29561">Freie Bühne</orgName>
                  <idno type="URL" subtype="pmb">https://pmb.acdh.oeaw.ac.at/entity/29561/</idno>
                  <idno type="URL" subtype="schnitzler-briefe">https://schnitzler-briefe.acdh.oeaw.ac.at/pmb29561.html</idno>
                  <idno type="URL" subtype="wikidata">http://www.wikidata.org/entity/Q1453924</idno>
                  <idno type="URL" subtype="wikipedia">https://de.wikipedia.org/wiki/Freie_B%C3%BChne_Berlin</idno>
               </affiliation>
               <affiliation notBefore-iso="1918-11-01"
                            when-iso="1918-11-01"
                            notAfter-iso="1918-11-30">
                  <term key="1534">unterstützt</term>
                  <orgName key="159040">Demokratischer Volksbund</orgName>
                  <idno type="URL" subtype="pmb">https://pmb.acdh.oeaw.ac.at/entity/159040/</idno>
               </affiliation>
               <listEvent>
                  <event key="92922" when-iso="1894-02-01">
                     <desc n="1370">teilgenommen an</desc>
                     <label>Premiere von L’Assomption de Hannele Mattern, 1.2.1894</label>
                     <idno type="URL" subtype="pmb">https://pmb.acdh.oeaw.ac.at/entity/92922/</idno>
                  </event>
                  <event key="42740" when-iso="1896-10-31">
                     <desc n="1370">teilgenommen an</desc>
                     <label>Generalprobe Freiwild, 31.10.1896</label>
                     <idno type="URL" subtype="pmb">https://pmb.acdh.oeaw.ac.at/entity/42740/</idno>
                  </event>
                  <event key="35176" when-iso="1905-11-25">
                     <desc n="1370">teilgenommen an</desc>
                     <label>Premiere von Zwischenspiel, 25.11.1905</label>
                     <idno type="URL" subtype="pmb">https://pmb.acdh.oeaw.ac.at/entity/35176/</idno>
                  </event>
                  <event key="47517" when-iso="1912-11-17">
                     <desc n="1370">teilgenommen an</desc>
                     <label>Hauptmann-Bankett der Concordia, 17.11.1912</label>
                     <idno type="URL" subtype="pmb">https://pmb.acdh.oeaw.ac.at/entity/47517/</idno>
                  </event>
                  <event key="47534" when-iso="1912-11-17">
                     <desc n="1256">ist Arbeitskraft bei</desc>
                     <label>Lesung von Gerhart Hauptmann, 17.11.1912</label>
                     <idno type="URL" subtype="pmb">https://pmb.acdh.oeaw.ac.at/entity/47534/</idno>
                  </event>
                  <event key="35355" when-iso="1912-11-28">
                     <desc n="1370">teilgenommen an</desc>
                     <label>Uraufführung von Professor Bernhardi, 28.11.1912</label>
                     <idno type="URL" subtype="pmb">https://pmb.acdh.oeaw.ac.at/entity/35355/</idno>
                  </event>
                  <event key="43870" when-iso="1929-12-02">
                     <desc n="1370">teilgenommen an</desc>
                     <label>Generalprobe von Spuk, 2.12.1929</label>
                     <idno type="URL" subtype="pmb">https://pmb.acdh.oeaw.ac.at/entity/43870/</idno>
                  </event>
                  <event key="43865" when-iso="1929-12-03">
                     <desc n="1370">teilgenommen an</desc>
                     <label>Uraufführung von Spuk, 3.12.1929</label>
                     <idno type="URL" subtype="pmb">https://pmb.acdh.oeaw.ac.at/entity/43865/</idno>
                  </event>
               </listEvent>
               <listBibl>
                  <bibl type="collections" n="5">legalkraus</bibl>
                  <bibl type="collections" n="10">Karl Kraus 1933: Dritte Walpurgisnacht</bibl>
                  <bibl type="collections" n="12">Fackel</bibl>
                  <bibl type="collections" n="16">Bahr Textverzeichnis</bibl>
               </listBibl>
               <figure>
                  <graphic url="https://commons.wikimedia.org/w/index.php?title=Special:Redirect/file/Gerhart%20Hauptmann%20nobel.jpg"/>
               </figure>
            </person>
            <person xml:id="pmb11798">
               <persName>
                  <forename>Henrik</forename>
                  <surname>Ibsen</surname>
               </persName>
               <persName type="legacy-name-merge">Ibsen, Henrik</persName>
               <birth>
                  <date when-iso="1828-03-20">20.03.1828</date>
                  <settlement key="61065">
                     <placeName type="pref">Skien</placeName>
                     <location>
                        <geo>59,20962 9,60897</geo>
                     </location>
                  </settlement>
               </birth>
               <death>
                  <date when-iso="1906-05-23">23.05.1906</date>
                  <settlement key="36296">
                     <placeName type="pref">Oslo</placeName>
                     <location>
                        <geo>59,91273 10,74609</geo>
                     </location>
                  </settlement>
               </death>
               <sex value="male"/>
               <occupation key="90">Schriftsteller/Schriftstellerin</occupation>
               <idno type="URL" subtype="gnd">https://d-nb.info/gnd/118555286</idno>
               <idno type="URL" subtype="schnitzler-tagebuch">https://schnitzler-tagebuch.acdh.oeaw.ac.at/person_16432.html</idno>
               <idno type="URL" subtype="schnitzler-bahr">https://schnitzler-bahr.acdh.oeaw.ac.at/pmb11798.html</idno>
               <idno type="URL" subtype="pmb">https://pmb.acdh.oeaw.ac.at/entity/11798/</idno>
               <idno type="URL" subtype="schnitzler-briefe">https://schnitzler-briefe.acdh.oeaw.ac.at/pmb11798.html</idno>
               <idno type="URL" subtype="schnitzler-lektueren">https://schnitzler-lektueren.acdh.oeaw.ac.at/pmb11798.html</idno>
               <idno type="URL" subtype="legalkraus">https://kraus.wienbibliothek.at/register/personen/pmb11798</idno>
               <idno type="URL" subtype="fackel">https://fackel.oeaw.ac.at/?p=fackelp45852</idno>
               <idno type="URL" subtype="wikidata">http://www.wikidata.org/entity/Q36661</idno>
               <idno type="URL" subtype="wikipedia">https://de.wikipedia.org/wiki/Henrik_Ibsen</idno>
               <idno type="URL" subtype="schnitzler-interviews">https://schnitzler-interviews.acdh.oeaw.ac.at/pmb11798.html</idno>
               <idno type="URL" subtype="pmb">https://pmb.acdh.oeaw.ac.at/entity/160626/</idno>
               <idno type="URL" subtype="bahr-tsn">https://bahr-textverzeichnis.acdh.oeaw.ac.at/TSN-listperson.html#pmb11798</idno>
               <idno type="URL" subtype="bahr-textverzeichnis">https://bahr-textverzeichnis.acdh.oeaw.ac.at/pmb11798.html</idno>
               <idno type="URL" subtype="hanslick-online">https://hanslick.acdh.oeaw.ac.at/hsl_person_id_2145.html</idno>
               <listEvent>
                  <event key="61712" when-iso="1891-04-11">
                     <desc n="1370">teilgenommen an</desc>
                     <label>Ibsen-Bankett, 11.4.1891</label>
                     <idno type="URL" subtype="pmb">https://pmb.acdh.oeaw.ac.at/entity/61712/</idno>
                  </event>
                  <event key="89365" when-iso="1891-04-11">
                     <desc n="1370">teilgenommen an</desc>
                     <label>Premiere von Die Kronprätendenten, 11.4.1891</label>
                     <idno type="URL" subtype="pmb">https://pmb.acdh.oeaw.ac.at/entity/89365/</idno>
                  </event>
               </listEvent>
               <listBibl>
                  <bibl type="collections" n="5">legalkraus</bibl>
                  <bibl type="collections" n="12">Fackel</bibl>
                  <bibl type="collections" n="16">Bahr Textverzeichnis</bibl>
               </listBibl>
               <note type="references"> </note>
               <figure>
                  <graphic url="https://commons.wikimedia.org/w/index.php?title=Special:Redirect/file/Ibsen%20by%20Olrik.jpg"/>
               </figure>
            </person>
            <person xml:id="pmb153981">
               <persName>
                  <forename>Toni</forename>
                  <surname>Schwanau</surname>
               </persName>
               <sex value="male"/>
               <occupation key="90">Schriftsteller/Schriftstellerin</occupation>
               <occupation key="105">Schauspieler/Schauspielerin</occupation>
               <idno type="URL" subtype="pmb">https://pmb.acdh.oeaw.ac.at/entity/153981/</idno>
               <idno type="URL" subtype="bahr-textverzeichnis">https://bahr-textverzeichnis.acdh.oeaw.ac.at/pmb153981.html</idno>
               <listBibl>
                  <bibl type="collections" n="16">Bahr Textverzeichnis</bibl>
               </listBibl>
            </person>
         </listPerson>
      </back>
   </text>
</TEI>
