<?xml version="1.0" encoding="UTF-8"?>
<TEI xmlns="http://www.tei-c.org/ns/1.0"
     xmlns:tei="http://www.tei-c.org/ns/1.0"
     xml:id="pmb122683.xml"
     prev="pmb131969"
     next="pmb131977">
   <teiHeader>
      <fileDesc>
         <titleStmt>
            <title level="s">Hermann Bahr – Textverzeichnis</title>
            <title level="a">Theater, Kunst und Literatur. Theater an der
                     Wien</title>
            <title type="iso-date">1905-05-18</title>
            <respStmt>
               <resp>providing the content</resp>
               <name>Martin Anton Müller</name>
            </respStmt>
            <respStmt>
               <resp>converted to XML encoding</resp>
               <name>Martin Anton Müller</name>
            </respStmt>
         </titleStmt>
         <publicationStmt>
            <publisher>Austrian Centre for Digital Humanities and Cultural
                                    Heritage (ACDH-CH)</publisher>
            <date>2024-03-19+01:00</date>
            <idno type="URI">https://id.acdh.oeaw.ac.at/bahr-textverzeichnis/pmb122683.xml</idno>
         </publicationStmt>
         <sourceDesc>
            <p>Bibliografische Angaben eines in Druck erschienen Texts von
                                    Bahr</p>
         </sourceDesc>
      </fileDesc>
   </teiHeader>
   <text>
      <body>
         <div type="bibliografische-angabe">
            <biblStruct xml:id="pmb122683"
                        type="Journal-Article"
                        subtype="Nachtkritik"
                        status="checked"
                        prev="pmb131969"
                        next="pmb131977">
               <analytic>
                  <author ref="pmb10815">H. B.</author>
                  <title level="a" ref="pmb122683">Theater, Kunst und Literatur. Theater an der
                     Wien</title>
               </analytic>
               <monogr>
                  <title level="j" ref="pmb41321">Neues Wiener Tagblatt</title>
                  <imprint>
                     <biblScope unit="jg">39</biblScope>
                     <biblScope unit="issue">136</biblScope>
                     <biblScope unit="page">12–13</biblScope>
                     <date when="1905-05-18">18.5.1905</date>
                  </imprint>
               </monogr>
               <note type="review-of">
                  <bibl>
                     <title level="m">De Nygifte (Die Neuvermählten)</title>
                     <author>Bjørnstjerne Bjørnson</author>
                  </bibl>
               </note>
               <note type="monographies">
                  <bibl type="obsolete">
                     <title level="m" ref="pmb30685">Glossen. Zum Wiener Theater
                        (1903 bis 1906)</title>
                     <biblScope unit="page">287–288</biblScope>
                     <title level="a" ref="pmb131617">Die Neuvermählten</title>
                  </bibl>
               </note>
               <note type="incipit">»Die Neuvermählten« von Björnson, schon einst im Stadttheater
                  mit der Schratt und der Weisse, Glitz und Reuche, später auch im Burgtheater
                  gespielt, wurden gestern von den Berlinern gebracht</note>
               <ref type="personenindex">
                  <listRef>
                     <ptr type="pmb" target="pmb2400"/>
                     <ptr type="pmb" target="pmb11791"/>
                     <ptr type="pmb" target="pmb11198"/>
                     <ptr type="pmb" target="pmb6173"/>
                     <ptr type="pmb" target="pmb12595"/>
                     <ptr type="pmb" target="pmb10438"/>
                     <ptr type="pmb" target="pmb154008"/>
                     <ptr type="pmb" target="pmb148764"/>
                  </listRef>
               </ref>
               <ref type="URL">https://anno.onb.ac.at/cgi-content/anno?aid=nwg&amp;datum=19050518&amp;seite=12</ref>
               <noteGrp type="keywords">
                  <note type="Journal-Article">Artikel in einem Periodikum</note>
                  <note subtype="Nachtkritik">Nachtkritik</note>
               </noteGrp>
               <note type="bibliographical-statement">H. B.: Theater, Kunst und Literatur. Theater
                  an der Wien. In: Neues Wiener Tagblatt, Jg. 39, Nr. 136, 18.5.1905,
                  S. 12–13.</note>
               <ref type="abdrucke">
                  <listRef>
                     <ptr type="textref" target="pmb131617"/>
                  </listRef>
               </ref>
            </biblStruct>
         </div>
      </body>
      <back>
         <listPerson>
            <person xml:id="pmb2400">
               <persName>
                  <forename>Bjørnstjerne</forename>
                  <surname>Bjørnson</surname>
               </persName>
               <persName type="legacy-name-merge">Bjørnson, Bjørnstjerne</persName>
               <persName type="legacy-name-merge">Björnson, Björnstjerne</persName>
               <birth>
                  <date when-iso="1832-12-08">1832-12-08</date>
                  <settlement key="47365">
                     <placeName type="pref">Kvikne</placeName>
                     <location>
                        <geo>62,57895 10,33138</geo>
                     </location>
                  </settlement>
               </birth>
               <death>
                  <date when-iso="1910-04-26">1910-04-26</date>
                  <settlement key="182">
                     <placeName type="pref">Paris</placeName>
                     <location>
                        <geo>48,85341 2,3488</geo>
                     </location>
                  </settlement>
               </death>
               <sex value="male"/>
               <occupation key="90">Schriftsteller/Schriftstellerin</occupation>
               <idno type="URL" subtype="gnd">https://d-nb.info/gnd/118511459</idno>
               <idno type="URL" subtype="schnitzler-tagebuch">https://schnitzler-tagebuch.acdh.oeaw.ac.at/person_13760.html</idno>
               <idno type="URL" subtype="schnitzler-bahr">https://schnitzler-bahr.acdh.oeaw.ac.at/pmb2400.html</idno>
               <idno type="URL" subtype="pmb">https://pmb.acdh.oeaw.ac.at/entity/2400/</idno>
               <idno type="URL" subtype="pmb">https://pmb.acdh.oeaw.ac.at/entity/14261/</idno>
               <idno type="URL" subtype="schnitzler-briefe">https://schnitzler-briefe.acdh.oeaw.ac.at/pmb2400.html</idno>
               <idno type="URL" subtype="schnitzler-lektueren">https://schnitzler-lektueren.acdh.oeaw.ac.at/pmb2400.html</idno>
               <idno type="URL" subtype="bahr-textverzeichnis">https://bahr-textverzeichnis.acdh.oeaw.ac.at/pmb2400.html</idno>
               <idno type="URL" subtype="fackel">https://fackel.oeaw.ac.at/?p=fackelp39277</idno>
               <idno type="URL" subtype="wikidata">http://www.wikidata.org/entity/Q46405</idno>
               <idno type="URL" subtype="wikipedia">https://de.wikipedia.org/wiki/Bj%C3%B8rnstjerne_Bj%C3%B8rnson</idno>
               <idno type="URL" subtype="schnitzler-interviews">https://schnitzler-interviews.acdh.oeaw.ac.at/pmb2400.html</idno>
               <idno type="URL" subtype="pmb">https://pmb.acdh.oeaw.ac.at/entity/159408/</idno>
               <idno type="URL" subtype="bahr-tsn">https://bahr-textverzeichnis.acdh.oeaw.ac.at/TSN-listperson.html#pmb159408</idno>
               <idno type="URL" subtype="hanslick-online">https://hanslick.acdh.oeaw.ac.at/hsl_person_id_2782.html</idno>
               <listBibl>
                  <bibl type="collections" n="12">Fackel</bibl>
                  <bibl type="collections" n="16">Bahr Textverzeichnis</bibl>
               </listBibl>
               <note type="references"> </note>
               <figure>
                  <graphic url="https://commons.wikimedia.org/w/index.php?title=Special:Redirect/file/Bj%C3%B8rnson%20blds%2001655.jpg"/>
               </figure>
            </person>
            <person xml:id="pmb11791">
               <persName>
                  <forename>Lucie</forename>
                  <surname>Höflich</surname>
               </persName>
               <persName type="person_geburtsname_vorname">Helene Lucie</persName>
               <persName type="person_geburtsname_nachname">von Holwede</persName>
               <persName type="legacy-name-merge">Höflich, Lucie</persName>
               <birth>
                  <date when-iso="1883-02-20">20.02.1883</date>
                  <settlement key="890">
                     <placeName type="pref">Hannover</placeName>
                     <location>
                        <geo>52,37052 9,73322</geo>
                     </location>
                  </settlement>
               </birth>
               <death>
                  <date when-iso="1956-10-08">08.10.1956</date>
                  <settlement key="61048">
                     <placeName type="pref">Schmargendorf</placeName>
                     <location>
                        <geo>52,47517 13,29071</geo>
                     </location>
                  </settlement>
               </death>
               <sex value="female"/>
               <occupation key="105">Schauspieler/Schauspielerin</occupation>
               <idno type="URL" subtype="gnd">https://d-nb.info/gnd/118963805</idno>
               <idno type="URL" subtype="schnitzler-tagebuch">https://schnitzler-tagebuch.acdh.oeaw.ac.at/person_16255.html</idno>
               <idno type="URL" subtype="schnitzler-bahr">https://schnitzler-bahr.acdh.oeaw.ac.at/pmb11791.html</idno>
               <idno type="URL" subtype="pmb">https://pmb.acdh.oeaw.ac.at/entity/11791/</idno>
               <idno type="URL" subtype="schnitzler-briefe">https://schnitzler-briefe.acdh.oeaw.ac.at/pmb11791.html</idno>
               <idno type="URL" subtype="fackel">https://fackel.oeaw.ac.at/?p=fackelp46183</idno>
               <idno type="URL" subtype="wikidata">http://www.wikidata.org/entity/Q96788</idno>
               <idno type="URL" subtype="wikipedia">https://de.wikipedia.org/wiki/Lucie_H%C3%B6flich</idno>
               <idno type="URL" subtype="schnitzler-kino">https://schnitzler-kino.acdh.oeaw.ac.at/pmb11791.html</idno>
               <idno type="URL" subtype="schnitzler-interviews">https://schnitzler-interviews.acdh.oeaw.ac.at/pmb11791.html</idno>
               <idno type="URL" subtype="bahr-textverzeichnis">https://bahr-textverzeichnis.acdh.oeaw.ac.at/pmb11791.html</idno>
               <idno type="URL" subtype="pmb">https://pmb.acdh.oeaw.ac.at/entity/160618/</idno>
               <idno type="URL" subtype="bahr-tsn">https://bahr-textverzeichnis.acdh.oeaw.ac.at/TSN-listperson.html#pmb11791</idno>
               <listEvent>
                  <event key="45403" when-iso="1905-06-03">
                     <desc n="1256">ist Arbeitskraft bei</desc>
                     <label>Aufführung von Ein Sommernachtstraum, 3.6.1905</label>
                     <idno type="URL" subtype="pmb">https://pmb.acdh.oeaw.ac.at/entity/45403/</idno>
                  </event>
                  <event key="35170" when-iso="1905-06-05">
                     <desc n="1256">ist Arbeitskraft bei</desc>
                     <label>Premiere von Sanna, 5.6.1906</label>
                     <idno type="URL" subtype="pmb">https://pmb.acdh.oeaw.ac.at/entity/35170/</idno>
                  </event>
                  <event key="147734" when-iso="1907-10-14">
                     <desc n="1256">ist Arbeitskraft bei</desc>
                     <label>Aufführung von Liebelei, 14.10.1907</label>
                     <idno type="URL" subtype="pmb">https://pmb.acdh.oeaw.ac.at/entity/147734/</idno>
                  </event>
                  <event key="59390" when-iso="1924-09-18">
                     <desc n="1256">ist Arbeitskraft bei</desc>
                     <label>Premiere von Der einsame Weg, 18.9.1924</label>
                     <idno type="URL" subtype="pmb">https://pmb.acdh.oeaw.ac.at/entity/59390/</idno>
                  </event>
               </listEvent>
               <listBibl>
                  <bibl type="collections" n="12">Fackel</bibl>
                  <bibl type="collections" n="16">Bahr Textverzeichnis</bibl>
               </listBibl>
               <note type="references"> </note>
               <figure>
                  <graphic url="https://commons.wikimedia.org/w/index.php?title=Special:Redirect/file/Bundesarchiv%20Bild%20183-U0920-507%2C%20Lucie%20H%C3%B6flich.jpg"/>
               </figure>
            </person>
            <person xml:id="pmb11198">
               <persName>
                  <forename>Tilla</forename>
                  <surname>Durieux</surname>
               </persName>
               <persName type="person_geburtsname_nachname">Godefroy</persName>
               <persName type="person_ehename_nachname">Spiro</persName>
               <persName type="person_ehename_nachname">Cassirer</persName>
               <persName type="person_ehename_nachname">Katzenellenbogen</persName>
               <persName type="person_geburtsname_vorname">Ottilie</persName>
               <persName type="legacy-name-merge">Durieux, Tilla</persName>
               <birth>
                  <date when-iso="1880-08-18">18.08.1880</date>
                  <settlement key="50">
                     <placeName type="pref">Wien</placeName>
                     <location>
                        <geo>48,2066 16,37341</geo>
                     </location>
                  </settlement>
               </birth>
               <death>
                  <date when-iso="1971-02-20">20.02.1971</date>
                  <settlement key="168">
                     <placeName type="pref">Berlin</placeName>
                     <location>
                        <geo>52,52437 13,41053</geo>
                     </location>
                  </settlement>
               </death>
               <sex value="female"/>
               <occupation key="105">Schauspieler/Schauspielerin</occupation>
               <idno type="URL" subtype="gnd">https://d-nb.info/gnd/118528262</idno>
               <idno type="URL" subtype="schnitzler-tagebuch">https://schnitzler-tagebuch.acdh.oeaw.ac.at/person_14567.html</idno>
               <idno type="URL" subtype="schnitzler-bahr">https://schnitzler-bahr.acdh.oeaw.ac.at/pmb11198.html</idno>
               <idno type="URL" subtype="pmb">https://pmb.acdh.oeaw.ac.at/entity/11198/</idno>
               <idno type="URL" subtype="schnitzler-briefe">https://schnitzler-briefe.acdh.oeaw.ac.at/pmb11198.html</idno>
               <idno type="URL" subtype="fackel">https://fackel.oeaw.ac.at/?p=fackelp54123</idno>
               <idno type="URL" subtype="wikidata">http://www.wikidata.org/entity/Q78793</idno>
               <idno type="URL" subtype="wikipedia">https://de.wikipedia.org/wiki/Tilla_Durieux</idno>
               <idno type="URL" subtype="schnitzler-kino">https://schnitzler-kino.acdh.oeaw.ac.at/pmb11198.html</idno>
               <idno type="URL" subtype="schnitzler-interviews">https://schnitzler-interviews.acdh.oeaw.ac.at/pmb11198.html</idno>
               <idno type="URL" subtype="pmb">https://pmb.acdh.oeaw.ac.at/entity/159844/</idno>
               <idno type="URL" subtype="bahr-textverzeichnis">https://bahr-textverzeichnis.acdh.oeaw.ac.at/pmb11198.html</idno>
               <idno type="URL" subtype="bahr-tsn">https://bahr-textverzeichnis.acdh.oeaw.ac.at/TSN-listperson.html#pmb11198</idno>
               <listEvent>
                  <event key="45403" when-iso="1905-06-03">
                     <desc n="1256">ist Arbeitskraft bei</desc>
                     <label>Aufführung von Ein Sommernachtstraum, 3.6.1905</label>
                     <idno type="URL" subtype="pmb">https://pmb.acdh.oeaw.ac.at/entity/45403/</idno>
                  </event>
                  <event key="88576" when-iso="1911-11-27">
                     <desc n="1256">ist Arbeitskraft bei</desc>
                     <label>Premiere von Der junge Medardus, 27.11.1911</label>
                     <idno type="URL" subtype="pmb">https://pmb.acdh.oeaw.ac.at/entity/88576/</idno>
                  </event>
               </listEvent>
               <listBibl>
                  <bibl type="collections" n="12">Fackel</bibl>
                  <bibl type="collections" n="16">Bahr Textverzeichnis</bibl>
               </listBibl>
               <note type="references"> </note>
               <figure>
                  <graphic url="https://commons.wikimedia.org/w/index.php?title=Special:Redirect/file/Tilla%20Durieux%201905%20Foto%20Jacob%20Hilsdorf.jpeg"/>
               </figure>
            </person>
            <person xml:id="pmb6173">
               <persName>
                  <forename>Bernhard</forename>
                  <surname>Baumeister</surname>
               </persName>
               <persName type="person_geburtsname_nachname">Baumüller</persName>
               <persName type="legacy-name-merge">Baumeister, Bernhard</persName>
               <persName type="legacy-name-merge">Baumeister, Bernhard</persName>
               <birth>
                  <date when-iso="1827-09-28">28.09.1827</date>
                  <settlement key="44282">
                     <placeName type="pref">Poznan</placeName>
                     <location>
                        <geo>52,40692 16,92993</geo>
                     </location>
                  </settlement>
               </birth>
               <death>
                  <date when-iso="1917-10-25">25.10.1917</date>
                  <settlement key="662">
                     <placeName type="pref">Baden bei Wien</placeName>
                     <location>
                        <geo>48,00543 16,23264</geo>
                     </location>
                  </settlement>
               </death>
               <sex value="male"/>
               <occupation key="105">Schauspieler/Schauspielerin</occupation>
               <idno type="URL" subtype="gnd">https://d-nb.info/gnd/118869272</idno>
               <idno type="URL" subtype="schnitzler-tagebuch">https://schnitzler-tagebuch.acdh.oeaw.ac.at/person_13489.html</idno>
               <idno type="URL" subtype="schnitzler-bahr">https://schnitzler-bahr.acdh.oeaw.ac.at/pmb28476.html</idno>
               <idno type="URL" subtype="pmb">https://pmb.acdh.oeaw.ac.at/entity/6173/</idno>
               <idno type="URL" subtype="pmb">https://pmb.acdh.oeaw.ac.at/entity/28476/</idno>
               <idno type="URL" subtype="schnitzler-briefe">https://schnitzler-briefe.acdh.oeaw.ac.at/pmb6173.html</idno>
               <idno type="URL" subtype="fackel">https://fackel.oeaw.ac.at/?p=fackelp39121</idno>
               <idno type="URL" subtype="wikidata">http://www.wikidata.org/entity/Q111326</idno>
               <idno type="URL" subtype="wikipedia">https://de.wikipedia.org/wiki/Bernhard_Baumeister</idno>
               <idno type="URL" subtype="oebl">https://doi.org/10.1553/0x00280f6d</idno>
               <idno type="URL" subtype="schnitzler-interviews">https://schnitzler-interviews.acdh.oeaw.ac.at/pmb6173.html</idno>
               <idno type="URL" subtype="pmb">https://pmb.acdh.oeaw.ac.at/entity/159277/</idno>
               <idno type="URL" subtype="bahr-textverzeichnis">https://bahr-textverzeichnis.acdh.oeaw.ac.at/pmb6173.html</idno>
               <idno type="URL" subtype="bahr-tsn">https://bahr-textverzeichnis.acdh.oeaw.ac.at/TSN-listperson.html#pmb6173</idno>
               <idno type="URL" subtype="bahr-textverzeichnis">https://bahr-textverzeichnis.acdh.oeaw.ac.at/pmb28476.html</idno>
               <idno type="URL" subtype="hanslick-online">https://hanslick.acdh.oeaw.ac.at/hsl_person_id_1956.html</idno>
               <listEvent>
                  <event key="88011" when-iso="1894-10-22">
                     <desc n="1256">ist Arbeitskraft bei</desc>
                     <label>Aufführung von Minna von Barnhelm, 22.10.1894</label>
                     <idno type="URL" subtype="pmb">https://pmb.acdh.oeaw.ac.at/entity/88011/</idno>
                  </event>
                  <event key="141446" when-iso="1899-12-01">
                     <desc n="1256">ist Arbeitskraft bei</desc>
                     <label>Aufführung Prinz Friedrich von Homburg, 1.12.1899</label>
                     <idno type="URL" subtype="pmb">https://pmb.acdh.oeaw.ac.at/entity/141446/</idno>
                  </event>
               </listEvent>
               <listBibl>
                  <bibl type="collections" n="12">Fackel</bibl>
                  <bibl type="collections" n="16">Bahr Textverzeichnis</bibl>
               </listBibl>
               <note type="references"> </note>
               <figure>
                  <graphic url="https://commons.wikimedia.org/w/index.php?title=Special:Redirect/file/Bernhard%20baumeister.jpg"/>
               </figure>
            </person>
            <person xml:id="pmb12595">
               <persName>
                  <forename>Alexander</forename>
                  <surname>Römpler</surname>
               </persName>
               <persName type="legacy-name-merge">Römpler, Alexander</persName>
               <birth>
                  <date when-iso="1860-03-12">12.03.1860</date>
                  <settlement key="168">
                     <placeName type="pref">Berlin</placeName>
                     <location>
                        <geo>52,52437 13,41053</geo>
                     </location>
                  </settlement>
               </birth>
               <death>
                  <date when-iso="1909-12-18">18.12.1909</date>
                  <settlement key="50">
                     <placeName type="pref">Wien</placeName>
                     <location>
                        <geo>48,2066 16,37341</geo>
                     </location>
                  </settlement>
               </death>
               <sex value="male"/>
               <occupation key="105">Schauspieler/Schauspielerin</occupation>
               <occupation key="433">Schauspiellehrer/Schauspiellehrerin</occupation>
               <idno type="URL" subtype="gnd">https://d-nb.info/gnd/1078379629</idno>
               <idno type="URL" subtype="schnitzler-tagebuch">https://schnitzler-tagebuch.acdh.oeaw.ac.at/person_19321.html</idno>
               <idno type="URL" subtype="schnitzler-bahr">https://schnitzler-bahr.acdh.oeaw.ac.at/pmb12595.html</idno>
               <idno type="URL" subtype="pmb">https://pmb.acdh.oeaw.ac.at/entity/12595/</idno>
               <idno type="URL" subtype="schnitzler-briefe">https://schnitzler-briefe.acdh.oeaw.ac.at/pmb12595.html</idno>
               <idno type="URL" subtype="bahr-textverzeichnis">https://bahr-textverzeichnis.acdh.oeaw.ac.at/pmb12595.html</idno>
               <idno type="URL" subtype="fackel">https://fackel.oeaw.ac.at/?p=fackelp52439</idno>
               <idno type="URL" subtype="wikidata">http://www.wikidata.org/entity/Q55683725</idno>
               <idno type="URL" subtype="wikipedia">https://de.wikipedia.org/wiki/Alexander_R%C3%B6mpler</idno>
               <idno type="URL" subtype="schnitzler-interviews">https://schnitzler-interviews.acdh.oeaw.ac.at/pmb12595.html</idno>
               <idno type="URL" subtype="pmb">https://pmb.acdh.oeaw.ac.at/entity/161981/</idno>
               <idno type="URL" subtype="bahr-tsn">https://bahr-textverzeichnis.acdh.oeaw.ac.at/TSN-listperson.html#pmb12595</idno>
               <listEvent>
                  <event key="94377" when-iso="1895-05-07">
                     <desc n="1256">ist Arbeitskraft bei</desc>
                     <label>Aufführung von Tabarin, Die Wespe, 7.5.1895</label>
                     <idno type="URL" subtype="pmb">https://pmb.acdh.oeaw.ac.at/entity/94377/</idno>
                  </event>
                  <event key="35385" when-iso="1898-11-30">
                     <desc n="1256">ist Arbeitskraft bei</desc>
                     <label>Premiere von Das Vermächtnis, 30.11.1898</label>
                     <idno type="URL" subtype="pmb">https://pmb.acdh.oeaw.ac.at/entity/35385/</idno>
                  </event>
                  <event key="35479" when-iso="1899-03-01">
                     <desc n="1256">ist Arbeitskraft bei</desc>
                     <label>Uraufführung von Der grüne Kakadu – Paracelsus – Die Gefährtin. Drei
                           Einakter, 1.3.1899</label>
                     <idno type="URL" subtype="pmb">https://pmb.acdh.oeaw.ac.at/entity/35479/</idno>
                  </event>
                  <event key="53022" when-iso="1908-11-18">
                     <desc n="1370">teilgenommen an</desc>
                     <label>Generalprobe von Tantris, 18.11.1908</label>
                     <idno type="URL" subtype="pmb">https://pmb.acdh.oeaw.ac.at/entity/53022/</idno>
                  </event>
               </listEvent>
               <listBibl>
                  <bibl type="collections" n="12">Fackel</bibl>
                  <bibl type="collections" n="16">Bahr Textverzeichnis</bibl>
               </listBibl>
               <note type="references"> </note>
            </person>
            <person xml:id="pmb10438">
               <persName>
                  <forename>Hedwig</forename>
                  <surname>Wangel</surname>
               </persName>
               <persName type="legacy-name-merge">Wangel, Hedwig</persName>
               <birth>
                  <date when-iso="1875-09-23">23.09.1875</date>
                  <settlement key="168">
                     <placeName type="pref">Berlin</placeName>
                     <location>
                        <geo>52,52437 13,41053</geo>
                     </location>
                  </settlement>
               </birth>
               <death>
                  <date when-iso="1961-03-09">09.03.1961</date>
                  <settlement key="49514">
                     <placeName type="pref">Lohe</placeName>
                     <location>
                        <geo>54,33333 9,55</geo>
                     </location>
                  </settlement>
               </death>
               <sex value="female"/>
               <occupation key="105">Schauspieler/Schauspielerin</occupation>
               <idno type="URL" subtype="gnd">https://d-nb.info/gnd/117136964</idno>
               <idno type="URL" subtype="schnitzler-tagebuch">https://schnitzler-tagebuch.acdh.oeaw.ac.at/person_21091.html</idno>
               <idno type="URL" subtype="pmb">https://pmb.acdh.oeaw.ac.at/entity/10438/</idno>
               <idno type="URL" subtype="wikidata">http://www.wikidata.org/entity/Q111461</idno>
               <idno type="URL" subtype="wikipedia">https://de.wikipedia.org/wiki/Hedwig_Wangel</idno>
               <idno type="URL" subtype="schnitzler-kino">https://schnitzler-kino.acdh.oeaw.ac.at/pmb10438.html</idno>
               <idno type="URL" subtype="bahr-textverzeichnis">https://bahr-textverzeichnis.acdh.oeaw.ac.at/pmb10438.html</idno>
               <idno type="URL" subtype="pmb">https://pmb.acdh.oeaw.ac.at/entity/162725/</idno>
               <idno type="URL" subtype="bahr-tsn">https://bahr-textverzeichnis.acdh.oeaw.ac.at/TSN-listperson.html#pmb10438</idno>
               <listBibl>
                  <bibl type="collections" n="16">Bahr Textverzeichnis</bibl>
               </listBibl>
               <note type="references">None </note>
            </person>
            <person xml:id="pmb154008">
               <persName>
                  <forename>Alexander</forename>
                  <surname>Engels</surname>
               </persName>
               <birth>
                  <date notBefore-iso="1871-01-01"
                        when-iso="1871-01-01"
                        notAfter-iso="1871-12-31">1871</date>
               </birth>
               <death>
                  <date when-iso="1933-01-01" notAfter-iso="1933-12-31">1933</date>
               </death>
               <sex value="not-set"/>
               <idno type="URL" subtype="bahr-textverzeichnis">https://bahr-textverzeichnis.acdh.oeaw.ac.at/pmb154008.html</idno>
               <idno type="URL" subtype="pmb">https://pmb.acdh.oeaw.ac.at/entity/154008/</idno>
               <listBibl>
                  <bibl type="collections" n="16">Bahr Textverzeichnis</bibl>
               </listBibl>
            </person>
            <person xml:id="pmb148764">
               <persName>
                  <forename>Heinrich</forename>
                  <surname>Schroth</surname>
               </persName>
               <birth>
                  <date when-iso="1871-03-23">1871-03-23</date>
                  <settlement key="38570">
                     <placeName type="pref">Pirmasens</placeName>
                     <location>
                        <geo>49,20145 7,60529</geo>
                     </location>
                  </settlement>
               </birth>
               <death>
                  <date when-iso="1945-01-14">1945-01-14</date>
                  <settlement key="168">
                     <placeName type="pref">Berlin</placeName>
                     <location>
                        <geo>52,52437 13,41053</geo>
                     </location>
                  </settlement>
               </death>
               <sex value="male"/>
               <idno type="URL" subtype="pmb">https://pmb.acdh.oeaw.ac.at/entity/148764/</idno>
               <idno type="URL" subtype="wikidata">http://www.wikidata.org/entity/Q90979</idno>
               <idno type="URL" subtype="gnd">https://d-nb.info/gnd/117099228</idno>
               <idno type="URL" subtype="bahr-textverzeichnis">https://bahr-textverzeichnis.acdh.oeaw.ac.at/pmb148764.html</idno>
               <idno type="URL" subtype="wikipedia">https://de.wikipedia.org/wiki/Heinrich_Schroth_(Schauspieler,_1871)</idno>
               <listBibl>
                  <bibl type="collections" n="16">Bahr Textverzeichnis</bibl>
               </listBibl>
            </person>
         </listPerson>
      </back>
   </text>
</TEI>
