<?xml version="1.0" encoding="UTF-8"?>
<TEI xmlns="http://www.tei-c.org/ns/1.0"
     xmlns:tei="http://www.tei-c.org/ns/1.0"
     xml:id="pmb122775.xml"
     prev="pmb32075"
     next="pmb122773">
   <teiHeader>
      <fileDesc>
         <titleStmt>
            <title level="s">Hermann Bahr – Textverzeichnis</title>
            <title level="a">Theater, Kunst und Literatur. Theater in der
                     Josefstadt</title>
            <title type="iso-date">1903-12-19</title>
            <respStmt>
               <resp>providing the content</resp>
               <name>Martin Anton Müller</name>
            </respStmt>
            <respStmt>
               <resp>converted to XML encoding</resp>
               <name>Martin Anton Müller</name>
            </respStmt>
         </titleStmt>
         <publicationStmt>
            <publisher>Austrian Centre for Digital Humanities and Cultural
                                    Heritage (ACDH-CH)</publisher>
            <date>2024-03-19+01:00</date>
            <idno type="URI">https://id.acdh.oeaw.ac.at/bahr-textverzeichnis/pmb122775.xml</idno>
         </publicationStmt>
         <sourceDesc>
            <p>Bibliografische Angaben eines in Druck erschienen Texts von
                                    Bahr</p>
         </sourceDesc>
      </fileDesc>
   </teiHeader>
   <text>
      <body>
         <div type="bibliografische-angabe">
            <biblStruct xml:id="pmb122775"
                        type="Journal-Article"
                        subtype="Nachtkritik"
                        status="checked"
                        prev="pmb32075"
                        next="pmb122773">
               <analytic>
                  <author ref="pmb10815">H. B.</author>
                  <title level="a" ref="pmb122775">Theater, Kunst und Literatur. Theater in der
                     Josefstadt</title>
               </analytic>
               <monogr>
                  <title level="j" ref="pmb41321">Neues Wiener Tagblatt</title>
                  <imprint>
                     <biblScope unit="jg">37</biblScope>
                     <biblScope unit="issue">348</biblScope>
                     <biblScope unit="page">7–8</biblScope>
                     <date when="1903-12-19">19.12.1903</date>
                  </imprint>
               </monogr>
               <note>
                  <p>Kraus zitiert ausführlich in der Fackel, 5 (1903) #150, 32: »Habitué. Herr Bahr
                     macht für eine Novität des Josephstädter Theaters in folgender Art Reklame. Den
                     Inhalt erklärt er nicht erzählen zu können. ›Gräßlich, sagen wir ›amtlich‹ …
                     Aber dabei tanzt uns heimlich das Blut vor Lust: denn denken Sie sich nur —
                     aber nein, schau’n Sie, es geht wirklich nicht, ich darf nicht, schöne Leserin!
                     — ich könnte es Ihnen höchstens in das niedliche Ohr flüstern. Verschleiern Sie
                     sich tief und legen Sie Rot auf (o, viel Rot, im dritten Akt können Sie gar
                     nicht genug Rot aufgelegt haben!) und schleichen Sie hin und sehen Sie, hören
                     Sie und Sie werden sich schrecklich schämen und, Sie wissen doch, das ist so
                     süß, so süß …‹ Herzig, nicht wahr?«</p>
               </note>
               <note type="review-of">
                  <bibl>
                     <title level="m">Die dreihundert Tage</title>
                     <author>Paul Gavault</author>
                     <author>Robert Charvey</author>
                     <note>deutsch von Alfred Halm</note>
                  </bibl>
               </note>
               <note type="incipit">Jarno ist jetzt wirklich der einzige Direktor, der unser
                  Publikum zu führen weiß</note>
               <ref type="personenindex">
                  <listRef>
                     <ptr type="pmb" target="pmb2601"/>
                     <ptr type="pmb" target="pmb3536"/>
                     <ptr type="pmb" target="pmb2385"/>
                     <ptr type="pmb" target="pmb12179"/>
                     <ptr type="pmb" target="pmb154061"/>
                     <ptr type="pmb" target="pmb154062"/>
                     <ptr type="pmb" target="pmb154063"/>
                  </listRef>
               </ref>
               <ref type="URL">https://anno.onb.ac.at/cgi-content/anno?aid=nwg&amp;datum=19031219&amp;seite=7</ref>
               <noteGrp type="keywords">
                  <note type="Journal-Article">Artikel in einem Periodikum</note>
                  <note subtype="Nachtkritik">Nachtkritik</note>
               </noteGrp>
               <note type="bibliographical-statement">H. B.: Theater, Kunst und Literatur. Theater
                  in der Josefstadt. In: Neues Wiener Tagblatt, Jg. 37, Nr. 348, 19.12.1903,
                  S. 7–8.</note>
            </biblStruct>
         </div>
      </body>
      <back>
         <listPerson>
            <person xml:id="pmb2601">
               <persName>
                  <forename>Josef</forename>
                  <surname>Jarno</surname>
               </persName>
               <persName type="person_geburtsname_nachname">Kohner</persName>
               <persName type="namensvariante">Cohner</persName>
               <persName type="legacy-name-merge">Jarno, Josef</persName>
               <persName type="legacy-name-merge">Jarno, Josef</persName>
               <birth>
                  <date when-iso="1865-08-24">24.08.1865</date>
                  <settlement key="43471">
                     <placeName type="pref">Budapest</placeName>
                     <location>
                        <geo>47,49835 19,04045</geo>
                     </location>
                  </settlement>
               </birth>
               <death>
                  <date when-iso="1932-01-11">11.01.1932</date>
                  <settlement key="50">
                     <placeName type="pref">Wien</placeName>
                     <location>
                        <geo>48,2066 16,37341</geo>
                     </location>
                  </settlement>
               </death>
               <sex value="male"/>
               <occupation key="103">Theaterleiter/Theaterleiterin</occupation>
               <occupation key="105">Schauspieler/Schauspielerin</occupation>
               <idno type="URL" subtype="gnd">https://d-nb.info/gnd/116653981</idno>
               <idno type="URL" subtype="schnitzler-bahr">https://schnitzler-bahr.acdh.oeaw.ac.at/pmb2601.html</idno>
               <idno type="URL" subtype="pmb">https://pmb.acdh.oeaw.ac.at/entity/2601/</idno>
               <idno type="URL" subtype="schnitzler-tagebuch">https://schnitzler-tagebuch.acdh.oeaw.ac.at/person_16517.html</idno>
               <idno type="URL" subtype="schnitzler-briefe">https://schnitzler-briefe.acdh.oeaw.ac.at/pmb2601.html</idno>
               <idno type="URL" subtype="legalkraus">https://kraus.wienbibliothek.at/register/personen/pmb2601</idno>
               <idno type="URL" subtype="fackel">https://fackel.oeaw.ac.at/?p=fackelp47098</idno>
               <idno type="URL" subtype="oebl">https://doi.org/10.1553/0x00281fa7</idno>
               <idno type="URL" subtype="wikidata">http://www.wikidata.org/entity/Q86314</idno>
               <idno type="URL" subtype="wikipedia">https://de.wikipedia.org/wiki/Josef_Jarno</idno>
               <idno type="URL" subtype="schnitzler-interviews">https://schnitzler-interviews.acdh.oeaw.ac.at/pmb2601.html</idno>
               <idno type="URL" subtype="pmb">https://pmb.acdh.oeaw.ac.at/entity/160663/</idno>
               <idno type="URL" subtype="bahr-tsn">https://bahr-textverzeichnis.acdh.oeaw.ac.at/TSN-listperson.html#pmb2601</idno>
               <idno type="URL" subtype="bahr-textverzeichnis">https://bahr-textverzeichnis.acdh.oeaw.ac.at/pmb2601.html</idno>
               <affiliation notBefore-iso="1893-01-01"
                            when-iso="1893-01-01"
                            notAfter-iso="1893-12-31">
                  <term key="1182">arbeitet für</term>
                  <orgName key="42649">Saisontheater Ischl</orgName>
                  <idno type="URL" subtype="pmb">https://pmb.acdh.oeaw.ac.at/entity/42649/</idno>
                  <idno type="URL" subtype="schnitzler-briefe">https://schnitzler-briefe.acdh.oeaw.ac.at/pmb42649.html</idno>
               </affiliation>
               <affiliation notBefore-iso="1899-01-01"
                            when-iso="1899-01-01"
                            notAfter-iso="1899-12-31">
                  <term key="1182">arbeitet für</term>
                  <orgName key="39689">Theater in der Josefstadt</orgName>
                  <idno type="URL" subtype="gnd">https://d-nb.info/gnd/251387-0</idno>
                  <idno type="URL" subtype="pmb">https://pmb.acdh.oeaw.ac.at/entity/39689/</idno>
                  <idno type="URL" subtype="schnitzler-briefe">https://schnitzler-briefe.acdh.oeaw.ac.at/pmb39689.html</idno>
                  <idno type="URL" subtype="legalkraus">https://kraus.wienbibliothek.at/register/institutionen/pmb39689</idno>
                  <idno type="URL" subtype="wikidata">http://www.wikidata.org/entity/Q113470585</idno>
                  <idno type="URL" subtype="schnitzler-interviews">https://schnitzler-interviews.acdh.oeaw.ac.at/pmb39689.html</idno>
               </affiliation>
               <listEvent>
                  <event key="63396" when-iso="1893-03-29">
                     <desc n="1256">ist Arbeitskraft bei</desc>
                     <label>Vorstellung zu Gunsten der Rettungsgesellschaft (Gläubiger, Die
                           Statue des Kommandeurs), 29.3.1893</label>
                     <idno type="URL" subtype="pmb">https://pmb.acdh.oeaw.ac.at/entity/63396/</idno>
                  </event>
                  <event key="35284" when-iso="1893-07-14">
                     <desc n="1256">ist Arbeitskraft bei</desc>
                     <label>Uraufführung von Abschiedssouper, 14.7.1893</label>
                     <idno type="URL" subtype="pmb">https://pmb.acdh.oeaw.ac.at/entity/35284/</idno>
                  </event>
                  <event key="35382" when-iso="1898-10-08">
                     <desc n="1370">teilgenommen an</desc>
                     <label>Uraufführung von Das Vermächtnis, 8.10.1898</label>
                     <idno type="URL" subtype="pmb">https://pmb.acdh.oeaw.ac.at/entity/35382/</idno>
                  </event>
                  <event key="63002" when-iso="1900-02-23">
                     <desc n="1256">ist Arbeitskraft bei</desc>
                     <label>Einakterabend (Bagatelle; Er, sie und er; Abschied vom Regiment,
                           Abschiedssouper), 23.2.1900</label>
                     <idno type="URL" subtype="pmb">https://pmb.acdh.oeaw.ac.at/entity/63002/</idno>
                  </event>
                  <event key="143820" when-iso="1900-04-15">
                     <desc n="1370">teilgenommen an</desc>
                     <label>Bankett für Ludwig Speidel, 15.4.1900</label>
                     <idno type="URL" subtype="pmb">https://pmb.acdh.oeaw.ac.at/entity/143820/</idno>
                  </event>
                  <event key="35113" when-iso="1904-12-12">
                     <desc n="1256">ist Arbeitskraft bei</desc>
                     <label>Premiere von Literatur, Die letzten Masken, Der Puppenspieler,
                           12.12.1904</label>
                     <idno type="URL" subtype="pmb">https://pmb.acdh.oeaw.ac.at/entity/35113/</idno>
                  </event>
               </listEvent>
               <listBibl>
                  <bibl type="collections" n="5">legalkraus</bibl>
                  <bibl type="collections" n="11">ÖBL nach 1850 geboren</bibl>
                  <bibl type="collections" n="12">Fackel</bibl>
                  <bibl type="collections" n="16">Bahr Textverzeichnis</bibl>
               </listBibl>
               <note type="references"> </note>
               <figure>
                  <graphic url="https://commons.wikimedia.org/w/index.php?title=Special:Redirect/file/Josef%20Jarno%201901%20Scolik.jpg"/>
               </figure>
            </person>
            <person xml:id="pmb3536">
               <persName>
                  <forename>Paul</forename>
                  <surname>Gavault</surname>
               </persName>
               <birth>
                  <date when-iso="1866-09-01">1866-09-01</date>
                  <settlement key="182">
                     <placeName type="pref">Paris</placeName>
                     <location>
                        <geo>48,85341 2,3488</geo>
                     </location>
                  </settlement>
               </birth>
               <death>
                  <date when-iso="1951-01-01" notAfter-iso="1951-12-31">1951</date>
                  <settlement key="182">
                     <placeName type="pref">Paris</placeName>
                     <location>
                        <geo>48,85341 2,3488</geo>
                     </location>
                  </settlement>
               </death>
               <sex value="male"/>
               <occupation key="90">Schriftsteller/Schriftstellerin</occupation>
               <idno type="URL" subtype="gnd">https://d-nb.info/gnd/1056480564</idno>
               <idno type="URL" subtype="pmb">https://pmb.acdh.oeaw.ac.at/entity/3536/</idno>
               <idno type="URL" subtype="wikidata">http://www.wikidata.org/entity/Q3371293</idno>
               <idno type="URL" subtype="bahr-textverzeichnis">https://bahr-textverzeichnis.acdh.oeaw.ac.at/pmb3536.html</idno>
               <listBibl>
                  <bibl type="collections" n="14">Kein deutscher Wikipedia-Eintrag
                        gefunden</bibl>
                  <bibl type="collections" n="22">No german Wikipedia-Site found</bibl>
               </listBibl>
               <figure>
                  <graphic url="https://commons.wikimedia.org/w/index.php?title=Special:Redirect/file/PaulGavault.jpg"/>
               </figure>
            </person>
            <person xml:id="pmb2385">
               <persName>
                  <forename>Alfred</forename>
                  <surname>Halm</surname>
               </persName>
               <persName type="legacy-name-merge">Halm, Alfred</persName>
               <birth>
                  <date when-iso="1861-12-09">1861-12-09</date>
                  <settlement key="50">
                     <placeName type="pref">Wien</placeName>
                     <location>
                        <geo>48,2066 16,37341</geo>
                     </location>
                  </settlement>
               </birth>
               <death>
                  <date when-iso="1951-02-05">1951-02-05</date>
                  <settlement key="168">
                     <placeName type="pref">Berlin</placeName>
                     <location>
                        <geo>52,52437 13,41053</geo>
                     </location>
                  </settlement>
               </death>
               <sex value="male"/>
               <occupation key="105">Schauspieler/Schauspielerin</occupation>
               <idno type="URL" subtype="gnd">https://d-nb.info/gnd/116420022</idno>
               <idno type="URL" subtype="schnitzler-bahr">https://schnitzler-bahr.acdh.oeaw.ac.at/pmb2385.html</idno>
               <idno type="URL" subtype="pmb">https://pmb.acdh.oeaw.ac.at/entity/2385/</idno>
               <idno type="URL" subtype="schnitzler-briefe">https://schnitzler-briefe.acdh.oeaw.ac.at/pmb2385.html</idno>
               <idno type="URL" subtype="fackel">https://fackel.oeaw.ac.at/?p=fackelp45375</idno>
               <idno type="URL" subtype="wikidata">http://www.wikidata.org/entity/Q85692</idno>
               <idno type="URL" subtype="wikipedia">https://de.wikipedia.org/wiki/Alfred_Halm</idno>
               <idno type="URL" subtype="schnitzler-kino">https://schnitzler-kino.acdh.oeaw.ac.at/pmb2385.html</idno>
               <idno type="URL" subtype="schnitzler-interviews">https://schnitzler-interviews.acdh.oeaw.ac.at/pmb2385.html</idno>
               <idno type="URL" subtype="bahr-textverzeichnis">https://bahr-textverzeichnis.acdh.oeaw.ac.at/pmb2385.html</idno>
               <idno type="URL" subtype="pmb">https://pmb.acdh.oeaw.ac.at/entity/160375/</idno>
               <idno type="URL" subtype="bahr-tsn">https://bahr-textverzeichnis.acdh.oeaw.ac.at/TSN-listperson.html#pmb2385</idno>
               <listBibl>
                  <bibl type="collections" n="12">Fackel</bibl>
                  <bibl type="collections" n="16">Bahr Textverzeichnis</bibl>
               </listBibl>
               <figure>
                  <graphic url="https://commons.wikimedia.org/w/index.php?title=Special:Redirect/file/Alfred%20Halm%20%28BerlLeben%201905-12%20JEgers%29.jpg"/>
               </figure>
            </person>
            <person xml:id="pmb12179">
               <persName>
                  <forename>Gustav</forename>
                  <surname>Maran</surname>
               </persName>
               <persName type="namensvariante">Dolezal</persName>
               <persName type="legacy-name-merge">Maran, Gustav</persName>
               <birth>
                  <date when-iso="1854-01-08">08.01.1854</date>
                  <settlement key="50">
                     <placeName type="pref">Wien</placeName>
                     <location>
                        <geo>48,2066 16,37341</geo>
                     </location>
                  </settlement>
               </birth>
               <death>
                  <date when-iso="1917-05-18">18.05.1917</date>
                  <settlement key="19055">
                     <placeName type="pref">Sulz im Wienerwald</placeName>
                     <location>
                        <geo>48,1008317 16,1374028</geo>
                     </location>
                  </settlement>
               </death>
               <sex value="male"/>
               <occupation key="105">Schauspieler/Schauspielerin</occupation>
               <idno type="URL" subtype="gnd">https://d-nb.info/gnd/130141283</idno>
               <idno type="URL" subtype="schnitzler-tagebuch">https://schnitzler-tagebuch.acdh.oeaw.ac.at/person_17849.html</idno>
               <idno type="URL" subtype="schnitzler-bahr">https://schnitzler-bahr.acdh.oeaw.ac.at/pmb12179.html</idno>
               <idno type="URL" subtype="pmb">https://pmb.acdh.oeaw.ac.at/entity/12179/</idno>
               <idno type="URL" subtype="fackel">https://fackel.oeaw.ac.at/?p=fackelp49591</idno>
               <idno type="URL" subtype="wikidata">http://www.wikidata.org/entity/Q1556180</idno>
               <idno type="URL" subtype="wikipedia">https://de.wikipedia.org/wiki/Gustav_Maran</idno>
               <idno type="URL" subtype="bahr-textverzeichnis">https://bahr-textverzeichnis.acdh.oeaw.ac.at/pmb12179.html</idno>
               <idno type="URL" subtype="pmb">https://pmb.acdh.oeaw.ac.at/entity/161182/</idno>
               <idno type="URL" subtype="bahr-tsn">https://bahr-textverzeichnis.acdh.oeaw.ac.at/TSN-listperson.html#pmb12179</idno>
               <listEvent>
                  <event key="45067" when-iso="1904-10-05">
                     <desc n="1256">ist Arbeitskraft bei</desc>
                     <label>Aufführung von Herzogin Crevette, 5.10.1904</label>
                     <idno type="URL" subtype="pmb">https://pmb.acdh.oeaw.ac.at/entity/45067/</idno>
                  </event>
               </listEvent>
               <listBibl>
                  <bibl type="collections" n="12">Fackel</bibl>
                  <bibl type="collections" n="16">Bahr Textverzeichnis</bibl>
               </listBibl>
               <note type="references">None </note>
               <figure>
                  <graphic url="https://commons.wikimedia.org/w/index.php?title=Special:Redirect/file/Gustav%20Maran%20wenige%20Wochen%20vor%20seinem%20Tode%201917%20Charles%20Scolik.png"/>
               </figure>
            </person>
            <person xml:id="pmb154061">
               <persName>
                  <forename>Robert</forename>
                  <surname>Charvey</surname>
               </persName>
               <sex value="not-set"/>
               <occupation key="1316">Autor/Autorin</occupation>
               <idno type="URL" subtype="pmb">https://pmb.acdh.oeaw.ac.at/entity/154061/</idno>
               <idno type="URL" subtype="bahr-textverzeichnis">https://bahr-textverzeichnis.acdh.oeaw.ac.at/pmb154061.html</idno>
               <listBibl>
                  <bibl type="collections" n="16">Bahr Textverzeichnis</bibl>
               </listBibl>
            </person>
            <person xml:id="pmb154062">
               <persName>
                  <surname>Wagen</surname>
               </persName>
               <sex value="not-set"/>
               <occupation key="105">Schauspieler/Schauspielerin</occupation>
               <idno type="URL" subtype="pmb">https://pmb.acdh.oeaw.ac.at/entity/154062/</idno>
               <idno type="URL" subtype="bahr-textverzeichnis">https://bahr-textverzeichnis.acdh.oeaw.ac.at/pmb154062.html</idno>
               <listBibl>
                  <bibl type="collections" n="16">Bahr Textverzeichnis</bibl>
               </listBibl>
            </person>
            <person xml:id="pmb154063">
               <persName>
                  <forename>Käthe</forename>
                  <surname>Krenn</surname>
               </persName>
               <sex value="not-set"/>
               <occupation key="105">Schauspieler/Schauspielerin</occupation>
               <idno type="URL" subtype="pmb">https://pmb.acdh.oeaw.ac.at/entity/154063/</idno>
               <idno type="URL" subtype="bahr-textverzeichnis">https://bahr-textverzeichnis.acdh.oeaw.ac.at/pmb154063.html</idno>
               <listBibl>
                  <bibl type="collections" n="16">Bahr Textverzeichnis</bibl>
               </listBibl>
            </person>
         </listPerson>
      </back>
   </text>
</TEI>
