<?xml version="1.0" encoding="UTF-8"?>
<TEI xmlns="http://www.tei-c.org/ns/1.0"
     xmlns:tei="http://www.tei-c.org/ns/1.0"
     xml:id="pmb118766.xml"
     prev="pmb123497"
     next="pmb133307">
   <teiHeader>
      <fileDesc>
         <titleStmt>
            <title level="s">Hermann Bahr – Textverzeichnis</title>
            <title level="a">Burgtheater. [Demission von Max
                     Burckhard]</title>
            <title type="iso-date">1898-01-22</title>
            <respStmt>
               <resp>providing the content</resp>
               <name>Martin Anton Müller</name>
            </respStmt>
            <respStmt>
               <resp>converted to XML encoding</resp>
               <name>Martin Anton Müller</name>
            </respStmt>
         </titleStmt>
         <publicationStmt>
            <publisher>Austrian Centre for Digital Humanities and Cultural
                                    Heritage (ACDH-CH)</publisher>
            <date>2024-03-19+01:00</date>
            <idno type="URI">https://id.acdh.oeaw.ac.at/bahr-textverzeichnis/pmb118766.xml</idno>
         </publicationStmt>
         <sourceDesc>
            <p>Bibliografische Angaben eines in Druck erschienen Texts von
                                    Bahr</p>
         </sourceDesc>
      </fileDesc>
   </teiHeader>
   <text>
      <body>
         <div type="bibliografische-angabe">
            <biblStruct type="Journal-Article"
                        status="checked"
                        xml:id="pmb118766"
                        sameAs="HB-tv_445"
                        prev="pmb123497"
                        next="pmb133307">
               <analytic>
                  <author ref="pmb10815">Bahr, Hermann</author>
                  <title level="a" ref="pmb118766">Burgtheater. [Demission von Max
                     Burckhard]</title>
               </analytic>
               <monogr>
                  <title level="j" ref="pmb36340">Die Zeit</title>
                  <imprint>
                     <biblScope unit="jg">14</biblScope>
                     <biblScope unit="issue">173</biblScope>
                     <biblScope unit="page">59–60</biblScope>
                     <date when="1898-01-22">22.1.1898</date>
                  </imprint>
               </monogr>
               <note>
                  <p>Zu den Nachwirkungen siehe den Abdruck in der Frankfurter Zeitung.</p>
               </note>
               <note type="monographies">
                  <bibl type="obsolete">
                     <title level="m" ref="pmb31839">Wiener Theater.
                        (1892–1898)</title>
                     <biblScope unit="page">168–190</biblScope>
                     <title level="a" ref="pmb133165">Burgtheater</title>
                  </bibl>
               </note>
               <note type="incipit">Am 18. Januar hat der Director Burckhard dem Intendaten seine
                  Demission gegeben;</note>
               <note type="summary">Bahr über die Ursachen von Burckhards Demission: eine Intrige
                  von Thimig, Devrient-Reinhold, Bettelheim und dem Intendanten.</note>
               <ref type="personenindex">
                  <listRef>
                     <ptr type="pmb" target="pmb11036"/>
                     <ptr type="pmb" target="pmb12671"/>
                     <ptr type="pmb" target="pmb12948"/>
                     <ptr type="pmb" target="pmb12816"/>
                     <ptr type="pmb" target="pmb12654"/>
                     <ptr type="pmb" target="pmb11617"/>
                     <ptr type="pmb" target="pmb11134"/>
                     <ptr type="pmb" target="pmb10912"/>
                     <ptr type="pmb" target="pmb10772"/>
                     <ptr type="pmb" target="pmb12899"/>
                     <ptr type="pmb" target="pmb10986"/>
                     <ptr type="pmb" target="pmb20428"/>
                     <ptr type="pmb" target="pmb4200"/>
                     <ptr type="pmb" target="pmb13082"/>
                     <ptr type="pmb" target="pmb156768"/>
                     <ptr type="pmb" target="pmb3028"/>
                     <ptr type="pmb" target="pmb156767"/>
                  </listRef>
               </ref>
               <ref type="URL">https://bahr.univie.ac.at/sites/all/txt/die-zeit/1898-14/173-59.pdf</ref>
               <ref type="URL">https://bahr.univie.ac.at/sites/all/txt/die-zeit/1898-14/173-60.pdf</ref>
               <noteGrp type="keywords">
                  <note type="Journal-Article">Artikel in einem Periodikum</note>
               </noteGrp>
               <note type="bibliographical-statement">Hermann Bahr: Burgtheater. [Demission von Max
                  Burckhard]. In: Die Zeit, Jg. 14, Nr. 173, 22.1.1898, S. 59–60.</note>
               <note type="periodica">
                  <bibl type="obsolete">
                     <note>gekürzt</note>
                     <title level="j" ref="pmb36344">Frankfurter Zeitung</title>
                     <biblScope unit="jg">42</biblScope>
                     <date type="year">1898</date>
                     <biblScope unit="issue">24,
                        Abendblatt</biblScope>
                     <biblScope unit="page">1</biblScope>
                     <date when="1898-01-25">25.1.1898</date>
                     <title level="a" ref="pmb133307">Hinter
                        den Coulissen. (Die Verschwörung im Wiener Burgtheater)</title>
                  </bibl>
               </note>
               <ref type="abdrucke">
                  <listRef>
                     <ptr type="textref" target="pmb133307"/>
                     <ptr type="textref" target="pmb133165"/>
                  </listRef>
               </ref>
            </biblStruct>
         </div>
      </body>
      <back>
         <listPerson>
            <person xml:id="pmb11036">
               <persName>
                  <forename>Max Eugen</forename>
                  <surname>Burckhard</surname>
               </persName>
               <persName type="legacy-name-merge">Burckhard, Max Eugen</persName>
               <birth>
                  <date when-iso="1854-07-14">14.07.1854</date>
                  <settlement key="61010">
                     <placeName type="pref">Korneuburg</placeName>
                     <location>
                        <geo>48,35 16,33333</geo>
                     </location>
                  </settlement>
               </birth>
               <death>
                  <date when-iso="1912-03-16">16.03.1912</date>
                  <settlement key="50">
                     <placeName type="pref">Wien</placeName>
                     <location>
                        <geo>48,2066 16,37341</geo>
                     </location>
                  </settlement>
               </death>
               <sex value="male"/>
               <occupation key="90">Schriftsteller/Schriftstellerin</occupation>
               <occupation key="102">Rechtswissenschaftler/Rechtswissenschaftlerin</occupation>
               <occupation key="103">Theaterleiter/Theaterleiterin</occupation>
               <idno type="URL" subtype="gnd">https://d-nb.info/gnd/117161144</idno>
               <idno type="URL" subtype="schnitzler-tagebuch">https://schnitzler-tagebuch.acdh.oeaw.ac.at/person_14065.html</idno>
               <idno type="URL" subtype="schnitzler-bahr">https://schnitzler-bahr.acdh.oeaw.ac.at/pmb11036.html</idno>
               <idno type="URL" subtype="pmb">https://pmb.acdh.oeaw.ac.at/entity/11036/</idno>
               <idno type="URL" subtype="schnitzler-briefe">https://schnitzler-briefe.acdh.oeaw.ac.at/pmb11036.html</idno>
               <idno type="URL" subtype="schnitzler-lektueren">https://schnitzler-lektueren.acdh.oeaw.ac.at/pmb11036.html</idno>
               <idno type="URL" subtype="bahr-textverzeichnis">https://bahr-textverzeichnis.acdh.oeaw.ac.at/pmb11036.html</idno>
               <idno type="URL" subtype="fackel">https://fackel.oeaw.ac.at/?p=fackelp49912</idno>
               <idno type="URL" subtype="oebl">https://doi.org/10.1553/0x00281164</idno>
               <idno type="URL" subtype="wikidata">http://www.wikidata.org/entity/Q88819</idno>
               <idno type="URL" subtype="wikipedia">https://de.wikipedia.org/wiki/Max_Burckhard</idno>
               <idno type="URL" subtype="pmb">https://pmb.acdh.oeaw.ac.at/entity/159526/</idno>
               <idno type="URL" subtype="bahr-tsn">https://bahr-textverzeichnis.acdh.oeaw.ac.at/TSN-listperson.html#pmb11036</idno>
               <idno type="URL" subtype="schnitzler-interviews">https://schnitzler-interviews.acdh.oeaw.ac.at/pmb11036.html</idno>
               <affiliation notBefore-iso="1890-01-01"
                            when-iso="1890-01-01"
                            notAfter-iso="1890-12-31">
                  <term key="1182">arbeitet für</term>
                  <orgName key="36247">Burgtheater</orgName>
                  <idno type="URL" subtype="gnd">https://d-nb.info/gnd/38633-9</idno>
                  <idno type="URL" subtype="pmb">https://pmb.acdh.oeaw.ac.at/entity/36247/</idno>
                  <idno type="URL" subtype="schnitzler-briefe">https://schnitzler-briefe.acdh.oeaw.ac.at/pmb36247.html</idno>
                  <idno type="URL" subtype="legalkraus">https://kraus.wienbibliothek.at/register/institutionen/pmb36247</idno>
                  <idno type="URL" subtype="wikidata">http://www.wikidata.org/entity/Q308720</idno>
                  <idno type="URL" subtype="wikipedia">https://de.wikipedia.org/wiki/Burgtheater</idno>
                  <idno type="URL" subtype="schnitzler-interviews">https://schnitzler-interviews.acdh.oeaw.ac.at/pmb36247.html</idno>
               </affiliation>
               <affiliation when-iso="1899-10-11">
                  <term key="1182">arbeitet für</term>
                  <orgName key="29209">Die Zeit. Wiener Wochenschrift</orgName>
                  <idno type="URL" subtype="schnitzler-bahr">https://schnitzler-bahr.acdh.oeaw.ac.at/pmb29209.html</idno>
                  <idno type="URL" subtype="pmb">https://pmb.acdh.oeaw.ac.at/entity/29209/</idno>
                  <idno type="URL" subtype="schnitzler-briefe">https://schnitzler-briefe.acdh.oeaw.ac.at/pmb29209.html</idno>
                  <idno type="URL" subtype="schnitzler-interviews">https://schnitzler-interviews.acdh.oeaw.ac.at/pmb29209.html</idno>
               </affiliation>
               <affiliation notBefore-iso="1901-01-01"
                            when-iso="1901-01-01"
                            notAfter-iso="1901-12-31">
                  <term key="1182">arbeitet für</term>
                  <orgName key="144488">Verwaltungsgerichtshof</orgName>
                  <idno type="URL" subtype="pmb">https://pmb.acdh.oeaw.ac.at/entity/144488/</idno>
                  <idno type="URL" subtype="wikipedia">https://de.wikipedia.org/wiki/Verwaltungsgerichtshof_(%C3%96sterreich)</idno>
                  <idno type="URL" subtype="wikidata">http://www.wikidata.org/entity/Q874053</idno>
               </affiliation>
               <affiliation notBefore-iso="1908-01-01"
                            when-iso="1908-01-01"
                            notAfter-iso="1908-12-31">
                  <term key="1182">arbeitet für</term>
                  <orgName key="29677">Franz-Grillparzer-Preis</orgName>
                  <idno type="URL" subtype="schnitzler-bahr">https://schnitzler-bahr.acdh.oeaw.ac.at/pmb29677.html</idno>
                  <idno type="URL" subtype="pmb">https://pmb.acdh.oeaw.ac.at/entity/29677/</idno>
                  <idno type="URL" subtype="schnitzler-briefe">https://schnitzler-briefe.acdh.oeaw.ac.at/pmb29677.html</idno>
                  <idno type="URL" subtype="wikidata">http://www.wikidata.org/entity/Q1445780</idno>
                  <idno type="URL" subtype="wikipedia">https://de.wikipedia.org/wiki/Franz-Grillparzer-Preis</idno>
                  <idno type="URL" subtype="schnitzler-interviews">https://schnitzler-interviews.acdh.oeaw.ac.at/pmb29677.html</idno>
               </affiliation>
               <listEvent>
                  <event key="61712" when-iso="1891-04-11">
                     <desc n="1370">teilgenommen an</desc>
                     <label>Ibsen-Bankett, 11.4.1891</label>
                     <idno type="URL" subtype="pmb">https://pmb.acdh.oeaw.ac.at/entity/61712/</idno>
                  </event>
                  <event key="57547" when-iso="1897-12-27">
                     <desc n="1370">teilgenommen an</desc>
                     <label>Private Vorlesung von Das Vermächtnis, 27.12.1897</label>
                     <idno type="URL" subtype="pmb">https://pmb.acdh.oeaw.ac.at/entity/57547/</idno>
                  </event>
                  <event key="143820" when-iso="1900-04-15">
                     <desc n="1370">teilgenommen an</desc>
                     <label>Bankett für Ludwig Speidel, 15.4.1900</label>
                     <idno type="URL" subtype="pmb">https://pmb.acdh.oeaw.ac.at/entity/143820/</idno>
                  </event>
                  <event key="48470" when-iso="1905-04-13">
                     <desc n="1370">teilgenommen an</desc>
                     <label>Uraufführung von Rat Schrimpf, 13.4.1905</label>
                     <idno type="URL" subtype="pmb">https://pmb.acdh.oeaw.ac.at/entity/48470/</idno>
                  </event>
                  <event key="50222" when-iso="1909-10-15">
                     <desc n="1370">teilgenommen an</desc>
                     <label>Generalprobe von Jene Asra, 15.10.1909</label>
                     <idno type="URL" subtype="pmb">https://pmb.acdh.oeaw.ac.at/entity/50222/</idno>
                  </event>
               </listEvent>
               <listBibl>
                  <bibl type="collections" n="11">ÖBL nach 1850 geboren</bibl>
                  <bibl type="collections" n="12">Fackel</bibl>
                  <bibl type="collections" n="16">Bahr Textverzeichnis</bibl>
               </listBibl>
               <figure>
                  <graphic url="https://commons.wikimedia.org/w/index.php?title=Special:Redirect/file/Max%20Burckhard%20am%20Totenbett.png"/>
               </figure>
            </person>
            <person xml:id="pmb12671">
               <persName>
                  <forename>Paul</forename>
                  <surname>Schlenther</surname>
               </persName>
               <persName type="legacy-name-merge">Schlenther, Paul</persName>
               <birth>
                  <date when-iso="1854-08-20">20.08.1854</date>
                  <settlement key="48092">
                     <placeName type="pref">Chernyakhovsk</placeName>
                     <location>
                        <geo>54,63345 21,81557</geo>
                     </location>
                  </settlement>
               </birth>
               <death>
                  <date when-iso="1916-04-30">30.04.1916</date>
                  <settlement key="168">
                     <placeName type="pref">Berlin</placeName>
                     <location>
                        <geo>52,52437 13,41053</geo>
                     </location>
                  </settlement>
               </death>
               <sex value="male"/>
               <occupation key="90">Schriftsteller/Schriftstellerin</occupation>
               <occupation key="100">Kritiker/Kritikerin</occupation>
               <occupation key="103">Theaterleiter/Theaterleiterin</occupation>
               <idno type="URL" subtype="gnd">https://d-nb.info/gnd/118795112</idno>
               <idno type="URL" subtype="schnitzler-tagebuch">https://schnitzler-tagebuch.acdh.oeaw.ac.at/person_19724.html</idno>
               <idno type="URL" subtype="schnitzler-bahr">https://schnitzler-bahr.acdh.oeaw.ac.at/pmb12671.html</idno>
               <idno type="URL" subtype="pmb">https://pmb.acdh.oeaw.ac.at/entity/12671/</idno>
               <idno type="URL" subtype="schnitzler-briefe">https://schnitzler-briefe.acdh.oeaw.ac.at/pmb12671.html</idno>
               <idno type="URL" subtype="legalkraus">https://kraus.wienbibliothek.at/register/personen/pmb12671</idno>
               <idno type="URL" subtype="fackel">https://fackel.oeaw.ac.at/?p=fackelp51242</idno>
               <idno type="URL" subtype="oebl">https://doi.org/10.1553/0x002851cc</idno>
               <idno type="URL" subtype="wikidata">http://www.wikidata.org/entity/Q194574</idno>
               <idno type="URL" subtype="wikipedia">https://de.wikipedia.org/wiki/Paul_Schlenther</idno>
               <idno type="URL" subtype="schnitzler-interviews">https://schnitzler-interviews.acdh.oeaw.ac.at/pmb12671.html</idno>
               <idno type="URL" subtype="bahr-textverzeichnis">https://bahr-textverzeichnis.acdh.oeaw.ac.at/pmb12671.html</idno>
               <idno type="URL" subtype="pmb">https://pmb.acdh.oeaw.ac.at/entity/162100/</idno>
               <idno type="URL" subtype="bahr-tsn">https://bahr-textverzeichnis.acdh.oeaw.ac.at/TSN-listperson.html#pmb12671</idno>
               <affiliation notBefore-iso="1886-01-01"
                            when-iso="1886-01-01"
                            notAfter-iso="1886-12-31">
                  <term key="1182">arbeitet für</term>
                  <orgName key="29331">Vossische Zeitung</orgName>
                  <idno type="URL" subtype="schnitzler-bahr">https://schnitzler-bahr.acdh.oeaw.ac.at/pmb29331.html</idno>
                  <idno type="URL" subtype="pmb">https://pmb.acdh.oeaw.ac.at/entity/29331/</idno>
                  <idno type="URL" subtype="schnitzler-briefe">https://schnitzler-briefe.acdh.oeaw.ac.at/pmb29331.html</idno>
                  <idno type="URL" subtype="legalkraus">https://kraus.wienbibliothek.at/register/institutionen/pmb29331</idno>
                  <idno type="URL" subtype="wikidata">http://www.wikidata.org/entity/Q675003</idno>
                  <idno type="URL" subtype="wikipedia">https://de.wikipedia.org/wiki/Vossische_Zeitung</idno>
               </affiliation>
               <affiliation when-iso="1889-04-05">
                  <term key="1182">arbeitet für</term>
                  <orgName key="29561">Freie Bühne</orgName>
                  <idno type="URL" subtype="pmb">https://pmb.acdh.oeaw.ac.at/entity/29561/</idno>
                  <idno type="URL" subtype="schnitzler-briefe">https://schnitzler-briefe.acdh.oeaw.ac.at/pmb29561.html</idno>
                  <idno type="URL" subtype="wikidata">http://www.wikidata.org/entity/Q1453924</idno>
                  <idno type="URL" subtype="wikipedia">https://de.wikipedia.org/wiki/Freie_B%C3%BChne_Berlin</idno>
               </affiliation>
               <affiliation when-iso="1898-01-25">
                  <term key="1182">arbeitet für</term>
                  <orgName key="36247">Burgtheater</orgName>
                  <idno type="URL" subtype="gnd">https://d-nb.info/gnd/38633-9</idno>
                  <idno type="URL" subtype="pmb">https://pmb.acdh.oeaw.ac.at/entity/36247/</idno>
                  <idno type="URL" subtype="schnitzler-briefe">https://schnitzler-briefe.acdh.oeaw.ac.at/pmb36247.html</idno>
                  <idno type="URL" subtype="legalkraus">https://kraus.wienbibliothek.at/register/institutionen/pmb36247</idno>
                  <idno type="URL" subtype="wikidata">http://www.wikidata.org/entity/Q308720</idno>
                  <idno type="URL" subtype="wikipedia">https://de.wikipedia.org/wiki/Burgtheater</idno>
                  <idno type="URL" subtype="schnitzler-interviews">https://schnitzler-interviews.acdh.oeaw.ac.at/pmb36247.html</idno>
               </affiliation>
               <affiliation notBefore-iso="1908-01-01"
                            when-iso="1908-01-01"
                            notAfter-iso="1908-12-31">
                  <term key="1182">arbeitet für</term>
                  <orgName key="29677">Franz-Grillparzer-Preis</orgName>
                  <idno type="URL" subtype="schnitzler-bahr">https://schnitzler-bahr.acdh.oeaw.ac.at/pmb29677.html</idno>
                  <idno type="URL" subtype="pmb">https://pmb.acdh.oeaw.ac.at/entity/29677/</idno>
                  <idno type="URL" subtype="schnitzler-briefe">https://schnitzler-briefe.acdh.oeaw.ac.at/pmb29677.html</idno>
                  <idno type="URL" subtype="wikidata">http://www.wikidata.org/entity/Q1445780</idno>
                  <idno type="URL" subtype="wikipedia">https://de.wikipedia.org/wiki/Franz-Grillparzer-Preis</idno>
                  <idno type="URL" subtype="schnitzler-interviews">https://schnitzler-interviews.acdh.oeaw.ac.at/pmb29677.html</idno>
               </affiliation>
               <listEvent>
                  <event key="143820" when-iso="1900-04-15">
                     <desc n="1370">teilgenommen an</desc>
                     <label>Bankett für Ludwig Speidel, 15.4.1900</label>
                     <idno type="URL" subtype="pmb">https://pmb.acdh.oeaw.ac.at/entity/143820/</idno>
                  </event>
               </listEvent>
               <listBibl>
                  <bibl type="collections" n="5">legalkraus</bibl>
                  <bibl type="collections" n="11">ÖBL nach 1850 geboren</bibl>
                  <bibl type="collections" n="12">Fackel</bibl>
                  <bibl type="collections" n="16">Bahr Textverzeichnis</bibl>
               </listBibl>
               <note type="references"> </note>
               <figure>
                  <graphic url="https://commons.wikimedia.org/w/index.php?title=Special:Redirect/file/Paul%20Schlenther%201901%20Scolik.jpg"/>
               </figure>
            </person>
            <person xml:id="pmb12948">
               <persName>
                  <forename>Hugo</forename>
                  <surname>Thimig</surname>
               </persName>
               <persName type="legacy-name-merge">Thimig, Hugo</persName>
               <birth>
                  <date when-iso="1854-06-16">16.06.1854</date>
                  <settlement key="866">
                     <placeName type="pref">Dresden</placeName>
                     <location>
                        <geo>51,0833 13,7666</geo>
                     </location>
                  </settlement>
               </birth>
               <death>
                  <date when-iso="1944-09-24">24.09.1944</date>
                  <settlement key="50">
                     <placeName type="pref">Wien</placeName>
                     <location>
                        <geo>48,2066 16,37341</geo>
                     </location>
                  </settlement>
               </death>
               <sex value="male"/>
               <occupation key="103">Theaterleiter/Theaterleiterin</occupation>
               <occupation key="105">Schauspieler/Schauspielerin</occupation>
               <idno type="URL" subtype="gnd">https://d-nb.info/gnd/11875713X</idno>
               <idno type="URL" subtype="schnitzler-tagebuch">https://schnitzler-tagebuch.acdh.oeaw.ac.at/person_20714.html</idno>
               <idno type="URL" subtype="schnitzler-bahr">https://schnitzler-bahr.acdh.oeaw.ac.at/pmb12948.html</idno>
               <idno type="URL" subtype="pmb">https://pmb.acdh.oeaw.ac.at/entity/12948/</idno>
               <idno type="URL" subtype="schnitzler-briefe">https://schnitzler-briefe.acdh.oeaw.ac.at/pmb12948.html</idno>
               <idno type="URL" subtype="fackel">https://fackel.oeaw.ac.at/?p=fackelp46351</idno>
               <idno type="URL" subtype="oebl">https://doi.org/10.1553/0x0031110b</idno>
               <idno type="URL" subtype="wikidata">http://www.wikidata.org/entity/Q73355</idno>
               <idno type="URL" subtype="wikipedia">https://de.wikipedia.org/wiki/Hugo_Thimig</idno>
               <idno type="URL" subtype="schnitzler-kino">https://schnitzler-kino.acdh.oeaw.ac.at/pmb12948.html</idno>
               <idno type="URL" subtype="schnitzler-interviews">https://schnitzler-interviews.acdh.oeaw.ac.at/pmb12948.html</idno>
               <idno type="URL" subtype="pmb">https://pmb.acdh.oeaw.ac.at/entity/162515/</idno>
               <idno type="URL" subtype="bahr-tsn">https://bahr-textverzeichnis.acdh.oeaw.ac.at/TSN-listperson.html#pmb12948</idno>
               <idno type="URL" subtype="bahr-textverzeichnis">https://bahr-textverzeichnis.acdh.oeaw.ac.at/pmb12948.html</idno>
               <affiliation notBefore-iso="1918-01-01"
                            when-iso="1918-01-01"
                            notAfter-iso="1918-12-31">
                  <term key="1182">arbeitet für</term>
                  <orgName key="60307">Freiwillige Schutzwache des 18. und 19. Bezirks</orgName>
                  <idno type="URL" subtype="pmb">https://pmb.acdh.oeaw.ac.at/entity/60307/</idno>
                  <idno type="URL" subtype="schnitzler-interviews">https://schnitzler-interviews.acdh.oeaw.ac.at/pmb60307.html</idno>
               </affiliation>
               <affiliation>
                  <term key="1182">arbeitet für</term>
                  <orgName key="36247">Burgtheater</orgName>
                  <idno type="URL" subtype="gnd">https://d-nb.info/gnd/38633-9</idno>
                  <idno type="URL" subtype="pmb">https://pmb.acdh.oeaw.ac.at/entity/36247/</idno>
                  <idno type="URL" subtype="schnitzler-briefe">https://schnitzler-briefe.acdh.oeaw.ac.at/pmb36247.html</idno>
                  <idno type="URL" subtype="legalkraus">https://kraus.wienbibliothek.at/register/institutionen/pmb36247</idno>
                  <idno type="URL" subtype="wikidata">http://www.wikidata.org/entity/Q308720</idno>
                  <idno type="URL" subtype="wikipedia">https://de.wikipedia.org/wiki/Burgtheater</idno>
                  <idno type="URL" subtype="schnitzler-interviews">https://schnitzler-interviews.acdh.oeaw.ac.at/pmb36247.html</idno>
               </affiliation>
               <listEvent>
                  <event key="94354" when-iso="1895-05-02">
                     <desc n="1256">ist Arbeitskraft bei</desc>
                     <label>Premiere von Tabarin und Verbotene Früchte, 2.5.1895</label>
                     <idno type="URL" subtype="pmb">https://pmb.acdh.oeaw.ac.at/entity/94354/</idno>
                  </event>
                  <event key="41414" when-iso="1896-05-23">
                     <desc n="1370">teilgenommen an</desc>
                     <label>Premiere von Der Zerrissene, 23.5.1896</label>
                     <idno type="URL" subtype="pmb">https://pmb.acdh.oeaw.ac.at/entity/41414/</idno>
                  </event>
                  <event key="35479" when-iso="1899-03-01">
                     <desc n="1256">ist Arbeitskraft bei</desc>
                     <label>Uraufführung von Der grüne Kakadu – Paracelsus – Die Gefährtin. Drei
                           Einakter, 1.3.1899</label>
                     <idno type="URL" subtype="pmb">https://pmb.acdh.oeaw.ac.at/entity/35479/</idno>
                  </event>
                  <event key="63372" when-iso="1904-02-11">
                     <desc n="1256">ist Arbeitskraft bei</desc>
                     <label>Premiere von Rose Bernd, 11.2.1904</label>
                     <idno type="URL" subtype="pmb">https://pmb.acdh.oeaw.ac.at/entity/63372/</idno>
                  </event>
                  <event key="43911" when-iso="1910-10-22">
                     <desc n="1370">teilgenommen an</desc>
                     <label>Generalprobe zur Trauerfeier für Josef Kainz, 22.10.1910</label>
                     <idno type="URL" subtype="pmb">https://pmb.acdh.oeaw.ac.at/entity/43911/</idno>
                  </event>
                  <event key="35251" when-iso="1910-11-24">
                     <desc n="1256">ist Arbeitskraft bei</desc>
                     <label>Uraufführung von Der junge Medardus, 24.11.1910</label>
                     <idno type="URL" subtype="pmb">https://pmb.acdh.oeaw.ac.at/entity/35251/</idno>
                  </event>
                  <event key="88534" when-iso="1911-10-14">
                     <desc n="1256">ist Arbeitskraft bei</desc>
                     <label>Premiere von Das weite Land, 14.10.1911 [I.]</label>
                     <idno type="URL" subtype="pmb">https://pmb.acdh.oeaw.ac.at/entity/35364/</idno>
                     <idno type="URL" subtype="pmb">https://pmb.acdh.oeaw.ac.at/entity/88534/</idno>
                  </event>
                  <event key="88534" when-iso="1911-10-14">
                     <desc n="1256">ist Arbeitskraft bei</desc>
                     <label>Premiere von Das weite Land, 14.10.1911 [I.]</label>
                     <idno type="URL" subtype="pmb">https://pmb.acdh.oeaw.ac.at/entity/35364/</idno>
                     <idno type="URL" subtype="pmb">https://pmb.acdh.oeaw.ac.at/entity/88534/</idno>
                  </event>
                  <event key="47517" when-iso="1912-11-17">
                     <desc n="1370">teilgenommen an</desc>
                     <label>Hauptmann-Bankett der Concordia, 17.11.1912</label>
                     <idno type="URL" subtype="pmb">https://pmb.acdh.oeaw.ac.at/entity/47517/</idno>
                  </event>
                  <event key="35424" when-iso="1920-03-26">
                     <desc n="1256">ist Arbeitskraft bei</desc>
                     <label>Uraufführung von Die Schwestern oder Casanova in Spa,
                           26.3.1920</label>
                     <idno type="URL" subtype="pmb">https://pmb.acdh.oeaw.ac.at/entity/35424/</idno>
                  </event>
               </listEvent>
               <listBibl>
                  <bibl type="collections" n="11">ÖBL nach 1850 geboren</bibl>
                  <bibl type="collections" n="12">Fackel</bibl>
                  <bibl type="collections" n="16">Bahr Textverzeichnis</bibl>
               </listBibl>
               <note type="references"> </note>
               <figure>
                  <graphic url="https://commons.wikimedia.org/w/index.php?title=Special:Redirect/file/Hugo%20Thimig%20by%20Wenzl%20Weis%201912.jpg"/>
               </figure>
            </person>
            <person xml:id="pmb12816">
               <persName>
                  <forename>Ludwig</forename>
                  <surname>Speidel</surname>
               </persName>
               <persName type="legacy-name-merge">Speidel, Ludwig</persName>
               <birth>
                  <date when-iso="1830-04-11">1830-04-11</date>
                  <settlement key="39966">
                     <placeName type="pref">Ulm</placeName>
                     <location>
                        <geo>48,39841 9,99155</geo>
                     </location>
                  </settlement>
               </birth>
               <death>
                  <date when-iso="1906-02-03">1906-02-03</date>
                  <settlement key="50">
                     <placeName type="pref">Wien</placeName>
                     <location>
                        <geo>48,2066 16,37341</geo>
                     </location>
                  </settlement>
               </death>
               <sex value="male"/>
               <occupation key="99">Journalist/Journalistin</occupation>
               <occupation key="100">Kritiker/Kritikerin</occupation>
               <idno type="URL" subtype="gnd">https://d-nb.info/gnd/117482684</idno>
               <idno type="URL" subtype="schnitzler-tagebuch">https://schnitzler-tagebuch.acdh.oeaw.ac.at/person_20243.html</idno>
               <idno type="URL" subtype="schnitzler-bahr">https://schnitzler-bahr.acdh.oeaw.ac.at/pmb12816.html</idno>
               <idno type="URL" subtype="pmb">https://pmb.acdh.oeaw.ac.at/entity/12816/</idno>
               <idno type="URL" subtype="schnitzler-briefe">https://schnitzler-briefe.acdh.oeaw.ac.at/pmb12816.html</idno>
               <idno type="URL" subtype="legalkraus">https://kraus.wienbibliothek.at/register/personen/pmb12816</idno>
               <idno type="URL" subtype="fackel">https://fackel.oeaw.ac.at/?p=fackelp49331</idno>
               <idno type="URL" subtype="wikidata">http://www.wikidata.org/entity/Q1875043</idno>
               <idno type="URL" subtype="wikipedia">https://de.wikipedia.org/wiki/Ludwig_Speidel</idno>
               <idno type="URL" subtype="oeml">https://dx.doi.org/10.1553/0x0001e2ea</idno>
               <idno type="URL" subtype="oebl">https://doi.org/10.1553/0x00284caa</idno>
               <idno type="URL" subtype="schnitzler-interviews">https://schnitzler-interviews.acdh.oeaw.ac.at/pmb12816.html</idno>
               <idno type="URL" subtype="pmb">https://pmb.acdh.oeaw.ac.at/entity/162325/</idno>
               <idno type="URL" subtype="bahr-tsn">https://bahr-textverzeichnis.acdh.oeaw.ac.at/TSN-listperson.html#pmb12816</idno>
               <idno type="URL" subtype="bahr-textverzeichnis">https://bahr-textverzeichnis.acdh.oeaw.ac.at/pmb12816.html</idno>
               <idno type="URL" subtype="hanslick-online">https://hanslick.acdh.oeaw.ac.at/hsl_person_id_2407.html</idno>
               <listEvent>
                  <event key="143820" when-iso="1900-04-15">
                     <desc n="1370">teilgenommen an</desc>
                     <label>Bankett für Ludwig Speidel, 15.4.1900</label>
                     <idno type="URL" subtype="pmb">https://pmb.acdh.oeaw.ac.at/entity/143820/</idno>
                  </event>
                  <event key="46528" when-iso="1909-11-01">
                     <desc n="1370">teilgenommen an</desc>
                     <label>Private Vorlesung von Der junge Medardus, 1.11.1909</label>
                     <idno type="URL" subtype="pmb">https://pmb.acdh.oeaw.ac.at/entity/46528/</idno>
                  </event>
               </listEvent>
               <listBibl>
                  <bibl type="collections" n="5">legalkraus</bibl>
                  <bibl type="collections" n="12">Fackel</bibl>
                  <bibl type="collections" n="16">Bahr Textverzeichnis</bibl>
               </listBibl>
               <note type="references"> </note>
               <figure>
                  <graphic url="https://commons.wikimedia.org/w/index.php?title=Special:Redirect/file/Ludwig%20Speidel%2001.jpg"/>
               </figure>
            </person>
            <person xml:id="pmb12654">
               <persName>
                  <forename>Friedrich von</forename>
                  <surname>Schiller</surname>
               </persName>
               <persName type="legacy-name-merge">Schiller, Friedrich von</persName>
               <birth>
                  <date when-iso="1759-11-10">10.11.1759</date>
                  <settlement key="39585">
                     <placeName type="pref">Marbach am Neckar</placeName>
                     <location>
                        <geo>48,93964 9,25995</geo>
                     </location>
                  </settlement>
               </birth>
               <death>
                  <date when-iso="1805-05-09">09.05.1805</date>
                  <settlement key="197">
                     <placeName type="pref">Weimar</placeName>
                     <location>
                        <geo>50,97361 11,33806</geo>
                     </location>
                  </settlement>
               </death>
               <sex value="male"/>
               <occupation key="90">Schriftsteller/Schriftstellerin</occupation>
               <occupation key="134">Historiker/Historikerin</occupation>
               <occupation key="154">Philosoph/Philosophin</occupation>
               <idno type="URL" subtype="gnd">https://d-nb.info/gnd/118607626</idno>
               <idno type="URL" subtype="schnitzler-tagebuch">https://schnitzler-tagebuch.acdh.oeaw.ac.at/person_19694.html</idno>
               <idno type="URL" subtype="bahr-textverzeichnis">https://bahr-textverzeichnis.acdh.oeaw.ac.at/pmb12654.html</idno>
               <idno type="URL" subtype="schnitzler-bahr">https://schnitzler-bahr.acdh.oeaw.ac.at/pmb12654.html</idno>
               <idno type="URL" subtype="pmb">https://pmb.acdh.oeaw.ac.at/entity/12654/</idno>
               <idno type="URL" subtype="schnitzler-briefe">https://schnitzler-briefe.acdh.oeaw.ac.at/pmb12654.html</idno>
               <idno type="URL" subtype="schnitzler-lektueren">https://schnitzler-lektueren.acdh.oeaw.ac.at/pmb12654.html</idno>
               <idno type="URL" subtype="legalkraus">https://kraus.wienbibliothek.at/register/personen/pmb12654</idno>
               <idno type="URL" subtype="fackel">https://fackel.oeaw.ac.at/?p=fackelp43876</idno>
               <idno type="URL" subtype="dritte-walpurgisnacht">https://kraus1933.ace.oeaw.ac.at/Gesamt.xml?template=register_personen.html&amp;letter=S#DWpers0207</idno>
               <idno type="URL" subtype="wikidata">http://www.wikidata.org/entity/Q22670</idno>
               <idno type="URL" subtype="wikipedia">https://de.wikipedia.org/wiki/Friedrich_Schiller</idno>
               <idno type="URL" subtype="thun-korrespondenz">https://thun-korrespondenz.acdh.oeaw.ac.at/schiller-friedrich.html</idno>
               <idno type="URL" subtype="pmb">https://pmb.acdh.oeaw.ac.at/entity/162088/</idno>
               <idno type="URL" subtype="bahr-tsn">https://bahr-textverzeichnis.acdh.oeaw.ac.at/TSN-listperson.html#pmb12654</idno>
               <idno type="URL" subtype="schnitzler-interviews">https://schnitzler-interviews.acdh.oeaw.ac.at/pmb12654.html</idno>
               <idno type="URL" subtype="hanslick-online">https://hanslick.acdh.oeaw.ac.at/hsl_person_id_248.html</idno>
               <listBibl>
                  <bibl type="collections" n="5">legalkraus</bibl>
                  <bibl type="collections" n="10">Karl Kraus 1933: Dritte Walpurgisnacht</bibl>
                  <bibl type="collections" n="12">Fackel</bibl>
                  <bibl type="collections" n="16">Bahr Textverzeichnis</bibl>
               </listBibl>
               <figure>
                  <graphic url="https://commons.wikimedia.org/w/index.php?title=Special:Redirect/file/Friedrich%20Schiller%20by%20Ludovike%20Simanowiz.jpg"/>
               </figure>
            </person>
            <person xml:id="pmb11617">
               <persName>
                  <forename>Gerhart</forename>
                  <surname>Hauptmann</surname>
               </persName>
               <persName type="legacy-name-merge">Hauptmann, Gerhart</persName>
               <birth>
                  <date when-iso="1862-11-15">15.11.1862</date>
                  <settlement key="64427">
                     <placeName type="pref">Szczawno-Zdrój</placeName>
                     <location>
                        <geo>50,79512 16,22375</geo>
                     </location>
                  </settlement>
               </birth>
               <death>
                  <date when-iso="1946-06-06">06.06.1946</date>
                  <settlement key="735">
                     <placeName type="pref">Agnetendorf</placeName>
                     <location>
                        <geo>50,816944 15,609444</geo>
                     </location>
                  </settlement>
               </death>
               <sex value="male"/>
               <occupation key="90">Schriftsteller/Schriftstellerin</occupation>
               <idno type="URL" subtype="gnd">https://d-nb.info/gnd/118546937</idno>
               <idno type="URL" subtype="schnitzler-bahr">https://schnitzler-bahr.acdh.oeaw.ac.at/pmb11617.html</idno>
               <idno type="URL" subtype="pmb">https://pmb.acdh.oeaw.ac.at/entity/11617/</idno>
               <idno type="URL" subtype="schnitzler-briefe">https://schnitzler-briefe.acdh.oeaw.ac.at/pmb11617.html</idno>
               <idno type="URL" subtype="schnitzler-lektueren">https://schnitzler-lektueren.acdh.oeaw.ac.at/pmb11617.html</idno>
               <idno type="URL" subtype="legalkraus">https://kraus.wienbibliothek.at/register/personen/pmb11617</idno>
               <idno type="URL" subtype="bahr-textverzeichnis">https://bahr-textverzeichnis.acdh.oeaw.ac.at/pmb11617.html</idno>
               <idno type="URL" subtype="fackel">https://fackel.oeaw.ac.at/?p=fackelp44354</idno>
               <idno type="URL" subtype="dritte-walpurgisnacht">https://kraus1933.ace.oeaw.ac.at/Gesamt.xml?template=register_personen.html&amp;letter=H#DWpers0097</idno>
               <idno type="URL" subtype="wikidata">http://www.wikidata.org/entity/Q43523</idno>
               <idno type="URL" subtype="wikipedia">https://de.wikipedia.org/wiki/Gerhart_Hauptmann</idno>
               <idno type="URL" subtype="schnitzler-kino">https://schnitzler-kino.acdh.oeaw.ac.at/pmb11617.html</idno>
               <idno type="URL" subtype="schnitzler-interviews">https://schnitzler-interviews.acdh.oeaw.ac.at/pmb11617.html</idno>
               <idno type="URL" subtype="pmb">https://pmb.acdh.oeaw.ac.at/entity/160417/</idno>
               <idno type="URL" subtype="schnitzler-tagebuch">https://schnitzler-tagebuch.acdh.oeaw.ac.at/person_15980.html</idno>
               <idno type="URL" subtype="bahr-tsn">https://bahr-textverzeichnis.acdh.oeaw.ac.at/TSN-listperson.html#pmb11617</idno>
               <affiliation notBefore-iso="1889-01-01"
                            when-iso="1889-01-01"
                            notAfter-iso="1889-12-31">
                  <term key="1182">arbeitet für</term>
                  <orgName key="29561">Freie Bühne</orgName>
                  <idno type="URL" subtype="pmb">https://pmb.acdh.oeaw.ac.at/entity/29561/</idno>
                  <idno type="URL" subtype="schnitzler-briefe">https://schnitzler-briefe.acdh.oeaw.ac.at/pmb29561.html</idno>
                  <idno type="URL" subtype="wikidata">http://www.wikidata.org/entity/Q1453924</idno>
                  <idno type="URL" subtype="wikipedia">https://de.wikipedia.org/wiki/Freie_B%C3%BChne_Berlin</idno>
               </affiliation>
               <affiliation notBefore-iso="1918-11-01"
                            when-iso="1918-11-01"
                            notAfter-iso="1918-11-30">
                  <term key="1534">unterstützt</term>
                  <orgName key="159040">Demokratischer Volksbund</orgName>
                  <idno type="URL" subtype="pmb">https://pmb.acdh.oeaw.ac.at/entity/159040/</idno>
               </affiliation>
               <listEvent>
                  <event key="92922" when-iso="1894-02-01">
                     <desc n="1370">teilgenommen an</desc>
                     <label>Premiere von L’Assomption de Hannele Mattern, 1.2.1894</label>
                     <idno type="URL" subtype="pmb">https://pmb.acdh.oeaw.ac.at/entity/92922/</idno>
                  </event>
                  <event key="42740" when-iso="1896-10-31">
                     <desc n="1370">teilgenommen an</desc>
                     <label>Generalprobe Freiwild, 31.10.1896</label>
                     <idno type="URL" subtype="pmb">https://pmb.acdh.oeaw.ac.at/entity/42740/</idno>
                  </event>
                  <event key="35176" when-iso="1905-11-25">
                     <desc n="1370">teilgenommen an</desc>
                     <label>Premiere von Zwischenspiel, 25.11.1905</label>
                     <idno type="URL" subtype="pmb">https://pmb.acdh.oeaw.ac.at/entity/35176/</idno>
                  </event>
                  <event key="47517" when-iso="1912-11-17">
                     <desc n="1370">teilgenommen an</desc>
                     <label>Hauptmann-Bankett der Concordia, 17.11.1912</label>
                     <idno type="URL" subtype="pmb">https://pmb.acdh.oeaw.ac.at/entity/47517/</idno>
                  </event>
                  <event key="47534" when-iso="1912-11-17">
                     <desc n="1256">ist Arbeitskraft bei</desc>
                     <label>Lesung von Gerhart Hauptmann, 17.11.1912</label>
                     <idno type="URL" subtype="pmb">https://pmb.acdh.oeaw.ac.at/entity/47534/</idno>
                  </event>
                  <event key="35355" when-iso="1912-11-28">
                     <desc n="1370">teilgenommen an</desc>
                     <label>Uraufführung von Professor Bernhardi, 28.11.1912</label>
                     <idno type="URL" subtype="pmb">https://pmb.acdh.oeaw.ac.at/entity/35355/</idno>
                  </event>
                  <event key="43870" when-iso="1929-12-02">
                     <desc n="1370">teilgenommen an</desc>
                     <label>Generalprobe von Spuk, 2.12.1929</label>
                     <idno type="URL" subtype="pmb">https://pmb.acdh.oeaw.ac.at/entity/43870/</idno>
                  </event>
                  <event key="43865" when-iso="1929-12-03">
                     <desc n="1370">teilgenommen an</desc>
                     <label>Uraufführung von Spuk, 3.12.1929</label>
                     <idno type="URL" subtype="pmb">https://pmb.acdh.oeaw.ac.at/entity/43865/</idno>
                  </event>
               </listEvent>
               <listBibl>
                  <bibl type="collections" n="5">legalkraus</bibl>
                  <bibl type="collections" n="10">Karl Kraus 1933: Dritte Walpurgisnacht</bibl>
                  <bibl type="collections" n="12">Fackel</bibl>
                  <bibl type="collections" n="16">Bahr Textverzeichnis</bibl>
               </listBibl>
               <figure>
                  <graphic url="https://commons.wikimedia.org/w/index.php?title=Special:Redirect/file/Gerhart%20Hauptmann%20nobel.jpg"/>
               </figure>
            </person>
            <person xml:id="pmb11134">
               <persName>
                  <forename>Alphonse</forename>
                  <surname>Daudet</surname>
               </persName>
               <persName type="legacy-name-merge">Daudet, ...</persName>
               <persName type="legacy-name-merge">Daudet, Alphonse</persName>
               <birth>
                  <date when-iso="1840-05-13">13.05.1840</date>
                  <settlement key="54129">
                     <placeName type="pref">Nîmes</placeName>
                     <location>
                        <geo>43,83665 4,35788</geo>
                     </location>
                  </settlement>
               </birth>
               <death>
                  <date when-iso="1897-11-16">16.11.1897</date>
                  <settlement key="182">
                     <placeName type="pref">Paris</placeName>
                     <location>
                        <geo>48,85341 2,3488</geo>
                     </location>
                  </settlement>
               </death>
               <sex value="male"/>
               <occupation key="90">Schriftsteller/Schriftstellerin</occupation>
               <idno type="URL" subtype="gnd">https://d-nb.info/gnd/118523872</idno>
               <idno type="URL" subtype="schnitzler-tagebuch">https://schnitzler-tagebuch.acdh.oeaw.ac.at/person_14359.html</idno>
               <idno type="URL" subtype="schnitzler-bahr">https://schnitzler-bahr.acdh.oeaw.ac.at/pmb11134.html</idno>
               <idno type="URL" subtype="pmb">https://pmb.acdh.oeaw.ac.at/entity/11134/</idno>
               <idno type="URL" subtype="schnitzler-lektueren">https://schnitzler-lektueren.acdh.oeaw.ac.at/pmb11134.html</idno>
               <idno type="URL" subtype="bahr-textverzeichnis">https://bahr-textverzeichnis.acdh.oeaw.ac.at/pmb11134.html</idno>
               <idno type="URL" subtype="fackel">https://fackel.oeaw.ac.at/?p=fackelp38040</idno>
               <idno type="URL" subtype="wikidata">http://www.wikidata.org/entity/Q228546</idno>
               <idno type="URL" subtype="wikipedia">https://de.wikipedia.org/wiki/Alphonse_Daudet</idno>
               <idno type="URL" subtype="pmb">https://pmb.acdh.oeaw.ac.at/entity/120585/</idno>
               <idno type="URL" subtype="gnd">https://d-nb.info/gnd/1052846475</idno>
               <idno type="URL" subtype="schnitzler-kino">https://schnitzler-kino.acdh.oeaw.ac.at/pmb120585.html</idno>
               <idno type="URL" subtype="pmb">https://pmb.acdh.oeaw.ac.at/entity/159733/</idno>
               <idno type="URL" subtype="bahr-tsn">https://bahr-textverzeichnis.acdh.oeaw.ac.at/TSN-listperson.html#pmb11134</idno>
               <idno type="URL" subtype="hanslick-online">https://hanslick.acdh.oeaw.ac.at/hsl_person_id_2755.html</idno>
               <idno type="URL" subtype="schnitzler-interviews">https://schnitzler-interviews.acdh.oeaw.ac.at/pmb11134.html</idno>
               <listBibl>
                  <bibl type="collections" n="12">Fackel</bibl>
                  <bibl type="collections" n="13">No WikiData-ID found</bibl>
                  <bibl type="collections" n="15">Schnitzler-Kino</bibl>
                  <bibl type="collections" n="16">Bahr Textverzeichnis</bibl>
               </listBibl>
               <note type="references"> </note>
               <figure>
                  <graphic url="https://commons.wikimedia.org/w/index.php?title=Special:Redirect/file/Alphonse%20Daudet%202.jpg"/>
               </figure>
            </person>
            <person xml:id="pmb10912">
               <persName>
                  <forename>Anton</forename>
                  <surname>Bettelheim</surname>
               </persName>
               <persName type="legacy-name-merge">Bettelheim, Anton</persName>
               <birth>
                  <date when-iso="1851-11-18">18.11.1851</date>
                  <settlement key="50">
                     <placeName type="pref">Wien</placeName>
                     <location>
                        <geo>48,2066 16,37341</geo>
                     </location>
                  </settlement>
               </birth>
               <death>
                  <date when-iso="1930-03-29">29.03.1930</date>
                  <settlement key="50">
                     <placeName type="pref">Wien</placeName>
                     <location>
                        <geo>48,2066 16,37341</geo>
                     </location>
                  </settlement>
               </death>
               <sex value="male"/>
               <occupation key="100">Kritiker/Kritikerin</occupation>
               <occupation key="213">Lexikograf/Lexikografin</occupation>
               <idno type="URL" subtype="gnd">https://d-nb.info/gnd/116155795</idno>
               <idno type="URL" subtype="schnitzler-tagebuch">https://schnitzler-tagebuch.acdh.oeaw.ac.at/person_13699.html</idno>
               <idno type="URL" subtype="schnitzler-bahr">https://schnitzler-bahr.acdh.oeaw.ac.at/pmb10912.html</idno>
               <idno type="URL" subtype="pmb">https://pmb.acdh.oeaw.ac.at/entity/10912/</idno>
               <idno type="URL" subtype="schnitzler-briefe">https://schnitzler-briefe.acdh.oeaw.ac.at/pmb10912.html</idno>
               <idno type="URL" subtype="schnitzler-lektueren">https://schnitzler-lektueren.acdh.oeaw.ac.at/pmb10912.html</idno>
               <idno type="URL" subtype="legalkraus">https://kraus.wienbibliothek.at/register/personen/pmb10912</idno>
               <idno type="URL" subtype="fackel">https://fackel.oeaw.ac.at/?p=fackelp38334</idno>
               <idno type="URL" subtype="oebl">https://doi.org/10.1553/0x00281012</idno>
               <idno type="URL" subtype="wikidata">http://www.wikidata.org/entity/Q113794</idno>
               <idno type="URL" subtype="wikipedia">https://de.wikipedia.org/wiki/Anton_Bettelheim</idno>
               <idno type="URL" subtype="schnitzler-interviews">https://schnitzler-interviews.acdh.oeaw.ac.at/pmb10912.html</idno>
               <idno type="URL" subtype="bahr-textverzeichnis">https://bahr-textverzeichnis.acdh.oeaw.ac.at/pmb10912.html</idno>
               <idno type="URL" subtype="pmb">https://pmb.acdh.oeaw.ac.at/entity/159380/</idno>
               <idno type="URL" subtype="bahr-tsn">https://bahr-textverzeichnis.acdh.oeaw.ac.at/TSN-listperson.html#pmb10912</idno>
               <affiliation when-iso="1910-04-26">
                  <term key="1534">unterstützt</term>
                  <orgName key="46791">Ebner-Eschenbach-Stiftung</orgName>
                  <idno type="URL" subtype="pmb">https://pmb.acdh.oeaw.ac.at/entity/46791/</idno>
                  <idno type="URL" subtype="schnitzler-briefe">https://schnitzler-briefe.acdh.oeaw.ac.at/pmb46791.html</idno>
               </affiliation>
               <affiliation>
                  <term key="1182">arbeitet für</term>
                  <orgName key="29496">Österreichische Rundschau</orgName>
                  <idno type="URL" subtype="schnitzler-bahr">https://schnitzler-bahr.acdh.oeaw.ac.at/pmb29496.html</idno>
                  <idno type="URL" subtype="pmb">https://pmb.acdh.oeaw.ac.at/entity/29496/</idno>
                  <idno type="URL" subtype="schnitzler-briefe">https://schnitzler-briefe.acdh.oeaw.ac.at/pmb29496.html</idno>
               </affiliation>
               <listEvent>
                  <event key="41414" when-iso="1896-05-23">
                     <desc n="1370">teilgenommen an</desc>
                     <label>Premiere von Der Zerrissene, 23.5.1896</label>
                     <idno type="URL" subtype="pmb">https://pmb.acdh.oeaw.ac.at/entity/41414/</idno>
                  </event>
               </listEvent>
               <listBibl>
                  <bibl type="collections" n="5">legalkraus</bibl>
                  <bibl type="collections" n="11">ÖBL nach 1850 geboren</bibl>
                  <bibl type="collections" n="12">Fackel</bibl>
                  <bibl type="collections" n="16">Bahr Textverzeichnis</bibl>
               </listBibl>
               <figure>
                  <graphic url="https://commons.wikimedia.org/w/index.php?title=Special:Redirect/file/Anton%20Bettelheim.jpg"/>
               </figure>
            </person>
            <person xml:id="pmb10772">
               <persName>
                  <forename>Ludwig</forename>
                  <surname>Anzengruber</surname>
               </persName>
               <persName type="legacy-name-merge">Anzengruber, Ludwig</persName>
               <birth>
                  <date when-iso="1839-11-29">29.11.1839</date>
                  <settlement key="50">
                     <placeName type="pref">Wien</placeName>
                     <location>
                        <geo>48,2066 16,37341</geo>
                     </location>
                  </settlement>
               </birth>
               <death>
                  <date when-iso="1889-12-10">10.12.1889</date>
                  <settlement key="50">
                     <placeName type="pref">Wien</placeName>
                     <location>
                        <geo>48,2066 16,37341</geo>
                     </location>
                  </settlement>
               </death>
               <sex value="male"/>
               <occupation key="90">Schriftsteller/Schriftstellerin</occupation>
               <idno type="URL" subtype="gnd">https://d-nb.info/gnd/11850357X</idno>
               <idno type="URL" subtype="schnitzler-tagebuch">https://schnitzler-tagebuch.acdh.oeaw.ac.at/person_13237.html</idno>
               <idno type="URL" subtype="bahr-textverzeichnis">https://bahr-textverzeichnis.acdh.oeaw.ac.at/pmb10772.html</idno>
               <idno type="URL" subtype="schnitzler-bahr">https://schnitzler-bahr.acdh.oeaw.ac.at/pmb10772.html</idno>
               <idno type="URL" subtype="pmb">https://pmb.acdh.oeaw.ac.at/entity/10772/</idno>
               <idno type="URL" subtype="schnitzler-briefe">https://schnitzler-briefe.acdh.oeaw.ac.at/pmb10772.html</idno>
               <idno type="URL" subtype="schnitzler-lektueren">https://schnitzler-lektueren.acdh.oeaw.ac.at/pmb10772.html</idno>
               <idno type="URL" subtype="fackel">https://fackel.oeaw.ac.at/?p=fackelp49273</idno>
               <idno type="URL" subtype="wikidata">http://www.wikidata.org/entity/Q93718</idno>
               <idno type="URL" subtype="wikipedia">https://de.wikipedia.org/wiki/Ludwig_Anzengruber</idno>
               <idno type="URL" subtype="oebl">https://doi.org/10.1553/0x00280e6b</idno>
               <idno type="URL" subtype="schnitzler-kino">https://schnitzler-kino.acdh.oeaw.ac.at/pmb10772.html</idno>
               <idno type="URL" subtype="schnitzler-interviews">https://schnitzler-interviews.acdh.oeaw.ac.at/pmb10772.html</idno>
               <idno type="URL" subtype="pmb">https://pmb.acdh.oeaw.ac.at/entity/159135/</idno>
               <idno type="URL" subtype="bahr-tsn">https://bahr-textverzeichnis.acdh.oeaw.ac.at/TSN-listperson.html#pmb10772</idno>
               <idno type="URL" subtype="hanslick-online">https://hanslick.acdh.oeaw.ac.at/hsl_person_id_2464.html</idno>
               <listBibl>
                  <bibl type="collections" n="12">Fackel</bibl>
                  <bibl type="collections" n="16">Bahr Textverzeichnis</bibl>
               </listBibl>
               <note type="references"> </note>
               <figure>
                  <graphic url="https://commons.wikimedia.org/w/index.php?title=Special:Redirect/file/Ludwig%20Anzengruber.jpg"/>
               </figure>
            </person>
            <person xml:id="pmb12899">
               <persName>
                  <forename>Hermann</forename>
                  <surname>Sudermann</surname>
               </persName>
               <persName type="legacy-name-merge">Sudermann, Hermann</persName>
               <birth>
                  <date when-iso="1857-09-30">30.09.1857</date>
                  <settlement key="58616">
                     <placeName type="pref">Macikai</placeName>
                     <location>
                        <geo>55,35468 21,52004</geo>
                     </location>
                  </settlement>
               </birth>
               <death>
                  <date when-iso="1928-11-21">21.11.1928</date>
                  <settlement key="168">
                     <placeName type="pref">Berlin</placeName>
                     <location>
                        <geo>52,52437 13,41053</geo>
                     </location>
                  </settlement>
               </death>
               <sex value="male"/>
               <occupation key="90">Schriftsteller/Schriftstellerin</occupation>
               <idno type="URL" subtype="gnd">https://d-nb.info/gnd/118619853</idno>
               <idno type="URL" subtype="schnitzler-tagebuch">https://schnitzler-tagebuch.acdh.oeaw.ac.at/person_20563.html</idno>
               <idno type="URL" subtype="schnitzler-bahr">https://schnitzler-bahr.acdh.oeaw.ac.at/pmb12899.html</idno>
               <idno type="URL" subtype="pmb">https://pmb.acdh.oeaw.ac.at/entity/12899/</idno>
               <idno type="URL" subtype="schnitzler-briefe">https://schnitzler-briefe.acdh.oeaw.ac.at/pmb12899.html</idno>
               <idno type="URL" subtype="schnitzler-lektueren">https://schnitzler-lektueren.acdh.oeaw.ac.at/pmb12899.html</idno>
               <idno type="URL" subtype="bahr-textverzeichnis">https://bahr-textverzeichnis.acdh.oeaw.ac.at/pmb12899.html</idno>
               <idno type="URL" subtype="fackel">https://fackel.oeaw.ac.at/?p=fackelp45949</idno>
               <idno type="URL" subtype="wikidata">http://www.wikidata.org/entity/Q65448</idno>
               <idno type="URL" subtype="wikipedia">https://de.wikipedia.org/wiki/Hermann_Sudermann</idno>
               <idno type="URL" subtype="schnitzler-kino">https://schnitzler-kino.acdh.oeaw.ac.at/pmb12899.html</idno>
               <idno type="URL" subtype="schnitzler-interviews">https://schnitzler-interviews.acdh.oeaw.ac.at/pmb12899.html</idno>
               <idno type="URL" subtype="pmb">https://pmb.acdh.oeaw.ac.at/entity/162450/</idno>
               <idno type="URL" subtype="bahr-tsn">https://bahr-textverzeichnis.acdh.oeaw.ac.at/TSN-listperson.html#pmb12899</idno>
               <idno type="URL" subtype="hanslick-online">https://hanslick.acdh.oeaw.ac.at/hsl_person_id_3855.html</idno>
               <affiliation>
                  <term key="1182">arbeitet für</term>
                  <orgName key="29329">Berliner Tageblatt</orgName>
                  <idno type="URL" subtype="schnitzler-bahr">https://schnitzler-bahr.acdh.oeaw.ac.at/pmb29329.html</idno>
                  <idno type="URL" subtype="pmb">https://pmb.acdh.oeaw.ac.at/entity/29329/</idno>
                  <idno type="URL" subtype="schnitzler-briefe">https://schnitzler-briefe.acdh.oeaw.ac.at/pmb29329.html</idno>
                  <idno type="URL" subtype="legalkraus">https://kraus.wienbibliothek.at/register/institutionen/pmb29329</idno>
                  <idno type="URL" subtype="wikidata">http://www.wikidata.org/entity/Q455014</idno>
                  <idno type="URL" subtype="wikipedia">https://de.wikipedia.org/wiki/Berliner_Tageblatt</idno>
                  <idno type="URL" subtype="schnitzler-interviews">https://schnitzler-interviews.acdh.oeaw.ac.at/pmb29329.html</idno>
               </affiliation>
               <listEvent>
                  <event key="42992" when-iso="1893-01-10">
                     <desc n="1370">teilgenommen an</desc>
                     <label>Privataufführung von Frage an das Schicksal, 10.1.1893</label>
                     <idno type="URL" subtype="pmb">https://pmb.acdh.oeaw.ac.at/entity/42992/</idno>
                  </event>
               </listEvent>
               <listBibl>
                  <bibl type="collections" n="12">Fackel</bibl>
                  <bibl type="collections" n="16">Bahr Textverzeichnis</bibl>
               </listBibl>
               <note type="references"> </note>
               <figure>
                  <graphic url="https://commons.wikimedia.org/w/index.php?title=Special:Redirect/file/Nicola%20Perscheid%20-%20Hermann%20Sudermann%20nach%201925.jpg"/>
               </figure>
            </person>
            <person xml:id="pmb10986">
               <persName>
                  <forename>Otto</forename>
                  <surname>Brahm</surname>
               </persName>
               <persName type="person_geburtsname_nachname">Abrahamson</persName>
               <persName type="legacy-name-merge">Brahm, Otto</persName>
               <birth>
                  <date when-iso="1856-02-05">05.02.1856</date>
                  <settlement key="506">
                     <placeName type="pref">Hamburg</placeName>
                     <location>
                        <geo>53,57532 10,01534</geo>
                     </location>
                  </settlement>
               </birth>
               <death>
                  <date when-iso="1912-11-28">28.11.1912</date>
                  <settlement key="168">
                     <placeName type="pref">Berlin</placeName>
                     <location>
                        <geo>52,52437 13,41053</geo>
                     </location>
                  </settlement>
               </death>
               <sex value="male"/>
               <occupation key="103">Theaterleiter/Theaterleiterin</occupation>
               <occupation key="104">Regisseur/Regisseurin</occupation>
               <idno type="URL" subtype="gnd">https://d-nb.info/gnd/118514245</idno>
               <idno type="URL" subtype="schnitzler-tagebuch">https://schnitzler-tagebuch.acdh.oeaw.ac.at/person_13913.html</idno>
               <idno type="URL" subtype="schnitzler-bahr">https://schnitzler-bahr.acdh.oeaw.ac.at/pmb10986.html</idno>
               <idno type="URL" subtype="pmb">https://pmb.acdh.oeaw.ac.at/entity/10986/</idno>
               <idno type="URL" subtype="schnitzler-briefe">https://schnitzler-briefe.acdh.oeaw.ac.at/pmb10986.html</idno>
               <idno type="URL" subtype="schnitzler-lektueren">https://schnitzler-lektueren.acdh.oeaw.ac.at/pmb10986.html</idno>
               <idno type="URL" subtype="legalkraus">https://kraus.wienbibliothek.at/register/personen/pmb10986</idno>
               <idno type="URL" subtype="bahr-textverzeichnis">https://bahr-textverzeichnis.acdh.oeaw.ac.at/pmb10986.html</idno>
               <idno type="URL" subtype="fackel">https://fackel.oeaw.ac.at/?p=fackelp50936</idno>
               <idno type="URL" subtype="wikidata">http://www.wikidata.org/entity/Q71903</idno>
               <idno type="URL" subtype="wikipedia">https://de.wikipedia.org/wiki/Otto_Brahm</idno>
               <idno type="URL" subtype="schnitzler-interviews">https://schnitzler-interviews.acdh.oeaw.ac.at/pmb10986.html</idno>
               <idno type="URL" subtype="pmb">https://pmb.acdh.oeaw.ac.at/entity/159461/</idno>
               <idno type="URL" subtype="bahr-tsn">https://bahr-textverzeichnis.acdh.oeaw.ac.at/TSN-listperson.html#pmb10986</idno>
               <affiliation when-iso="1889-04-05">
                  <term key="1182">arbeitet für</term>
                  <orgName key="29561">Freie Bühne</orgName>
                  <idno type="URL" subtype="pmb">https://pmb.acdh.oeaw.ac.at/entity/29561/</idno>
                  <idno type="URL" subtype="schnitzler-briefe">https://schnitzler-briefe.acdh.oeaw.ac.at/pmb29561.html</idno>
                  <idno type="URL" subtype="wikidata">http://www.wikidata.org/entity/Q1453924</idno>
                  <idno type="URL" subtype="wikipedia">https://de.wikipedia.org/wiki/Freie_B%C3%BChne_Berlin</idno>
               </affiliation>
               <affiliation notBefore-iso="1894-01-01"
                            when-iso="1894-01-01"
                            notAfter-iso="1894-12-31">
                  <term key="1182">arbeitet für</term>
                  <orgName key="35597">Deutsches Theater Berlin</orgName>
                  <idno type="URL" subtype="wikidata">http://www.wikidata.org/entity/Q703955</idno>
                  <idno type="URL" subtype="gnd">https://d-nb.info/gnd/4058252-8</idno>
                  <idno type="URL" subtype="pmb">https://pmb.acdh.oeaw.ac.at/entity/35597/</idno>
                  <idno type="URL" subtype="schnitzler-briefe">https://schnitzler-briefe.acdh.oeaw.ac.at/pmb35597.html</idno>
                  <idno type="URL" subtype="legalkraus">https://kraus.wienbibliothek.at/register/institutionen/pmb35597</idno>
                  <idno type="URL" subtype="wikipedia">https://de.wikipedia.org/wiki/Deutsches_Theater_Berlin</idno>
                  <idno type="URL" subtype="schnitzler-interviews">https://schnitzler-interviews.acdh.oeaw.ac.at/pmb35597.html</idno>
               </affiliation>
               <affiliation when-iso="1904-07-01">
                  <term key="1182">arbeitet für</term>
                  <orgName key="35053">Lessing-Theater</orgName>
                  <idno type="URL" subtype="pmb">https://pmb.acdh.oeaw.ac.at/entity/35053/</idno>
                  <idno type="URL" subtype="schnitzler-briefe">https://schnitzler-briefe.acdh.oeaw.ac.at/pmb35053.html</idno>
                  <idno type="URL" subtype="legalkraus">https://kraus.wienbibliothek.at/register/institutionen/pmb35053</idno>
                  <idno type="URL" subtype="schnitzler-interviews">https://schnitzler-interviews.acdh.oeaw.ac.at/pmb35053.html</idno>
                  <idno type="URL" subtype="wikidata">http://www.wikidata.org/entity/Q261757</idno>
                  <idno type="URL" subtype="wikipedia">https://de.wikipedia.org/wiki/Lessingtheater_(Berlin)</idno>
               </affiliation>
               <listEvent>
                  <event key="43326" when-iso="1896-01-31">
                     <desc n="1256">ist Arbeitskraft bei</desc>
                     <label>Probe Liebelei, 31.1.1896</label>
                     <idno type="URL" subtype="pmb">https://pmb.acdh.oeaw.ac.at/entity/43326/</idno>
                  </event>
                  <event key="35206" when-iso="1896-02-04">
                     <desc n="1370">teilgenommen an</desc>
                     <label>Premiere von Liebelei und Der zerbrochene Krug, 4.2.1896</label>
                     <idno type="URL" subtype="pmb">https://pmb.acdh.oeaw.ac.at/entity/35206/</idno>
                  </event>
                  <event key="41414" when-iso="1896-05-23">
                     <desc n="1370">teilgenommen an</desc>
                     <label>Premiere von Der Zerrissene, 23.5.1896</label>
                     <idno type="URL" subtype="pmb">https://pmb.acdh.oeaw.ac.at/entity/41414/</idno>
                  </event>
                  <event key="43387" when-iso="1896-10-17">
                     <desc n="1370">teilgenommen an</desc>
                     <label>Premiere von Die Mütter, 17.10.1896</label>
                     <idno type="URL" subtype="pmb">https://pmb.acdh.oeaw.ac.at/entity/43387/</idno>
                  </event>
                  <event key="143068" when-iso="1898-10-04">
                     <desc n="1370">teilgenommen an</desc>
                     <label>Aufführung von Cyrano von Bergerac, 4.10.1898</label>
                     <idno type="URL" subtype="pmb">https://pmb.acdh.oeaw.ac.at/entity/143068/</idno>
                  </event>
                  <event key="35382" when-iso="1898-10-08">
                     <desc n="1370">teilgenommen an</desc>
                     <label>Uraufführung von Das Vermächtnis, 8.10.1898</label>
                     <idno type="URL" subtype="pmb">https://pmb.acdh.oeaw.ac.at/entity/35382/</idno>
                  </event>
                  <event key="35479" when-iso="1899-03-01">
                     <desc n="1370">teilgenommen an</desc>
                     <label>Uraufführung von Der grüne Kakadu – Paracelsus – Die Gefährtin. Drei
                           Einakter, 1.3.1899</label>
                     <idno type="URL" subtype="pmb">https://pmb.acdh.oeaw.ac.at/entity/35479/</idno>
                  </event>
                  <event key="43926" when-iso="1899-03-18">
                     <desc n="1256">ist Arbeitskraft bei</desc>
                     <label>Berliner Uraufführung Der Abenteurer und die Sängerin und Die
                           Hochzeit der Sobeide, 18.3.1899</label>
                     <idno type="URL" subtype="pmb">https://pmb.acdh.oeaw.ac.at/entity/43926/</idno>
                  </event>
                  <event key="35482" when-iso="1899-04-29">
                     <desc n="1256">ist Arbeitskraft bei</desc>
                     <label>Premiere von Der grüne Kakadu – Paracelsus – Die Gefährtin. Drei
                           Einakter, 29.4.1899</label>
                     <idno type="URL" subtype="pmb">https://pmb.acdh.oeaw.ac.at/entity/35482/</idno>
                  </event>
                  <event key="141501" when-iso="1899-10-07">
                     <desc n="1370">teilgenommen an</desc>
                     <label>Private Lesung von Der Schleier der Beatrice, 7. 10. 1899</label>
                     <idno type="URL" subtype="pmb">https://pmb.acdh.oeaw.ac.at/entity/141501/</idno>
                  </event>
                  <event key="35149" when-iso="1901-11-08">
                     <desc n="1370">teilgenommen an</desc>
                     <label>Uraufführung von Der Apostel, 8.11.1901</label>
                     <idno type="URL" subtype="pmb">https://pmb.acdh.oeaw.ac.at/entity/35149/</idno>
                  </event>
                  <event key="35107" when-iso="1902-05-06">
                     <desc n="1256">ist Arbeitskraft bei</desc>
                     <label>Premiere von Lebendige Stunden, 6.5.1902</label>
                     <idno type="URL" subtype="pmb">https://pmb.acdh.oeaw.ac.at/entity/35107/</idno>
                  </event>
                  <event key="35272" when-iso="1904-02-03">
                     <desc n="1256">ist Arbeitskraft bei</desc>
                     <label>Uraufführung von Der einsame Weg, 13.2.1904</label>
                     <idno type="URL" subtype="pmb">https://pmb.acdh.oeaw.ac.at/entity/35272/</idno>
                  </event>
                  <event key="35176" when-iso="1905-11-25">
                     <desc n="1370">teilgenommen an</desc>
                     <label>Premiere von Zwischenspiel, 25.11.1905</label>
                     <idno type="URL" subtype="pmb">https://pmb.acdh.oeaw.ac.at/entity/35176/</idno>
                  </event>
                  <event key="145637" when-iso="1905-11-26">
                     <desc n="1370">teilgenommen an</desc>
                     <label>Aufführung von Zwischenspiel, 26.11.1905</label>
                     <idno type="URL" subtype="pmb">https://pmb.acdh.oeaw.ac.at/entity/145637/</idno>
                  </event>
                  <event key="35179" when-iso="1906-02-24">
                     <desc n="1256">ist Arbeitskraft bei</desc>
                     <label>Premiere von Der Ruf des Lebens, 24.2.1906</label>
                     <idno type="URL" subtype="pmb">https://pmb.acdh.oeaw.ac.at/entity/35179/</idno>
                  </event>
                  <event key="147446" when-iso="1906-04-19">
                     <desc n="1256">ist Arbeitskraft bei</desc>
                     <label>Aufführung von Der einsame Weg, 19.4.1906</label>
                     <idno type="URL" subtype="pmb">https://pmb.acdh.oeaw.ac.at/entity/147446/</idno>
                  </event>
               </listEvent>
               <listBibl>
                  <bibl type="collections" n="5">legalkraus</bibl>
                  <bibl type="collections" n="12">Fackel</bibl>
                  <bibl type="collections" n="16">Bahr Textverzeichnis</bibl>
               </listBibl>
               <figure>
                  <graphic url="https://commons.wikimedia.org/w/index.php?title=Special:Redirect/file/Otto%20brahm%20critic%201905.jpg"/>
               </figure>
            </person>
            <person xml:id="pmb20428">
               <persName>
                  <forename>Rudolf von</forename>
                  <surname>Liechtenstein</surname>
               </persName>
               <birth>
                  <date when-iso="1838-04-18">18.04.1838</date>
                  <settlement key="50">
                     <placeName type="pref">Wien</placeName>
                     <location>
                        <geo>48,2066 16,37341</geo>
                     </location>
                  </settlement>
               </birth>
               <death>
                  <date when-iso="1908-12-15">15.12.1908</date>
                  <settlement key="39631">
                     <placeName type="pref">Český Krumlov</placeName>
                     <location>
                        <geo>48,81091 14,31521</geo>
                     </location>
                  </settlement>
               </death>
               <sex value="male"/>
               <occupation key="715">Theaterdirektor/Theaterdirektorin</occupation>
               <idno type="URL" subtype="schnitzler-tagebuch">https://schnitzler-tagebuch.acdh.oeaw.ac.at/person_17529.html</idno>
               <idno type="URL" subtype="pmb">https://pmb.acdh.oeaw.ac.at/entity/20428/</idno>
               <idno type="URL" subtype="bahr-textverzeichnis">https://bahr-textverzeichnis.acdh.oeaw.ac.at/pmb20428.html</idno>
            </person>
            <person xml:id="pmb4200">
               <persName>
                  <forename>Babette</forename>
                  <surname>Reinhold</surname>
               </persName>
               <persName type="person_geburtsname_nachname">Maasch</persName>
               <persName type="person_ehename_nachname">Devrient</persName>
               <persName type="legacy-name-merge">Reinhold-Devrient, Babette</persName>
               <persName type="legacy-name-merge">Reinhold, Babette</persName>
               <birth>
                  <date when-iso="1863-10-30">30.10.1863</date>
                  <settlement key="890">
                     <placeName type="pref">Hannover</placeName>
                     <location>
                        <geo>52,37052 9,73322</geo>
                     </location>
                  </settlement>
               </birth>
               <death>
                  <date when-iso="1940-06-13">13.06.1940</date>
                  <settlement key="50">
                     <placeName type="pref">Wien</placeName>
                     <location>
                        <geo>48,2066 16,37341</geo>
                     </location>
                  </settlement>
               </death>
               <sex value="female"/>
               <occupation key="105">Schauspieler/Schauspielerin</occupation>
               <idno type="URL" subtype="gnd">https://d-nb.info/gnd/116089237</idno>
               <idno type="URL" subtype="schnitzler-tagebuch">https://schnitzler-tagebuch.acdh.oeaw.ac.at/person_19157.html</idno>
               <idno type="URL" subtype="schnitzler-bahr">https://schnitzler-bahr.acdh.oeaw.ac.at/pmb4200.html</idno>
               <idno type="URL" subtype="pmb">https://pmb.acdh.oeaw.ac.at/entity/4200/</idno>
               <idno type="URL" subtype="pmb">https://pmb.acdh.oeaw.ac.at/entity/23221/</idno>
               <idno type="URL" subtype="schnitzler-briefe">https://schnitzler-briefe.acdh.oeaw.ac.at/pmb4200.html</idno>
               <idno type="URL" subtype="oebl">https://doi.org/10.1553/0x002812d5</idno>
               <idno type="URL" subtype="fackel">https://fackel.oeaw.ac.at/?p=fackelp52097</idno>
               <idno type="URL" subtype="wikidata">http://www.wikidata.org/entity/Q797650</idno>
               <idno type="URL" subtype="wikipedia">https://de.wikipedia.org/wiki/Babette_Reinhold</idno>
               <idno type="URL" subtype="pmb">https://pmb.acdh.oeaw.ac.at/entity/161835/</idno>
               <idno type="URL" subtype="bahr-tsn">https://bahr-textverzeichnis.acdh.oeaw.ac.at/TSN-listperson.html#pmb4200</idno>
               <idno type="URL" subtype="bahr-textverzeichnis">https://bahr-textverzeichnis.acdh.oeaw.ac.at/pmb4200.html</idno>
               <affiliation notBefore-iso="1887-01-01"
                            when-iso="1887-01-01"
                            notAfter-iso="1887-12-31">
                  <term key="1182">arbeitet für</term>
                  <orgName key="36247">Burgtheater</orgName>
                  <idno type="URL" subtype="gnd">https://d-nb.info/gnd/38633-9</idno>
                  <idno type="URL" subtype="pmb">https://pmb.acdh.oeaw.ac.at/entity/36247/</idno>
                  <idno type="URL" subtype="schnitzler-briefe">https://schnitzler-briefe.acdh.oeaw.ac.at/pmb36247.html</idno>
                  <idno type="URL" subtype="legalkraus">https://kraus.wienbibliothek.at/register/institutionen/pmb36247</idno>
                  <idno type="URL" subtype="wikidata">http://www.wikidata.org/entity/Q308720</idno>
                  <idno type="URL" subtype="wikipedia">https://de.wikipedia.org/wiki/Burgtheater</idno>
                  <idno type="URL" subtype="schnitzler-interviews">https://schnitzler-interviews.acdh.oeaw.ac.at/pmb36247.html</idno>
               </affiliation>
               <listEvent>
                  <event key="42439" when-iso="1895-11-11">
                     <desc n="1256">ist Arbeitskraft bei</desc>
                     <label>Uraufführung von Das Glück im Winkel, 11.11.1895</label>
                     <idno type="URL" subtype="pmb">https://pmb.acdh.oeaw.ac.at/entity/42439/</idno>
                  </event>
                  <event key="88534" when-iso="1911-10-14">
                     <desc n="1256">ist Arbeitskraft bei</desc>
                     <label>Premiere von Das weite Land, 14.10.1911 [I.]</label>
                     <idno type="URL" subtype="pmb">https://pmb.acdh.oeaw.ac.at/entity/35364/</idno>
                     <idno type="URL" subtype="pmb">https://pmb.acdh.oeaw.ac.at/entity/88534/</idno>
                  </event>
               </listEvent>
               <listBibl>
                  <bibl type="collections" n="11">ÖBL nach 1850 geboren</bibl>
                  <bibl type="collections" n="12">Fackel</bibl>
                  <bibl type="collections" n="16">Bahr Textverzeichnis</bibl>
               </listBibl>
               <note type="references">None </note>
               <figure>
                  <graphic url="https://commons.wikimedia.org/w/index.php?title=Special:Redirect/file/Fr%C3%A4ulein%20Babette%20Reinhold%201887%20Carl%20von%20Stur.png"/>
               </figure>
            </person>
            <person xml:id="pmb13082">
               <persName>
                  <forename>Carl</forename>
                  <surname>Karlweis</surname>
               </persName>
               <persName type="person_pseudonym">C. Karlweis</persName>
               <persName type="person_geburtsname_vorname">Carl</persName>
               <persName type="person_geburtsname_nachname">Weiß</persName>
               <persName type="legacy-name-merge">Karlweis, C.</persName>
               <birth>
                  <date when-iso="1850-11-23">23.11.1850</date>
                  <settlement key="50">
                     <placeName type="pref">Wien</placeName>
                     <location>
                        <geo>48,2066 16,37341</geo>
                     </location>
                  </settlement>
               </birth>
               <death>
                  <date when-iso="1901-10-27">27.10.1901</date>
                  <settlement key="50">
                     <placeName type="pref">Wien</placeName>
                     <location>
                        <geo>48,2066 16,37341</geo>
                     </location>
                  </settlement>
               </death>
               <sex value="male"/>
               <occupation key="90">Schriftsteller/Schriftstellerin</occupation>
               <idno type="URL" subtype="gnd">https://d-nb.info/gnd/117302996</idno>
               <idno type="URL" subtype="schnitzler-tagebuch">https://schnitzler-tagebuch.acdh.oeaw.ac.at/person_16730.html</idno>
               <idno type="URL" subtype="schnitzler-bahr">https://schnitzler-bahr.acdh.oeaw.ac.at/pmb13082.html</idno>
               <idno type="URL" subtype="pmb">https://pmb.acdh.oeaw.ac.at/entity/13082/</idno>
               <idno type="URL" subtype="schnitzler-briefe">https://schnitzler-briefe.acdh.oeaw.ac.at/pmb13082.html</idno>
               <idno type="URL" subtype="schnitzler-lektueren">https://schnitzler-lektueren.acdh.oeaw.ac.at/pmb13082.html</idno>
               <idno type="URL" subtype="bahr-textverzeichnis">https://bahr-textverzeichnis.acdh.oeaw.ac.at/pmb13082.html</idno>
               <idno type="URL" subtype="oebl">https://doi.org/10.1553/0x003afca6</idno>
               <idno type="URL" subtype="fackel">https://fackel.oeaw.ac.at/?p=fackelp39668</idno>
               <idno type="URL" subtype="wikidata">http://www.wikidata.org/entity/Q735989</idno>
               <idno type="URL" subtype="wikipedia">https://de.wikipedia.org/wiki/Carl_Karlweis</idno>
               <idno type="URL" subtype="schnitzler-kino">https://schnitzler-kino.acdh.oeaw.ac.at/pmb13082.html</idno>
               <idno type="URL" subtype="schnitzler-interviews">https://schnitzler-interviews.acdh.oeaw.ac.at/pmb13082.html</idno>
               <idno type="URL" subtype="pmb">https://pmb.acdh.oeaw.ac.at/entity/160755/</idno>
               <idno type="URL" subtype="bahr-tsn">https://bahr-textverzeichnis.acdh.oeaw.ac.at/TSN-listperson.html#pmb160755</idno>
               <affiliation when-iso="1899-03-27">
                  <term key="1153">in Bezug zu</term>
                  <orgName key="29675">Bauernfeld-Preis</orgName>
                  <idno type="URL" subtype="schnitzler-bahr">https://schnitzler-bahr.acdh.oeaw.ac.at/pmb29675.html</idno>
                  <idno type="URL" subtype="pmb">https://pmb.acdh.oeaw.ac.at/entity/29675/</idno>
                  <idno type="URL" subtype="schnitzler-briefe">https://schnitzler-briefe.acdh.oeaw.ac.at/pmb29675.html</idno>
                  <idno type="URL" subtype="legalkraus">https://kraus.wienbibliothek.at/register/institutionen/pmb29675</idno>
                  <idno type="URL" subtype="wikidata">http://www.wikidata.org/entity/Q811248</idno>
                  <idno type="URL" subtype="wikipedia">https://de.wikipedia.org/wiki/Bauernfeld-Preis</idno>
                  <idno type="URL" subtype="schnitzler-interviews">https://schnitzler-interviews.acdh.oeaw.ac.at/pmb29675.html</idno>
               </affiliation>
               <listEvent>
                  <event key="59292" when-iso="1897-03-28">
                     <desc n="1370">teilgenommen an</desc>
                     <label>Lesung von Hirschfeld, Hofmannsthal, Schnitzler und Bahr,
                           28.3.1897</label>
                     <idno type="URL" subtype="pmb">https://pmb.acdh.oeaw.ac.at/entity/59292/</idno>
                  </event>
               </listEvent>
               <listBibl>
                  <bibl type="collections" n="11">ÖBL nach 1850 geboren</bibl>
                  <bibl type="collections" n="12">Fackel</bibl>
                  <bibl type="collections" n="16">Bahr Textverzeichnis</bibl>
               </listBibl>
               <note type="references"> </note>
               <figure>
                  <graphic url="https://commons.wikimedia.org/w/index.php?title=Special:Redirect/file/CarlKarlweiss.jpg"/>
               </figure>
            </person>
            <person xml:id="pmb156768">
               <persName>
                  <forename>Franz</forename>
                  <surname>Wetschl</surname>
               </persName>
               <birth>
                  <date notBefore-iso="1850-01-01"
                        when-iso="1850-01-01"
                        notAfter-iso="1850-12-31">1850</date>
               </birth>
               <sex value="not-set"/>
               <idno type="URL" subtype="bahr-textverzeichnis">https://bahr-textverzeichnis.acdh.oeaw.ac.at/pmb156768.html</idno>
               <idno type="URL" subtype="pmb">https://pmb.acdh.oeaw.ac.at/entity/156768/</idno>
               <listBibl>
                  <bibl type="collections" n="16">Bahr Textverzeichnis</bibl>
               </listBibl>
            </person>
            <person xml:id="pmb3028">
               <persName>
                  <forename>August von</forename>
                  <surname>Plappart-Leenherr</surname>
               </persName>
               <persName type="legacy-name-merge">Plappart-Leenheer, August von</persName>
               <birth>
                  <date when-iso="1836-02-21">21.2.1836</date>
                  <settlement key="50">
                     <placeName type="pref">Wien</placeName>
                     <location>
                        <geo>48,2066 16,37341</geo>
                     </location>
                  </settlement>
               </birth>
               <death>
                  <date when-iso="1907-07-18">18.7.1907</date>
                  <settlement key="34401">
                     <placeName type="pref">Altaussee</placeName>
                     <location>
                        <geo>47,6698 13,78453</geo>
                     </location>
                  </settlement>
               </death>
               <sex value="male"/>
               <occupation key="102">Rechtswissenschaftler/Rechtswissenschaftlerin</occupation>
               <idno type="URL" subtype="gnd">https://d-nb.info/gnd/116205725</idno>
               <idno type="URL" subtype="schnitzler-bahr">https://schnitzler-bahr.acdh.oeaw.ac.at/pmb3028.html</idno>
               <idno type="URL" subtype="pmb">https://pmb.acdh.oeaw.ac.at/entity/3028/</idno>
               <idno type="URL" subtype="gnd">https://d-nb.info/gnd/1026198674</idno>
               <idno type="URL" subtype="wikidata">http://www.wikidata.org/entity/Q60820002</idno>
               <idno type="URL" subtype="oebl">https://doi.org/10.1553/0x00283e61</idno>
               <idno type="URL" subtype="fackel">https://fackel.oeaw.ac.at/?p=fackelp51529</idno>
               <idno type="URL" subtype="bahr-textverzeichnis">https://bahr-textverzeichnis.acdh.oeaw.ac.at/pmb3028.html</idno>
               <idno type="URL" subtype="schnitzler-tagebuch">https://schnitzler-tagebuch.acdh.oeaw.ac.at/person_18825.html</idno>
               <listBibl>
                  <bibl type="collections" n="12">Fackel</bibl>
                  <bibl type="collections" n="14">Kein deutscher Wikipedia-Eintrag
                        gefunden</bibl>
                  <bibl type="collections" n="16">Bahr Textverzeichnis</bibl>
                  <bibl type="collections" n="22">No german Wikipedia-Site found</bibl>
               </listBibl>
            </person>
            <person xml:id="pmb156767">
               <persName>
                  <forename>Josef Freiherr von</forename>
                  <surname>Bezency</surname>
               </persName>
               <birth>
                  <date notBefore-iso="1897-01-01"
                        when-iso="1897-01-01"
                        notAfter-iso="1897-12-31">1897</date>
               </birth>
               <death>
                  <date when-iso="1904-01-01" notAfter-iso="1904-12-31">1904</date>
               </death>
               <sex value="not-set"/>
               <idno type="URL" subtype="bahr-textverzeichnis">https://bahr-textverzeichnis.acdh.oeaw.ac.at/pmb156767.html</idno>
               <idno type="URL" subtype="pmb">https://pmb.acdh.oeaw.ac.at/entity/156767/</idno>
               <listBibl>
                  <bibl type="collections" n="16">Bahr Textverzeichnis</bibl>
               </listBibl>
            </person>
         </listPerson>
      </back>
   </text>
</TEI>
