<?xml version="1.0" encoding="UTF-8"?>
<TEI xmlns="http://www.tei-c.org/ns/1.0"
     xmlns:tei="http://www.tei-c.org/ns/1.0"
     xml:id="pmb123019.xml"
     prev="pmb132741"
     next="pmb123049">
   <teiHeader>
      <fileDesc>
         <titleStmt>
            <title level="s">Hermann Bahr – Textverzeichnis</title>
            <title level="a">Theater und Kunst. Burgtheater</title>
            <title type="iso-date">1901-01-20</title>
            <respStmt>
               <resp>providing the content</resp>
               <name>Martin Anton Müller</name>
            </respStmt>
            <respStmt>
               <resp>converted to XML encoding</resp>
               <name>Martin Anton Müller</name>
            </respStmt>
         </titleStmt>
         <publicationStmt>
            <publisher>Austrian Centre for Digital Humanities and Cultural
                                    Heritage (ACDH-CH)</publisher>
            <date>2024-03-19+01:00</date>
            <idno type="URI">https://id.acdh.oeaw.ac.at/bahr-textverzeichnis/pmb123019.xml</idno>
         </publicationStmt>
         <sourceDesc>
            <p>Bibliografische Angaben eines in Druck erschienen Texts von
                                    Bahr</p>
         </sourceDesc>
      </fileDesc>
   </teiHeader>
   <text>
      <body>
         <div type="bibliografische-angabe">
            <biblStruct xml:id="pmb123019"
                        type="Journal-Article"
                        subtype="Nachtkritik"
                        status="checked"
                        prev="pmb132741"
                        next="pmb123049">
               <analytic>
                  <author ref="pmb10815">H. B.</author>
                  <title level="a" ref="pmb123019">Theater und Kunst. Burgtheater</title>
               </analytic>
               <monogr>
                  <title level="j" ref="pmb41552">Österreichische Volks-Zeitung</title>
                  <imprint>
                     <biblScope unit="jg">47</biblScope>
                     <biblScope unit="issue">20</biblScope>
                     <biblScope unit="page">12 (2 Kreuzer–Ausgabe: 9)</biblScope>
                     <date when="1901-01-20">20.1.1901</date>
                  </imprint>
               </monogr>
               <note type="review-of">
                  <bibl>
                     <title level="m">Glück im Winkel</title>
                     <author>Hermann Sudermann</author>
                  </bibl>
               </note>
               <note type="incipit">Es war nicht klug, uns Fräulein Rabitow als Elisabeth</note>
               <ref type="personenindex">
                  <listRef>
                     <ptr type="pmb" target="pmb2748"/>
                     <ptr type="pmb" target="pmb12899"/>
                     <ptr type="pmb" target="pmb12618"/>
                  </listRef>
               </ref>
               <noteGrp type="keywords">
                  <note type="Journal-Article">Artikel in einem Periodikum</note>
                  <note subtype="Nachtkritik">Nachtkritik</note>
               </noteGrp>
               <note type="bibliographical-statement">H. B.: Theater und Kunst. Burgtheater. In:
                  Österreichische Volks-Zeitung, Jg. 47, Nr. 20, 20.1.1901, S. 12 (2
                  Kreuzer–Ausgabe: 9).</note>
            </biblStruct>
         </div>
      </body>
      <back>
         <listPerson>
            <person xml:id="pmb2748">
               <persName>
                  <forename>Clara</forename>
                  <surname>Heine</surname>
               </persName>
               <persName type="person_geburtsname_nachname">Rabitow</persName>
               <persName type="legacy-name-merge">Rabitow, Clara</persName>
               <birth>
                  <date when-iso="1879-11-28">1879-11-28</date>
                  <settlement key="168">
                     <placeName type="pref">Berlin</placeName>
                     <location>
                        <geo>52,52437 13,41053</geo>
                     </location>
                  </settlement>
               </birth>
               <death>
                  <date when-iso="1946-01-01" notAfter-iso="1946-12-31">1946</date>
               </death>
               <sex value="female"/>
               <occupation key="105">Schauspieler/Schauspielerin</occupation>
               <idno type="URL" subtype="gnd">https://d-nb.info/gnd/116321296</idno>
               <idno type="URL" subtype="schnitzler-tagebuch">https://schnitzler-tagebuch.acdh.oeaw.ac.at/person_19019.html</idno>
               <idno type="URL" subtype="schnitzler-bahr">https://schnitzler-bahr.acdh.oeaw.ac.at/pmb2748.html</idno>
               <idno type="URL" subtype="pmb">https://pmb.acdh.oeaw.ac.at/entity/2748/</idno>
               <idno type="URL" subtype="pmb">https://pmb.acdh.oeaw.ac.at/entity/22983/</idno>
               <idno type="URL" subtype="wikidata">http://www.wikidata.org/entity/Q94738514</idno>
               <idno type="URL" subtype="bahr-textverzeichnis">https://bahr-textverzeichnis.acdh.oeaw.ac.at/pmb2748.html</idno>
               <listBibl>
                  <bibl type="collections" n="14">Kein deutscher Wikipedia-Eintrag
                        gefunden</bibl>
                  <bibl type="collections" n="22">No german Wikipedia-Site found</bibl>
               </listBibl>
            </person>
            <person xml:id="pmb12899">
               <persName>
                  <forename>Hermann</forename>
                  <surname>Sudermann</surname>
               </persName>
               <persName type="legacy-name-merge">Sudermann, Hermann</persName>
               <birth>
                  <date when-iso="1857-09-30">30.09.1857</date>
                  <settlement key="58616">
                     <placeName type="pref">Macikai</placeName>
                     <location>
                        <geo>55,35468 21,52004</geo>
                     </location>
                  </settlement>
               </birth>
               <death>
                  <date when-iso="1928-11-21">21.11.1928</date>
                  <settlement key="168">
                     <placeName type="pref">Berlin</placeName>
                     <location>
                        <geo>52,52437 13,41053</geo>
                     </location>
                  </settlement>
               </death>
               <sex value="male"/>
               <occupation key="90">Schriftsteller/Schriftstellerin</occupation>
               <idno type="URL" subtype="gnd">https://d-nb.info/gnd/118619853</idno>
               <idno type="URL" subtype="schnitzler-tagebuch">https://schnitzler-tagebuch.acdh.oeaw.ac.at/person_20563.html</idno>
               <idno type="URL" subtype="schnitzler-bahr">https://schnitzler-bahr.acdh.oeaw.ac.at/pmb12899.html</idno>
               <idno type="URL" subtype="pmb">https://pmb.acdh.oeaw.ac.at/entity/12899/</idno>
               <idno type="URL" subtype="schnitzler-briefe">https://schnitzler-briefe.acdh.oeaw.ac.at/pmb12899.html</idno>
               <idno type="URL" subtype="schnitzler-lektueren">https://schnitzler-lektueren.acdh.oeaw.ac.at/pmb12899.html</idno>
               <idno type="URL" subtype="bahr-textverzeichnis">https://bahr-textverzeichnis.acdh.oeaw.ac.at/pmb12899.html</idno>
               <idno type="URL" subtype="fackel">https://fackel.oeaw.ac.at/?p=fackelp45949</idno>
               <idno type="URL" subtype="wikidata">http://www.wikidata.org/entity/Q65448</idno>
               <idno type="URL" subtype="wikipedia">https://de.wikipedia.org/wiki/Hermann_Sudermann</idno>
               <idno type="URL" subtype="schnitzler-kino">https://schnitzler-kino.acdh.oeaw.ac.at/pmb12899.html</idno>
               <idno type="URL" subtype="schnitzler-interviews">https://schnitzler-interviews.acdh.oeaw.ac.at/pmb12899.html</idno>
               <idno type="URL" subtype="pmb">https://pmb.acdh.oeaw.ac.at/entity/162450/</idno>
               <idno type="URL" subtype="bahr-tsn">https://bahr-textverzeichnis.acdh.oeaw.ac.at/TSN-listperson.html#pmb12899</idno>
               <idno type="URL" subtype="hanslick-online">https://hanslick.acdh.oeaw.ac.at/hsl_person_id_3855.html</idno>
               <affiliation>
                  <term key="1182">arbeitet für</term>
                  <orgName key="29329">Berliner Tageblatt</orgName>
                  <idno type="URL" subtype="schnitzler-bahr">https://schnitzler-bahr.acdh.oeaw.ac.at/pmb29329.html</idno>
                  <idno type="URL" subtype="pmb">https://pmb.acdh.oeaw.ac.at/entity/29329/</idno>
                  <idno type="URL" subtype="schnitzler-briefe">https://schnitzler-briefe.acdh.oeaw.ac.at/pmb29329.html</idno>
                  <idno type="URL" subtype="legalkraus">https://kraus.wienbibliothek.at/register/institutionen/pmb29329</idno>
                  <idno type="URL" subtype="wikidata">http://www.wikidata.org/entity/Q455014</idno>
                  <idno type="URL" subtype="wikipedia">https://de.wikipedia.org/wiki/Berliner_Tageblatt</idno>
                  <idno type="URL" subtype="schnitzler-interviews">https://schnitzler-interviews.acdh.oeaw.ac.at/pmb29329.html</idno>
               </affiliation>
               <listEvent>
                  <event key="42992" when-iso="1893-01-10">
                     <desc n="1370">teilgenommen an</desc>
                     <label>Privataufführung von Frage an das Schicksal, 10.1.1893</label>
                     <idno type="URL" subtype="pmb">https://pmb.acdh.oeaw.ac.at/entity/42992/</idno>
                  </event>
               </listEvent>
               <listBibl>
                  <bibl type="collections" n="12">Fackel</bibl>
                  <bibl type="collections" n="16">Bahr Textverzeichnis</bibl>
               </listBibl>
               <note type="references"> </note>
               <figure>
                  <graphic url="https://commons.wikimedia.org/w/index.php?title=Special:Redirect/file/Nicola%20Perscheid%20-%20Hermann%20Sudermann%20nach%201925.jpg"/>
               </figure>
            </person>
            <person xml:id="pmb12618">
               <persName>
                  <forename>Adele</forename>
                  <surname>Sandrock</surname>
               </persName>
               <persName type="person_rufname">Dilly</persName>
               <persName type="legacy-name-merge">Sandrock, Adele (Dilly)</persName>
               <birth>
                  <date when-iso="1863-08-19">1863-08-19</date>
                  <settlement key="44303">
                     <placeName type="pref">Rotterdam</placeName>
                     <location>
                        <geo>51,9225 4,47917</geo>
                     </location>
                  </settlement>
               </birth>
               <death>
                  <date when-iso="1937-08-30">1937-08-30</date>
                  <settlement key="168">
                     <placeName type="pref">Berlin</placeName>
                     <location>
                        <geo>52,52437 13,41053</geo>
                     </location>
                  </settlement>
               </death>
               <sex value="female"/>
               <occupation key="105">Schauspieler/Schauspielerin</occupation>
               <idno type="URL" subtype="gnd">https://d-nb.info/gnd/118605429</idno>
               <idno type="URL" subtype="schnitzler-tagebuch">https://schnitzler-tagebuch.acdh.oeaw.ac.at/person_19564.html</idno>
               <idno type="URL" subtype="schnitzler-bahr">https://schnitzler-bahr.acdh.oeaw.ac.at/pmb12618.html</idno>
               <idno type="URL" subtype="pmb">https://pmb.acdh.oeaw.ac.at/entity/12618/</idno>
               <idno type="URL" subtype="schnitzler-briefe">https://schnitzler-briefe.acdh.oeaw.ac.at/pmb12618.html</idno>
               <idno type="URL" subtype="bahr-textverzeichnis">https://bahr-textverzeichnis.acdh.oeaw.ac.at/pmb12618.html</idno>
               <idno type="URL" subtype="fackel">https://fackel.oeaw.ac.at/?p=fackelp37789</idno>
               <idno type="URL" subtype="oebl">https://doi.org/10.1553/0x00284783</idno>
               <idno type="URL" subtype="wikidata">http://www.wikidata.org/entity/Q75157</idno>
               <idno type="URL" subtype="wikipedia">https://de.wikipedia.org/wiki/Adele_Sandrock</idno>
               <idno type="URL" subtype="schnitzler-kino">https://schnitzler-kino.acdh.oeaw.ac.at/pmb12618.html</idno>
               <idno type="URL" subtype="schnitzler-interviews">https://schnitzler-interviews.acdh.oeaw.ac.at/pmb12618.html</idno>
               <idno type="URL" subtype="pmb">https://pmb.acdh.oeaw.ac.at/entity/162030/</idno>
               <idno type="URL" subtype="bahr-tsn">https://bahr-textverzeichnis.acdh.oeaw.ac.at/TSN-listperson.html#pmb12618</idno>
               <affiliation when-iso="1895-02-01">
                  <term key="1182">arbeitet für</term>
                  <orgName key="36247">Burgtheater</orgName>
                  <idno type="URL" subtype="gnd">https://d-nb.info/gnd/38633-9</idno>
                  <idno type="URL" subtype="pmb">https://pmb.acdh.oeaw.ac.at/entity/36247/</idno>
                  <idno type="URL" subtype="schnitzler-briefe">https://schnitzler-briefe.acdh.oeaw.ac.at/pmb36247.html</idno>
                  <idno type="URL" subtype="legalkraus">https://kraus.wienbibliothek.at/register/institutionen/pmb36247</idno>
                  <idno type="URL" subtype="wikidata">http://www.wikidata.org/entity/Q308720</idno>
                  <idno type="URL" subtype="wikipedia">https://de.wikipedia.org/wiki/Burgtheater</idno>
                  <idno type="URL" subtype="schnitzler-interviews">https://schnitzler-interviews.acdh.oeaw.ac.at/pmb36247.html</idno>
               </affiliation>
               <affiliation>
                  <term key="1182">arbeitet für</term>
                  <orgName key="36430">Volkstheater</orgName>
                  <idno type="URL" subtype="gnd">https://d-nb.info/gnd/146313-5</idno>
                  <idno type="URL" subtype="pmb">https://pmb.acdh.oeaw.ac.at/entity/36430/</idno>
                  <idno type="URL" subtype="schnitzler-briefe">https://schnitzler-briefe.acdh.oeaw.ac.at/pmb36430.html</idno>
                  <idno type="URL" subtype="legalkraus">https://kraus.wienbibliothek.at/register/institutionen/pmb36430</idno>
                  <idno type="URL" subtype="wikidata">http://www.wikidata.org/entity/Q113044679</idno>
                  <idno type="URL" subtype="schnitzler-interviews">https://schnitzler-interviews.acdh.oeaw.ac.at/pmb36430.html</idno>
               </affiliation>
               <listEvent>
                  <event key="142819" when-iso="1892-05-21">
                     <desc n="1256">ist Arbeitskraft bei</desc>
                     <label>Aufführung von Thermidor, 21.5.1892</label>
                     <idno type="URL" subtype="pmb">https://pmb.acdh.oeaw.ac.at/entity/142819/</idno>
                  </event>
                  <event key="143021" when-iso="1893-02-15">
                     <desc n="1256">ist Arbeitskraft bei</desc>
                     <label>Premiere von Francillon, 15.2.1893</label>
                     <idno type="URL" subtype="pmb">https://pmb.acdh.oeaw.ac.at/entity/143021/</idno>
                  </event>
                  <event key="35068" when-iso="1893-12-01">
                     <desc n="1256">ist Arbeitskraft bei</desc>
                     <label>Uraufführung von Das Märchen, 1.12.1893</label>
                     <idno type="URL" subtype="pmb">https://pmb.acdh.oeaw.ac.at/entity/35068/</idno>
                  </event>
                  <event key="146985" when-iso="1894-03-31">
                     <desc n="1256">ist Arbeitskraft bei</desc>
                     <label>Uraufführung von Rausch, 31.3.1894</label>
                     <idno type="URL" subtype="pmb">https://pmb.acdh.oeaw.ac.at/entity/146985/</idno>
                  </event>
                  <event key="144628" when-iso="1894-06-16">
                     <desc n="1370">teilgenommen an</desc>
                     <label>Premiere von Therese Krones, 16.6.1894</label>
                     <idno type="URL" subtype="pmb">https://pmb.acdh.oeaw.ac.at/entity/144628/</idno>
                  </event>
                  <event key="143010" when-iso="1894-09-24">
                     <desc n="1256">ist Arbeitskraft bei</desc>
                     <label>Aufführung von Francillon, 24.9.1894</label>
                     <idno type="URL" subtype="pmb">https://pmb.acdh.oeaw.ac.at/entity/143010/</idno>
                  </event>
                  <event key="42170" when-iso="1894-10-20">
                     <desc n="1256">ist Arbeitskraft bei</desc>
                     <label>Premiere von Die Komödianten, 20.10.1894</label>
                     <idno type="URL" subtype="pmb">https://pmb.acdh.oeaw.ac.at/entity/42170/</idno>
                  </event>
                  <event key="42176" when-iso="1894-10-25">
                     <desc n="1256">ist Arbeitskraft bei</desc>
                     <label>Aufführung von Kabale und Liebe, 25.10.1894</label>
                     <idno type="URL" subtype="pmb">https://pmb.acdh.oeaw.ac.at/entity/42176/</idno>
                  </event>
                  <event key="88068" when-iso="1894-11-17">
                     <desc n="1370">teilgenommen an</desc>
                     <label>Uraufführung von Das neue Stück, 17.11.1894</label>
                     <idno type="URL" subtype="pmb">https://pmb.acdh.oeaw.ac.at/entity/88068/</idno>
                  </event>
                  <event key="94354" when-iso="1895-05-02">
                     <desc n="1256">ist Arbeitskraft bei</desc>
                     <label>Premiere von Tabarin und Verbotene Früchte, 2.5.1895</label>
                     <idno type="URL" subtype="pmb">https://pmb.acdh.oeaw.ac.at/entity/94354/</idno>
                  </event>
                  <event key="94377" when-iso="1895-05-07">
                     <desc n="1256">ist Arbeitskraft bei</desc>
                     <label>Aufführung von Tabarin, Die Wespe, 7.5.1895</label>
                     <idno type="URL" subtype="pmb">https://pmb.acdh.oeaw.ac.at/entity/94377/</idno>
                  </event>
                  <event key="48866" when-iso="1895-09-18">
                     <desc n="1256">ist Arbeitskraft bei</desc>
                     <label>Leseprobe von Liebelei, 18.9.1895</label>
                     <idno type="URL" subtype="pmb">https://pmb.acdh.oeaw.ac.at/entity/48866/</idno>
                  </event>
                  <event key="35203" when-iso="1895-10-09">
                     <desc n="1256">ist Arbeitskraft bei</desc>
                     <label>Uraufführung von Liebelei, Premiere von Rechte der Seele,
                           9.10.1895</label>
                     <idno type="URL" subtype="pmb">https://pmb.acdh.oeaw.ac.at/entity/35203/</idno>
                  </event>
                  <event key="42426" when-iso="1895-10-10">
                     <desc n="1256">ist Arbeitskraft bei</desc>
                     <label>2. Aufführung von Liebelei, 10.10.1895</label>
                     <idno type="URL" subtype="pmb">https://pmb.acdh.oeaw.ac.at/entity/42426/</idno>
                  </event>
                  <event key="42439" when-iso="1895-11-11">
                     <desc n="1256">ist Arbeitskraft bei</desc>
                     <label>Uraufführung von Das Glück im Winkel, 11.11.1895</label>
                     <idno type="URL" subtype="pmb">https://pmb.acdh.oeaw.ac.at/entity/42439/</idno>
                  </event>
                  <event key="45952" when-iso="1898-01-16">
                     <desc n="1256">ist Arbeitskraft bei</desc>
                     <label>Premiere von Abschiedssouper, Uraufführung Weihnachtseinkäufe,
                           16.1.1898</label>
                     <idno type="URL" subtype="pmb">https://pmb.acdh.oeaw.ac.at/entity/45952/</idno>
                  </event>
                  <event key="35406" when-iso="1898-11-18">
                     <desc n="1256">ist Arbeitskraft bei</desc>
                     <label>Premiere von Juana und Abschiedssouper, 18.11.1898</label>
                     <idno type="URL" subtype="pmb">https://pmb.acdh.oeaw.ac.at/entity/35406/</idno>
                  </event>
                  <event key="42714" when-iso="1905-05-29">
                     <desc n="1256">ist Arbeitskraft bei</desc>
                     <label>Geschlossene Aufführung Die Büchse der Pandora, 29.5.1905</label>
                     <idno type="URL" subtype="pmb">https://pmb.acdh.oeaw.ac.at/entity/42714/</idno>
                  </event>
                  <event key="46078" when-iso="1906-02-26">
                     <desc n="1256">ist Arbeitskraft bei</desc>
                     <label>Aufführung von Ödipus und die Sphinx, 26.2.1906</label>
                     <idno type="URL" subtype="pmb">https://pmb.acdh.oeaw.ac.at/entity/46078/</idno>
                  </event>
               </listEvent>
               <listBibl>
                  <bibl type="collections" n="11">ÖBL nach 1850 geboren</bibl>
                  <bibl type="collections" n="12">Fackel</bibl>
                  <bibl type="collections" n="16">Bahr Textverzeichnis</bibl>
               </listBibl>
               <figure>
                  <graphic url="https://commons.wikimedia.org/w/index.php?title=Special:Redirect/file/Adele%20Sandrock%20%28Sport%20und%20Salon%201900%29.png"/>
               </figure>
            </person>
         </listPerson>
      </back>
   </text>
</TEI>
