<?xml version="1.0" encoding="UTF-8"?>
<TEI xmlns="http://www.tei-c.org/ns/1.0"
     xmlns:tei="http://www.tei-c.org/ns/1.0"
     xml:id="pmb122375.xml"
     prev="pmb29887"
     next="pmb132691">
   <teiHeader>
      <fileDesc>
         <titleStmt>
            <title level="s">Hermann Bahr – Textverzeichnis</title>
            <title level="a">О Колоніяхъ [O kolonijach]</title>
            <title type="iso-date">1901</title>
            <respStmt>
               <resp>providing the content</resp>
               <name>Martin Anton Müller</name>
            </respStmt>
            <respStmt>
               <resp>converted to XML encoding</resp>
               <name>Martin Anton Müller</name>
            </respStmt>
         </titleStmt>
         <publicationStmt>
            <publisher>Austrian Centre for Digital Humanities and Cultural
                                    Heritage (ACDH-CH)</publisher>
            <date>2024-03-19+01:00</date>
            <idno type="URI">https://id.acdh.oeaw.ac.at/bahr-textverzeichnis/pmb122375.xml</idno>
         </publicationStmt>
         <sourceDesc>
            <p>Bibliografische Angaben eines in Druck erschienen Texts von
                                    Bahr</p>
         </sourceDesc>
      </fileDesc>
   </teiHeader>
   <text>
      <body>
         <div type="bibliografische-angabe">
            <biblStruct xml:id="pmb122375"
                        type="Journal-Article"
                        subtype="Nachdruck_Russisch"
                        status="checked"
                        prev="pmb29887"
                        next="pmb132691">
               <analytic>
                  <author ref="pmb10815">Баръ, Германъ</author>
                  <author ref="pmb10815">Bahr, Hermann</author>
                  <title level="a" ref="pmb122375">О Колоніяхъ [O kolonijach]</title>
               </analytic>
               <monogr>
                  <title level="j" ref="pmb59467">Мир иску́сства [Mir iskusstva], St.
                     Petersburg</title>
                  <imprint>
                     <biblScope unit="jg">6</biblScope>
                     <biblScope unit="page">140–142</biblScope>
                     <date when="1901">1901</date>
                  </imprint>
               </monogr>
               <note type="incipit">Въ настоящее</note>
               <ref type="URL">https://bahr.univie.ac.at/sites/all/txt/mir-iskusstva/1901_kolonjach.pdf</ref>
               <noteGrp type="keywords">
                  <note type="Journal-Article">Artikel in einem Periodikum</note>
                  <note subtype="Nachdruck">Nachdruck</note>
                  <note subtype="Russisch">Russisch</note>
               </noteGrp>
               <note type="bibliographical-statement">Германъ Баръ, Hermann Bahr: О Колоніяхъ [O
                  kolonijach]. In: Мир иску́сства [Mir iskusstva], St. Petersburg, Jg. 6 (1901),
                  S. 140–142.</note>
               <note type="periodica">
                  <bibl>
                     <title level="j" ref="pmb122329">Südwestdeutsche Rundschau</title>
                     <date type="year">1901</date>
                     <biblScope unit="issue">6</biblScope>
                     <note>Vorlage</note>
                  </bibl>
               </note>
               <ref type="abdrucke">
                  <listRef>
                     <ptr type="textref" target="pmb132027"/>
                  </listRef>
               </ref>
            </biblStruct>
         </div>
      </body>
      <back/>
   </text>
</TEI>
