<?xml version="1.0" encoding="UTF-8"?>
<TEI xmlns="http://www.tei-c.org/ns/1.0"
     xmlns:tei="http://www.tei-c.org/ns/1.0"
     xml:id="pmb122535.xml"
     prev="pmb133767"
     next="pmb122537">
   <teiHeader>
      <fileDesc>
         <titleStmt>
            <title level="s">Hermann Bahr – Textverzeichnis</title>
            <title level="a">Bücher. Die Theater Wiens</title>
            <title type="iso-date">1894-10-06</title>
            <respStmt>
               <resp>providing the content</resp>
               <name>Martin Anton Müller</name>
            </respStmt>
            <respStmt>
               <resp>converted to XML encoding</resp>
               <name>Martin Anton Müller</name>
            </respStmt>
         </titleStmt>
         <publicationStmt>
            <publisher>Austrian Centre for Digital Humanities and Cultural
                                    Heritage (ACDH-CH)</publisher>
            <date>2024-03-19+01:00</date>
            <idno type="URI">https://id.acdh.oeaw.ac.at/bahr-textverzeichnis/pmb122535.xml</idno>
         </publicationStmt>
         <sourceDesc>
            <p>Bibliografische Angaben eines in Druck erschienen Texts von
                                    Bahr</p>
         </sourceDesc>
      </fileDesc>
   </teiHeader>
   <text>
      <body>
         <div type="bibliografische-angabe">
            <biblStruct xml:id="pmb122535"
                        type="Journal-Article"
                        subtype="Rezension"
                        status="checked"
                        prev="pmb133767"
                        next="pmb122537">
               <analytic>
                  <author ref="pmb10815">hr</author>
                  <title level="a" ref="pmb122535">Bücher. Die Theater Wiens</title>
               </analytic>
               <monogr>
                  <title level="j" ref="pmb36340">Die Zeit</title>
                  <imprint>
                     <biblScope unit="jg">1</biblScope>
                     <biblScope unit="issue">1</biblScope>
                     <biblScope unit="page">11</biblScope>
                     <date when="1894-10-06">6.10.1894</date>
                  </imprint>
               </monogr>
               <note>
                  <p>Das Pseudonym dürfte mit »baHR« aufzuschlüsseln sein, wie aus dem Pseudonym
                     »–hr« in der Deutschen Zeitung hervorgeht. Für die Zuschreibung an Bahr spricht
                     neben der früheren Verwendung, dass er im ersten Heft der Zeit alleine für die
                     Theatermeldungen zeichnet und noch mit »Caph« mit einem weiteren Pseudonym
                     vertreten ist.</p>
               </note>
               <note type="review-of">
                  <bibl>
                     <title level="m">Die Theater Wiens. Heft I und II</title>
                     <pubPlace>Wien</pubPlace>
                     <publisher>Verlag der Gesellschaft für vervielfältigende Kunst</publisher>
                     <date type="year">1894</date>
                  </bibl>
               </note>
               <note type="incipit">Die »Gesellschaft für vervielfältigende Kunst« gibt ein Werk
                  über »Die Theater Wiens« heraus, das »ein möglichst getreues Bild</note>
               <ref type="personenindex">
                  <listRef>
                     <ptr type="pmb" target="pmb6180"/>
                     <ptr type="pmb" target="pmb11447"/>
                     <ptr type="pmb" target="pmb12816"/>
                     <ptr type="pmb" target="pmb4142"/>
                     <ptr type="pmb" target="pmb2683"/>
                     <ptr type="pmb" target="pmb106418"/>
                     <ptr type="pmb" target="pmb153945"/>
                     <ptr type="pmb" target="pmb148662"/>
                     <ptr type="pmb" target="pmb153946"/>
                     <ptr type="pmb" target="pmb117069"/>
                  </listRef>
               </ref>
               <ref type="URL">https://bahr.univie.ac.at/sites/all/txt/die-zeit/1-11.pdf</ref>
               <noteGrp type="keywords">
                  <note type="Journal-Article">Artikel in einem Periodikum</note>
                  <note subtype="Rezension">Rezension</note>
               </noteGrp>
               <note type="bibliographical-statement">hr: Bücher. Die Theater Wiens. In: Die Zeit,
                  Jg. 1, Nr. 1, 6.10.1894, S. 11.</note>
            </biblStruct>
         </div>
      </body>
      <back>
         <listPerson>
            <person xml:id="pmb6180">
               <persName>
                  <forename>Josef</forename>
                  <surname>Bayer</surname>
               </persName>
               <birth>
                  <date when-iso="1852-03-06">06.03.1852</date>
                  <settlement key="50">
                     <placeName type="pref">Wien</placeName>
                     <location>
                        <geo>48,2066 16,37341</geo>
                     </location>
                  </settlement>
               </birth>
               <death>
                  <date when-iso="1913-03-12">12.03.1913</date>
                  <settlement key="50">
                     <placeName type="pref">Wien</placeName>
                     <location>
                        <geo>48,2066 16,37341</geo>
                     </location>
                  </settlement>
               </death>
               <sex value="male"/>
               <occupation key="129">Komponist/Komponistin</occupation>
               <occupation key="282">Kapellmeister/Kapellmeisterin</occupation>
               <idno type="URL" subtype="schnitzler-tagebuch">https://schnitzler-tagebuch.acdh.oeaw.ac.at/person_13499.html</idno>
               <idno type="URL" subtype="pmb">https://pmb.acdh.oeaw.ac.at/entity/6180/</idno>
               <idno type="URL" subtype="oebl">https://doi.org/10.1553/0x00280f73</idno>
               <idno type="URL" subtype="wikidata">http://www.wikidata.org/entity/Q668930</idno>
               <idno type="URL" subtype="wikipedia">https://de.wikipedia.org/wiki/Josef_Bayer_(Komponist)</idno>
               <idno type="URL" subtype="oeml">https://dx.doi.org/10.1553/0x0001f816</idno>
               <idno type="URL" subtype="gnd">https://d-nb.info/gnd/116097108</idno>
               <idno type="URL" subtype="bahr-textverzeichnis">https://bahr-textverzeichnis.acdh.oeaw.ac.at/pmb6180.html</idno>
               <idno type="URL" subtype="hanslick-online">https://hanslick.acdh.oeaw.ac.at/hsl_person_id_1379.html</idno>
               <listBibl>
                  <bibl type="collections" n="11">ÖBL nach 1850 geboren</bibl>
               </listBibl>
               <figure>
                  <graphic url="https://commons.wikimedia.org/w/index.php?title=Special:Redirect/file/Josef%20Bayer%20%28before%201913%29%20-%20Archivio%20Storico%20Ricordi%20FOTO000426.jpg"/>
               </figure>
            </person>
            <person xml:id="pmb11447">
               <persName>
                  <forename>Karl</forename>
                  <surname>Glossy</surname>
               </persName>
               <persName type="legacy-name-merge">Glossy, Karl</persName>
               <birth>
                  <date when-iso="1848-03-07">07.03.1848</date>
                  <settlement key="50">
                     <placeName type="pref">Wien</placeName>
                     <location>
                        <geo>48,2066 16,37341</geo>
                     </location>
                  </settlement>
               </birth>
               <death>
                  <date when-iso="1937-09-09">09.09.1937</date>
                  <settlement key="50">
                     <placeName type="pref">Wien</placeName>
                     <location>
                        <geo>48,2066 16,37341</geo>
                     </location>
                  </settlement>
               </death>
               <sex value="male"/>
               <occupation key="90">Schriftsteller/Schriftstellerin</occupation>
               <occupation key="246">Museumsleiter/Museumsleiterin</occupation>
               <occupation key="504">Zensurbeirat/Zensurbeirätin</occupation>
               <occupation key="505">Bibliotheksleiter/Bibliotheksleiterin</occupation>
               <idno type="URL" subtype="schnitzler-tagebuch">https://schnitzler-tagebuch.acdh.oeaw.ac.at/person_15475.html</idno>
               <idno type="URL" subtype="schnitzler-bahr">https://schnitzler-bahr.acdh.oeaw.ac.at/pmb11447.html</idno>
               <idno type="URL" subtype="pmb">https://pmb.acdh.oeaw.ac.at/entity/11447/</idno>
               <idno type="URL" subtype="schnitzler-briefe">https://schnitzler-briefe.acdh.oeaw.ac.at/pmb11447.html</idno>
               <idno type="URL" subtype="fackel">https://fackel.oeaw.ac.at/?p=fackelp41086</idno>
               <idno type="URL" subtype="wikidata">http://www.wikidata.org/entity/Q88936</idno>
               <idno type="URL" subtype="wikipedia">https://de.wikipedia.org/wiki/Karl_Glossy</idno>
               <idno type="URL" subtype="oebl">https://doi.org/10.1553/0x00281807</idno>
               <idno type="URL" subtype="gnd">https://d-nb.info/gnd/116667478</idno>
               <idno type="URL" subtype="bahr-textverzeichnis">https://bahr-textverzeichnis.acdh.oeaw.ac.at/pmb11447.html</idno>
               <idno type="URL" subtype="pmb">https://pmb.acdh.oeaw.ac.at/entity/160226/</idno>
               <idno type="URL" subtype="bahr-tsn">https://bahr-textverzeichnis.acdh.oeaw.ac.at/TSN-listperson.html#pmb11447</idno>
               <idno type="URL" subtype="hanslick-online">https://hanslick.acdh.oeaw.ac.at/hsl_person_id_2393.html</idno>
               <affiliation>
                  <term key="1182">arbeitet für</term>
                  <orgName key="29444">Raimund-Preis</orgName>
                  <idno type="URL" subtype="pmb">https://pmb.acdh.oeaw.ac.at/entity/29444/</idno>
                  <idno type="URL" subtype="schnitzler-briefe">https://schnitzler-briefe.acdh.oeaw.ac.at/pmb29444.html</idno>
                  <idno type="URL" subtype="schnitzler-interviews">https://schnitzler-interviews.acdh.oeaw.ac.at/pmb29444.html</idno>
               </affiliation>
               <affiliation>
                  <term key="1182">arbeitet für</term>
                  <orgName key="29496">Österreichische Rundschau</orgName>
                  <idno type="URL" subtype="schnitzler-bahr">https://schnitzler-bahr.acdh.oeaw.ac.at/pmb29496.html</idno>
                  <idno type="URL" subtype="pmb">https://pmb.acdh.oeaw.ac.at/entity/29496/</idno>
                  <idno type="URL" subtype="schnitzler-briefe">https://schnitzler-briefe.acdh.oeaw.ac.at/pmb29496.html</idno>
               </affiliation>
               <listEvent>
                  <event key="47517" when-iso="1912-11-17">
                     <desc n="1370">teilgenommen an</desc>
                     <label>Hauptmann-Bankett der Concordia, 17.11.1912</label>
                     <idno type="URL" subtype="pmb">https://pmb.acdh.oeaw.ac.at/entity/47517/</idno>
                  </event>
               </listEvent>
               <listBibl>
                  <bibl type="collections" n="12">Fackel</bibl>
                  <bibl type="collections" n="16">Bahr Textverzeichnis</bibl>
               </listBibl>
               <note type="references"> </note>
               <figure>
                  <graphic url="https://commons.wikimedia.org/w/index.php?title=Special:Redirect/file/Karl%20Glossy%20%281848%E2%80%931937%29%20Otto%20Skall%201937%20A.jpg"/>
               </figure>
            </person>
            <person xml:id="pmb12816">
               <persName>
                  <forename>Ludwig</forename>
                  <surname>Speidel</surname>
               </persName>
               <persName type="legacy-name-merge">Speidel, Ludwig</persName>
               <birth>
                  <date when-iso="1830-04-11">1830-04-11</date>
                  <settlement key="39966">
                     <placeName type="pref">Ulm</placeName>
                     <location>
                        <geo>48,39841 9,99155</geo>
                     </location>
                  </settlement>
               </birth>
               <death>
                  <date when-iso="1906-02-03">1906-02-03</date>
                  <settlement key="50">
                     <placeName type="pref">Wien</placeName>
                     <location>
                        <geo>48,2066 16,37341</geo>
                     </location>
                  </settlement>
               </death>
               <sex value="male"/>
               <occupation key="99">Journalist/Journalistin</occupation>
               <occupation key="100">Kritiker/Kritikerin</occupation>
               <idno type="URL" subtype="gnd">https://d-nb.info/gnd/117482684</idno>
               <idno type="URL" subtype="schnitzler-tagebuch">https://schnitzler-tagebuch.acdh.oeaw.ac.at/person_20243.html</idno>
               <idno type="URL" subtype="schnitzler-bahr">https://schnitzler-bahr.acdh.oeaw.ac.at/pmb12816.html</idno>
               <idno type="URL" subtype="pmb">https://pmb.acdh.oeaw.ac.at/entity/12816/</idno>
               <idno type="URL" subtype="schnitzler-briefe">https://schnitzler-briefe.acdh.oeaw.ac.at/pmb12816.html</idno>
               <idno type="URL" subtype="legalkraus">https://kraus.wienbibliothek.at/register/personen/pmb12816</idno>
               <idno type="URL" subtype="fackel">https://fackel.oeaw.ac.at/?p=fackelp49331</idno>
               <idno type="URL" subtype="wikidata">http://www.wikidata.org/entity/Q1875043</idno>
               <idno type="URL" subtype="wikipedia">https://de.wikipedia.org/wiki/Ludwig_Speidel</idno>
               <idno type="URL" subtype="oeml">https://dx.doi.org/10.1553/0x0001e2ea</idno>
               <idno type="URL" subtype="oebl">https://doi.org/10.1553/0x00284caa</idno>
               <idno type="URL" subtype="schnitzler-interviews">https://schnitzler-interviews.acdh.oeaw.ac.at/pmb12816.html</idno>
               <idno type="URL" subtype="pmb">https://pmb.acdh.oeaw.ac.at/entity/162325/</idno>
               <idno type="URL" subtype="bahr-tsn">https://bahr-textverzeichnis.acdh.oeaw.ac.at/TSN-listperson.html#pmb12816</idno>
               <idno type="URL" subtype="bahr-textverzeichnis">https://bahr-textverzeichnis.acdh.oeaw.ac.at/pmb12816.html</idno>
               <idno type="URL" subtype="hanslick-online">https://hanslick.acdh.oeaw.ac.at/hsl_person_id_2407.html</idno>
               <listEvent>
                  <event key="143820" when-iso="1900-04-15">
                     <desc n="1370">teilgenommen an</desc>
                     <label>Bankett für Ludwig Speidel, 15.4.1900</label>
                     <idno type="URL" subtype="pmb">https://pmb.acdh.oeaw.ac.at/entity/143820/</idno>
                  </event>
                  <event key="46528" when-iso="1909-11-01">
                     <desc n="1370">teilgenommen an</desc>
                     <label>Private Vorlesung von Der junge Medardus, 1.11.1909</label>
                     <idno type="URL" subtype="pmb">https://pmb.acdh.oeaw.ac.at/entity/46528/</idno>
                  </event>
               </listEvent>
               <listBibl>
                  <bibl type="collections" n="5">legalkraus</bibl>
                  <bibl type="collections" n="12">Fackel</bibl>
                  <bibl type="collections" n="16">Bahr Textverzeichnis</bibl>
               </listBibl>
               <note type="references"> </note>
               <figure>
                  <graphic url="https://commons.wikimedia.org/w/index.php?title=Special:Redirect/file/Ludwig%20Speidel%2001.jpg"/>
               </figure>
            </person>
            <person xml:id="pmb4142">
               <persName>
                  <forename>Franz von</forename>
                  <surname>Dingelstedt</surname>
               </persName>
               <persName type="legacy-name-merge">Dingelstedt, Franz von</persName>
               <persName type="legacy-name-merge">Dingelstedt, Franz, Freiherr von</persName>
               <birth>
                  <date when-iso="1814-06-30">1814-06-30</date>
                  <settlement key="4143">
                     <placeName type="pref">Wohratal</placeName>
                  </settlement>
               </birth>
               <death>
                  <date when-iso="1881-05-15">1881-05-15</date>
                  <settlement key="50">
                     <placeName type="pref">Wien</placeName>
                     <location>
                        <geo>48,2066 16,37341</geo>
                     </location>
                  </settlement>
               </death>
               <sex value="male"/>
               <occupation key="99">Journalist/Journalistin</occupation>
               <occupation key="295">Bühnenleiter/Bühnenleiterin</occupation>
               <idno type="URL" subtype="gnd">https://d-nb.info/gnd/118525751</idno>
               <idno type="URL" subtype="schnitzler-bahr">https://schnitzler-bahr.acdh.oeaw.ac.at/pmb4142.html</idno>
               <idno type="URL" subtype="pmb">https://pmb.acdh.oeaw.ac.at/entity/4142/</idno>
               <idno type="URL" subtype="pmb">https://pmb.acdh.oeaw.ac.at/entity/64799/</idno>
               <idno type="URL" subtype="schnitzler-lektueren">https://schnitzler-lektueren.acdh.oeaw.ac.at/pmb64799.html</idno>
               <idno type="URL" subtype="fackel">https://fackel.oeaw.ac.at/?p=fackelp43717</idno>
               <idno type="URL" subtype="wikidata">http://www.wikidata.org/entity/Q64370</idno>
               <idno type="URL" subtype="wikipedia">https://de.wikipedia.org/wiki/Franz_von_Dingelstedt</idno>
               <idno type="URL" subtype="oeml">https://dx.doi.org/10.1553/0x0001cbc4</idno>
               <idno type="URL" subtype="oebl">https://doi.org/10.1553/0x002812ef</idno>
               <idno type="URL" subtype="bahr-textverzeichnis">https://bahr-textverzeichnis.acdh.oeaw.ac.at/pmb4142.html</idno>
               <idno type="URL" subtype="pmb">https://pmb.acdh.oeaw.ac.at/entity/159788/</idno>
               <idno type="URL" subtype="bahr-tsn">https://bahr-textverzeichnis.acdh.oeaw.ac.at/TSN-listperson.html#pmb159788</idno>
               <idno type="URL" subtype="hanslick-online">https://hanslick.acdh.oeaw.ac.at/hsl_person_id_2595.html</idno>
               <listBibl>
                  <bibl type="collections" n="12">Fackel</bibl>
                  <bibl type="collections" n="16">Bahr Textverzeichnis</bibl>
               </listBibl>
               <note type="references"> </note>
               <figure>
                  <graphic url="https://commons.wikimedia.org/w/index.php?title=Special:Redirect/file/Dingelstedt10001.jpg"/>
               </figure>
            </person>
            <person xml:id="pmb2683">
               <persName>
                  <forename>Karl von</forename>
                  <surname>Hasenauer</surname>
               </persName>
               <birth>
                  <date when-iso="1833-07-20">20.07.1833</date>
                  <settlement key="50">
                     <placeName type="pref">Wien</placeName>
                     <location>
                        <geo>48,2066 16,37341</geo>
                     </location>
                  </settlement>
               </birth>
               <death>
                  <date when-iso="1894-01-04">04.01.1894</date>
                  <settlement key="50">
                     <placeName type="pref">Wien</placeName>
                     <location>
                        <geo>48,2066 16,37341</geo>
                     </location>
                  </settlement>
               </death>
               <sex value="male"/>
               <occupation key="185">Architekt/Architektin</occupation>
               <idno type="URL" subtype="gnd">https://d-nb.info/gnd/118546597</idno>
               <idno type="URL" subtype="schnitzler-tagebuch">https://schnitzler-tagebuch.acdh.oeaw.ac.at/person_15960.html</idno>
               <idno type="URL" subtype="schnitzler-bahr">https://schnitzler-bahr.acdh.oeaw.ac.at/pmb2683.html</idno>
               <idno type="URL" subtype="pmb">https://pmb.acdh.oeaw.ac.at/entity/2683/</idno>
               <idno type="URL" subtype="fackel">https://fackel.oeaw.ac.at/?p=fackelp38790</idno>
               <idno type="URL" subtype="wikidata">http://www.wikidata.org/entity/Q84541</idno>
               <idno type="URL" subtype="wikipedia">https://de.wikipedia.org/wiki/Carl_von_Hasenauer</idno>
               <idno type="URL" subtype="oebl">https://doi.org/10.1553/0x0032c12f</idno>
               <idno type="URL" subtype="bahr-textverzeichnis">https://bahr-textverzeichnis.acdh.oeaw.ac.at/pmb2683.html</idno>
               <listBibl>
                  <bibl type="collections" n="12">Fackel</bibl>
               </listBibl>
               <figure>
                  <graphic url="https://commons.wikimedia.org/w/index.php?title=Special:Redirect/file/Karl-von-Hasenauer-1880-2.jpg"/>
               </figure>
            </person>
            <person xml:id="pmb106418">
               <persName>
                  <forename>Oscar</forename>
                  <surname>Teuber</surname>
               </persName>
               <persName type="legacy-name-merge">Teuber, Oscar</persName>
               <birth>
                  <date when-iso="1852-12-11">1852-12-11</date>
               </birth>
               <death>
                  <date when-iso="1901-06-16">1901-06-16</date>
               </death>
               <sex value="male"/>
               <occupation key="90">Schriftsteller/Schriftstellerin</occupation>
               <occupation key="99">Journalist/Journalistin</occupation>
               <idno type="URL" subtype="pmb">https://pmb.acdh.oeaw.ac.at/entity/106418/</idno>
               <idno type="URL" subtype="gnd">https://d-nb.info/gnd/117277401</idno>
               <idno type="URL" subtype="oebl">https://doi.org/10.1553/0x003110d1</idno>
               <idno type="URL" subtype="fackel">https://fackel.oeaw.ac.at/?p=fackelp50866</idno>
               <idno type="URL" subtype="wikidata">http://www.wikidata.org/entity/Q94880064</idno>
               <idno type="URL" subtype="bahr-textverzeichnis">https://bahr-textverzeichnis.acdh.oeaw.ac.at/pmb153944.html</idno>
               <idno type="URL" subtype="wikipedia">https://de.wikipedia.org/wiki/Oskar_Karl_Teuber</idno>
               <idno type="URL" subtype="pmb">https://pmb.acdh.oeaw.ac.at/entity/153944/</idno>
               <listBibl>
                  <bibl type="collections" n="11">ÖBL nach 1850 geboren</bibl>
                  <bibl type="collections" n="12">Fackel</bibl>
                  <bibl type="collections" n="14">Kein deutscher Wikipedia-Eintrag
                        gefunden</bibl>
                  <bibl type="collections" n="16">Bahr Textverzeichnis</bibl>
               </listBibl>
            </person>
            <person xml:id="pmb153945">
               <persName>
                  <forename>Pietro</forename>
                  <surname>Sangiorgio</surname>
               </persName>
               <sex value="not-set"/>
               <idno type="URL" subtype="bahr-textverzeichnis">https://bahr-textverzeichnis.acdh.oeaw.ac.at/pmb153945.html</idno>
               <idno type="URL" subtype="pmb">https://pmb.acdh.oeaw.ac.at/entity/153945/</idno>
               <listBibl>
                  <bibl type="collections" n="16">Bahr Textverzeichnis</bibl>
               </listBibl>
            </person>
            <person xml:id="pmb148662">
               <persName>
                  <forename>Georg</forename>
                  <surname>Moller</surname>
               </persName>
               <birth>
                  <date when-iso="1784-01-21">1784-01-21</date>
                  <settlement key="148663">
                     <placeName type="pref">Diepholz</placeName>
                     <location>
                        <geo>52,607222222222 8,3711111111111</geo>
                     </location>
                  </settlement>
               </birth>
               <death>
                  <date when-iso="1852-03-13">1852-03-13</date>
                  <settlement key="834">
                     <placeName type="pref">Darmstadt</placeName>
                     <location>
                        <geo>49,87167 8,65027</geo>
                     </location>
                  </settlement>
               </death>
               <sex value="male"/>
               <idno type="URL" subtype="bahr-textverzeichnis">https://bahr-textverzeichnis.acdh.oeaw.ac.at/pmb148662.html</idno>
               <idno type="URL" subtype="pmb">https://pmb.acdh.oeaw.ac.at/entity/148662/</idno>
               <idno type="URL" subtype="wikidata">http://www.wikidata.org/entity/Q106276</idno>
               <idno type="URL" subtype="gnd">https://d-nb.info/gnd/118734563</idno>
               <idno type="URL" subtype="wikipedia">https://de.wikipedia.org/wiki/Georg_Moller</idno>
               <listBibl>
                  <bibl type="collections" n="16">Bahr Textverzeichnis</bibl>
               </listBibl>
            </person>
            <person xml:id="pmb153946">
               <persName>
                  <forename>Heinrich</forename>
                  <surname>Hübsch</surname>
               </persName>
               <sex value="not-set"/>
               <idno type="URL" subtype="bahr-textverzeichnis">https://bahr-textverzeichnis.acdh.oeaw.ac.at/pmb153946.html</idno>
               <idno type="URL" subtype="pmb">https://pmb.acdh.oeaw.ac.at/entity/153946/</idno>
               <listBibl>
                  <bibl type="collections" n="16">Bahr Textverzeichnis</bibl>
               </listBibl>
            </person>
            <person xml:id="pmb117069">
               <persName>
                  <forename>Gottfried</forename>
                  <surname>Semper</surname>
               </persName>
               <persName type="legacy-name-merge">Semper, Gottfried</persName>
               <birth>
                  <date when-iso="1803-11-29">1803-11-29</date>
               </birth>
               <death>
                  <date when-iso="1879-05-15">1879-05-15</date>
               </death>
               <sex value="male"/>
               <occupation key="185">Architekt/Architektin</occupation>
               <idno type="URL" subtype="bahr-textverzeichnis">https://bahr-textverzeichnis.acdh.oeaw.ac.at/pmb117069.html</idno>
               <idno type="URL" subtype="pmb">https://pmb.acdh.oeaw.ac.at/entity/117069/</idno>
               <idno type="URL" subtype="gnd">https://d-nb.info/gnd/118613154</idno>
               <idno type="URL" subtype="fackel">https://fackel.oeaw.ac.at/?p=fackelp58949</idno>
               <idno type="URL" subtype="wikidata">http://www.wikidata.org/entity/Q61342</idno>
               <idno type="URL" subtype="wikipedia">https://de.wikipedia.org/wiki/Gottfried_Semper</idno>
               <idno type="URL" subtype="oebl">https://doi.org/10.1553/0x00284974</idno>
               <idno type="URL" subtype="pmb">https://pmb.acdh.oeaw.ac.at/entity/162236/</idno>
               <idno type="URL" subtype="bahr-tsn">https://bahr-textverzeichnis.acdh.oeaw.ac.at/TSN-listperson.html#pmb117069</idno>
               <idno type="URL" subtype="hanslick-online">https://hanslick.acdh.oeaw.ac.at/hsl_person_id_3644.html</idno>
               <listBibl>
                  <bibl type="collections" n="12">Fackel</bibl>
                  <bibl type="collections" n="16">Bahr Textverzeichnis</bibl>
               </listBibl>
               <note type="references">None </note>
            </person>
         </listPerson>
      </back>
   </text>
</TEI>
