<?xml version="1.0" encoding="UTF-8"?>
<TEI xmlns="http://www.tei-c.org/ns/1.0"
     xmlns:tei="http://www.tei-c.org/ns/1.0"
     xml:id="pmb122501.xml"
     prev="pmb134787"
     next="pmb122499">
   <teiHeader>
      <fileDesc>
         <titleStmt>
            <title level="s">Hermann Bahr – Textverzeichnis</title>
            <title level="a">Freie Gedanken. [VII]</title>
            <title type="iso-date">1883-01-28</title>
            <respStmt>
               <resp>providing the content</resp>
               <name>Martin Anton Müller</name>
            </respStmt>
            <respStmt>
               <resp>converted to XML encoding</resp>
               <name>Martin Anton Müller</name>
            </respStmt>
         </titleStmt>
         <publicationStmt>
            <publisher>Austrian Centre for Digital Humanities and Cultural
                                    Heritage (ACDH-CH)</publisher>
            <date>2024-03-19+01:00</date>
            <idno type="URI">https://id.acdh.oeaw.ac.at/bahr-textverzeichnis/pmb122501.xml</idno>
         </publicationStmt>
         <sourceDesc>
            <p>Bibliografische Angaben eines in Druck erschienen Texts von
                                    Bahr</p>
         </sourceDesc>
      </fileDesc>
   </teiHeader>
   <text>
      <body>
         <div type="bibliografische-angabe">
            <biblStruct xml:id="pmb122501"
                        type="Journal-Article"
                        status="checked"
                        prev="pmb134787"
                        next="pmb122499">
               <analytic>
                  <author ref="pmb10815">Kieselak</author>
                  <title level="a" ref="pmb122501">Freie Gedanken. [VII]</title>
               </analytic>
               <monogr>
                  <title level="j" ref="pmb122066">Linzer Sonntagsblatt</title>
                  <imprint>
                     <biblScope unit="jg">4</biblScope>
                     <biblScope unit="issue">5</biblScope>
                     <biblScope unit="page">1–2</biblScope>
                     <date when="1883-01-28">28.1.1883</date>
                  </imprint>
               </monogr>
               <note type="incipit">Sie haben am 23. Jänner 1883 zu Wien einen großen Todten zu
                  Grabe geführt</note>
               <note type="summary">In diesem Text singt Bahr den Grabgesang des Liberalismus und
                  des Abgeordneten Chlumecky.</note>
               <ref type="personenindex">
                  <listRef>
                     <ptr type="pmb" target="pmb10943"/>
                     <ptr type="pmb" target="pmb13474"/>
                     <ptr type="pmb" target="pmb11461"/>
                     <ptr type="pmb" target="pmb148595"/>
                     <ptr type="pmb" target="pmb153927"/>
                     <ptr type="pmb" target="pmb153925"/>
                     <ptr type="pmb" target="pmb115971"/>
                  </listRef>
               </ref>
               <noteGrp type="keywords">
                  <note type="Journal-Article">Artikel in einem Periodikum</note>
               </noteGrp>
               <note type="bibliographical-statement">Kieselak: Freie Gedanken. [VII]. In: Linzer
                  Sonntagsblatt, Jg. 4, Nr. 5, 28.1.1883, S. 1–2.</note>
            </biblStruct>
         </div>
      </body>
      <back>
         <listPerson>
            <person xml:id="pmb10943">
               <persName>
                  <forename>Otto von</forename>
                  <surname>Bismarck</surname>
               </persName>
               <birth>
                  <date when-iso="1815-04-01">01.04.1815</date>
                  <settlement key="63752">
                     <placeName type="pref">Schönhausen</placeName>
                     <location>
                        <geo>52,58076 12,03923</geo>
                     </location>
                  </settlement>
               </birth>
               <death>
                  <date when-iso="1898-07-30">30.07.1898</date>
                  <settlement key="62121">
                     <placeName type="pref">Friedrichsruh</placeName>
                     <location>
                        <geo>53,53043 10,33971</geo>
                     </location>
                  </settlement>
               </death>
               <sex value="male"/>
               <occupation key="95">Politiker/Politikerin</occupation>
               <idno type="URL" subtype="gnd">https://d-nb.info/gnd/11851136X</idno>
               <idno type="URL" subtype="schnitzler-tagebuch">https://schnitzler-tagebuch.acdh.oeaw.ac.at/person_13749.html</idno>
               <idno type="URL" subtype="bahr-textverzeichnis">https://bahr-textverzeichnis.acdh.oeaw.ac.at/pmb10943.html</idno>
               <idno type="URL" subtype="schnitzler-bahr">https://schnitzler-bahr.acdh.oeaw.ac.at/pmb10943.html</idno>
               <idno type="URL" subtype="pmb">https://pmb.acdh.oeaw.ac.at/entity/10943/</idno>
               <idno type="URL" subtype="legalkraus">https://kraus.wienbibliothek.at/register/personen/pmb10943</idno>
               <idno type="URL" subtype="dritte-walpurgisnacht">https://kraus1933.ace.oeaw.ac.at/Gesamt.xml?template=register_personen.html&amp;letter=B#DWpers0021</idno>
               <idno type="URL" subtype="fackel">https://fackel.oeaw.ac.at/?p=fackelp39266</idno>
               <idno type="URL" subtype="wikidata">http://www.wikidata.org/entity/Q8442</idno>
               <idno type="URL" subtype="wikipedia">https://de.wikipedia.org/wiki/Otto_von_Bismarck</idno>
               <idno type="URL" subtype="hanslick-online">https://hanslick.acdh.oeaw.ac.at/hsl_person_id_1114.html</idno>
               <listBibl>
                  <bibl type="collections" n="5">legalkraus</bibl>
                  <bibl type="collections" n="10">Karl Kraus 1933: Dritte Walpurgisnacht</bibl>
                  <bibl type="collections" n="12">Fackel</bibl>
               </listBibl>
               <figure>
                  <graphic url="https://commons.wikimedia.org/w/index.php?title=Special:Redirect/file/BismarckArbeitszimmer1886.jpg"/>
               </figure>
            </person>
            <person xml:id="pmb13474">
               <persName>
                  <surname>Aristoteles</surname>
               </persName>
               <persName type="legacy-name-merge">Aristoteles, None</persName>
               <birth>
                  <date when-iso="0001-01-01">384? v. Chr.</date>
                  <settlement key="54125">
                     <placeName type="pref">Stagira</placeName>
                     <location>
                        <geo>40,53042 23,75159</geo>
                     </location>
                  </settlement>
                  <settlement key="54125">
                     <placeName type="pref">Stagira</placeName>
                     <location>
                        <geo>40,53042 23,75159</geo>
                     </location>
                  </settlement>
               </birth>
               <death>
                  <date when-iso="0001-01-01">322? v. Chr.</date>
                  <settlement key="54064">
                     <placeName type="pref">Chalcis</placeName>
                     <location>
                        <geo>38,46354 23,60284</geo>
                     </location>
                  </settlement>
                  <settlement key="28980">
                     <placeName type="pref">Chalkida</placeName>
                  </settlement>
               </death>
               <sex value="male"/>
               <occupation key="154">Philosoph/Philosophin</occupation>
               <occupation key="409">Naturforscher/Naturforscherin</occupation>
               <idno type="URL" subtype="schnitzler-tagebuch">https://schnitzler-tagebuch.acdh.oeaw.ac.at/person_13247.html</idno>
               <idno type="URL" subtype="schnitzler-bahr">https://schnitzler-bahr.acdh.oeaw.ac.at/pmb13474.html</idno>
               <idno type="URL" subtype="pmb">https://pmb.acdh.oeaw.ac.at/entity/13474/</idno>
               <idno type="URL" subtype="bahr-textverzeichnis">https://bahr-textverzeichnis.acdh.oeaw.ac.at/pmb13474.html</idno>
            </person>
            <person xml:id="pmb11461">
               <persName>
                  <forename>Johann Wolfgang von</forename>
                  <surname>Goethe</surname>
               </persName>
               <persName type="legacy-name-merge">Goethe, Johann Wolfgang von</persName>
               <birth>
                  <date when-iso="1749-08-28">1749-08-28</date>
                  <settlement key="146">
                     <placeName type="pref">Frankfurt am Main</placeName>
                     <location>
                        <geo>50,11552 8,68417</geo>
                     </location>
                  </settlement>
               </birth>
               <death>
                  <date when-iso="1832-03-22">1832-03-22</date>
                  <settlement key="197">
                     <placeName type="pref">Weimar</placeName>
                     <location>
                        <geo>50,97361 11,33806</geo>
                     </location>
                  </settlement>
               </death>
               <sex value="male"/>
               <occupation key="90">Schriftsteller/Schriftstellerin</occupation>
               <idno type="URL" subtype="gnd">https://d-nb.info/gnd/118540238</idno>
               <idno type="URL" subtype="schnitzler-tagebuch">https://schnitzler-tagebuch.acdh.oeaw.ac.at/person_15499.html</idno>
               <idno type="URL" subtype="bahr-textverzeichnis">https://bahr-textverzeichnis.acdh.oeaw.ac.at/pmb11461.html</idno>
               <idno type="URL" subtype="schnitzler-bahr">https://schnitzler-bahr.acdh.oeaw.ac.at/pmb11461.html</idno>
               <idno type="URL" subtype="pmb">https://pmb.acdh.oeaw.ac.at/entity/11461/</idno>
               <idno type="URL" subtype="schnitzler-briefe">https://schnitzler-briefe.acdh.oeaw.ac.at/pmb11461.html</idno>
               <idno type="URL" subtype="schnitzler-lektueren">https://schnitzler-lektueren.acdh.oeaw.ac.at/pmb11461.html</idno>
               <idno type="URL" subtype="legalkraus">https://kraus.wienbibliothek.at/register/personen/pmb11461</idno>
               <idno type="URL" subtype="fackel">https://fackel.oeaw.ac.at/?p=fackelp46960</idno>
               <idno type="URL" subtype="dritte-walpurgisnacht">https://kraus1933.ace.oeaw.ac.at/Gesamt.xml?template=register_personen.html&amp;letter=G#DWpers0080</idno>
               <idno type="URL" subtype="wikidata">http://www.wikidata.org/entity/Q5879</idno>
               <idno type="URL" subtype="wikipedia">https://de.wikipedia.org/wiki/Johann_Wolfgang_von_Goethe</idno>
               <idno type="URL" subtype="thun-korrespondenz">https://thun-korrespondenz.acdh.oeaw.ac.at/goethe-johann-wolfgang.html</idno>
               <idno type="URL" subtype="freud">https://freud.acdh-dev.oeaw.ac.at/frd_person_24.html</idno>
               <idno type="URL" subtype="schnitzler-kino">https://schnitzler-kino.acdh.oeaw.ac.at/pmb11461.html</idno>
               <idno type="URL" subtype="schnitzler-interviews">https://schnitzler-interviews.acdh.oeaw.ac.at/pmb11461.html</idno>
               <idno type="URL" subtype="pmb">https://pmb.acdh.oeaw.ac.at/entity/160235/</idno>
               <idno type="URL" subtype="bahr-tsn">https://bahr-textverzeichnis.acdh.oeaw.ac.at/TSN-listperson.html#pmb11461</idno>
               <idno type="URL" subtype="hanslick-online">https://hanslick.acdh.oeaw.ac.at/hsl_person_id_100.html</idno>
               <idno type="URL" subtype="auden-musulin-papers">https://amp.acdh.oeaw.ac.at/amp_person_11.html</idno>
               <listBibl>
                  <bibl type="collections" n="5">legalkraus</bibl>
                  <bibl type="collections" n="10">Karl Kraus 1933: Dritte Walpurgisnacht</bibl>
                  <bibl type="collections" n="12">Fackel</bibl>
                  <bibl type="collections" n="16">Bahr Textverzeichnis</bibl>
               </listBibl>
               <figure>
                  <graphic url="https://commons.wikimedia.org/w/index.php?title=Special:Redirect/file/Goethe%20%28Stieler%201828%29.jpg"/>
               </figure>
            </person>
            <person xml:id="pmb148595">
               <persName>
                  <forename>Adam</forename>
                  <surname>Smith</surname>
               </persName>
               <death>
                  <date when-iso="1790-07-17">1790-07-17</date>
                  <settlement key="44234">
                     <placeName type="pref">Edinburgh</placeName>
                     <location>
                        <geo>55,95206 -3,19648</geo>
                     </location>
                  </settlement>
               </death>
               <sex value="male"/>
               <idno type="URL" subtype="pmb">https://pmb.acdh.oeaw.ac.at/entity/148595/</idno>
               <idno type="URL" subtype="wikidata">http://www.wikidata.org/entity/Q9381</idno>
               <idno type="URL" subtype="gnd">https://d-nb.info/gnd/118615033</idno>
               <idno type="URL" subtype="wikipedia">https://de.wikipedia.org/wiki/Adam_Smith</idno>
               <idno type="URL" subtype="bahr-textverzeichnis">https://bahr-textverzeichnis.acdh.oeaw.ac.at/pmb148595.html</idno>
               <listBibl>
                  <bibl type="collections" n="16">Bahr Textverzeichnis</bibl>
               </listBibl>
            </person>
            <person xml:id="pmb153927">
               <persName>
                  <forename>Josef</forename>
                  <surname>Merstallinger</surname>
               </persName>
               <death>
                  <date when-iso="1882-01-01" notAfter-iso="1882-12-31">1882</date>
               </death>
               <sex value="not-set"/>
               <idno type="URL" subtype="pmb">https://pmb.acdh.oeaw.ac.at/entity/153927/</idno>
               <idno type="URL" subtype="bahr-textverzeichnis">https://bahr-textverzeichnis.acdh.oeaw.ac.at/pmb153927.html</idno>
               <listBibl>
                  <bibl type="collections" n="16">Bahr Textverzeichnis</bibl>
               </listBibl>
            </person>
            <person xml:id="pmb153925">
               <persName>
                  <forename>Johann von</forename>
                  <surname>Chlumecky</surname>
               </persName>
               <birth>
                  <date notBefore-iso="1834-01-01"
                        when-iso="1834-01-01"
                        notAfter-iso="1834-12-31">1834</date>
               </birth>
               <death>
                  <date when-iso="1924-01-01" notAfter-iso="1924-12-31">1924</date>
               </death>
               <sex value="not-set"/>
               <idno type="URL" subtype="pmb">https://pmb.acdh.oeaw.ac.at/entity/153925/</idno>
               <idno type="URL" subtype="bahr-textverzeichnis">https://bahr-textverzeichnis.acdh.oeaw.ac.at/pmb153925.html</idno>
               <listBibl>
                  <bibl type="collections" n="16">Bahr Textverzeichnis</bibl>
               </listBibl>
            </person>
            <person xml:id="pmb115971">
               <persName>
                  <forename>Albert</forename>
                  <surname>Schäffle</surname>
               </persName>
               <persName type="legacy-name-merge">Schäffle, Albert</persName>
               <birth>
                  <date when-iso="1831-02-24">1831-02-24</date>
               </birth>
               <death>
                  <date when-iso="1903-12-25">1903-12-25</date>
               </death>
               <sex value="male"/>
               <occupation key="95">Politiker/Politikerin</occupation>
               <occupation key="170">Soziologe/Soziologin</occupation>
               <occupation key="237">Publizist/Publizistin</occupation>
               <occupation key="1892">Volkswirt/Volkswirtin</occupation>
               <occupation key="2588">Staatswissenschaftler/Staatswissenschaftlerin</occupation>
               <idno type="URL" subtype="pmb">https://pmb.acdh.oeaw.ac.at/entity/115971/</idno>
               <idno type="URL" subtype="gnd">https://d-nb.info/gnd/11860628X</idno>
               <idno type="URL" subtype="fackel">https://fackel.oeaw.ac.at/?p=fackelp52821</idno>
               <idno type="URL" subtype="wikidata">http://www.wikidata.org/entity/Q70650</idno>
               <idno type="URL" subtype="wikipedia">https://de.wikipedia.org/wiki/Albert_Sch%C3%A4ffle</idno>
               <idno type="URL" subtype="oebl">https://doi.org/10.1553/0x00284bf6</idno>
               <idno type="URL" subtype="pmb">https://pmb.acdh.oeaw.ac.at/entity/162206/</idno>
               <idno type="URL" subtype="bahr-tsn">https://bahr-textverzeichnis.acdh.oeaw.ac.at/TSN-listperson.html#pmb115971</idno>
               <idno type="URL" subtype="bahr-textverzeichnis">https://bahr-textverzeichnis.acdh.oeaw.ac.at/pmb115971.html</idno>
               <listBibl>
                  <bibl type="collections" n="12">Fackel</bibl>
                  <bibl type="collections" n="16">Bahr Textverzeichnis</bibl>
               </listBibl>
               <note type="references">None </note>
            </person>
         </listPerson>
      </back>
   </text>
</TEI>
