<?xml version="1.0" encoding="UTF-8"?>
<TEI xmlns="http://www.tei-c.org/ns/1.0"
     xmlns:tei="http://www.tei-c.org/ns/1.0"
     xml:id="pmb123113.xml"
     prev="pmb123015"
     next="pmb132755">
   <teiHeader>
      <fileDesc>
         <titleStmt>
            <title level="s">Hermann Bahr – Textverzeichnis</title>
            <title level="a">Theater, Kunst und Literatur. Theater in der
                     Josephstadt</title>
            <title type="iso-date">1901-10-09</title>
            <respStmt>
               <resp>providing the content</resp>
               <name>Martin Anton Müller</name>
            </respStmt>
            <respStmt>
               <resp>converted to XML encoding</resp>
               <name>Martin Anton Müller</name>
            </respStmt>
         </titleStmt>
         <publicationStmt>
            <publisher>Austrian Centre for Digital Humanities and Cultural
                                    Heritage (ACDH-CH)</publisher>
            <date>2024-03-19+01:00</date>
            <idno type="URI">https://id.acdh.oeaw.ac.at/bahr-textverzeichnis/pmb123113.xml</idno>
         </publicationStmt>
         <sourceDesc>
            <p>Bibliografische Angaben eines in Druck erschienen Texts von
                                    Bahr</p>
         </sourceDesc>
      </fileDesc>
   </teiHeader>
   <text>
      <body>
         <div type="bibliografische-angabe">
            <biblStruct xml:id="pmb123113"
                        type="Journal-Article"
                        subtype="Nachtkritik"
                        status="checked"
                        prev="pmb123015"
                        next="pmb132755">
               <analytic>
                  <author ref="pmb10815">H. B.</author>
                  <title level="a" ref="pmb123113">Theater, Kunst und Literatur. Theater in der
                     Josephstadt</title>
               </analytic>
               <monogr>
                  <title level="j" ref="pmb41321">Neues Wiener Tagblatt</title>
                  <imprint>
                     <biblScope unit="jg">35</biblScope>
                     <biblScope unit="issue">277</biblScope>
                     <biblScope unit="page">8</biblScope>
                     <date when="1901-10-09">9.10.1901</date>
                  </imprint>
               </monogr>
               <note type="review-of">
                  <bibl>
                     <title level="m">Letzte Nacht</title>
                     <author>Richard Wilde</author>
                  </bibl>
                  <bibl>
                     <title level="m">Familiensupper</title>
                     <author>Benno Jacobson</author>
                  </bibl>
                  <bibl>
                     <title level="m">Teremtette«</title>
                     <author>Otto Berti</author>
                  </bibl>
                  <bibl>
                     <title level="m">Ein ruhiges Heim (Les Boulingrin)</title>
                     <author>Georges Courteline</author>
                  </bibl>
               </note>
               <note type="monographies"> </note>
               <note type="incipit">Vier kleine Acte. Zuerst ein sentimentaler, von Richard
                  Wilde</note>
               <ref type="URL">https://anno.onb.ac.at/cgi-content/anno?aid=nwg&amp;datum=19011009&amp;seite=8</ref>
               <noteGrp type="keywords">
                  <note type="Journal-Article">Artikel in einem Periodikum</note>
                  <note subtype="Nachtkritik">Nachtkritik</note>
               </noteGrp>
               <note type="bibliographical-statement">H. B.: Theater, Kunst und Literatur. Theater
                  in der Josephstadt. In: Neues Wiener Tagblatt, Jg. 35, Nr. 277, 9.10.1901,
                  S. 8.</note>
               <ref type="abdrucke">
                  <listRef>
                     <ptr type="textref" target="pmb132113"/>
                  </listRef>
               </ref>
            </biblStruct>
         </div>
      </body>
      <back/>
   </text>
</TEI>
