<?xml version="1.0" encoding="UTF-8"?>
<TEI xmlns="http://www.tei-c.org/ns/1.0"
     xmlns:tei="http://www.tei-c.org/ns/1.0"
     xml:id="pmb122655.xml"
     prev="pmb122667"
     next="pmb122669">
   <teiHeader>
      <fileDesc>
         <titleStmt>
            <title level="s">Hermann Bahr – Textverzeichnis</title>
            <title level="a">Theater und Kunst. Burgtheater</title>
            <title type="iso-date">1905-09-11</title>
            <respStmt>
               <resp>providing the content</resp>
               <name>Martin Anton Müller</name>
            </respStmt>
            <respStmt>
               <resp>converted to XML encoding</resp>
               <name>Martin Anton Müller</name>
            </respStmt>
         </titleStmt>
         <publicationStmt>
            <publisher>Austrian Centre for Digital Humanities and Cultural
                                    Heritage (ACDH-CH)</publisher>
            <date>2024-03-19+01:00</date>
            <idno type="URI">https://id.acdh.oeaw.ac.at/bahr-textverzeichnis/pmb122655.xml</idno>
         </publicationStmt>
         <sourceDesc>
            <p>Bibliografische Angaben eines in Druck erschienen Texts von
                                    Bahr</p>
         </sourceDesc>
      </fileDesc>
   </teiHeader>
   <text>
      <body>
         <div type="bibliografische-angabe">
            <biblStruct xml:id="pmb122655"
                        type="Journal-Article"
                        subtype="Nachtkritik"
                        status="checked"
                        prev="pmb122667"
                        next="pmb122669">
               <analytic>
                  <author ref="pmb10815">H. B.</author>
                  <title level="a" ref="pmb122655">Theater und Kunst. Burgtheater</title>
               </analytic>
               <monogr>
                  <title level="j" ref="pmb41552">Österreichische Volks-Zeitung</title>
                  <imprint>
                     <biblScope unit="jg">51</biblScope>
                     <biblScope unit="issue">251</biblScope>
                     <biblScope unit="page">5 (Kleine Ausgabe: 7)</biblScope>
                     <date when="1905-09-11">11.9.1905</date>
                  </imprint>
               </monogr>
               <note type="review-of">
                  <bibl>
                     <title level="m">Medea</title>
                     <author>Franz Grillparzer</author>
                  </bibl>
               </note>
               <note type="incipit">Als Medea hat Fräulein Hertha Frentzel vom königlichen Theater
                  in Wiesbaden den ersten Eindruck einer sich unnötig und unnütz in allen möglichen
                  Manieren aufregenden und abquälenden Schauspielerin bestätigt.</note>
               <ref type="personenindex">
                  <listRef>
                     <ptr type="pmb" target="pmb11518"/>
                     <ptr type="pmb" target="pmb2702"/>
                     <ptr type="pmb" target="pmb5765"/>
                     <ptr type="pmb" target="pmb153990"/>
                     <ptr type="pmb" target="pmb114934"/>
                     <ptr type="pmb" target="pmb153991"/>
                     <ptr type="pmb" target="pmb153992"/>
                  </listRef>
               </ref>
               <noteGrp type="keywords">
                  <note type="Journal-Article">Artikel in einem Periodikum</note>
                  <note subtype="Nachtkritik">Nachtkritik</note>
               </noteGrp>
               <note type="bibliographical-statement">H. B.: Theater und Kunst. Burgtheater. In:
                  Österreichische Volks-Zeitung, Jg. 51, Nr. 251, 11.9.1905, S. 5 (Kleine Ausgabe:
                  7).</note>
            </biblStruct>
         </div>
      </body>
      <back>
         <listPerson>
            <person xml:id="pmb11518">
               <persName>
                  <forename>Franz</forename>
                  <surname>Grillparzer</surname>
               </persName>
               <persName type="legacy-name-merge">Grillparzer, Franz</persName>
               <birth>
                  <date when-iso="1791-01-15">15.01.1791</date>
                  <settlement key="50">
                     <placeName type="pref">Wien</placeName>
                     <location>
                        <geo>48,2066 16,37341</geo>
                     </location>
                  </settlement>
               </birth>
               <death>
                  <date when-iso="1872-01-21">21.01.1872</date>
                  <settlement key="50">
                     <placeName type="pref">Wien</placeName>
                     <location>
                        <geo>48,2066 16,37341</geo>
                     </location>
                  </settlement>
               </death>
               <sex value="male"/>
               <occupation key="90">Schriftsteller/Schriftstellerin</occupation>
               <occupation key="1472">Beamter/Beamte</occupation>
               <idno type="URL" subtype="gnd">https://d-nb.info/gnd/118542192</idno>
               <idno type="URL" subtype="schnitzler-tagebuch">https://schnitzler-tagebuch.acdh.oeaw.ac.at/person_15661.html</idno>
               <idno type="URL" subtype="schnitzler-bahr">https://schnitzler-bahr.acdh.oeaw.ac.at/pmb11518.html</idno>
               <idno type="URL" subtype="pmb">https://pmb.acdh.oeaw.ac.at/entity/11518/</idno>
               <idno type="URL" subtype="schnitzler-briefe">https://schnitzler-briefe.acdh.oeaw.ac.at/pmb11518.html</idno>
               <idno type="URL" subtype="schnitzler-lektueren">https://schnitzler-lektueren.acdh.oeaw.ac.at/pmb11518.html</idno>
               <idno type="URL" subtype="legalkraus">https://kraus.wienbibliothek.at/register/personen/pmb11518</idno>
               <idno type="URL" subtype="fackel">https://fackel.oeaw.ac.at/?p=fackelp43482</idno>
               <idno type="URL" subtype="dritte-walpurgisnacht">https://kraus1933.ace.oeaw.ac.at/Gesamt.xml?template=register_personen.html&amp;letter=G#DWpers1208</idno>
               <idno type="URL" subtype="wikidata">http://www.wikidata.org/entity/Q154438</idno>
               <idno type="URL" subtype="wikipedia">https://de.wikipedia.org/wiki/Franz_Grillparzer</idno>
               <idno type="URL" subtype="oeml">https://dx.doi.org/10.1553/0x0001cfa1</idno>
               <idno type="URL" subtype="thun-korrespondenz">https://thun-korrespondenz.acdh.oeaw.ac.at/grillparzer-franz.html</idno>
               <idno type="URL" subtype="oebl">https://doi.org/10.1553/0x002818d2</idno>
               <idno type="URL" subtype="schnitzler-interviews">https://schnitzler-interviews.acdh.oeaw.ac.at/pmb11518.html</idno>
               <idno type="URL" subtype="pmb">https://pmb.acdh.oeaw.ac.at/entity/160293/</idno>
               <idno type="URL" subtype="bahr-tsn">https://bahr-textverzeichnis.acdh.oeaw.ac.at/TSN-listperson.html#pmb11518</idno>
               <idno type="URL" subtype="bahr-textverzeichnis">https://bahr-textverzeichnis.acdh.oeaw.ac.at/pmb11518.html</idno>
               <idno type="URL" subtype="hanslick-online">https://hanslick.acdh.oeaw.ac.at/hsl_person_id_721.html</idno>
               <idno type="URL" subtype="auden-musulin-papers">https://amp.acdh.oeaw.ac.at/amp_person_65.html</idno>
               <listBibl>
                  <bibl type="collections" n="5">legalkraus</bibl>
                  <bibl type="collections" n="10">Karl Kraus 1933: Dritte Walpurgisnacht</bibl>
                  <bibl type="collections" n="12">Fackel</bibl>
                  <bibl type="collections" n="16">Bahr Textverzeichnis</bibl>
               </listBibl>
               <note type="references"> </note>
               <figure>
                  <graphic url="https://commons.wikimedia.org/w/index.php?title=Special:Redirect/file/Grillparzer%20cropped.jpg"/>
               </figure>
            </person>
            <person xml:id="pmb2702">
               <persName>
                  <forename>Heinrich</forename>
                  <surname>Laube</surname>
               </persName>
               <persName type="legacy-name-merge">Laube, Heinrich</persName>
               <birth>
                  <date when-iso="1806-09-18">1806-09-18</date>
                  <settlement key="1004">
                     <placeName type="pref">Sprottau</placeName>
                     <location>
                        <geo>51,56563 15,53664</geo>
                     </location>
                  </settlement>
                  <settlement key="1004">
                     <placeName type="pref">Sprottau</placeName>
                     <location>
                        <geo>51,56563 15,53664</geo>
                     </location>
                  </settlement>
               </birth>
               <death>
                  <date when-iso="1884-08-01">1884-08-01</date>
                  <settlement key="50">
                     <placeName type="pref">Wien</placeName>
                     <location>
                        <geo>48,2066 16,37341</geo>
                     </location>
                  </settlement>
                  <settlement key="50">
                     <placeName type="pref">Wien</placeName>
                     <location>
                        <geo>48,2066 16,37341</geo>
                     </location>
                  </settlement>
               </death>
               <sex value="male"/>
               <occupation key="90">Schriftsteller/Schriftstellerin</occupation>
               <occupation key="103">Theaterleiter/Theaterleiterin</occupation>
               <idno type="URL" subtype="schnitzler-bahr">https://schnitzler-bahr.acdh.oeaw.ac.at/pmb2702.html</idno>
               <idno type="URL" subtype="pmb">https://pmb.acdh.oeaw.ac.at/entity/2702/</idno>
               <idno type="URL" subtype="schnitzler-briefe">https://schnitzler-briefe.acdh.oeaw.ac.at/pmb2702.html</idno>
               <idno type="URL" subtype="schnitzler-tagebuch">https://schnitzler-tagebuch.acdh.oeaw.ac.at/person_17356.html</idno>
               <idno type="URL" subtype="schnitzler-lektueren">https://schnitzler-lektueren.acdh.oeaw.ac.at/pmb2702.html</idno>
               <idno type="URL" subtype="bahr-textverzeichnis">https://bahr-textverzeichnis.acdh.oeaw.ac.at/pmb2702.html</idno>
               <idno type="URL" subtype="fackel">https://fackel.oeaw.ac.at/?p=fackelp48628</idno>
               <idno type="URL" subtype="wikidata">http://www.wikidata.org/entity/Q77470</idno>
               <idno type="URL" subtype="wikipedia">https://de.wikipedia.org/wiki/Heinrich_Laube</idno>
               <idno type="URL" subtype="oeml">https://dx.doi.org/10.1553/0x0001d709</idno>
               <idno type="URL" subtype="thun-korrespondenz">https://thun-korrespondenz.acdh.oeaw.ac.at/laube-heinrich.html</idno>
               <idno type="URL" subtype="oebl">https://doi.org/10.1553/0x00282cbd</idno>
               <idno type="URL" subtype="gnd">https://d-nb.info/gnd/118570080</idno>
               <idno type="URL" subtype="pmb">https://pmb.acdh.oeaw.ac.at/entity/160985/</idno>
               <idno type="URL" subtype="bahr-tsn">https://bahr-textverzeichnis.acdh.oeaw.ac.at/TSN-listperson.html#pmb2702</idno>
               <idno type="URL" subtype="hanslick-online">https://hanslick.acdh.oeaw.ac.at/hsl_person_id_153.html</idno>
               <listBibl>
                  <bibl type="collections" n="12">Fackel</bibl>
                  <bibl type="collections" n="16">Bahr Textverzeichnis</bibl>
               </listBibl>
               <note type="references"> </note>
               <figure>
                  <graphic url="https://commons.wikimedia.org/w/index.php?title=Special:Redirect/file/H%20Laube%20Portrait.jpg"/>
               </figure>
            </person>
            <person xml:id="pmb5765">
               <persName>
                  <forename>Maria</forename>
                  <surname>Mell</surname>
               </persName>
               <persName type="person_rufname">Mary</persName>
               <persName type="person_ehename_nachname">Goltz</persName>
               <persName type="legacy-name-merge">Mell, Maria</persName>
               <birth>
                  <date when-iso="1885-07-12">12.07.1885</date>
                  <settlement key="49947">
                     <placeName type="pref">Maribor</placeName>
                     <location>
                        <geo>46,55472 15,64667</geo>
                     </location>
                  </settlement>
               </birth>
               <death>
                  <date when-iso="1954-10-29">29.10.1954</date>
                  <settlement key="50">
                     <placeName type="pref">Wien</placeName>
                     <location>
                        <geo>48,2066 16,37341</geo>
                     </location>
                  </settlement>
               </death>
               <sex value="female"/>
               <occupation key="105">Schauspieler/Schauspielerin</occupation>
               <idno type="URL" subtype="gnd">https://d-nb.info/gnd/116875291</idno>
               <idno type="URL" subtype="pmb">https://pmb.acdh.oeaw.ac.at/entity/5765/</idno>
               <idno type="URL" subtype="schnitzler-tagebuch">https://schnitzler-tagebuch.acdh.oeaw.ac.at/person_18056.html</idno>
               <idno type="URL" subtype="schnitzler-briefe">https://schnitzler-briefe.acdh.oeaw.ac.at/pmb5765.html</idno>
               <idno type="URL" subtype="wikidata">http://www.wikidata.org/entity/Q59653280</idno>
               <idno type="URL" subtype="bahr-textverzeichnis">https://bahr-textverzeichnis.acdh.oeaw.ac.at/pmb5765.html</idno>
               <affiliation>
                  <term key="1182">arbeitet für</term>
                  <orgName key="36247">Burgtheater</orgName>
                  <idno type="URL" subtype="gnd">https://d-nb.info/gnd/38633-9</idno>
                  <idno type="URL" subtype="pmb">https://pmb.acdh.oeaw.ac.at/entity/36247/</idno>
                  <idno type="URL" subtype="schnitzler-briefe">https://schnitzler-briefe.acdh.oeaw.ac.at/pmb36247.html</idno>
                  <idno type="URL" subtype="legalkraus">https://kraus.wienbibliothek.at/register/institutionen/pmb36247</idno>
                  <idno type="URL" subtype="wikidata">http://www.wikidata.org/entity/Q308720</idno>
                  <idno type="URL" subtype="wikipedia">https://de.wikipedia.org/wiki/Burgtheater</idno>
                  <idno type="URL" subtype="schnitzler-interviews">https://schnitzler-interviews.acdh.oeaw.ac.at/pmb36247.html</idno>
               </affiliation>
               <listEvent>
                  <event key="35251" when-iso="1910-11-24">
                     <desc n="1256">ist Arbeitskraft bei</desc>
                     <label>Uraufführung von Der junge Medardus, 24.11.1910</label>
                     <idno type="URL" subtype="pmb">https://pmb.acdh.oeaw.ac.at/entity/35251/</idno>
                  </event>
               </listEvent>
               <listBibl>
                  <bibl type="collections" n="14">Kein deutscher Wikipedia-Eintrag
                        gefunden</bibl>
                  <bibl type="collections" n="22">No german Wikipedia-Site found</bibl>
               </listBibl>
            </person>
            <person xml:id="pmb153990">
               <persName>
                  <forename>Hertha</forename>
                  <surname>Frentzel</surname>
               </persName>
               <sex value="not-set"/>
               <occupation key="105">Schauspieler/Schauspielerin</occupation>
               <idno type="URL" subtype="pmb">https://pmb.acdh.oeaw.ac.at/entity/153990/</idno>
               <idno type="URL" subtype="bahr-textverzeichnis">https://bahr-textverzeichnis.acdh.oeaw.ac.at/pmb153990.html</idno>
               <listBibl>
                  <bibl type="collections" n="16">Bahr Textverzeichnis</bibl>
               </listBibl>
            </person>
            <person xml:id="pmb114934">
               <persName>
                  <forename>Clara</forename>
                  <surname>Ziegler</surname>
               </persName>
               <birth>
                  <date when-iso="1844-04-27">1844-04-27</date>
               </birth>
               <death>
                  <date when-iso="1909-12-19">1909-12-19</date>
               </death>
               <sex value="female"/>
               <occupation key="90">Schriftsteller/Schriftstellerin</occupation>
               <occupation key="105">Schauspieler/Schauspielerin</occupation>
               <idno type="URL" subtype="pmb">https://pmb.acdh.oeaw.ac.at/entity/114934/</idno>
               <idno type="URL" subtype="gnd">https://d-nb.info/gnd/118834584</idno>
               <idno type="URL" subtype="fackel">https://fackel.oeaw.ac.at/?p=fackelp47857</idno>
               <idno type="URL" subtype="wikidata">http://www.wikidata.org/entity/Q1744427</idno>
               <idno type="URL" subtype="wikipedia">https://de.wikipedia.org/wiki/Klara_Ziegler</idno>
               <idno type="URL" subtype="bahr-textverzeichnis">https://bahr-textverzeichnis.acdh.oeaw.ac.at/pmb114934.html</idno>
               <listBibl>
                  <bibl type="collections" n="12">Fackel</bibl>
                  <bibl type="collections" n="16">Bahr Textverzeichnis</bibl>
               </listBibl>
            </person>
            <person xml:id="pmb153991">
               <persName>
                  <forename>Gertrud</forename>
                  <surname>Giers</surname>
               </persName>
               <birth>
                  <date notBefore-iso="1855-01-01"
                        when-iso="1855-01-01"
                        notAfter-iso="1855-12-31">1855</date>
               </birth>
               <death>
                  <date when-iso="1910-01-01" notAfter-iso="1910-12-31">1910</date>
               </death>
               <sex value="not-set"/>
               <idno type="URL" subtype="pmb">https://pmb.acdh.oeaw.ac.at/entity/153991/</idno>
               <idno type="URL" subtype="bahr-textverzeichnis">https://bahr-textverzeichnis.acdh.oeaw.ac.at/pmb153991.html</idno>
               <listBibl>
                  <bibl type="collections" n="16">Bahr Textverzeichnis</bibl>
               </listBibl>
            </person>
            <person xml:id="pmb153992">
               <persName>
                  <forename>Anna</forename>
                  <surname>Nolewska</surname>
               </persName>
               <sex value="not-set"/>
               <occupation key="105">Schauspieler/Schauspielerin</occupation>
               <idno type="URL" subtype="pmb">https://pmb.acdh.oeaw.ac.at/entity/153992/</idno>
               <idno type="URL" subtype="bahr-textverzeichnis">https://bahr-textverzeichnis.acdh.oeaw.ac.at/pmb153992.html</idno>
               <listBibl>
                  <bibl type="collections" n="16">Bahr Textverzeichnis</bibl>
               </listBibl>
            </person>
         </listPerson>
      </back>
   </text>
</TEI>
