<?xml version="1.0" encoding="UTF-8"?>
<TEI xmlns="http://www.tei-c.org/ns/1.0"
     xmlns:tei="http://www.tei-c.org/ns/1.0"
     xml:id="pmb122531.xml"
     prev="pmb32209"
     next="pmb122533">
   <teiHeader>
      <fileDesc>
         <titleStmt>
            <title level="s">Hermann Bahr – Textverzeichnis</title>
            <title level="a">Bücher. Gefühle</title>
            <title type="iso-date">1894-10-13</title>
            <respStmt>
               <resp>providing the content</resp>
               <name>Martin Anton Müller</name>
            </respStmt>
            <respStmt>
               <resp>converted to XML encoding</resp>
               <name>Martin Anton Müller</name>
            </respStmt>
         </titleStmt>
         <publicationStmt>
            <publisher>Austrian Centre for Digital Humanities and Cultural
                                    Heritage (ACDH-CH)</publisher>
            <date>2024-03-19+01:00</date>
            <idno type="URI">https://id.acdh.oeaw.ac.at/bahr-textverzeichnis/pmb122531.xml</idno>
         </publicationStmt>
         <sourceDesc>
            <p>Bibliografische Angaben eines in Druck erschienen Texts von
                                    Bahr</p>
         </sourceDesc>
      </fileDesc>
   </teiHeader>
   <text>
      <body>
         <div type="bibliografische-angabe">
            <biblStruct xml:id="pmb122531"
                        type="Journal-Article"
                        subtype="Rezension"
                        status="checked"
                        prev="pmb32209"
                        next="pmb122533">
               <analytic>
                  <author ref="pmb10815">hr</author>
                  <title level="a" ref="pmb122531">Bücher. Gefühle</title>
               </analytic>
               <monogr>
                  <title level="j" ref="pmb36340">Die Zeit</title>
                  <imprint>
                     <biblScope unit="jg">1</biblScope>
                     <biblScope unit="issue">2</biblScope>
                     <biblScope unit="page">28</biblScope>
                     <date when="1894-10-13">13.10.1894</date>
                  </imprint>
               </monogr>
               <note type="review-of">
                  <bibl>
                     <author>Karl Rosner</author>
                     <title level="m">Gefühle. Psychopathische Fälle</title>
                     <note>Mit einer Titelzeichnung von Hans Thoma. Leipzig: Wilhelm Friedrich <date type="year">1894</date>
                     </note>
                  </bibl>
               </note>
               <note type="incipit">Herr Rosner, ein ganz junger Wiener, äfft alle Geberden der
                  neuen Literatur</note>
               <ref type="personenindex">
                  <listRef>
                     <ptr type="pmb" target="pmb12564"/>
                     <ptr type="pmb" target="pmb12156"/>
                     <ptr type="pmb" target="pmb27849"/>
                     <ptr type="pmb" target="pmb12965"/>
                     <ptr type="pmb" target="pmb12201"/>
                     <ptr type="pmb" target="pmb2425"/>
                  </listRef>
               </ref>
               <ref type="URL">https://bahr.univie.ac.at/sites/all/txt/die-zeit/2-28.pdf</ref>
               <noteGrp type="keywords">
                  <note type="Journal-Article">Artikel in einem Periodikum</note>
                  <note subtype="Rezension">Rezension</note>
               </noteGrp>
               <note type="bibliographical-statement">hr: Bücher. Gefühle. In: Die Zeit, Jg. 1,
                  Nr. 2, 13.10.1894, S. 28.</note>
            </biblStruct>
         </div>
      </body>
      <back>
         <listPerson>
            <person xml:id="pmb12564">
               <persName>
                  <forename>Karl Peter</forename>
                  <surname>Rosner</surname>
               </persName>
               <birth>
                  <date when-iso="1873-02-05">05.02.1873</date>
                  <settlement key="50">
                     <placeName type="pref">Wien</placeName>
                     <location>
                        <geo>48,2066 16,37341</geo>
                     </location>
                  </settlement>
               </birth>
               <death>
                  <date when-iso="1951-05-06">06.05.1951</date>
                  <settlement key="168">
                     <placeName type="pref">Berlin</placeName>
                     <location>
                        <geo>52,52437 13,41053</geo>
                     </location>
                  </settlement>
               </death>
               <sex value="male"/>
               <occupation key="90">Schriftsteller/Schriftstellerin</occupation>
               <idno type="URL" subtype="gnd">https://d-nb.info/gnd/116628405</idno>
               <idno type="URL" subtype="schnitzler-tagebuch">https://schnitzler-tagebuch.acdh.oeaw.ac.at/person_19397.html</idno>
               <idno type="URL" subtype="schnitzler-bahr">https://schnitzler-bahr.acdh.oeaw.ac.at/pmb12564.html</idno>
               <idno type="URL" subtype="pmb">https://pmb.acdh.oeaw.ac.at/entity/12564/</idno>
               <idno type="URL" subtype="schnitzler-briefe">https://schnitzler-briefe.acdh.oeaw.ac.at/pmb12564.html</idno>
               <idno type="URL" subtype="legalkraus">https://kraus.wienbibliothek.at/register/personen/pmb12564</idno>
               <idno type="URL" subtype="fackel">https://fackel.oeaw.ac.at/?p=fackelp47608</idno>
               <idno type="URL" subtype="wikidata">http://www.wikidata.org/entity/Q1732733</idno>
               <idno type="URL" subtype="wikipedia">https://de.wikipedia.org/wiki/Karl_Rosner</idno>
               <idno type="URL" subtype="bahr-textverzeichnis">https://bahr-textverzeichnis.acdh.oeaw.ac.at/pmb12564.html</idno>
               <listBibl>
                  <bibl type="collections" n="5">legalkraus</bibl>
                  <bibl type="collections" n="12">Fackel</bibl>
               </listBibl>
            </person>
            <person xml:id="pmb12156">
               <persName>
                  <forename>Maurice</forename>
                  <surname>Maeterlinck</surname>
               </persName>
               <persName type="legacy-name-merge">Maeterlinck, Maurice</persName>
               <birth>
                  <date when-iso="1862-08-29">29.08.1862</date>
                  <settlement key="58674">
                     <placeName type="pref">Ghent</placeName>
                     <location>
                        <geo>51,05 3,71667</geo>
                     </location>
                  </settlement>
               </birth>
               <death>
                  <date when-iso="1949-05-06">06.05.1949</date>
                  <settlement key="926">
                     <placeName type="pref">Nizza</placeName>
                     <location>
                        <geo>43,70313 7,26608</geo>
                     </location>
                  </settlement>
               </death>
               <sex value="male"/>
               <occupation key="90">Schriftsteller/Schriftstellerin</occupation>
               <idno type="URL" subtype="gnd">https://d-nb.info/gnd/118576089</idno>
               <idno type="URL" subtype="schnitzler-tagebuch">https://schnitzler-tagebuch.acdh.oeaw.ac.at/person_17779.html</idno>
               <idno type="URL" subtype="schnitzler-bahr">https://schnitzler-bahr.acdh.oeaw.ac.at/pmb12156.html</idno>
               <idno type="URL" subtype="pmb">https://pmb.acdh.oeaw.ac.at/entity/12156/</idno>
               <idno type="URL" subtype="schnitzler-briefe">https://schnitzler-briefe.acdh.oeaw.ac.at/pmb12156.html</idno>
               <idno type="URL" subtype="schnitzler-lektueren">https://schnitzler-lektueren.acdh.oeaw.ac.at/pmb12156.html</idno>
               <idno type="URL" subtype="bahr-textverzeichnis">https://bahr-textverzeichnis.acdh.oeaw.ac.at/pmb12156.html</idno>
               <idno type="URL" subtype="fackel">https://fackel.oeaw.ac.at/?p=fackelp49517</idno>
               <idno type="URL" subtype="wikidata">http://www.wikidata.org/entity/Q49747</idno>
               <idno type="URL" subtype="wikipedia">https://de.wikipedia.org/wiki/Maurice_Maeterlinck</idno>
               <idno type="URL" subtype="schnitzler-interviews">https://schnitzler-interviews.acdh.oeaw.ac.at/pmb12156.html</idno>
               <idno type="URL" subtype="pmb">https://pmb.acdh.oeaw.ac.at/entity/161163/</idno>
               <idno type="URL" subtype="bahr-tsn">https://bahr-textverzeichnis.acdh.oeaw.ac.at/TSN-listperson.html#pmb12156</idno>
               <listBibl>
                  <bibl type="collections" n="12">Fackel</bibl>
                  <bibl type="collections" n="16">Bahr Textverzeichnis</bibl>
               </listBibl>
               <note type="references"> </note>
               <figure>
                  <graphic url="https://commons.wikimedia.org/w/index.php?title=Special:Redirect/file/Picture%20of%20Maurice%20Maeterlinck.jpg"/>
               </figure>
            </person>
            <person xml:id="pmb27849">
               <persName>
                  <forename>Max</forename>
                  <surname>Dauthendey</surname>
               </persName>
               <persName type="legacy-name-merge">Dauthendey, Max</persName>
               <persName type="legacy-name-merge">Dauthendey, Max</persName>
               <birth>
                  <date when-iso="1867-07-25">1867-07-25</date>
                  <settlement key="852">
                     <placeName type="pref">Würzburg</placeName>
                     <location>
                        <geo>49,79391 9,95121</geo>
                     </location>
                  </settlement>
                  <settlement key="852">
                     <placeName type="pref">Würzburg</placeName>
                     <location>
                        <geo>49,79391 9,95121</geo>
                     </location>
                  </settlement>
               </birth>
               <death>
                  <date when-iso="1918-08-29">1918-08-29</date>
                  <settlement key="45789">
                     <placeName type="pref">Malang</placeName>
                     <location>
                        <geo>-7,9797 112,6304</geo>
                     </location>
                  </settlement>
                  <settlement key="45789">
                     <placeName type="pref">Malang</placeName>
                     <location>
                        <geo>-7,9797 112,6304</geo>
                     </location>
                  </settlement>
               </death>
               <sex value="male"/>
               <occupation key="90">Schriftsteller/Schriftstellerin</occupation>
               <idno type="URL" subtype="schnitzler-tagebuch">https://schnitzler-tagebuch.acdh.oeaw.ac.at/person_14361.html</idno>
               <idno type="URL" subtype="schnitzler-bahr">https://schnitzler-bahr.acdh.oeaw.ac.at/pmb27849.html</idno>
               <idno type="URL" subtype="pmb">https://pmb.acdh.oeaw.ac.at/entity/15236/</idno>
               <idno type="URL" subtype="pmb">https://pmb.acdh.oeaw.ac.at/entity/27849/</idno>
               <idno type="URL" subtype="schnitzler-interviews">https://schnitzler-interviews.acdh.oeaw.ac.at/pmb27849.html</idno>
               <idno type="URL" subtype="bahr-textverzeichnis">https://bahr-textverzeichnis.acdh.oeaw.ac.at/pmb27849.html</idno>
               <idno type="URL" subtype="bahr-textverzeichnis">https://bahr-textverzeichnis.acdh.oeaw.ac.at/pmb15236.html</idno>
               <idno type="URL" subtype="pmb">https://pmb.acdh.oeaw.ac.at/entity/157883/</idno>
               <idno type="URL" subtype="wikidata">http://www.wikidata.org/entity/Q481550</idno>
               <idno type="URL" subtype="gnd">https://d-nb.info/gnd/118678973</idno>
               <idno type="URL" subtype="wikipedia">https://de.wikipedia.org/wiki/Max_Dauthendey</idno>
               <idno type="URL" subtype="bahr-tsn">https://bahr-textverzeichnis.acdh.oeaw.ac.at/TSN-listperson.html#pmb27849</idno>
               <listBibl>
                  <bibl type="collections" n="16">Bahr Textverzeichnis</bibl>
               </listBibl>
               <note type="references"> </note>
            </person>
            <person xml:id="pmb12965">
               <persName>
                  <forename>Heinz</forename>
                  <surname>Tovote</surname>
               </persName>
               <birth>
                  <date when-iso="1864-04-12">12.04.1864</date>
                  <settlement key="890">
                     <placeName type="pref">Hannover</placeName>
                     <location>
                        <geo>52,37052 9,73322</geo>
                     </location>
                  </settlement>
               </birth>
               <death>
                  <date when-iso="1946-02-04">04.02.1946</date>
                  <settlement key="168">
                     <placeName type="pref">Berlin</placeName>
                     <location>
                        <geo>52,52437 13,41053</geo>
                     </location>
                  </settlement>
               </death>
               <sex value="male"/>
               <occupation key="90">Schriftsteller/Schriftstellerin</occupation>
               <idno type="URL" subtype="schnitzler-tagebuch">https://schnitzler-tagebuch.acdh.oeaw.ac.at/person_20784.html</idno>
               <idno type="URL" subtype="schnitzler-bahr">https://schnitzler-bahr.acdh.oeaw.ac.at/pmb12965.html</idno>
               <idno type="URL" subtype="pmb">https://pmb.acdh.oeaw.ac.at/entity/12965/</idno>
               <idno type="URL" subtype="schnitzler-lektueren">https://schnitzler-lektueren.acdh.oeaw.ac.at/pmb12965.html</idno>
               <idno type="URL" subtype="wikidata">http://www.wikidata.org/entity/Q1277857</idno>
               <idno type="URL" subtype="wikipedia">https://de.wikipedia.org/wiki/Heinz_Tovote</idno>
               <idno type="URL" subtype="schnitzler-interviews">https://schnitzler-interviews.acdh.oeaw.ac.at/pmb12965.html</idno>
               <idno type="URL" subtype="gnd">https://d-nb.info/gnd/117421243</idno>
               <idno type="URL" subtype="bahr-textverzeichnis">https://bahr-textverzeichnis.acdh.oeaw.ac.at/pmb12965.html</idno>
            </person>
            <person xml:id="pmb12201">
               <persName>
                  <forename>Guy de</forename>
                  <surname>Maupassant</surname>
               </persName>
               <persName type="legacy-name-merge">Maupassant, Guy de</persName>
               <birth>
                  <date when-iso="1850-08-05">05.08.1850</date>
                  <settlement key="39903">
                     <placeName type="pref">Tourville-sur-Arques</placeName>
                     <location>
                        <geo>49,85926 1,10238</geo>
                     </location>
                  </settlement>
               </birth>
               <death>
                  <date when-iso="1893-07-07">07.07.1893</date>
                  <settlement key="182">
                     <placeName type="pref">Paris</placeName>
                     <location>
                        <geo>48,85341 2,3488</geo>
                     </location>
                  </settlement>
               </death>
               <sex value="male"/>
               <occupation key="90">Schriftsteller/Schriftstellerin</occupation>
               <idno type="URL" subtype="gnd">https://d-nb.info/gnd/118579207</idno>
               <idno type="URL" subtype="schnitzler-tagebuch">https://schnitzler-tagebuch.acdh.oeaw.ac.at/person_17985.html</idno>
               <idno type="URL" subtype="schnitzler-bahr">https://schnitzler-bahr.acdh.oeaw.ac.at/pmb12201.html</idno>
               <idno type="URL" subtype="pmb">https://pmb.acdh.oeaw.ac.at/entity/12201/</idno>
               <idno type="URL" subtype="schnitzler-briefe">https://schnitzler-briefe.acdh.oeaw.ac.at/pmb12201.html</idno>
               <idno type="URL" subtype="schnitzler-lektueren">https://schnitzler-lektueren.acdh.oeaw.ac.at/pmb12201.html</idno>
               <idno type="URL" subtype="fackel">https://fackel.oeaw.ac.at/?p=fackelp49884</idno>
               <idno type="URL" subtype="wikidata">http://www.wikidata.org/entity/Q9327</idno>
               <idno type="URL" subtype="wikipedia">https://de.wikipedia.org/wiki/Guy_de_Maupassant</idno>
               <idno type="URL" subtype="pmb">https://pmb.acdh.oeaw.ac.at/entity/161242/</idno>
               <idno type="URL" subtype="bahr-tsn">https://bahr-textverzeichnis.acdh.oeaw.ac.at/TSN-listperson.html#pmb12201</idno>
               <idno type="URL" subtype="bahr-textverzeichnis">https://bahr-textverzeichnis.acdh.oeaw.ac.at/pmb12201.html</idno>
               <idno type="URL" subtype="hanslick-online">https://hanslick.acdh.oeaw.ac.at/hsl_person_id_3618.html</idno>
               <idno type="URL" subtype="schnitzler-interviews">https://schnitzler-interviews.acdh.oeaw.ac.at/pmb12201.html</idno>
               <listBibl>
                  <bibl type="collections" n="12">Fackel</bibl>
                  <bibl type="collections" n="16">Bahr Textverzeichnis</bibl>
               </listBibl>
               <figure>
                  <graphic url="https://commons.wikimedia.org/w/index.php?title=Special:Redirect/file/Maupassant%20par%20Nadar.jpg"/>
               </figure>
            </person>
            <person xml:id="pmb2425">
               <persName>
                  <forename>Felix</forename>
                  <surname>Dörmann</surname>
               </persName>
               <persName type="person_geburtsname_nachname">Biedermann</persName>
               <persName type="legacy-name-merge">Dörmann, Felix</persName>
               <birth>
                  <date when-iso="1870-05-29">29.05.1870</date>
                  <settlement key="50">
                     <placeName type="pref">Wien</placeName>
                     <location>
                        <geo>48,2066 16,37341</geo>
                     </location>
                  </settlement>
               </birth>
               <death>
                  <date when-iso="1928-10-26">26.10.1928</date>
                  <settlement key="50">
                     <placeName type="pref">Wien</placeName>
                     <location>
                        <geo>48,2066 16,37341</geo>
                     </location>
                  </settlement>
               </death>
               <sex value="male"/>
               <occupation key="90">Schriftsteller/Schriftstellerin</occupation>
               <idno type="URL" subtype="gnd">https://d-nb.info/gnd/119020874</idno>
               <idno type="URL" subtype="schnitzler-tagebuch">https://schnitzler-tagebuch.acdh.oeaw.ac.at/person_14472.html</idno>
               <idno type="URL" subtype="schnitzler-bahr">https://schnitzler-bahr.acdh.oeaw.ac.at/pmb2425.html</idno>
               <idno type="URL" subtype="pmb">https://pmb.acdh.oeaw.ac.at/entity/2425/</idno>
               <idno type="URL" subtype="schnitzler-briefe">https://schnitzler-briefe.acdh.oeaw.ac.at/pmb2425.html</idno>
               <idno type="URL" subtype="schnitzler-lektueren">https://schnitzler-lektueren.acdh.oeaw.ac.at/pmb2425.html</idno>
               <idno type="URL" subtype="fackel">https://fackel.oeaw.ac.at/?p=fackelp43159</idno>
               <idno type="URL" subtype="oebl">https://doi.org/10.1553/0x0028102c</idno>
               <idno type="URL" subtype="wikidata">http://www.wikidata.org/entity/Q1403428</idno>
               <idno type="URL" subtype="wikipedia">https://de.wikipedia.org/wiki/Felix_D%C3%B6rmann</idno>
               <idno type="URL" subtype="bahr-textverzeichnis">https://bahr-textverzeichnis.acdh.oeaw.ac.at/pmb2425.html</idno>
               <idno type="URL" subtype="oeml">https://dx.doi.org/10.1553/0x00233ef0</idno>
               <idno type="URL" subtype="schnitzler-kino">https://schnitzler-kino.acdh.oeaw.ac.at/pmb2425.html</idno>
               <idno type="URL" subtype="schnitzler-interviews">https://schnitzler-interviews.acdh.oeaw.ac.at/pmb2425.html</idno>
               <idno type="URL" subtype="pmb">https://pmb.acdh.oeaw.ac.at/entity/159858/</idno>
               <idno type="URL" subtype="bahr-tsn">https://bahr-textverzeichnis.acdh.oeaw.ac.at/TSN-listperson.html#pmb2425</idno>
               <listEvent>
                  <event key="89146" when-iso="1891-03-17">
                     <desc n="1370">teilgenommen an</desc>
                     <label>Gründungstreffen Jung Wien, 17.3.1891</label>
                     <idno type="URL" subtype="pmb">https://pmb.acdh.oeaw.ac.at/entity/89146/</idno>
                  </event>
                  <event key="61712" when-iso="1891-04-11">
                     <desc n="1370">teilgenommen an</desc>
                     <label>Ibsen-Bankett, 11.4.1891</label>
                     <idno type="URL" subtype="pmb">https://pmb.acdh.oeaw.ac.at/entity/61712/</idno>
                  </event>
                  <event key="89182" when-iso="1891-04-14">
                     <desc n="1256">ist Arbeitskraft bei</desc>
                     <label>Zusammenkunft Jung Wien, 14. 4. 1891</label>
                     <idno type="URL" subtype="pmb">https://pmb.acdh.oeaw.ac.at/entity/89182/</idno>
                  </event>
                  <event key="51297" when-iso="1891-10-28">
                     <desc n="1256">ist Arbeitskraft bei</desc>
                     <label>Freie Bühne, Erster geselliger Abend, 28.10.1891</label>
                     <idno type="URL" subtype="pmb">https://pmb.acdh.oeaw.ac.at/entity/51297/</idno>
                  </event>
                  <event key="143820" when-iso="1900-04-15">
                     <desc n="1370">teilgenommen an</desc>
                     <label>Bankett für Ludwig Speidel, 15.4.1900</label>
                     <idno type="URL" subtype="pmb">https://pmb.acdh.oeaw.ac.at/entity/143820/</idno>
                  </event>
                  <event key="57793">
                     <desc n="1256">ist Arbeitskraft bei</desc>
                     <label>Wiener Musik- und Theaterausstellung 1892</label>
                     <idno type="URL" subtype="pmb">https://pmb.acdh.oeaw.ac.at/entity/57793/</idno>
                  </event>
               </listEvent>
               <listBibl>
                  <bibl type="collections" n="11">ÖBL nach 1850 geboren</bibl>
                  <bibl type="collections" n="12">Fackel</bibl>
                  <bibl type="collections" n="16">Bahr Textverzeichnis</bibl>
               </listBibl>
               <note type="references">None </note>
               <figure>
                  <graphic url="https://commons.wikimedia.org/w/index.php?title=Special:Redirect/file/Felix%20Doermann.jpg"/>
               </figure>
            </person>
         </listPerson>
      </back>
   </text>
</TEI>
