<?xml version="1.0" encoding="UTF-8"?>
<TEI xmlns="http://www.tei-c.org/ns/1.0"
     xmlns:tei="http://www.tei-c.org/ns/1.0"
     xml:id="pmb122499.xml"
     prev="pmb122501"
     next="pmb123927">
   <teiHeader>
      <fileDesc>
         <titleStmt>
            <title level="s">Hermann Bahr – Textverzeichnis</title>
            <title level="a">Freie Gedanken. [VIII]</title>
            <title type="iso-date">1883-02-18</title>
            <respStmt>
               <resp>providing the content</resp>
               <name>Martin Anton Müller</name>
            </respStmt>
            <respStmt>
               <resp>converted to XML encoding</resp>
               <name>Martin Anton Müller</name>
            </respStmt>
         </titleStmt>
         <publicationStmt>
            <publisher>Austrian Centre for Digital Humanities and Cultural
                                    Heritage (ACDH-CH)</publisher>
            <date>2024-03-19+01:00</date>
            <idno type="URI">https://id.acdh.oeaw.ac.at/bahr-textverzeichnis/pmb122499.xml</idno>
         </publicationStmt>
         <sourceDesc>
            <p>Bibliografische Angaben eines in Druck erschienen Texts von
                                    Bahr</p>
         </sourceDesc>
      </fileDesc>
   </teiHeader>
   <text>
      <body>
         <div type="bibliografische-angabe">
            <biblStruct xml:id="pmb122499"
                        type="Journal-Article"
                        status="checked"
                        prev="pmb122501"
                        next="pmb123927">
               <analytic>
                  <author ref="pmb10815">Kieselak</author>
                  <title level="a" ref="pmb122499">Freie Gedanken. [VIII]</title>
               </analytic>
               <monogr>
                  <title level="j" ref="pmb122066">Linzer Sonntagsblatt</title>
                  <imprint>
                     <biblScope unit="jg">4</biblScope>
                     <biblScope unit="issue">8</biblScope>
                     <biblScope unit="page">1</biblScope>
                     <date when="1883-02-18">18.2.1883</date>
                  </imprint>
               </monogr>
               <note>
                  <p>Bahr spielt auf seinen Text zu den »Heimstätten« in den »Deutschen Worten« an
                     und lüftet so sein Pseudonym.</p>
               </note>
               <note type="incipit">Die social-politische Debatte, von der die Lärmtrommel der
                  Reclame</note>
               <note type="summary">Beim Text handelt es sich Großteils um eine Zusammenfassung der
                  »Reformrede« Heinrich Fürnkranz‹ im Reichsrat.</note>
               <ref type="personenindex">
                  <listRef>
                     <ptr type="pmb" target="pmb153925"/>
                     <ptr type="pmb" target="pmb153926"/>
                     <ptr type="pmb" target="pmb60373"/>
                     <ptr type="pmb" target="pmb153605"/>
                  </listRef>
               </ref>
               <ref type="URL">https://bahr.univie.ac.at/sites/all/txt/linzer-sonntagsblatt/1883-8_freie-gedanken.pdf</ref>
               <noteGrp type="keywords">
                  <note type="Journal-Article">Artikel in einem Periodikum</note>
               </noteGrp>
               <note type="bibliographical-statement">Kieselak: Freie Gedanken. [VIII]. In: Linzer
                  Sonntagsblatt, Jg. 4, Nr. 8, 18.2.1883, S. 1.</note>
            </biblStruct>
         </div>
      </body>
      <back>
         <listPerson>
            <person xml:id="pmb153925">
               <persName>
                  <forename>Johann von</forename>
                  <surname>Chlumecky</surname>
               </persName>
               <birth>
                  <date notBefore-iso="1834-01-01"
                        when-iso="1834-01-01"
                        notAfter-iso="1834-12-31">1834</date>
               </birth>
               <death>
                  <date when-iso="1924-01-01" notAfter-iso="1924-12-31">1924</date>
               </death>
               <sex value="not-set"/>
               <idno type="URL" subtype="pmb">https://pmb.acdh.oeaw.ac.at/entity/153925/</idno>
               <idno type="URL" subtype="bahr-textverzeichnis">https://bahr-textverzeichnis.acdh.oeaw.ac.at/pmb153925.html</idno>
               <listBibl>
                  <bibl type="collections" n="16">Bahr Textverzeichnis</bibl>
               </listBibl>
            </person>
            <person xml:id="pmb153926">
               <persName>
                  <forename>Ignaz Ritter von</forename>
                  <surname>Kaminski</surname>
               </persName>
               <sex value="not-set"/>
               <idno type="URL" subtype="pmb">https://pmb.acdh.oeaw.ac.at/entity/153926/</idno>
               <idno type="URL" subtype="bahr-textverzeichnis">https://bahr-textverzeichnis.acdh.oeaw.ac.at/pmb153926.html</idno>
               <listBibl>
                  <bibl type="collections" n="16">Bahr Textverzeichnis</bibl>
               </listBibl>
            </person>
            <person xml:id="pmb60373">
               <persName>
                  <forename>Georg</forename>
                  <surname>Schönerer</surname>
               </persName>
               <birth>
                  <date when-iso="1842-07-17">1842-07-17</date>
                  <settlement key="50">
                     <placeName type="pref">Wien</placeName>
                     <location>
                        <geo>48,2066 16,37341</geo>
                     </location>
                  </settlement>
               </birth>
               <death>
                  <date when-iso="1921-08-14">1921-08-14</date>
                  <settlement key="60376">
                     <placeName type="pref">Rosenau Schloss</placeName>
                     <location>
                        <geo>48,60215 15,05942</geo>
                     </location>
                  </settlement>
               </death>
               <sex value="male"/>
               <occupation key="90">Schriftsteller/Schriftstellerin</occupation>
               <occupation key="95">Politiker/Politikerin</occupation>
               <idno type="URL" subtype="pmb">https://pmb.acdh.oeaw.ac.at/entity/60373/</idno>
               <idno type="URL" subtype="gnd">https://d-nb.info/gnd/118610163</idno>
               <idno type="URL" subtype="fackel">https://fackel.oeaw.ac.at/?p=fackelp44322</idno>
               <idno type="URL" subtype="wikidata">http://www.wikidata.org/entity/Q112005</idno>
               <idno type="URL" subtype="wikipedia">https://de.wikipedia.org/wiki/Georg_von_Sch%C3%B6nerer</idno>
               <idno type="URL" subtype="oebl">https://doi.org/10.1553/0x002844c1</idno>
               <idno type="URL" subtype="bahr-textverzeichnis">https://bahr-textverzeichnis.acdh.oeaw.ac.at/pmb60373.html</idno>
               <listBibl>
                  <bibl type="collections" n="12">Fackel</bibl>
                  <bibl type="collections" n="16">Bahr Textverzeichnis</bibl>
               </listBibl>
               <figure>
                  <graphic url="https://commons.wikimedia.org/w/index.php?title=Special:Redirect/file/VonSchoenerer.jpg"/>
               </figure>
            </person>
            <person xml:id="pmb153605">
               <persName>
                  <forename>Heinrich</forename>
                  <surname>Heinrich Fürnkranz</surname>
               </persName>
               <birth>
                  <date when-iso="1828-10-31">1828-10-31</date>
                  <settlement key="36545">
                     <placeName type="pref">Krems</placeName>
                     <location>
                        <geo>48,40921 15,61415</geo>
                     </location>
                  </settlement>
               </birth>
               <death>
                  <date when-iso="1896-12-28">1896-12-28</date>
                  <settlement key="50">
                     <placeName type="pref">Wien</placeName>
                     <location>
                        <geo>48,2066 16,37341</geo>
                     </location>
                  </settlement>
               </death>
               <sex value="male"/>
               <idno type="URL" subtype="bahr-textverzeichnis">https://bahr-textverzeichnis.acdh.oeaw.ac.at/pmb153605.html</idno>
               <idno type="URL" subtype="pmb">https://pmb.acdh.oeaw.ac.at/entity/153605/</idno>
               <idno type="URL" subtype="wikidata">http://www.wikidata.org/entity/Q1597295</idno>
               <idno type="URL" subtype="wikipedia">https://de.wikipedia.org/wiki/Heinrich_F%C3%BCrnkranz</idno>
               <listBibl>
                  <bibl type="collections" n="16">Bahr Textverzeichnis</bibl>
               </listBibl>
            </person>
         </listPerson>
      </back>
   </text>
</TEI>
