<?xml version="1.0" encoding="UTF-8"?>
<TEI xmlns="http://www.tei-c.org/ns/1.0"
     xmlns:tei="http://www.tei-c.org/ns/1.0"
     xml:id="pmb122389.xml"
     prev="pmb134583"
     next="pmb122515">
   <teiHeader>
      <fileDesc>
         <titleStmt>
            <title level="s">Hermann Bahr – Textverzeichnis</title>
            <title level="a">Von neuer Kunst</title>
            <title type="iso-date">1890-06-11</title>
            <respStmt>
               <resp>providing the content</resp>
               <name>Martin Anton Müller</name>
            </respStmt>
            <respStmt>
               <resp>converted to XML encoding</resp>
               <name>Martin Anton Müller</name>
            </respStmt>
         </titleStmt>
         <publicationStmt>
            <publisher>Austrian Centre for Digital Humanities and Cultural
                                    Heritage (ACDH-CH)</publisher>
            <date>2024-03-19+01:00</date>
            <idno type="URI">https://id.acdh.oeaw.ac.at/bahr-textverzeichnis/pmb122389.xml</idno>
         </publicationStmt>
         <sourceDesc>
            <p>Bibliografische Angaben eines in Druck erschienen Texts von
                                    Bahr</p>
         </sourceDesc>
      </fileDesc>
   </teiHeader>
   <text>
      <body>
         <div type="bibliografische-angabe">
            <biblStruct xml:id="pmb122389"
                        type="Journal-Article"
                        subtype="Kurzbesprechungen"
                        status="checked"
                        prev="pmb134583"
                        next="pmb122515">
               <analytic>
                  <author ref="pmb10815">Schnitzel</author>
                  <title level="a" ref="pmb122389">Von neuer Kunst</title>
               </analytic>
               <monogr>
                  <title level="j" ref="pmb36149">Freie Bühne für modernes Leben</title>
                  <imprint>
                     <biblScope unit="jg">1</biblScope>
                     <biblScope unit="issue">19</biblScope>
                     <biblScope unit="page">524–527</biblScope>
                     <date when="1890-06-11">11.6.1890</date>
                  </imprint>
               </monogr>
               <note type="monographies">
                  <bibl>
                     <note>Auszug</note>
                     <title level="m" ref="pmb30859">Das Hermann-Bahr-Buch</title>
                     <biblScope unit="page">107–108</biblScope>
                  </bibl>
               </note>
               <note type="incipit">Berlin, 10. Juni. Ibsen in Paris.</note>
               <note type="summary">Henrik Ibsen in Paris; Meissonnier’s »1814«; Bekenntnisse; Herr
                  Speidel; Théodore de Banville; Camilo Castello Branco; Frau Vilma Parlaghy</note>
               <ref type="personenindex">
                  <listRef>
                     <ptr type="pmb" target="pmb11798"/>
                     <ptr type="pmb" target="pmb5864"/>
                     <ptr type="pmb" target="pmb5485"/>
                     <ptr type="pmb" target="pmb4804"/>
                     <ptr type="pmb" target="pmb4120"/>
                     <ptr type="pmb" target="pmb12816"/>
                     <ptr type="pmb" target="pmb11036"/>
                     <ptr type="pmb" target="pmb4283"/>
                     <ptr type="pmb" target="pmb4950"/>
                     <ptr type="pmb" target="pmb5359"/>
                     <ptr type="pmb" target="pmb4026"/>
                     <ptr type="pmb" target="pmb43693"/>
                     <ptr type="pmb" target="pmb22362"/>
                     <ptr type="pmb" target="pmb148526"/>
                     <ptr type="pmb" target="pmb88138"/>
                     <ptr type="pmb" target="pmb153889"/>
                     <ptr type="pmb" target="pmb148530"/>
                     <ptr type="pmb" target="pmb148533"/>
                     <ptr type="pmb" target="pmb153890"/>
                     <ptr type="pmb" target="pmb148537"/>
                     <ptr type="pmb" target="pmb148540"/>
                     <ptr type="pmb" target="pmb52643"/>
                     <ptr type="pmb" target="pmb114112"/>
                     <ptr type="pmb" target="pmb153891"/>
                  </listRef>
               </ref>
               <ref type="URL">https://bahr.univie.ac.at/sites/all/txt/freie-buehne/1890-19_von-neuer-kunst.pdf</ref>
               <noteGrp type="keywords">
                  <note type="Journal-Article">Artikel in einem Periodikum</note>
                  <note subtype="Kurzbesprechungen">Kurzbesprechungen</note>
               </noteGrp>
               <note type="bibliographical-statement">Schnitzel: Von neuer Kunst. In: Freie Bühne
                  für modernes Leben, Jg. 1, Nr. 19, 11.6.1890, S. 524–527.</note>
            </biblStruct>
         </div>
      </body>
      <back>
         <listPerson>
            <person xml:id="pmb11798">
               <persName>
                  <forename>Henrik</forename>
                  <surname>Ibsen</surname>
               </persName>
               <persName type="legacy-name-merge">Ibsen, Henrik</persName>
               <birth>
                  <date when-iso="1828-03-20">20.03.1828</date>
                  <settlement key="61065">
                     <placeName type="pref">Skien</placeName>
                     <location>
                        <geo>59,20962 9,60897</geo>
                     </location>
                  </settlement>
               </birth>
               <death>
                  <date when-iso="1906-05-23">23.05.1906</date>
                  <settlement key="36296">
                     <placeName type="pref">Oslo</placeName>
                     <location>
                        <geo>59,91273 10,74609</geo>
                     </location>
                  </settlement>
               </death>
               <sex value="male"/>
               <occupation key="90">Schriftsteller/Schriftstellerin</occupation>
               <idno type="URL" subtype="gnd">https://d-nb.info/gnd/118555286</idno>
               <idno type="URL" subtype="schnitzler-tagebuch">https://schnitzler-tagebuch.acdh.oeaw.ac.at/person_16432.html</idno>
               <idno type="URL" subtype="schnitzler-bahr">https://schnitzler-bahr.acdh.oeaw.ac.at/pmb11798.html</idno>
               <idno type="URL" subtype="pmb">https://pmb.acdh.oeaw.ac.at/entity/11798/</idno>
               <idno type="URL" subtype="schnitzler-briefe">https://schnitzler-briefe.acdh.oeaw.ac.at/pmb11798.html</idno>
               <idno type="URL" subtype="schnitzler-lektueren">https://schnitzler-lektueren.acdh.oeaw.ac.at/pmb11798.html</idno>
               <idno type="URL" subtype="legalkraus">https://kraus.wienbibliothek.at/register/personen/pmb11798</idno>
               <idno type="URL" subtype="fackel">https://fackel.oeaw.ac.at/?p=fackelp45852</idno>
               <idno type="URL" subtype="wikidata">http://www.wikidata.org/entity/Q36661</idno>
               <idno type="URL" subtype="wikipedia">https://de.wikipedia.org/wiki/Henrik_Ibsen</idno>
               <idno type="URL" subtype="schnitzler-interviews">https://schnitzler-interviews.acdh.oeaw.ac.at/pmb11798.html</idno>
               <idno type="URL" subtype="pmb">https://pmb.acdh.oeaw.ac.at/entity/160626/</idno>
               <idno type="URL" subtype="bahr-tsn">https://bahr-textverzeichnis.acdh.oeaw.ac.at/TSN-listperson.html#pmb11798</idno>
               <idno type="URL" subtype="bahr-textverzeichnis">https://bahr-textverzeichnis.acdh.oeaw.ac.at/pmb11798.html</idno>
               <idno type="URL" subtype="hanslick-online">https://hanslick.acdh.oeaw.ac.at/hsl_person_id_2145.html</idno>
               <listEvent>
                  <event key="61712" when-iso="1891-04-11">
                     <desc n="1370">teilgenommen an</desc>
                     <label>Ibsen-Bankett, 11.4.1891</label>
                     <idno type="URL" subtype="pmb">https://pmb.acdh.oeaw.ac.at/entity/61712/</idno>
                  </event>
                  <event key="89365" when-iso="1891-04-11">
                     <desc n="1370">teilgenommen an</desc>
                     <label>Premiere von Die Kronprätendenten, 11.4.1891</label>
                     <idno type="URL" subtype="pmb">https://pmb.acdh.oeaw.ac.at/entity/89365/</idno>
                  </event>
               </listEvent>
               <listBibl>
                  <bibl type="collections" n="5">legalkraus</bibl>
                  <bibl type="collections" n="12">Fackel</bibl>
                  <bibl type="collections" n="16">Bahr Textverzeichnis</bibl>
               </listBibl>
               <note type="references"> </note>
               <figure>
                  <graphic url="https://commons.wikimedia.org/w/index.php?title=Special:Redirect/file/Ibsen%20by%20Olrik.jpg"/>
               </figure>
            </person>
            <person xml:id="pmb5864">
               <persName>
                  <forename>Georges</forename>
                  <surname>Boulanger</surname>
               </persName>
               <birth>
                  <date when-iso="1837-04-29">29.04.1837</date>
                  <settlement key="55293">
                     <placeName type="pref">Rennes</placeName>
                     <location>
                        <geo>48,11198 -1,67429</geo>
                     </location>
                  </settlement>
               </birth>
               <death>
                  <date when-iso="1891-09-30">30.09.1891</date>
                  <settlement key="55286">
                     <placeName type="pref">Ixelles</placeName>
                     <location>
                        <geo>50,82157 4,37389</geo>
                     </location>
                  </settlement>
               </death>
               <sex value="male"/>
               <occupation key="95">Politiker/Politikerin</occupation>
               <occupation key="619">Militär/Militärin</occupation>
               <idno type="URL" subtype="gnd">https://d-nb.info/gnd/118659499</idno>
               <idno type="URL" subtype="pmb">https://pmb.acdh.oeaw.ac.at/entity/5864/</idno>
               <idno type="URL" subtype="schnitzler-briefe">https://schnitzler-briefe.acdh.oeaw.ac.at/pmb5864.html</idno>
               <idno type="URL" subtype="bahr-textverzeichnis">https://bahr-textverzeichnis.acdh.oeaw.ac.at/pmb5864.html</idno>
               <idno type="URL" subtype="fackel">https://fackel.oeaw.ac.at/?p=fackelp39433</idno>
               <idno type="URL" subtype="wikidata">http://www.wikidata.org/entity/Q315747</idno>
               <idno type="URL" subtype="wikipedia">https://de.wikipedia.org/wiki/Georges_Boulanger</idno>
               <listBibl>
                  <bibl type="collections" n="12">Fackel</bibl>
               </listBibl>
               <figure>
                  <graphic url="https://commons.wikimedia.org/w/index.php?title=Special:Redirect/file/Georges%20Ernest%20Boulanger%20by%20Atelier%20Nadar.jpg"/>
               </figure>
            </person>
            <person xml:id="pmb5485">
               <persName>
                  <forename>Moritz</forename>
                  <surname>Prozor</surname>
               </persName>
               <birth>
                  <date when-iso="1849-01-16">16.01.1849</date>
                  <settlement key="60492">
                     <placeName type="pref">Vilnius</placeName>
                     <location>
                        <geo>54,68916 25,2798</geo>
                     </location>
                  </settlement>
               </birth>
               <death>
                  <date when-iso="1928-05-10">10.05.1928</date>
                  <settlement key="926">
                     <placeName type="pref">Nizza</placeName>
                     <location>
                        <geo>43,70313 7,26608</geo>
                     </location>
                  </settlement>
               </death>
               <sex value="male"/>
               <occupation key="116">Übersetzer/Übersetzerin</occupation>
               <occupation key="267">Diplomat/Diplomatin</occupation>
               <idno type="URL" subtype="gnd">https://d-nb.info/gnd/133526186</idno>
               <idno type="URL" subtype="pmb">https://pmb.acdh.oeaw.ac.at/entity/5485/</idno>
               <idno type="URL" subtype="schnitzler-briefe">https://schnitzler-briefe.acdh.oeaw.ac.at/pmb5485.html</idno>
               <idno type="URL" subtype="wikidata">http://www.wikidata.org/entity/Q1703019</idno>
               <idno type="URL" subtype="wikipedia">https://de.wikipedia.org/wiki/Moritz_Prozor</idno>
               <idno type="URL" subtype="bahr-textverzeichnis">https://bahr-textverzeichnis.acdh.oeaw.ac.at/pmb5485.html</idno>
            </person>
            <person xml:id="pmb4804">
               <persName>
                  <forename>Ola</forename>
                  <surname>Hansson</surname>
               </persName>
               <persName type="legacy-name-merge">Hansson, Ola</persName>
               <persName type="legacy-name-merge">Hansson, Ola</persName>
               <birth>
                  <date when-iso="1860-11-12">12.11.1860</date>
                  <settlement key="58878">
                     <placeName type="pref">Hønsinge</placeName>
                     <location>
                        <geo>55,86555 11,55595</geo>
                     </location>
                  </settlement>
               </birth>
               <death>
                  <date when-iso="1925-09-26">26.09.1925</date>
                  <settlement key="4807">
                     <placeName type="pref">Büyükdere</placeName>
                  </settlement>
               </death>
               <sex value="male"/>
               <occupation key="90">Schriftsteller/Schriftstellerin</occupation>
               <idno type="URL" subtype="gnd">https://d-nb.info/gnd/11854585X</idno>
               <idno type="URL" subtype="schnitzler-bahr">https://schnitzler-bahr.acdh.oeaw.ac.at/pmb4804.html</idno>
               <idno type="URL" subtype="pmb">https://pmb.acdh.oeaw.ac.at/entity/4804/</idno>
               <idno type="URL" subtype="schnitzler-briefe">https://schnitzler-briefe.acdh.oeaw.ac.at/pmb4804.html</idno>
               <idno type="URL" subtype="pmb">https://pmb.acdh.oeaw.ac.at/entity/65073/</idno>
               <idno type="URL" subtype="schnitzler-lektueren">https://schnitzler-lektueren.acdh.oeaw.ac.at/pmb65073.html</idno>
               <idno type="URL" subtype="wikidata">http://www.wikidata.org/entity/Q2017855</idno>
               <idno type="URL" subtype="wikipedia">https://de.wikipedia.org/wiki/Ola_Hansson</idno>
               <idno type="URL" subtype="pmb">https://pmb.acdh.oeaw.ac.at/entity/160387/</idno>
               <idno type="URL" subtype="bahr-tsn">https://bahr-textverzeichnis.acdh.oeaw.ac.at/TSN-listperson.html#pmb4804</idno>
               <idno type="URL" subtype="bahr-textverzeichnis">https://bahr-textverzeichnis.acdh.oeaw.ac.at/pmb4804.html</idno>
               <listBibl>
                  <bibl type="collections" n="16">Bahr Textverzeichnis</bibl>
               </listBibl>
               <note type="references">None </note>
               <figure>
                  <graphic url="https://commons.wikimedia.org/w/index.php?title=Special:Redirect/file/Hansson%2C%20Ola%20-%20portr%C3%A4tt%20-%20AF.jpg"/>
               </figure>
            </person>
            <person xml:id="pmb4120">
               <persName>
                  <forename>Francisque</forename>
                  <surname>Sarcey</surname>
               </persName>
               <persName type="legacy-name-merge">Sarcey, Francisque</persName>
               <birth>
                  <date when-iso="1827-10-08">1827-10-08</date>
                  <settlement key="4121">
                     <placeName type="pref">Dourdan</placeName>
                  </settlement>
               </birth>
               <death>
                  <date when-iso="1899-01-01" notAfter-iso="1899-12-31">1899</date>
                  <settlement key="182">
                     <placeName type="pref">Paris</placeName>
                     <location>
                        <geo>48,85341 2,3488</geo>
                     </location>
                  </settlement>
               </death>
               <sex value="male"/>
               <occupation key="90">Schriftsteller/Schriftstellerin</occupation>
               <occupation key="99">Journalist/Journalistin</occupation>
               <idno type="URL" subtype="gnd">https://d-nb.info/gnd/116806095</idno>
               <idno type="URL" subtype="schnitzler-bahr">https://schnitzler-bahr.acdh.oeaw.ac.at/pmb4120.html</idno>
               <idno type="URL" subtype="pmb">https://pmb.acdh.oeaw.ac.at/entity/4120/</idno>
               <idno type="URL" subtype="bahr-textverzeichnis">https://bahr-textverzeichnis.acdh.oeaw.ac.at/pmb4120.html</idno>
               <idno type="URL" subtype="fackel">https://fackel.oeaw.ac.at/?p=fackelp43421</idno>
               <idno type="URL" subtype="wikidata">http://www.wikidata.org/entity/Q1384953</idno>
               <idno type="URL" subtype="wikipedia">https://de.wikipedia.org/wiki/Francisque_Sarcey</idno>
               <idno type="URL" subtype="pmb">https://pmb.acdh.oeaw.ac.at/entity/162038/</idno>
               <idno type="URL" subtype="bahr-tsn">https://bahr-textverzeichnis.acdh.oeaw.ac.at/TSN-listperson.html#pmb4120</idno>
               <listBibl>
                  <bibl type="collections" n="12">Fackel</bibl>
                  <bibl type="collections" n="16">Bahr Textverzeichnis</bibl>
               </listBibl>
               <note type="references">None </note>
               <figure>
                  <graphic url="https://commons.wikimedia.org/w/index.php?title=Special:Redirect/file/Francisque%20Sarcey%201886.jpg"/>
               </figure>
            </person>
            <person xml:id="pmb12816">
               <persName>
                  <forename>Ludwig</forename>
                  <surname>Speidel</surname>
               </persName>
               <persName type="legacy-name-merge">Speidel, Ludwig</persName>
               <birth>
                  <date when-iso="1830-04-11">1830-04-11</date>
                  <settlement key="39966">
                     <placeName type="pref">Ulm</placeName>
                     <location>
                        <geo>48,39841 9,99155</geo>
                     </location>
                  </settlement>
               </birth>
               <death>
                  <date when-iso="1906-02-03">1906-02-03</date>
                  <settlement key="50">
                     <placeName type="pref">Wien</placeName>
                     <location>
                        <geo>48,2066 16,37341</geo>
                     </location>
                  </settlement>
               </death>
               <sex value="male"/>
               <occupation key="99">Journalist/Journalistin</occupation>
               <occupation key="100">Kritiker/Kritikerin</occupation>
               <idno type="URL" subtype="gnd">https://d-nb.info/gnd/117482684</idno>
               <idno type="URL" subtype="schnitzler-tagebuch">https://schnitzler-tagebuch.acdh.oeaw.ac.at/person_20243.html</idno>
               <idno type="URL" subtype="schnitzler-bahr">https://schnitzler-bahr.acdh.oeaw.ac.at/pmb12816.html</idno>
               <idno type="URL" subtype="pmb">https://pmb.acdh.oeaw.ac.at/entity/12816/</idno>
               <idno type="URL" subtype="schnitzler-briefe">https://schnitzler-briefe.acdh.oeaw.ac.at/pmb12816.html</idno>
               <idno type="URL" subtype="legalkraus">https://kraus.wienbibliothek.at/register/personen/pmb12816</idno>
               <idno type="URL" subtype="fackel">https://fackel.oeaw.ac.at/?p=fackelp49331</idno>
               <idno type="URL" subtype="wikidata">http://www.wikidata.org/entity/Q1875043</idno>
               <idno type="URL" subtype="wikipedia">https://de.wikipedia.org/wiki/Ludwig_Speidel</idno>
               <idno type="URL" subtype="oeml">https://dx.doi.org/10.1553/0x0001e2ea</idno>
               <idno type="URL" subtype="oebl">https://doi.org/10.1553/0x00284caa</idno>
               <idno type="URL" subtype="schnitzler-interviews">https://schnitzler-interviews.acdh.oeaw.ac.at/pmb12816.html</idno>
               <idno type="URL" subtype="pmb">https://pmb.acdh.oeaw.ac.at/entity/162325/</idno>
               <idno type="URL" subtype="bahr-tsn">https://bahr-textverzeichnis.acdh.oeaw.ac.at/TSN-listperson.html#pmb12816</idno>
               <idno type="URL" subtype="bahr-textverzeichnis">https://bahr-textverzeichnis.acdh.oeaw.ac.at/pmb12816.html</idno>
               <idno type="URL" subtype="hanslick-online">https://hanslick.acdh.oeaw.ac.at/hsl_person_id_2407.html</idno>
               <listEvent>
                  <event key="143820" when-iso="1900-04-15">
                     <desc n="1370">teilgenommen an</desc>
                     <label>Bankett für Ludwig Speidel, 15.4.1900</label>
                     <idno type="URL" subtype="pmb">https://pmb.acdh.oeaw.ac.at/entity/143820/</idno>
                  </event>
                  <event key="46528" when-iso="1909-11-01">
                     <desc n="1370">teilgenommen an</desc>
                     <label>Private Vorlesung von Der junge Medardus, 1.11.1909</label>
                     <idno type="URL" subtype="pmb">https://pmb.acdh.oeaw.ac.at/entity/46528/</idno>
                  </event>
               </listEvent>
               <listBibl>
                  <bibl type="collections" n="5">legalkraus</bibl>
                  <bibl type="collections" n="12">Fackel</bibl>
                  <bibl type="collections" n="16">Bahr Textverzeichnis</bibl>
               </listBibl>
               <note type="references"> </note>
               <figure>
                  <graphic url="https://commons.wikimedia.org/w/index.php?title=Special:Redirect/file/Ludwig%20Speidel%2001.jpg"/>
               </figure>
            </person>
            <person xml:id="pmb11036">
               <persName>
                  <forename>Max Eugen</forename>
                  <surname>Burckhard</surname>
               </persName>
               <persName type="legacy-name-merge">Burckhard, Max Eugen</persName>
               <birth>
                  <date when-iso="1854-07-14">14.07.1854</date>
                  <settlement key="61010">
                     <placeName type="pref">Korneuburg</placeName>
                     <location>
                        <geo>48,35 16,33333</geo>
                     </location>
                  </settlement>
               </birth>
               <death>
                  <date when-iso="1912-03-16">16.03.1912</date>
                  <settlement key="50">
                     <placeName type="pref">Wien</placeName>
                     <location>
                        <geo>48,2066 16,37341</geo>
                     </location>
                  </settlement>
               </death>
               <sex value="male"/>
               <occupation key="90">Schriftsteller/Schriftstellerin</occupation>
               <occupation key="102">Rechtswissenschaftler/Rechtswissenschaftlerin</occupation>
               <occupation key="103">Theaterleiter/Theaterleiterin</occupation>
               <idno type="URL" subtype="gnd">https://d-nb.info/gnd/117161144</idno>
               <idno type="URL" subtype="schnitzler-tagebuch">https://schnitzler-tagebuch.acdh.oeaw.ac.at/person_14065.html</idno>
               <idno type="URL" subtype="schnitzler-bahr">https://schnitzler-bahr.acdh.oeaw.ac.at/pmb11036.html</idno>
               <idno type="URL" subtype="pmb">https://pmb.acdh.oeaw.ac.at/entity/11036/</idno>
               <idno type="URL" subtype="schnitzler-briefe">https://schnitzler-briefe.acdh.oeaw.ac.at/pmb11036.html</idno>
               <idno type="URL" subtype="schnitzler-lektueren">https://schnitzler-lektueren.acdh.oeaw.ac.at/pmb11036.html</idno>
               <idno type="URL" subtype="bahr-textverzeichnis">https://bahr-textverzeichnis.acdh.oeaw.ac.at/pmb11036.html</idno>
               <idno type="URL" subtype="fackel">https://fackel.oeaw.ac.at/?p=fackelp49912</idno>
               <idno type="URL" subtype="oebl">https://doi.org/10.1553/0x00281164</idno>
               <idno type="URL" subtype="wikidata">http://www.wikidata.org/entity/Q88819</idno>
               <idno type="URL" subtype="wikipedia">https://de.wikipedia.org/wiki/Max_Burckhard</idno>
               <idno type="URL" subtype="pmb">https://pmb.acdh.oeaw.ac.at/entity/159526/</idno>
               <idno type="URL" subtype="bahr-tsn">https://bahr-textverzeichnis.acdh.oeaw.ac.at/TSN-listperson.html#pmb11036</idno>
               <idno type="URL" subtype="schnitzler-interviews">https://schnitzler-interviews.acdh.oeaw.ac.at/pmb11036.html</idno>
               <affiliation notBefore-iso="1890-01-01"
                            when-iso="1890-01-01"
                            notAfter-iso="1890-12-31">
                  <term key="1182">arbeitet für</term>
                  <orgName key="36247">Burgtheater</orgName>
                  <idno type="URL" subtype="gnd">https://d-nb.info/gnd/38633-9</idno>
                  <idno type="URL" subtype="pmb">https://pmb.acdh.oeaw.ac.at/entity/36247/</idno>
                  <idno type="URL" subtype="schnitzler-briefe">https://schnitzler-briefe.acdh.oeaw.ac.at/pmb36247.html</idno>
                  <idno type="URL" subtype="legalkraus">https://kraus.wienbibliothek.at/register/institutionen/pmb36247</idno>
                  <idno type="URL" subtype="wikidata">http://www.wikidata.org/entity/Q308720</idno>
                  <idno type="URL" subtype="wikipedia">https://de.wikipedia.org/wiki/Burgtheater</idno>
                  <idno type="URL" subtype="schnitzler-interviews">https://schnitzler-interviews.acdh.oeaw.ac.at/pmb36247.html</idno>
               </affiliation>
               <affiliation when-iso="1899-10-11">
                  <term key="1182">arbeitet für</term>
                  <orgName key="29209">Die Zeit. Wiener Wochenschrift</orgName>
                  <idno type="URL" subtype="schnitzler-bahr">https://schnitzler-bahr.acdh.oeaw.ac.at/pmb29209.html</idno>
                  <idno type="URL" subtype="pmb">https://pmb.acdh.oeaw.ac.at/entity/29209/</idno>
                  <idno type="URL" subtype="schnitzler-briefe">https://schnitzler-briefe.acdh.oeaw.ac.at/pmb29209.html</idno>
                  <idno type="URL" subtype="schnitzler-interviews">https://schnitzler-interviews.acdh.oeaw.ac.at/pmb29209.html</idno>
               </affiliation>
               <affiliation notBefore-iso="1901-01-01"
                            when-iso="1901-01-01"
                            notAfter-iso="1901-12-31">
                  <term key="1182">arbeitet für</term>
                  <orgName key="144488">Verwaltungsgerichtshof</orgName>
                  <idno type="URL" subtype="pmb">https://pmb.acdh.oeaw.ac.at/entity/144488/</idno>
                  <idno type="URL" subtype="wikipedia">https://de.wikipedia.org/wiki/Verwaltungsgerichtshof_(%C3%96sterreich)</idno>
                  <idno type="URL" subtype="wikidata">http://www.wikidata.org/entity/Q874053</idno>
               </affiliation>
               <affiliation notBefore-iso="1908-01-01"
                            when-iso="1908-01-01"
                            notAfter-iso="1908-12-31">
                  <term key="1182">arbeitet für</term>
                  <orgName key="29677">Franz-Grillparzer-Preis</orgName>
                  <idno type="URL" subtype="schnitzler-bahr">https://schnitzler-bahr.acdh.oeaw.ac.at/pmb29677.html</idno>
                  <idno type="URL" subtype="pmb">https://pmb.acdh.oeaw.ac.at/entity/29677/</idno>
                  <idno type="URL" subtype="schnitzler-briefe">https://schnitzler-briefe.acdh.oeaw.ac.at/pmb29677.html</idno>
                  <idno type="URL" subtype="wikidata">http://www.wikidata.org/entity/Q1445780</idno>
                  <idno type="URL" subtype="wikipedia">https://de.wikipedia.org/wiki/Franz-Grillparzer-Preis</idno>
                  <idno type="URL" subtype="schnitzler-interviews">https://schnitzler-interviews.acdh.oeaw.ac.at/pmb29677.html</idno>
               </affiliation>
               <listEvent>
                  <event key="61712" when-iso="1891-04-11">
                     <desc n="1370">teilgenommen an</desc>
                     <label>Ibsen-Bankett, 11.4.1891</label>
                     <idno type="URL" subtype="pmb">https://pmb.acdh.oeaw.ac.at/entity/61712/</idno>
                  </event>
                  <event key="57547" when-iso="1897-12-27">
                     <desc n="1370">teilgenommen an</desc>
                     <label>Private Vorlesung von Das Vermächtnis, 27.12.1897</label>
                     <idno type="URL" subtype="pmb">https://pmb.acdh.oeaw.ac.at/entity/57547/</idno>
                  </event>
                  <event key="143820" when-iso="1900-04-15">
                     <desc n="1370">teilgenommen an</desc>
                     <label>Bankett für Ludwig Speidel, 15.4.1900</label>
                     <idno type="URL" subtype="pmb">https://pmb.acdh.oeaw.ac.at/entity/143820/</idno>
                  </event>
                  <event key="48470" when-iso="1905-04-13">
                     <desc n="1370">teilgenommen an</desc>
                     <label>Uraufführung von Rat Schrimpf, 13.4.1905</label>
                     <idno type="URL" subtype="pmb">https://pmb.acdh.oeaw.ac.at/entity/48470/</idno>
                  </event>
                  <event key="50222" when-iso="1909-10-15">
                     <desc n="1370">teilgenommen an</desc>
                     <label>Generalprobe von Jene Asra, 15.10.1909</label>
                     <idno type="URL" subtype="pmb">https://pmb.acdh.oeaw.ac.at/entity/50222/</idno>
                  </event>
               </listEvent>
               <listBibl>
                  <bibl type="collections" n="11">ÖBL nach 1850 geboren</bibl>
                  <bibl type="collections" n="12">Fackel</bibl>
                  <bibl type="collections" n="16">Bahr Textverzeichnis</bibl>
               </listBibl>
               <figure>
                  <graphic url="https://commons.wikimedia.org/w/index.php?title=Special:Redirect/file/Max%20Burckhard%20am%20Totenbett.png"/>
               </figure>
            </person>
            <person xml:id="pmb4283">
               <persName>
                  <forename>Théodore de</forename>
                  <surname>Banville</surname>
               </persName>
               <persName type="legacy-name-merge">Banville, Théodore de</persName>
               <birth>
                  <date when-iso="1823-03-14">1823-03-14</date>
                  <settlement key="55968">
                     <placeName type="pref">Moulins</placeName>
                     <location>
                        <geo>46,56459 3,33243</geo>
                     </location>
                  </settlement>
               </birth>
               <death>
                  <date when-iso="1891-01-01" notAfter-iso="1891-12-31">1891</date>
                  <settlement key="182">
                     <placeName type="pref">Paris</placeName>
                     <location>
                        <geo>48,85341 2,3488</geo>
                     </location>
                  </settlement>
               </death>
               <sex value="male"/>
               <occupation key="90">Schriftsteller/Schriftstellerin</occupation>
               <idno type="URL" subtype="gnd">https://d-nb.info/gnd/119080389</idno>
               <idno type="URL" subtype="schnitzler-bahr">https://schnitzler-bahr.acdh.oeaw.ac.at/pmb4283.html</idno>
               <idno type="URL" subtype="pmb">https://pmb.acdh.oeaw.ac.at/entity/4283/</idno>
               <idno type="URL" subtype="bahr-textverzeichnis">https://bahr-textverzeichnis.acdh.oeaw.ac.at/pmb4283.html</idno>
               <idno type="URL" subtype="wikidata">http://www.wikidata.org/entity/Q312630</idno>
               <idno type="URL" subtype="wikipedia">https://de.wikipedia.org/wiki/Th%C3%A9odore_de_Banville</idno>
               <idno type="URL" subtype="pmb">https://pmb.acdh.oeaw.ac.at/entity/159226/</idno>
               <idno type="URL" subtype="bahr-tsn">https://bahr-textverzeichnis.acdh.oeaw.ac.at/TSN-listperson.html#pmb4283</idno>
               <listBibl>
                  <bibl type="collections" n="16">Bahr Textverzeichnis</bibl>
               </listBibl>
               <note type="references">None </note>
               <figure>
                  <graphic url="https://commons.wikimedia.org/w/index.php?title=Special:Redirect/file/F%C3%A9lix%20Nadar%201820-1910%20Portrait%20de%20Th%C3%A9odore%20de%20Banville.jpg"/>
               </figure>
            </person>
            <person xml:id="pmb4950">
               <persName>
                  <forename>Charles</forename>
                  <surname>Baudelaire</surname>
               </persName>
               <persName type="legacy-name-merge">Baudelaire, Charles</persName>
               <birth>
                  <date when-iso="1821-04-09">1821-04-09</date>
                  <settlement key="182">
                     <placeName type="pref">Paris</placeName>
                     <location>
                        <geo>48,85341 2,3488</geo>
                     </location>
                  </settlement>
               </birth>
               <death>
                  <date when-iso="1867-08-31">1867-08-31</date>
                  <settlement key="182">
                     <placeName type="pref">Paris</placeName>
                     <location>
                        <geo>48,85341 2,3488</geo>
                     </location>
                  </settlement>
               </death>
               <sex value="male"/>
               <occupation key="90">Schriftsteller/Schriftstellerin</occupation>
               <idno type="URL" subtype="gnd">https://d-nb.info/gnd/118507184</idno>
               <idno type="URL" subtype="schnitzler-bahr">https://schnitzler-bahr.acdh.oeaw.ac.at/pmb4950.html</idno>
               <idno type="URL" subtype="pmb">https://pmb.acdh.oeaw.ac.at/entity/4950/</idno>
               <idno type="URL" subtype="legalkraus">https://kraus.wienbibliothek.at/register/personen/pmb4950</idno>
               <idno type="URL" subtype="bahr-textverzeichnis">https://bahr-textverzeichnis.acdh.oeaw.ac.at/pmb4950.html</idno>
               <idno type="URL" subtype="fackel">https://fackel.oeaw.ac.at/?p=fackelp39885</idno>
               <idno type="URL" subtype="wikidata">http://www.wikidata.org/entity/Q501</idno>
               <idno type="URL" subtype="wikipedia">https://de.wikipedia.org/wiki/Charles_Baudelaire</idno>
               <idno type="URL" subtype="schnitzler-interviews">https://schnitzler-interviews.acdh.oeaw.ac.at/pmb4950.html</idno>
               <idno type="URL" subtype="pmb">https://pmb.acdh.oeaw.ac.at/entity/159257/</idno>
               <idno type="URL" subtype="bahr-tsn">https://bahr-textverzeichnis.acdh.oeaw.ac.at/TSN-listperson.html#pmb4950</idno>
               <listBibl>
                  <bibl type="collections" n="5">legalkraus</bibl>
                  <bibl type="collections" n="12">Fackel</bibl>
                  <bibl type="collections" n="16">Bahr Textverzeichnis</bibl>
               </listBibl>
               <note type="references"> </note>
               <figure>
                  <graphic url="https://commons.wikimedia.org/w/index.php?title=Special:Redirect/file/Baudelaire%20crop.jpg"/>
               </figure>
            </person>
            <person xml:id="pmb5359">
               <persName>
                  <forename>Victor</forename>
                  <surname>Hugo</surname>
               </persName>
               <persName type="legacy-name-merge">Hugo, Victor</persName>
               <birth>
                  <date when-iso="1802-02-26">26.02.1802</date>
                  <settlement key="49878">
                     <placeName type="pref">Besançon</placeName>
                     <location>
                        <geo>47,24878 6,01815</geo>
                     </location>
                  </settlement>
               </birth>
               <death>
                  <date when-iso="1885-05-22">22.05.1885</date>
                  <settlement key="182">
                     <placeName type="pref">Paris</placeName>
                     <location>
                        <geo>48,85341 2,3488</geo>
                     </location>
                  </settlement>
               </death>
               <sex value="male"/>
               <occupation key="90">Schriftsteller/Schriftstellerin</occupation>
               <idno type="URL" subtype="gnd">https://d-nb.info/gnd/118554654</idno>
               <idno type="URL" subtype="pmb">https://pmb.acdh.oeaw.ac.at/entity/5359/</idno>
               <idno type="URL" subtype="schnitzler-lektueren">https://schnitzler-lektueren.acdh.oeaw.ac.at/pmb5359.html</idno>
               <idno type="URL" subtype="bahr-textverzeichnis">https://bahr-textverzeichnis.acdh.oeaw.ac.at/pmb5359.html</idno>
               <idno type="URL" subtype="fackel">https://fackel.oeaw.ac.at/?p=fackelp54881</idno>
               <idno type="URL" subtype="wikidata">http://www.wikidata.org/entity/Q535</idno>
               <idno type="URL" subtype="wikipedia">https://de.wikipedia.org/wiki/Victor_Hugo</idno>
               <idno type="URL" subtype="schnitzler-kino">https://schnitzler-kino.acdh.oeaw.ac.at/pmb5359.html</idno>
               <idno type="URL" subtype="schnitzler-interviews">https://schnitzler-interviews.acdh.oeaw.ac.at/pmb5359.html</idno>
               <idno type="URL" subtype="pmb">https://pmb.acdh.oeaw.ac.at/entity/160601/</idno>
               <idno type="URL" subtype="bahr-tsn">https://bahr-textverzeichnis.acdh.oeaw.ac.at/TSN-listperson.html#pmb5359</idno>
               <idno type="URL" subtype="hanslick-online">https://hanslick.acdh.oeaw.ac.at/hsl_person_id_131.html</idno>
               <listBibl>
                  <bibl type="collections" n="12">Fackel</bibl>
                  <bibl type="collections" n="16">Bahr Textverzeichnis</bibl>
               </listBibl>
               <note type="references">None </note>
               <figure>
                  <graphic url="https://commons.wikimedia.org/w/index.php?title=Special:Redirect/file/Victor%20Hugo%20by%20%C3%89tienne%20Carjat%201876%20-%20full.jpg"/>
               </figure>
            </person>
            <person xml:id="pmb4026">
               <persName>
                  <forename>Paul</forename>
                  <surname>Bourget</surname>
               </persName>
               <persName type="legacy-name-merge">Bourget, Paul</persName>
               <birth>
                  <date when-iso="1852-09-02">02.09.1852</date>
                  <settlement key="58753">
                     <placeName type="pref">Amiens</placeName>
                     <location>
                        <geo>49,9 2,3</geo>
                     </location>
                  </settlement>
               </birth>
               <death>
                  <date when-iso="1935-12-25">25.12.1935</date>
                  <settlement key="182">
                     <placeName type="pref">Paris</placeName>
                     <location>
                        <geo>48,85341 2,3488</geo>
                     </location>
                  </settlement>
               </death>
               <sex value="male"/>
               <occupation key="90">Schriftsteller/Schriftstellerin</occupation>
               <idno type="URL" subtype="schnitzler-tagebuch">https://schnitzler-tagebuch.acdh.oeaw.ac.at/person_13897.html</idno>
               <idno type="URL" subtype="schnitzler-bahr">https://schnitzler-bahr.acdh.oeaw.ac.at/pmb4026.html</idno>
               <idno type="URL" subtype="pmb">https://pmb.acdh.oeaw.ac.at/entity/4026/</idno>
               <idno type="URL" subtype="schnitzler-briefe">https://schnitzler-briefe.acdh.oeaw.ac.at/pmb4026.html</idno>
               <idno type="URL" subtype="schnitzler-lektueren">https://schnitzler-lektueren.acdh.oeaw.ac.at/pmb4026.html</idno>
               <idno type="URL" subtype="bahr-textverzeichnis">https://bahr-textverzeichnis.acdh.oeaw.ac.at/pmb4026.html</idno>
               <idno type="URL" subtype="fackel">https://fackel.oeaw.ac.at/?p=fackelp39440</idno>
               <idno type="URL" subtype="wikidata">http://www.wikidata.org/entity/Q198644</idno>
               <idno type="URL" subtype="wikipedia">https://de.wikipedia.org/wiki/Paul_Bourget</idno>
               <idno type="URL" subtype="schnitzler-kino">https://schnitzler-kino.acdh.oeaw.ac.at/pmb4026.html</idno>
               <idno type="URL" subtype="gnd">https://d-nb.info/gnd/118659561</idno>
               <idno type="URL" subtype="pmb">https://pmb.acdh.oeaw.ac.at/entity/159458/</idno>
               <idno type="URL" subtype="bahr-tsn">https://bahr-textverzeichnis.acdh.oeaw.ac.at/TSN-listperson.html#pmb4026</idno>
               <idno type="URL" subtype="schnitzler-interviews">https://schnitzler-interviews.acdh.oeaw.ac.at/pmb4026.html</idno>
               <listBibl>
                  <bibl type="collections" n="12">Fackel</bibl>
                  <bibl type="collections" n="16">Bahr Textverzeichnis</bibl>
               </listBibl>
               <note type="references">None </note>
               <figure>
                  <graphic url="https://commons.wikimedia.org/w/index.php?title=Special:Redirect/file/PaulBourget.jpg"/>
               </figure>
            </person>
            <person xml:id="pmb43693">
               <persName>
                  <forename>Jules Gabriel</forename>
                  <surname>Janin</surname>
               </persName>
               <persName type="legacy-name-merge">Janin, Jules Gabriel</persName>
               <birth>
                  <date when-iso="1804-12-04">1804-12-04</date>
                  <settlement key="47367">
                     <placeName type="pref">Saint-Etienne</placeName>
                     <location>
                        <geo>45,43389 4,39</geo>
                     </location>
                  </settlement>
               </birth>
               <death>
                  <date when-iso="1874-06-20">1874-06-20</date>
                  <settlement key="182">
                     <placeName type="pref">Paris</placeName>
                     <location>
                        <geo>48,85341 2,3488</geo>
                     </location>
                  </settlement>
               </death>
               <sex value="male"/>
               <occupation key="90">Schriftsteller/Schriftstellerin</occupation>
               <occupation key="99">Journalist/Journalistin</occupation>
               <occupation key="100">Kritiker/Kritikerin</occupation>
               <idno type="URL" subtype="gnd">https://d-nb.info/gnd/118775944</idno>
               <idno type="URL" subtype="pmb">https://pmb.acdh.oeaw.ac.at/entity/43693/</idno>
               <idno type="URL" subtype="pmb">https://pmb.acdh.oeaw.ac.at/entity/64954/</idno>
               <idno type="URL" subtype="schnitzler-lektueren">https://schnitzler-lektueren.acdh.oeaw.ac.at/pmb64954.html</idno>
               <idno type="URL" subtype="bahr-textverzeichnis">https://bahr-textverzeichnis.acdh.oeaw.ac.at/pmb43693.html</idno>
               <idno type="URL" subtype="wikidata">http://www.wikidata.org/entity/Q956459</idno>
               <idno type="URL" subtype="wikipedia">https://de.wikipedia.org/wiki/Jules_Janin</idno>
               <idno type="URL" subtype="hanslick-online">https://hanslick.acdh.oeaw.ac.at/hsl_person_id_136.html</idno>
               <figure>
                  <graphic url="https://commons.wikimedia.org/w/index.php?title=Special:Redirect/file/Jules%20Janin%20by%20Nadar.png"/>
               </figure>
            </person>
            <person xml:id="pmb22362">
               <persName>
                  <forename>Vilma</forename>
                  <surname>Parlaghy</surname>
               </persName>
               <birth>
                  <date when-iso="1863-01-01">1863</date>
               </birth>
               <death>
                  <date when-iso="1923-01-01">1923?</date>
               </death>
               <sex value="female"/>
               <occupation key="110">Maler/Malerin</occupation>
               <idno type="URL" subtype="schnitzler-tagebuch">https://schnitzler-tagebuch.acdh.oeaw.ac.at/person_18663.html</idno>
               <idno type="URL" subtype="pmb">https://pmb.acdh.oeaw.ac.at/entity/22362/</idno>
               <idno type="URL" subtype="bahr-textverzeichnis">https://bahr-textverzeichnis.acdh.oeaw.ac.at/pmb22362.html</idno>
            </person>
            <person xml:id="pmb148526">
               <persName>
                  <forename>William</forename>
                  <surname>Cody</surname>
               </persName>
               <persName type="person_pseudonym">Buffalo Bill</persName>
               <birth>
                  <date when-iso="1846-02-26">1846-02-26</date>
                  <settlement key="148527">
                     <placeName type="pref">Scott County</placeName>
                     <location>
                        <geo>41,635833333333 -90,633888888889</geo>
                     </location>
                  </settlement>
               </birth>
               <death>
                  <date when-iso="1917-01-10">1917-01-10</date>
                  <settlement key="119890">
                     <placeName type="pref">Denver, Colo.</placeName>
                     <location>
                        <geo>39,73915 -104,9847</geo>
                     </location>
                  </settlement>
               </death>
               <sex value="male"/>
               <idno type="URL" subtype="bahr-textverzeichnis">https://bahr-textverzeichnis.acdh.oeaw.ac.at/pmb148526.html</idno>
               <idno type="URL" subtype="pmb">https://pmb.acdh.oeaw.ac.at/entity/148526/</idno>
               <idno type="URL" subtype="wikidata">http://www.wikidata.org/entity/Q202285</idno>
               <idno type="URL" subtype="gnd">https://d-nb.info/gnd/118517244</idno>
               <idno type="URL" subtype="wikipedia">https://de.wikipedia.org/wiki/Buffalo_Bill</idno>
               <listBibl>
                  <bibl type="collections" n="16">Bahr Textverzeichnis</bibl>
               </listBibl>
            </person>
            <person xml:id="pmb88138">
               <persName>
                  <forename>Jules</forename>
                  <surname>Lemaître</surname>
               </persName>
               <persName type="legacy-name-merge">Lemaître, Jules</persName>
               <birth>
                  <date when-iso="1853-04-27">1853-04-27</date>
                  <settlement key="88140">
                     <placeName type="pref">Vennecy</placeName>
                     <location>
                        <geo>47,95465 2,05459</geo>
                     </location>
                  </settlement>
               </birth>
               <death>
                  <date when-iso="1914-08-04">1914-08-04</date>
                  <settlement key="88143">
                     <placeName type="pref">Tavers</placeName>
                     <location>
                        <geo>47,75921 1,61267</geo>
                     </location>
                  </settlement>
               </death>
               <sex value="male"/>
               <occupation key="90">Schriftsteller/Schriftstellerin</occupation>
               <occupation key="1535">Librettist/Librettistin</occupation>
               <idno type="URL" subtype="pmb">https://pmb.acdh.oeaw.ac.at/entity/88138/</idno>
               <idno type="URL" subtype="gnd">https://d-nb.info/gnd/118727338</idno>
               <idno type="URL" subtype="bahr-textverzeichnis">https://bahr-textverzeichnis.acdh.oeaw.ac.at/pmb88138.html</idno>
               <idno type="URL" subtype="fackel">https://fackel.oeaw.ac.at/?p=fackelp48713</idno>
               <idno type="URL" subtype="wikidata">http://www.wikidata.org/entity/Q197935</idno>
               <idno type="URL" subtype="wikipedia">https://de.wikipedia.org/wiki/Jules_Lema%C3%AEtre</idno>
               <idno type="URL" subtype="pmb">https://pmb.acdh.oeaw.ac.at/entity/161024/</idno>
               <idno type="URL" subtype="bahr-tsn">https://bahr-textverzeichnis.acdh.oeaw.ac.at/TSN-listperson.html#pmb88138</idno>
               <affiliation>
                  <term key="1182">arbeitet für</term>
                  <orgName key="29221">Journal des débats</orgName>
                  <idno type="URL" subtype="schnitzler-bahr">https://schnitzler-bahr.acdh.oeaw.ac.at/pmb29221.html</idno>
                  <idno type="URL" subtype="pmb">https://pmb.acdh.oeaw.ac.at/entity/29221/</idno>
               </affiliation>
               <listBibl>
                  <bibl type="collections" n="12">Fackel</bibl>
                  <bibl type="collections" n="16">Bahr Textverzeichnis</bibl>
               </listBibl>
               <note type="references"> </note>
               <figure>
                  <graphic url="https://commons.wikimedia.org/w/index.php?title=Special:Redirect/file/Jules%20Lema%C3%AEtre%201913.jpg"/>
               </figure>
            </person>
            <person xml:id="pmb153889">
               <persName>
                  <forename>Jacques</forename>
                  <surname>Saint-Cère</surname>
               </persName>
               <sex value="not-set"/>
               <idno type="URL" subtype="bahr-textverzeichnis">https://bahr-textverzeichnis.acdh.oeaw.ac.at/pmb153889.html</idno>
               <idno type="URL" subtype="pmb">https://pmb.acdh.oeaw.ac.at/entity/153889/</idno>
               <listBibl>
                  <bibl type="collections" n="16">Bahr Textverzeichnis</bibl>
               </listBibl>
            </person>
            <person xml:id="pmb148530">
               <persName>
                  <forename>Rodolphe</forename>
                  <surname>Rodolphe Darzens</surname>
               </persName>
               <birth>
                  <date when-iso="1865-04-01">1865-04-01</date>
                  <settlement key="869">
                     <placeName type="pref">Moskau</placeName>
                     <location>
                        <geo>55,76167 37,60667</geo>
                     </location>
                  </settlement>
               </birth>
               <death>
                  <date when-iso="1938-12-27">1938-12-27</date>
                  <settlement key="36749">
                     <placeName type="pref">Neuilly-sur-Seine</placeName>
                     <location>
                        <geo>48,8846 2,26965</geo>
                     </location>
                  </settlement>
               </death>
               <sex value="male"/>
               <idno type="URL" subtype="bahr-textverzeichnis">https://bahr-textverzeichnis.acdh.oeaw.ac.at/pmb148530.html</idno>
               <idno type="URL" subtype="pmb">https://pmb.acdh.oeaw.ac.at/entity/148530/</idno>
               <idno type="URL" subtype="wikidata">http://www.wikidata.org/entity/Q15838237</idno>
               <idno type="URL" subtype="gnd">https://d-nb.info/gnd/121094618</idno>
               <idno type="URL" subtype="bahr-tsn">https://bahr-textverzeichnis.acdh.oeaw.ac.at/TSN-listperson.html#pmb148530</idno>
               <listBibl>
                  <bibl type="collections" n="16">Bahr Textverzeichnis</bibl>
                  <bibl type="collections" n="22">No german Wikipedia-Site found</bibl>
               </listBibl>
            </person>
            <person xml:id="pmb148533">
               <persName>
                  <forename>Paul</forename>
                  <surname>Desjardins</surname>
               </persName>
               <birth>
                  <date when-iso="1859-11-22">1859-11-22</date>
                  <settlement key="182">
                     <placeName type="pref">Paris</placeName>
                     <location>
                        <geo>48,85341 2,3488</geo>
                     </location>
                  </settlement>
               </birth>
               <death>
                  <date when-iso="1940-03-13">1940-03-13</date>
                  <settlement key="148535">
                     <placeName type="pref">Pontigny</placeName>
                     <location>
                        <geo>47,906944444444 3,7108333333333</geo>
                     </location>
                  </settlement>
               </death>
               <sex value="male"/>
               <idno type="URL" subtype="bahr-textverzeichnis">https://bahr-textverzeichnis.acdh.oeaw.ac.at/pmb148533.html</idno>
               <idno type="URL" subtype="pmb">https://pmb.acdh.oeaw.ac.at/entity/148533/</idno>
               <idno type="URL" subtype="wikidata">http://www.wikidata.org/entity/Q932340</idno>
               <idno type="URL" subtype="gnd">https://d-nb.info/gnd/118722506</idno>
               <idno type="URL" subtype="wikipedia">https://de.wikipedia.org/wiki/Paul_Desjardins</idno>
               <listBibl>
                  <bibl type="collections" n="16">Bahr Textverzeichnis</bibl>
               </listBibl>
            </person>
            <person xml:id="pmb153890">
               <persName>
                  <forename>Léon</forename>
                  <surname>Bernard-Derosne</surname>
               </persName>
               <birth>
                  <date notBefore-iso="1839-01-01"
                        when-iso="1839-01-01"
                        notAfter-iso="1839-12-31">1839</date>
               </birth>
               <death>
                  <date when-iso="1910-01-01" notAfter-iso="1910-12-31">1910</date>
               </death>
               <sex value="not-set"/>
               <idno type="URL" subtype="bahr-textverzeichnis">https://bahr-textverzeichnis.acdh.oeaw.ac.at/pmb153890.html</idno>
               <idno type="URL" subtype="pmb">https://pmb.acdh.oeaw.ac.at/entity/153890/</idno>
               <listBibl>
                  <bibl type="collections" n="16">Bahr Textverzeichnis</bibl>
               </listBibl>
            </person>
            <person xml:id="pmb148537">
               <persName>
                  <forename>Jean-Louis-Ernest</forename>
                  <surname>Meissonier</surname>
               </persName>
               <persName type="legacy-name-merge">Meissonier, Ernest</persName>
               <birth>
                  <date when-iso="1815-02-21">1815-02-21</date>
                  <settlement key="63779">
                     <placeName type="pref">Lyon</placeName>
                     <location>
                        <geo>45,74846 4,84671</geo>
                     </location>
                  </settlement>
               </birth>
               <death>
                  <date when-iso="1891-01-31">1891-01-31</date>
                  <settlement key="182">
                     <placeName type="pref">Paris</placeName>
                     <location>
                        <geo>48,85341 2,3488</geo>
                     </location>
                  </settlement>
               </death>
               <sex value="male"/>
               <idno type="URL" subtype="pmb">https://pmb.acdh.oeaw.ac.at/entity/148537/</idno>
               <idno type="URL" subtype="wikidata">http://www.wikidata.org/entity/Q354786</idno>
               <idno type="URL" subtype="gnd">https://d-nb.info/gnd/118782967</idno>
               <idno type="URL" subtype="pmb">https://pmb.acdh.oeaw.ac.at/entity/161275/</idno>
               <idno type="URL" subtype="wikipedia">https://de.wikipedia.org/wiki/Ernest_Meissonier</idno>
               <idno type="URL" subtype="bahr-tsn">https://bahr-textverzeichnis.acdh.oeaw.ac.at/TSN-listperson.html#pmb161275</idno>
               <idno type="URL" subtype="bahr-textverzeichnis">https://bahr-textverzeichnis.acdh.oeaw.ac.at/pmb148537.html</idno>
               <listBibl>
                  <bibl type="collections" n="16">Bahr Textverzeichnis</bibl>
               </listBibl>
               <note type="references">None </note>
            </person>
            <person xml:id="pmb148540">
               <persName>
                  <forename>Alfred</forename>
                  <surname>Alfred Chauchard</surname>
               </persName>
               <birth>
                  <date when-iso="1821-08-22">1821-08-22</date>
                  <settlement key="148541">
                     <placeName type="pref">Les Mureaux</placeName>
                     <location>
                        <geo>48,993055555556 1,9083333333333</geo>
                     </location>
                  </settlement>
               </birth>
               <death>
                  <date when-iso="1909-06-05">1909-06-05</date>
                  <settlement key="182">
                     <placeName type="pref">Paris</placeName>
                     <location>
                        <geo>48,85341 2,3488</geo>
                     </location>
                  </settlement>
               </death>
               <sex value="male"/>
               <occupation key="440">Kunstsammler/Kunstsammlerin</occupation>
               <occupation key="913">Unternehmer/Unternehmerin</occupation>
               <idno type="URL" subtype="bahr-textverzeichnis">https://bahr-textverzeichnis.acdh.oeaw.ac.at/pmb148540.html</idno>
               <idno type="URL" subtype="pmb">https://pmb.acdh.oeaw.ac.at/entity/148540/</idno>
               <idno type="URL" subtype="wikidata">http://www.wikidata.org/entity/Q2835019</idno>
               <idno type="URL" subtype="gnd">https://d-nb.info/gnd/1080843930</idno>
               <idno type="URL" subtype="wikipedia">https://de.wikipedia.org/wiki/Alfred_Chauchard</idno>
               <idno type="URL" subtype="bahr-tsn">https://bahr-textverzeichnis.acdh.oeaw.ac.at/TSN-listperson.html#pmb148540</idno>
               <listBibl>
                  <bibl type="collections" n="16">Bahr Textverzeichnis</bibl>
               </listBibl>
            </person>
            <person xml:id="pmb52643">
               <persName>
                  <forename>Théophile</forename>
                  <surname>Gautier</surname>
               </persName>
               <persName type="legacy-name-merge">Gautier, Théophile</persName>
               <persName type="legacy-name-merge">Gautier, Théophile</persName>
               <persName type="legacy-name-merge">Gautier, Théophile</persName>
               <persName type="legacy-name-merge">Gautier, Théophile</persName>
               <birth>
                  <date when-iso="1811-08-30">1811-08-30</date>
               </birth>
               <death>
                  <date when-iso="1872-10-23">1872-10-23</date>
                  <settlement key="36749">
                     <placeName type="pref">Neuilly-sur-Seine</placeName>
                     <location>
                        <geo>48,8846 2,26965</geo>
                     </location>
                  </settlement>
               </death>
               <sex value="male"/>
               <occupation key="90">Schriftsteller/Schriftstellerin</occupation>
               <occupation key="100">Kritiker/Kritikerin</occupation>
               <occupation key="110">Maler/Malerin</occupation>
               <occupation key="251">Kunstkritiker/Kunstkritikerin</occupation>
               <idno type="URL" subtype="pmb">https://pmb.acdh.oeaw.ac.at/entity/52642/</idno>
               <idno type="URL" subtype="pmb">https://pmb.acdh.oeaw.ac.at/entity/52643/</idno>
               <idno type="URL" subtype="pmb">https://pmb.acdh.oeaw.ac.at/entity/64943/</idno>
               <idno type="URL" subtype="schnitzler-lektueren">https://schnitzler-lektueren.acdh.oeaw.ac.at/pmb64943.html</idno>
               <idno type="URL" subtype="legalkraus">https://kraus.wienbibliothek.at/register/personen/pmb52643</idno>
               <idno type="URL" subtype="bahr-textverzeichnis">https://bahr-textverzeichnis.acdh.oeaw.ac.at/pmb52643.html</idno>
               <idno type="URL" subtype="fackel">https://fackel.oeaw.ac.at/?p=fackelp54063</idno>
               <idno type="URL" subtype="pmb">https://pmb.acdh.oeaw.ac.at/entity/116236/</idno>
               <idno type="URL" subtype="gnd">https://d-nb.info/gnd/11853789X</idno>
               <idno type="URL" subtype="wikidata">http://www.wikidata.org/entity/Q183713</idno>
               <idno type="URL" subtype="wikipedia">https://de.wikipedia.org/wiki/Th%C3%A9ophile_Gautier</idno>
               <idno type="URL" subtype="pmb">https://pmb.acdh.oeaw.ac.at/entity/160174/</idno>
               <idno type="URL" subtype="bahr-tsn">https://bahr-textverzeichnis.acdh.oeaw.ac.at/TSN-listperson.html#pmb52643</idno>
               <listBibl>
                  <bibl type="collections" n="5">legalkraus</bibl>
                  <bibl type="collections" n="12">Fackel</bibl>
                  <bibl type="collections" n="16">Bahr Textverzeichnis</bibl>
               </listBibl>
               <note type="references"> </note>
               <figure>
                  <graphic url="https://commons.wikimedia.org/w/index.php?title=Special:Redirect/file/Th%C3%A9ophile%20Gautier%201857.JPG"/>
               </figure>
            </person>
            <person xml:id="pmb114112">
               <persName>
                  <forename>Paul</forename>
                  <surname>Gavarni</surname>
               </persName>
               <birth>
                  <date when-iso="1804-01-13">1804-01-13</date>
               </birth>
               <death>
                  <date when-iso="1866-11-23">1866-11-23</date>
               </death>
               <sex value="male"/>
               <occupation key="90">Schriftsteller/Schriftstellerin</occupation>
               <occupation key="110">Maler/Malerin</occupation>
               <occupation key="136">Grafiker/Grafikerin</occupation>
               <occupation key="331">Zeichner/Zeichnerin</occupation>
               <occupation key="332">Karikaturist/Karikaturistin</occupation>
               <occupation key="361">Künstler/Künstlerin</occupation>
               <idno type="URL" subtype="bahr-textverzeichnis">https://bahr-textverzeichnis.acdh.oeaw.ac.at/pmb114112.html</idno>
               <idno type="URL" subtype="pmb">https://pmb.acdh.oeaw.ac.at/entity/114112/</idno>
               <idno type="URL" subtype="gnd">https://d-nb.info/gnd/118537903</idno>
               <idno type="URL" subtype="fackel">https://fackel.oeaw.ac.at/?p=fackelp44235</idno>
               <idno type="URL" subtype="wikidata">http://www.wikidata.org/entity/Q1074290</idno>
               <idno type="URL" subtype="wikipedia">https://de.wikipedia.org/wiki/Paul_Gavarni</idno>
               <idno type="URL" subtype="bahr-tsn">https://bahr-textverzeichnis.acdh.oeaw.ac.at/TSN-listperson.html#pmb114112</idno>
               <listBibl>
                  <bibl type="collections" n="12">Fackel</bibl>
                  <bibl type="collections" n="16">Bahr Textverzeichnis</bibl>
               </listBibl>
            </person>
            <person xml:id="pmb153891">
               <persName>
                  <forename>Camilo Castelo</forename>
                  <surname>Branco</surname>
               </persName>
               <sex value="not-set"/>
               <idno type="URL" subtype="bahr-textverzeichnis">https://bahr-textverzeichnis.acdh.oeaw.ac.at/pmb153891.html</idno>
               <idno type="URL" subtype="pmb">https://pmb.acdh.oeaw.ac.at/entity/153891/</idno>
               <listBibl>
                  <bibl type="collections" n="16">Bahr Textverzeichnis</bibl>
               </listBibl>
            </person>
         </listPerson>
      </back>
   </text>
</TEI>
