<?xml version="1.0" encoding="UTF-8"?>
<TEI xmlns="http://www.tei-c.org/ns/1.0"
     xmlns:tei="http://www.tei-c.org/ns/1.0"
     xml:id="pmb122947.xml"
     prev="pmb122951"
     next="pmb122949">
   <teiHeader>
      <fileDesc>
         <titleStmt>
            <title level="s">Hermann Bahr – Textverzeichnis</title>
            <title level="a">Theater, Kunst und Literatur. Theater an der
                     Wien</title>
            <title type="iso-date">1902-01-22</title>
            <respStmt>
               <resp>providing the content</resp>
               <name>Martin Anton Müller</name>
            </respStmt>
            <respStmt>
               <resp>converted to XML encoding</resp>
               <name>Martin Anton Müller</name>
            </respStmt>
         </titleStmt>
         <publicationStmt>
            <publisher>Austrian Centre for Digital Humanities and Cultural
                                    Heritage (ACDH-CH)</publisher>
            <date>2024-03-19+01:00</date>
            <idno type="URI">https://id.acdh.oeaw.ac.at/bahr-textverzeichnis/pmb122947.xml</idno>
         </publicationStmt>
         <sourceDesc>
            <p>Bibliografische Angaben eines in Druck erschienen Texts von
                                    Bahr</p>
         </sourceDesc>
      </fileDesc>
   </teiHeader>
   <text>
      <body>
         <div type="bibliografische-angabe">
            <biblStruct xml:id="pmb122947"
                        type="Journal-Article"
                        status="checked"
                        prev="pmb122951"
                        next="pmb122949">
               <analytic>
                  <author ref="pmb10815">H. B.</author>
                  <title level="a" ref="pmb122947">Theater, Kunst und Literatur. Theater an der
                     Wien</title>
               </analytic>
               <monogr>
                  <title level="j" ref="pmb41321">Neues Wiener Tagblatt</title>
                  <imprint>
                     <biblScope unit="jg">36</biblScope>
                     <biblScope unit="issue">21</biblScope>
                     <biblScope unit="page">7</biblScope>
                     <date when="1902-01-22">22.1.1902</date>
                  </imprint>
               </monogr>
               <note type="review-of">
                  <bibl>
                     <title level="m">Théatre d’Ombres – Schattentheater</title>
                     <author>Henri Rivière</author>
                  </bibl>
               </note>
               <note type="incipit">Frau Yvette hat gestern etwas Reizendes gemacht</note>
               <ref type="personenindex">
                  <listRef>
                     <ptr type="pmb" target="pmb7597"/>
                     <ptr type="pmb" target="pmb115853"/>
                     <ptr type="pmb" target="pmb115115"/>
                  </listRef>
               </ref>
               <ref type="URL">https://anno.onb.ac.at/cgi-content/anno?aid=nwg&amp;datum=19020122&amp;seite=7</ref>
               <noteGrp type="keywords">
                  <note type="Journal-Article">Artikel in einem Periodikum</note>
               </noteGrp>
               <note type="bibliographical-statement">H. B.: Theater, Kunst und Literatur. Theater
                  an der Wien. In: Neues Wiener Tagblatt, Jg. 36, Nr. 21, 22.1.1902, S. 7.</note>
            </biblStruct>
         </div>
      </body>
      <back>
         <listPerson>
            <person xml:id="pmb7597">
               <persName>
                  <forename>Yvette</forename>
                  <surname>Guilbert</surname>
               </persName>
               <birth>
                  <date when-iso="1865-01-20">20.01.1865</date>
                  <settlement key="182">
                     <placeName type="pref">Paris</placeName>
                     <location>
                        <geo>48,85341 2,3488</geo>
                     </location>
                  </settlement>
               </birth>
               <death>
                  <date when-iso="1944-02-03">03.02.1944</date>
                  <settlement key="49868">
                     <placeName type="pref">Aix-en-Provence</placeName>
                     <location>
                        <geo>43,5283 5,44973</geo>
                     </location>
                  </settlement>
               </death>
               <sex value="female"/>
               <occupation key="105">Schauspieler/Schauspielerin</occupation>
               <occupation key="107">Sänger/Sängerin</occupation>
               <idno type="URL" subtype="gnd">https://d-nb.info/gnd/118543466</idno>
               <idno type="URL" subtype="schnitzler-tagebuch">https://schnitzler-tagebuch.acdh.oeaw.ac.at/person_15741.html</idno>
               <idno type="URL" subtype="pmb">https://pmb.acdh.oeaw.ac.at/entity/7597/</idno>
               <idno type="URL" subtype="fackel">https://fackel.oeaw.ac.at/?p=fackelp55787</idno>
               <idno type="URL" subtype="wikidata">http://www.wikidata.org/entity/Q239838</idno>
               <idno type="URL" subtype="wikipedia">https://de.wikipedia.org/wiki/Yvette_Guilbert</idno>
               <idno type="URL" subtype="freud">https://freud.acdh-dev.oeaw.ac.at/frd_person_30.html</idno>
               <idno type="URL" subtype="schnitzler-kino">https://schnitzler-kino.acdh.oeaw.ac.at/pmb7597.html</idno>
               <idno type="URL" subtype="bahr-textverzeichnis">https://bahr-textverzeichnis.acdh.oeaw.ac.at/pmb7597.html</idno>
               <listBibl>
                  <bibl type="collections" n="12">Fackel</bibl>
               </listBibl>
               <figure>
                  <graphic url="https://commons.wikimedia.org/w/index.php?title=Special:Redirect/file/YvetteGuilbert.jpg"/>
               </figure>
            </person>
            <person xml:id="pmb115853">
               <persName>
                  <forename>Henri</forename>
                  <surname>Rivière</surname>
               </persName>
               <persName type="legacy-name-merge">Rivière, Henri</persName>
               <persName type="legacy-name-merge">Rivière, Henri</persName>
               <birth>
                  <date when-iso="1864-03-11">1864-03-11</date>
                  <settlement key="182">
                     <placeName type="pref">Paris</placeName>
                     <location>
                        <geo>48,85341 2,3488</geo>
                     </location>
                  </settlement>
               </birth>
               <death>
                  <date when-iso="1951-08-24">1951-08-24</date>
                  <settlement key="145800">
                     <placeName type="pref">Sucy-en-Brie</placeName>
                     <location>
                        <geo>48,76872 2,53474</geo>
                     </location>
                  </settlement>
               </death>
               <sex value="male"/>
               <occupation key="110">Maler/Malerin</occupation>
               <occupation key="140">Radierer/Radiererin</occupation>
               <occupation key="361">Künstler/Künstlerin</occupation>
               <occupation key="422">Lithograf/Lithografin</occupation>
               <occupation key="580">Holzschneider/Holzschneiderin</occupation>
               <idno type="URL" subtype="bahr-textverzeichnis">https://bahr-textverzeichnis.acdh.oeaw.ac.at/pmb154143.html</idno>
               <idno type="URL" subtype="pmb">https://pmb.acdh.oeaw.ac.at/entity/115853/</idno>
               <idno type="URL" subtype="gnd">https://d-nb.info/gnd/119322919</idno>
               <idno type="URL" subtype="fackel">https://fackel.oeaw.ac.at/?p=fackelp52313</idno>
               <idno type="URL" subtype="wikidata">http://www.wikidata.org/entity/Q2731112</idno>
               <idno type="URL" subtype="wikipedia">https://de.wikipedia.org/wiki/Henri_Rivi%C3%A8re_(Maler)</idno>
               <idno type="URL" subtype="pmb">https://pmb.acdh.oeaw.ac.at/entity/154143/</idno>
               <idno type="URL" subtype="pmb">https://pmb.acdh.oeaw.ac.at/entity/161888/</idno>
               <idno type="URL" subtype="bahr-tsn">https://bahr-textverzeichnis.acdh.oeaw.ac.at/TSN-listperson.html#pmb115853</idno>
               <listBibl>
                  <bibl type="collections" n="12">Fackel</bibl>
                  <bibl type="collections" n="16">Bahr Textverzeichnis</bibl>
               </listBibl>
               <note type="references"> </note>
            </person>
            <person xml:id="pmb115115">
               <persName>
                  <forename>Frédérick</forename>
                  <surname>Lemaître</surname>
               </persName>
               <birth>
                  <date when-iso="1800-07-28">1800-07-28</date>
               </birth>
               <death>
                  <date when-iso="1876-01-01" notAfter-iso="1876-12-31">1876</date>
               </death>
               <sex value="male"/>
               <occupation key="105">Schauspieler/Schauspielerin</occupation>
               <idno type="URL" subtype="pmb">https://pmb.acdh.oeaw.ac.at/entity/115115/</idno>
               <idno type="URL" subtype="gnd">https://d-nb.info/gnd/119056135</idno>
               <idno type="URL" subtype="fackel">https://fackel.oeaw.ac.at/?p=fackelp48712</idno>
               <idno type="URL" subtype="wikidata">http://www.wikidata.org/entity/Q654231</idno>
               <idno type="URL" subtype="wikipedia">https://de.wikipedia.org/wiki/Fr%C3%A9d%C3%A9rick_Lema%C3%AEtre</idno>
               <idno type="URL" subtype="bahr-textverzeichnis">https://bahr-textverzeichnis.acdh.oeaw.ac.at/pmb115115.html</idno>
               <listBibl>
                  <bibl type="collections" n="12">Fackel</bibl>
                  <bibl type="collections" n="16">Bahr Textverzeichnis</bibl>
               </listBibl>
            </person>
         </listPerson>
      </back>
   </text>
</TEI>
