<?xml version="1.0" encoding="UTF-8"?>
<TEI xmlns="http://www.tei-c.org/ns/1.0"
     xmlns:tei="http://www.tei-c.org/ns/1.0"
     xml:id="pmb123011.xml"
     prev="pmb123063"
     next="pmb123017">
   <teiHeader>
      <fileDesc>
         <titleStmt>
            <title level="s">Hermann Bahr – Textverzeichnis</title>
            <title level="a">Theater, Kunst und Literatur. Theater in der
                     Josephstadt</title>
            <title type="iso-date">1901-02-16</title>
            <respStmt>
               <resp>providing the content</resp>
               <name>Martin Anton Müller</name>
            </respStmt>
            <respStmt>
               <resp>converted to XML encoding</resp>
               <name>Martin Anton Müller</name>
            </respStmt>
         </titleStmt>
         <publicationStmt>
            <publisher>Austrian Centre for Digital Humanities and Cultural
                                    Heritage (ACDH-CH)</publisher>
            <date>2024-03-19+01:00</date>
            <idno type="URI">https://id.acdh.oeaw.ac.at/bahr-textverzeichnis/pmb123011.xml</idno>
         </publicationStmt>
         <sourceDesc>
            <p>Bibliografische Angaben eines in Druck erschienen Texts von
                                    Bahr</p>
         </sourceDesc>
      </fileDesc>
   </teiHeader>
   <text>
      <body>
         <div type="bibliografische-angabe">
            <biblStruct xml:id="pmb123011"
                        type="Journal-Article"
                        subtype="Nachtkritik"
                        status="checked"
                        prev="pmb123063"
                        next="pmb123017">
               <analytic>
                  <author ref="pmb10815">H. B.</author>
                  <title level="a" ref="pmb123011">Theater, Kunst und Literatur. Theater in der
                     Josephstadt</title>
               </analytic>
               <monogr>
                  <title level="j" ref="pmb41321">Neues Wiener Tagblatt</title>
                  <imprint>
                     <biblScope unit="jg">35</biblScope>
                     <biblScope unit="issue">46</biblScope>
                     <biblScope unit="page">6</biblScope>
                     <date when="1901-02-16">16.2.1901</date>
                  </imprint>
               </monogr>
               <note type="review-of">
                  <bibl>
                     <title level="m">Familie</title>
                     <author>Ludwig Bauer</author>
                  </bibl>
               </note>
               <note type="incipit">»Familie«, ein Drama in vier Acten von Ludwig Bauer. Eine junge
                  Frau, die, um ihren Vater vor dem Bankerott zu retten, einen verhaßten Mann
                  geheiratet hat, verliebt sich in einen schwächlichen jungen Menschen</note>
               <ref type="personenindex">
                  <listRef>
                     <ptr type="pmb" target="pmb10848"/>
                     <ptr type="pmb" target="pmb25220"/>
                     <ptr type="pmb" target="pmb7098"/>
                     <ptr type="pmb" target="pmb11201"/>
                  </listRef>
               </ref>
               <ref type="URL">https://anno.onb.ac.at/cgi-content/anno?aid=nwg&amp;datum=19010216&amp;seite=6</ref>
               <noteGrp type="keywords">
                  <note type="Journal-Article">Artikel in einem Periodikum</note>
                  <note subtype="Nachtkritik">Nachtkritik</note>
               </noteGrp>
               <note type="bibliographical-statement">H. B.: Theater, Kunst und Literatur. Theater
                  in der Josephstadt. In: Neues Wiener Tagblatt, Jg. 35, Nr. 46, 16.2.1901,
                  S. 6.</note>
            </biblStruct>
         </div>
      </body>
      <back>
         <listPerson>
            <person xml:id="pmb10848">
               <persName>
                  <forename>Ludwig</forename>
                  <surname>Bauer</surname>
               </persName>
               <birth>
                  <date when-iso="1876-09-05">05.09.1876</date>
                  <settlement key="50">
                     <placeName type="pref">Wien</placeName>
                     <location>
                        <geo>48,2066 16,37341</geo>
                     </location>
                  </settlement>
               </birth>
               <death>
                  <date when-iso="1935-02-01">01.02.1935</date>
                  <settlement key="885">
                     <placeName type="pref">Lugano</placeName>
                     <location>
                        <geo>46,01008 8,96004</geo>
                     </location>
                  </settlement>
               </death>
               <sex value="male"/>
               <occupation key="90">Schriftsteller/Schriftstellerin</occupation>
               <occupation key="99">Journalist/Journalistin</occupation>
               <idno type="URL" subtype="gnd">https://d-nb.info/gnd/117769053</idno>
               <idno type="URL" subtype="schnitzler-tagebuch">https://schnitzler-tagebuch.acdh.oeaw.ac.at/person_13473.html</idno>
               <idno type="URL" subtype="schnitzler-bahr">https://schnitzler-bahr.acdh.oeaw.ac.at/pmb10848.html</idno>
               <idno type="URL" subtype="pmb">https://pmb.acdh.oeaw.ac.at/entity/10848/</idno>
               <idno type="URL" subtype="schnitzler-briefe">https://schnitzler-briefe.acdh.oeaw.ac.at/pmb10848.html</idno>
               <idno type="URL" subtype="fackel">https://fackel.oeaw.ac.at/?p=fackelp49276</idno>
               <idno type="URL" subtype="wikidata">http://www.wikidata.org/entity/Q16066905</idno>
               <idno type="URL" subtype="schnitzler-interviews">https://schnitzler-interviews.acdh.oeaw.ac.at/pmb10848.html</idno>
               <idno type="URL" subtype="bahr-textverzeichnis">https://bahr-textverzeichnis.acdh.oeaw.ac.at/pmb10848.html</idno>
               <affiliation when-iso="1906-02-01">
                  <term key="1182">arbeitet für</term>
                  <orgName key="29626">Die Zeit</orgName>
                  <idno type="URL" subtype="schnitzler-bahr">https://schnitzler-bahr.acdh.oeaw.ac.at/pmb29626.html</idno>
                  <idno type="URL" subtype="pmb">https://pmb.acdh.oeaw.ac.at/entity/29626/</idno>
                  <idno type="URL" subtype="schnitzler-briefe">https://schnitzler-briefe.acdh.oeaw.ac.at/pmb29626.html</idno>
                  <idno type="URL" subtype="legalkraus">https://kraus.wienbibliothek.at/register/institutionen/pmb29626</idno>
               </affiliation>
               <listEvent>
                  <event key="62944" when-iso="1903-12-02">
                     <desc n="1256">ist Arbeitskraft bei</desc>
                     <label>Vorlesung von Die Gouvernante, 2.12.1903</label>
                     <idno type="URL" subtype="pmb">https://pmb.acdh.oeaw.ac.at/entity/62944/</idno>
                  </event>
                  <event key="50222" when-iso="1909-10-15">
                     <desc n="1370">teilgenommen an</desc>
                     <label>Generalprobe von Jene Asra, 15.10.1909</label>
                     <idno type="URL" subtype="pmb">https://pmb.acdh.oeaw.ac.at/entity/50222/</idno>
                  </event>
               </listEvent>
               <listBibl>
                  <bibl type="collections" n="12">Fackel</bibl>
                  <bibl type="collections" n="14">Kein deutscher Wikipedia-Eintrag
                        gefunden</bibl>
                  <bibl type="collections" n="22">No german Wikipedia-Site found</bibl>
               </listBibl>
            </person>
            <person xml:id="pmb25220">
               <persName>
                  <surname>Spira</surname>
               </persName>
               <sex value="female"/>
               <idno type="URL" subtype="schnitzler-tagebuch">https://schnitzler-tagebuch.acdh.oeaw.ac.at/person_20266.html</idno>
               <idno type="URL" subtype="pmb">https://pmb.acdh.oeaw.ac.at/entity/25220/</idno>
               <idno type="URL" subtype="bahr-textverzeichnis">https://bahr-textverzeichnis.acdh.oeaw.ac.at/pmb25220.html</idno>
            </person>
            <person xml:id="pmb7098">
               <persName>
                  <forename>Helene</forename>
                  <surname>Fehdmer</surname>
               </persName>
               <birth>
                  <date when-iso="1872-01-18">18.01.1872</date>
                  <settlement key="42605">
                     <placeName type="pref">Kaliningrad</placeName>
                     <location>
                        <geo>54,70649 20,51095</geo>
                     </location>
                  </settlement>
               </birth>
               <death>
                  <date when-iso="1939-08-12">12.08.1939</date>
                  <settlement key="56102">
                     <placeName type="pref">Eibsee</placeName>
                     <location>
                        <geo>47,45636 10,99053</geo>
                     </location>
                  </settlement>
               </death>
               <sex value="female"/>
               <occupation key="105">Schauspieler/Schauspielerin</occupation>
               <idno type="URL" subtype="gnd">https://d-nb.info/gnd/116143851</idno>
               <idno type="URL" subtype="schnitzler-tagebuch">https://schnitzler-tagebuch.acdh.oeaw.ac.at/person_14906.html</idno>
               <idno type="URL" subtype="pmb">https://pmb.acdh.oeaw.ac.at/entity/7098/</idno>
               <idno type="URL" subtype="fackel">https://fackel.oeaw.ac.at/?p=fackelp43128</idno>
               <idno type="URL" subtype="wikidata">http://www.wikidata.org/entity/Q1601958</idno>
               <idno type="URL" subtype="wikipedia">https://de.wikipedia.org/wiki/Helene_Fehdmer</idno>
               <idno type="URL" subtype="schnitzler-kino">https://schnitzler-kino.acdh.oeaw.ac.at/pmb7098.html</idno>
               <idno type="URL" subtype="bahr-textverzeichnis">https://bahr-textverzeichnis.acdh.oeaw.ac.at/pmb7098.html</idno>
               <listBibl>
                  <bibl type="collections" n="12">Fackel</bibl>
                  <bibl type="collections" n="15">Schnitzler-Kino</bibl>
               </listBibl>
               <figure>
                  <graphic url="https://commons.wikimedia.org/w/index.php?title=Special:Redirect/file/Helene%20Fehdmer.jpg"/>
               </figure>
            </person>
            <person xml:id="pmb11201">
               <persName>
                  <forename>Eleonora</forename>
                  <surname>Duse</surname>
               </persName>
               <persName type="person_ehename_nachname">Marchetti</persName>
               <persName type="legacy-name-merge">Duse, Eleonora</persName>
               <birth>
                  <date when-iso="1858-10-03">03.10.1858</date>
                  <settlement key="58890">
                     <placeName type="pref">Vigevano</placeName>
                     <location>
                        <geo>45,31407 8,85437</geo>
                     </location>
                  </settlement>
               </birth>
               <death>
                  <date when-iso="1924-04-21">21.04.1924</date>
                  <settlement key="56126">
                     <placeName type="pref">Pittsburgh</placeName>
                     <location>
                        <geo>40,44062 -79,99589</geo>
                     </location>
                  </settlement>
               </death>
               <sex value="female"/>
               <occupation key="105">Schauspieler/Schauspielerin</occupation>
               <idno type="URL" subtype="gnd">https://d-nb.info/gnd/118681354</idno>
               <idno type="URL" subtype="schnitzler-tagebuch">https://schnitzler-tagebuch.acdh.oeaw.ac.at/person_14574.html</idno>
               <idno type="URL" subtype="schnitzler-bahr">https://schnitzler-bahr.acdh.oeaw.ac.at/pmb11201.html</idno>
               <idno type="URL" subtype="pmb">https://pmb.acdh.oeaw.ac.at/entity/11201/</idno>
               <idno type="URL" subtype="schnitzler-briefe">https://schnitzler-briefe.acdh.oeaw.ac.at/pmb11201.html</idno>
               <idno type="URL" subtype="bahr-textverzeichnis">https://bahr-textverzeichnis.acdh.oeaw.ac.at/pmb11201.html</idno>
               <idno type="URL" subtype="fackel">https://fackel.oeaw.ac.at/?p=fackelp42497</idno>
               <idno type="URL" subtype="wikidata">http://www.wikidata.org/entity/Q275970</idno>
               <idno type="URL" subtype="wikipedia">https://de.wikipedia.org/wiki/Eleonora_Duse</idno>
               <idno type="URL" subtype="schnitzler-interviews">https://schnitzler-interviews.acdh.oeaw.ac.at/pmb11201.html</idno>
               <idno type="URL" subtype="pmb">https://pmb.acdh.oeaw.ac.at/entity/159846/</idno>
               <idno type="URL" subtype="bahr-tsn">https://bahr-textverzeichnis.acdh.oeaw.ac.at/TSN-listperson.html#pmb11201</idno>
               <listEvent>
                  <event key="44795" when-iso="1902-04-02">
                     <desc n="1256">ist Arbeitskraft bei</desc>
                     <label>Aufführung von Francesca da Rimini, 2.4.1902</label>
                     <idno type="URL" subtype="pmb">https://pmb.acdh.oeaw.ac.at/entity/44795/</idno>
                  </event>
                  <event key="41447" when-iso="1904-10-06">
                     <desc n="1256">ist Arbeitskraft bei</desc>
                     <label>Gastspiel Eleonora Duse in Kameliendame, 6.10.1904</label>
                     <idno type="URL" subtype="pmb">https://pmb.acdh.oeaw.ac.at/entity/41447/</idno>
                  </event>
               </listEvent>
               <listBibl>
                  <bibl type="collections" n="12">Fackel</bibl>
                  <bibl type="collections" n="16">Bahr Textverzeichnis</bibl>
               </listBibl>
               <figure>
                  <graphic url="https://commons.wikimedia.org/w/index.php?title=Special:Redirect/file/Dupont%2C%20Aim%C3%A9%20%281842-1900%29%20-%20Eleonora%20Duse%20%C3%AC%20--%20New%20York%2C%201896.jpg"/>
               </figure>
            </person>
         </listPerson>
      </back>
   </text>
</TEI>
